scenario,detector,subset,window_id,score,wall_clock_ms
sudden_covariate_shift_v1,classical_cds,population,0,0.02185817222084421,12.219900001582573
sudden_covariate_shift_v1,classical_cds,fraud,0,0.2546513503084345,2.4961999988590833
sudden_covariate_shift_v1,quantum_angle,population,0,0.0045514884160619,20.62579999983427
sudden_covariate_shift_v1,quantum_angle,fraud,0,0.008953425802923687,11.812700000518817
sudden_covariate_shift_v1,quantum_zz,population,0,0.0,126.06140000025334
sudden_covariate_shift_v1,quantum_zz,fraud,0,0.0,62.34070000027714
sudden_covariate_shift_v1,quantum_reupload,population,0,0.0,33.05309999996098
sudden_covariate_shift_v1,quantum_reupload,fraud,0,0.0,26.196700000582496
sudden_covariate_shift_v1,mmd_rbf,population,0,0.0,32.20080000028247
sudden_covariate_shift_v1,mmd_rbf,fraud,0,0.01786239370112752,8.721199999854434
sudden_covariate_shift_v1,domain_classifier,population,0,0.0,31.25499999987369
sudden_covariate_shift_v1,domain_classifier,fraud,0,0.10192982456140376,28.68020000096294
sudden_covariate_shift_v1,classical_cds,population,1,0.030099937403105223,12.220299999171402
sudden_covariate_shift_v1,classical_cds,fraud,1,0.22208785169827813,3.403900000193971
sudden_covariate_shift_v1,quantum_angle,population,1,0.0,14.108299999861629
sudden_covariate_shift_v1,quantum_angle,fraud,1,0.0,115.59250000027532
sudden_covariate_shift_v1,quantum_zz,population,1,0.0,151.40430000064953
sudden_covariate_shift_v1,quantum_zz,fraud,1,0.014863368715359204,73.45700000041688
sudden_covariate_shift_v1,quantum_reupload,population,1,0.0,46.481700001095305
sudden_covariate_shift_v1,quantum_reupload,fraud,1,0.029835889581694364,35.22820000034699
sudden_covariate_shift_v1,mmd_rbf,population,1,0.0,45.506500000556116
sudden_covariate_shift_v1,mmd_rbf,fraud,1,0.0,13.030100000833045
sudden_covariate_shift_v1,domain_classifier,population,1,0.0,25.78689999972994
sudden_covariate_shift_v1,domain_classifier,fraud,1,0.0,24.626000000353088
sudden_covariate_shift_v1,classical_cds,population,2,0.01961440558301146,11.859700000059092
sudden_covariate_shift_v1,classical_cds,fraud,2,0.3470435283242717,7.3036999983742135
sudden_covariate_shift_v1,quantum_angle,population,2,0.03534310974038912,19.376700000066194
sudden_covariate_shift_v1,quantum_angle,fraud,2,0.0,15.072599999257363
sudden_covariate_shift_v1,quantum_zz,population,2,0.02849274567664417,117.38879999938945
sudden_covariate_shift_v1,quantum_zz,fraud,2,0.0,68.46330000007583
sudden_covariate_shift_v1,quantum_reupload,population,2,0.037160694582227816,36.721699998452095
sudden_covariate_shift_v1,quantum_reupload,fraud,2,0.03880536057261441,30.983399999968242
sudden_covariate_shift_v1,mmd_rbf,population,2,0.0,42.43809999934456
sudden_covariate_shift_v1,mmd_rbf,fraud,2,0.0,17.509399998743902
sudden_covariate_shift_v1,domain_classifier,population,2,0.0,28.946200000063982
sudden_covariate_shift_v1,domain_classifier,fraud,2,0.0,34.12890000072366
sudden_covariate_shift_v1,classical_cds,population,3,0.02301868412728684,12.35629999973753
sudden_covariate_shift_v1,classical_cds,fraud,3,0.14551445903969668,7.421599999361206
sudden_covariate_shift_v1,quantum_angle,population,3,0.042334299463742675,22.59830000002694
sudden_covariate_shift_v1,quantum_angle,fraud,3,0.0,12.627899999642977
sudden_covariate_shift_v1,quantum_zz,population,3,0.037642208839705704,105.43970000071567
sudden_covariate_shift_v1,quantum_zz,fraud,3,0.01910125626028758,69.59339999957592
sudden_covariate_shift_v1,quantum_reupload,population,3,0.05965162941263491,34.130100000766106
sudden_covariate_shift_v1,quantum_reupload,fraud,3,0.05158844049190503,27.571399999942514
sudden_covariate_shift_v1,mmd_rbf,population,3,0.0,38.78240000085498
sudden_covariate_shift_v1,mmd_rbf,fraud,3,0.0,13.639899998452165
sudden_covariate_shift_v1,domain_classifier,population,3,0.08562222222222227,24.91120000013325
sudden_covariate_shift_v1,domain_classifier,fraud,3,0.0,24.094600001262734
sudden_covariate_shift_v1,classical_cds,population,4,0.03745496356007001,20.939599999110214
sudden_covariate_shift_v1,classical_cds,fraud,4,0.15856992777767265,4.263499999069609
sudden_covariate_shift_v1,quantum_angle,population,4,0.10875476645833626,30.8870000008028
sudden_covariate_shift_v1,quantum_angle,fraud,4,0.0,18.520399999033543
sudden_covariate_shift_v1,quantum_zz,population,4,0.08312319297173998,175.00219999965339
sudden_covariate_shift_v1,quantum_zz,fraud,4,0.0,83.02489999914542
sudden_covariate_shift_v1,quantum_reupload,population,4,0.12243929840663137,45.23719999997411
sudden_covariate_shift_v1,quantum_reupload,fraud,4,0.0,30.730399999811198
sudden_covariate_shift_v1,mmd_rbf,population,4,0.002306844022534449,38.083699999333476
sudden_covariate_shift_v1,mmd_rbf,fraud,4,0.0,13.556899999457528
sudden_covariate_shift_v1,domain_classifier,population,4,0.022266666666666657,26.45669999947131
sudden_covariate_shift_v1,domain_classifier,fraud,4,0.0,24.381999999604886
sudden_covariate_shift_v1,classical_cds,population,5,0.027633374579203264,13.248499999463093
sudden_covariate_shift_v1,classical_cds,fraud,5,0.1128199282452581,3.1559999988530762
sudden_covariate_shift_v1,quantum_angle,population,5,0.02725638314939327,15.543600000455626
sudden_covariate_shift_v1,quantum_angle,fraud,5,0.028770799708638606,12.089100000594044
sudden_covariate_shift_v1,quantum_zz,population,5,0.019119158082578802,112.55390000042098
sudden_covariate_shift_v1,quantum_zz,fraud,5,0.031303743523389826,80.83230000011099
sudden_covariate_shift_v1,quantum_reupload,population,5,0.032738993717323694,45.801799999026116
sudden_covariate_shift_v1,quantum_reupload,fraud,5,0.04468189456950178,31.12440000040806
sudden_covariate_shift_v1,mmd_rbf,population,5,0.0,41.006399998877896
sudden_covariate_shift_v1,mmd_rbf,fraud,5,0.0,12.877900000603404
sudden_covariate_shift_v1,domain_classifier,population,5,0.04097777777777756,25.595199998861062
sudden_covariate_shift_v1,domain_classifier,fraud,5,0.11166666666666658,24.05720000024303
sudden_covariate_shift_v1,classical_cds,population,6,0.027941986157187654,14.98129999890807
sudden_covariate_shift_v1,classical_cds,fraud,6,0.1589581887181594,2.8548999998747604
sudden_covariate_shift_v1,quantum_angle,population,6,0.03004452169612215,23.857900001530652
sudden_covariate_shift_v1,quantum_angle,fraud,6,0.0,10.259599999699276
sudden_covariate_shift_v1,quantum_zz,population,6,0.018507165746524445,123.21650000012596
sudden_covariate_shift_v1,quantum_zz,fraud,6,0.0,100.94750000098429
sudden_covariate_shift_v1,quantum_reupload,population,6,0.03589538711821516,52.48779999965336
sudden_covariate_shift_v1,quantum_reupload,fraud,6,0.0,33.695000000079744
sudden_covariate_shift_v1,mmd_rbf,population,6,0.0,42.429400000401074
sudden_covariate_shift_v1,mmd_rbf,fraud,6,0.0,12.183400000139954
sudden_covariate_shift_v1,domain_classifier,population,6,0.024466666666666637,30.2627000000939
sudden_covariate_shift_v1,domain_classifier,fraud,6,0.00030303030303024947,22.73629999945115
sudden_covariate_shift_v1,classical_cds,population,7,0.030023476056612423,10.860700000193901
sudden_covariate_shift_v1,classical_cds,fraud,7,,
sudden_covariate_shift_v1,quantum_angle,population,7,0.018717720597759446,15.739599999506027
sudden_covariate_shift_v1,quantum_angle,fraud,7,,
sudden_covariate_shift_v1,quantum_zz,population,7,0.012568925736747505,133.12279999991006
sudden_covariate_shift_v1,quantum_zz,fraud,7,,
sudden_covariate_shift_v1,quantum_reupload,population,7,0.027401727053475433,45.46519999894372
sudden_covariate_shift_v1,quantum_reupload,fraud,7,,
sudden_covariate_shift_v1,mmd_rbf,population,7,0.0,42.73210000064864
sudden_covariate_shift_v1,mmd_rbf,fraud,7,,
sudden_covariate_shift_v1,domain_classifier,population,7,0.00533333333333319,33.18060000128753
sudden_covariate_shift_v1,domain_classifier,fraud,7,,
sudden_covariate_shift_v1,classical_cds,population,8,0.031173959464877263,13.406899999608868
sudden_covariate_shift_v1,classical_cds,fraud,8,0.16987769419607113,2.4855999999999767
sudden_covariate_shift_v1,quantum_angle,population,8,0.040148877541246186,24.68860000044515
sudden_covariate_shift_v1,quantum_angle,fraud,8,0.0,9.735199999340693
sudden_covariate_shift_v1,quantum_zz,population,8,0.022622602788982094,105.8428999986063
sudden_covariate_shift_v1,quantum_zz,fraud,8,0.0,63.0103000003146
sudden_covariate_shift_v1,quantum_reupload,population,8,0.0571004359755688,34.69930000028398
sudden_covariate_shift_v1,quantum_reupload,fraud,8,0.0,25.551199998517404
sudden_covariate_shift_v1,mmd_rbf,population,8,0.0,35.19899999992049
sudden_covariate_shift_v1,mmd_rbf,fraud,8,0.02669109352561172,13.213400001404807
sudden_covariate_shift_v1,domain_classifier,population,8,0.10922222222222233,26.482999999643653
sudden_covariate_shift_v1,domain_classifier,fraud,8,0.04428571428571426,20.42040000014822
sudden_covariate_shift_v1,classical_cds,population,9,0.03404058561795536,13.859500000762637
sudden_covariate_shift_v1,classical_cds,fraud,9,0.31415536218093415,2.523200000723591
sudden_covariate_shift_v1,quantum_angle,population,9,0.033827073603486246,14.47109999935492
sudden_covariate_shift_v1,quantum_angle,fraud,9,0.0,8.404600001085782
sudden_covariate_shift_v1,quantum_zz,population,9,0.023957564033851186,90.94290000030014
sudden_covariate_shift_v1,quantum_zz,fraud,9,0.0,61.3749000003736
sudden_covariate_shift_v1,quantum_reupload,population,9,0.04188851836027341,32.55969999918307
sudden_covariate_shift_v1,quantum_reupload,fraud,9,0.0,25.5302000005031
sudden_covariate_shift_v1,mmd_rbf,population,9,0.0,32.33910000017204
sudden_covariate_shift_v1,mmd_rbf,fraud,9,0.015162718670717279,10.482400000910275
sudden_covariate_shift_v1,domain_classifier,population,9,0.07757777777777775,23.448199999620556
sudden_covariate_shift_v1,domain_classifier,fraud,9,0.03685185185185191,18.014100000073086
sudden_covariate_shift_v1,classical_cds,population,10,0.023551919137413134,11.380699999790522
sudden_covariate_shift_v1,classical_cds,fraud,10,0.3639105844258385,2.4341999996977393
sudden_covariate_shift_v1,quantum_angle,population,10,0.0,13.826200000039535
sudden_covariate_shift_v1,quantum_angle,fraud,10,0.0,8.506400001351722
sudden_covariate_shift_v1,quantum_zz,population,10,0.0,91.89440000045579
sudden_covariate_shift_v1,quantum_zz,fraud,10,0.0,58.65479999920353
sudden_covariate_shift_v1,quantum_reupload,population,10,0.0,32.5557000014669
sudden_covariate_shift_v1,quantum_reupload,fraud,10,0.0,26.319599999624188
sudden_covariate_shift_v1,mmd_rbf,population,10,0.0,35.95339999992575
sudden_covariate_shift_v1,mmd_rbf,fraud,10,0.0,11.19980000112264
sudden_covariate_shift_v1,domain_classifier,population,10,0.0,22.256100000959123
sudden_covariate_shift_v1,domain_classifier,fraud,10,0.06363636363636349,17.259399999602465
sudden_covariate_shift_v1,classical_cds,population,11,0.03510099412218802,12.41679999839107
sudden_covariate_shift_v1,classical_cds,fraud,11,0.3874878729909814,3.322800001114956
sudden_covariate_shift_v1,quantum_angle,population,11,0.015765582443822646,12.633800000912743
sudden_covariate_shift_v1,quantum_angle,fraud,11,0.0,10.22009999906004
sudden_covariate_shift_v1,quantum_zz,population,11,0.005751800932322526,99.78889999911189
sudden_covariate_shift_v1,quantum_zz,fraud,11,0.0,57.92689999907452
sudden_covariate_shift_v1,quantum_reupload,population,11,0.00732336059848504,33.745599999747355
sudden_covariate_shift_v1,quantum_reupload,fraud,11,0.0,27.51939999870956
sudden_covariate_shift_v1,mmd_rbf,population,11,0.0,33.29999999914435
sudden_covariate_shift_v1,mmd_rbf,fraud,11,0.0,10.766400000647991
sudden_covariate_shift_v1,domain_classifier,population,11,0.0,26.769699999931618
sudden_covariate_shift_v1,domain_classifier,fraud,11,0.0,17.039400001522154
sudden_covariate_shift_v1,classical_cds,population,12,0.030928316332767034,9.510500000033062
sudden_covariate_shift_v1,classical_cds,fraud,12,0.14831702192871707,4.224299998895731
sudden_covariate_shift_v1,quantum_angle,population,12,0.02288094960274123,11.669700001220917
sudden_covariate_shift_v1,quantum_angle,fraud,12,0.0,11.18990000031772
sudden_covariate_shift_v1,quantum_zz,population,12,0.004294461538349892,93.14379999887024
sudden_covariate_shift_v1,quantum_zz,fraud,12,0.0,60.030700000424986
sudden_covariate_shift_v1,quantum_reupload,population,12,0.02409383983958524,34.33799999947951
sudden_covariate_shift_v1,quantum_reupload,fraud,12,0.02017508285572267,24.759199999607517
sudden_covariate_shift_v1,mmd_rbf,population,12,0.0,33.503700000437675
sudden_covariate_shift_v1,mmd_rbf,fraud,12,0.009475162580383722,9.302300000854302
sudden_covariate_shift_v1,domain_classifier,population,12,0.0,21.92000000104599
sudden_covariate_shift_v1,domain_classifier,fraud,12,0.0,19.676500000059605
sudden_covariate_shift_v1,classical_cds,population,13,0.02473298768107621,8.479400001306203
sudden_covariate_shift_v1,classical_cds,fraud,13,0.20685206777730814,4.148400001213304
sudden_covariate_shift_v1,quantum_angle,population,13,0.013714737911675101,12.384999999994761
sudden_covariate_shift_v1,quantum_angle,fraud,13,0.0,11.211500001081731
sudden_covariate_shift_v1,quantum_zz,population,13,0.0,88.86749999874155
sudden_covariate_shift_v1,quantum_zz,fraud,13,0.0,54.83079999976326
sudden_covariate_shift_v1,quantum_reupload,population,13,0.013439549099959258,27.682599999025115
sudden_covariate_shift_v1,quantum_reupload,fraud,13,0.0,22.857799998746486
sudden_covariate_shift_v1,mmd_rbf,population,13,0.0,33.542699999088654
sudden_covariate_shift_v1,mmd_rbf,fraud,13,0.021854833671750784,9.103599999434664
sudden_covariate_shift_v1,domain_classifier,population,13,0.06406666666666672,18.357400000240887
sudden_covariate_shift_v1,domain_classifier,fraud,13,0.05212962962962964,14.769999999771244
sudden_covariate_shift_v1,classical_cds,population,14,0.030260577460113305,9.09950000095705
sudden_covariate_shift_v1,classical_cds,fraud,14,0.15123718286950477,2.4081999999907566
sudden_covariate_shift_v1,quantum_angle,population,14,0.0,13.661799999681534
sudden_covariate_shift_v1,quantum_angle,fraud,14,0.0,7.776999998895917
sudden_covariate_shift_v1,quantum_zz,population,14,0.0,92.71540000008827
sudden_covariate_shift_v1,quantum_zz,fraud,14,0.0,55.38350000097125
sudden_covariate_shift_v1,quantum_reupload,population,14,0.0,30.651500001113163
sudden_covariate_shift_v1,quantum_reupload,fraud,14,0.0,22.87360000082117
sudden_covariate_shift_v1,mmd_rbf,population,14,0.0,30.768000000534812
sudden_covariate_shift_v1,mmd_rbf,fraud,14,0.0,11.018999999578227
sudden_covariate_shift_v1,domain_classifier,population,14,0.0,17.5362000009045
sudden_covariate_shift_v1,domain_classifier,fraud,14,0.0,14.55069999974512
sudden_covariate_shift_v1,classical_cds,population,15,0.02533574492316585,9.047100000316277
sudden_covariate_shift_v1,classical_cds,fraud,15,0.13442200207547375,4.740000000310829
sudden_covariate_shift_v1,quantum_angle,population,15,0.02512351981448091,10.559100001046318
sudden_covariate_shift_v1,quantum_angle,fraud,15,0.0,10.010699999838835
sudden_covariate_shift_v1,quantum_zz,population,15,0.013748396609903235,98.23949999918113
sudden_covariate_shift_v1,quantum_zz,fraud,15,0.0,58.339600000181235
sudden_covariate_shift_v1,quantum_reupload,population,15,0.023108928354180214,35.3488999990077
sudden_covariate_shift_v1,quantum_reupload,fraud,15,0.0,26.827699999557808
sudden_covariate_shift_v1,mmd_rbf,population,15,0.0,41.14320000007865
sudden_covariate_shift_v1,mmd_rbf,fraud,15,0.04045745654501354,16.858200000569923
sudden_covariate_shift_v1,domain_classifier,population,15,0.001777777777777878,27.918899999349378
sudden_covariate_shift_v1,domain_classifier,fraud,15,0.14666666666666628,29.954100000395556
sudden_covariate_shift_v1,classical_cds,population,16,0.024262115132091464,14.842500000668224
sudden_covariate_shift_v1,classical_cds,fraud,16,0.14824305263307547,3.002299999934621
sudden_covariate_shift_v1,quantum_angle,population,16,0.0,13.41599999977916
sudden_covariate_shift_v1,quantum_angle,fraud,16,0.0,16.48670000031416
sudden_covariate_shift_v1,quantum_zz,population,16,0.0,197.91690000056406
sudden_covariate_shift_v1,quantum_zz,fraud,16,0.0,104.36399999889545
sudden_covariate_shift_v1,quantum_reupload,population,16,0.0,54.90470000040659
sudden_covariate_shift_v1,quantum_reupload,fraud,16,0.0,59.198400000241236
sudden_covariate_shift_v1,mmd_rbf,population,16,0.0009067483954852129,54.64079999910609
sudden_covariate_shift_v1,mmd_rbf,fraud,16,0.0,17.223300001205644
sudden_covariate_shift_v1,domain_classifier,population,16,0.0,50.282599999263766
sudden_covariate_shift_v1,domain_classifier,fraud,16,0.0,32.13789999972505
sudden_covariate_shift_v1,classical_cds,population,17,0.026204208899440626,18.159000001105596
sudden_covariate_shift_v1,classical_cds,fraud,17,0.35148711004802036,6.083199999920907
sudden_covariate_shift_v1,quantum_angle,population,17,0.025887967366310938,28.98989999994228
sudden_covariate_shift_v1,quantum_angle,fraud,17,0.0,13.725200000408222
sudden_covariate_shift_v1,quantum_zz,population,17,0.012805273430055553,163.8595999993413
sudden_covariate_shift_v1,quantum_zz,fraud,17,0.0,87.15940000001865
sudden_covariate_shift_v1,quantum_reupload,population,17,0.02543143956626226,82.68450000105076
sudden_covariate_shift_v1,quantum_reupload,fraud,17,0.0,38.39430000152788
sudden_covariate_shift_v1,mmd_rbf,population,17,0.0019337427908594496,53.139999999984866
sudden_covariate_shift_v1,mmd_rbf,fraud,17,0.0,12.741800001094816
sudden_covariate_shift_v1,domain_classifier,population,17,0.08431111111111123,38.12350000043807
sudden_covariate_shift_v1,domain_classifier,fraud,17,0.0,38.64930000054301
sudden_covariate_shift_v1,classical_cds,population,18,0.025743552082765027,18.849600000976352
sudden_covariate_shift_v1,classical_cds,fraud,18,0.25278855903324193,9.043099998962134
sudden_covariate_shift_v1,quantum_angle,population,18,0.019664700748223463,23.7981000009313
sudden_covariate_shift_v1,quantum_angle,fraud,18,0.0,16.5034999990894
sudden_covariate_shift_v1,quantum_zz,population,18,0.013837630171999349,147.78200000000652
sudden_covariate_shift_v1,quantum_zz,fraud,18,0.0,84.99190000111412
sudden_covariate_shift_v1,quantum_reupload,population,18,0.029893525480900518,50.49030000009225
sudden_covariate_shift_v1,quantum_reupload,fraud,18,0.0006816567736550594,32.173399999010144
sudden_covariate_shift_v1,mmd_rbf,population,18,0.0,58.342300000731484
sudden_covariate_shift_v1,mmd_rbf,fraud,18,0.0,11.59150000057707
sudden_covariate_shift_v1,domain_classifier,population,18,0.0,28.25950000078592
sudden_covariate_shift_v1,domain_classifier,fraud,18,0.0,21.747900000264053
sudden_covariate_shift_v1,classical_cds,population,19,0.037572389174838065,17.521300000225892
sudden_covariate_shift_v1,classical_cds,fraud,19,0.14131168302279218,4.453500001545763
sudden_covariate_shift_v1,quantum_angle,population,19,0.04994198726502419,14.32060000115598
sudden_covariate_shift_v1,quantum_angle,fraud,19,0.003427682981718916,10.624499998812098
sudden_covariate_shift_v1,quantum_zz,population,19,0.041559695983093836,119.32039999919652
sudden_covariate_shift_v1,quantum_zz,fraud,19,0.015304374448088187,62.32160000035947
sudden_covariate_shift_v1,quantum_reupload,population,19,0.062036037283911605,41.77170000002661
sudden_covariate_shift_v1,quantum_reupload,fraud,19,0.0,32.43839999959164
sudden_covariate_shift_v1,mmd_rbf,population,19,0.0,33.32030000092345
sudden_covariate_shift_v1,mmd_rbf,fraud,19,0.0,15.938200000164215
sudden_covariate_shift_v1,domain_classifier,population,19,0.03351111111111127,20.025199999508914
sudden_covariate_shift_v1,domain_classifier,fraud,19,0.030297619047619184,21.17499999985739
sudden_covariate_shift_v1,classical_cds,population,20,0.021526660980629435,11.80720000047586
sudden_covariate_shift_v1,classical_cds,fraud,20,0.18731760188075428,2.9911000001447974
sudden_covariate_shift_v1,quantum_angle,population,20,0.04142290626065226,14.677499999379506
sudden_covariate_shift_v1,quantum_angle,fraud,20,0.0,9.983800000554766
sudden_covariate_shift_v1,quantum_zz,population,20,0.025027768425906927,93.32419999918784
sudden_covariate_shift_v1,quantum_zz,fraud,20,0.0,63.84830000024522
sudden_covariate_shift_v1,quantum_reupload,population,20,0.05251986881838289,49.76429999987886
sudden_covariate_shift_v1,quantum_reupload,fraud,20,0.0,30.68630000052508
sudden_covariate_shift_v1,mmd_rbf,population,20,0.0,35.9920000009879
sudden_covariate_shift_v1,mmd_rbf,fraud,20,0.0,13.756899999862071
sudden_covariate_shift_v1,domain_classifier,population,20,0.0,24.864099999831524
sudden_covariate_shift_v1,domain_classifier,fraud,20,0.0,18.369900000834605
sudden_covariate_shift_v1,classical_cds,population,21,0.028228505371823847,9.933600000294973
sudden_covariate_shift_v1,classical_cds,fraud,21,0.151980794706006,2.8686000005109236
sudden_covariate_shift_v1,quantum_angle,population,21,0.04150380814760746,12.938199999553035
sudden_covariate_shift_v1,quantum_angle,fraud,21,0.0,10.056600000098115
sudden_covariate_shift_v1,quantum_zz,population,21,0.024025562371701392,90.58179999919957
sudden_covariate_shift_v1,quantum_zz,fraud,21,0.0,53.42449999989185
sudden_covariate_shift_v1,quantum_reupload,population,21,0.04051688906689732,32.993000000715256
sudden_covariate_shift_v1,quantum_reupload,fraud,21,0.0,27.632100000118953
sudden_covariate_shift_v1,mmd_rbf,population,21,0.0,27.800900001238915
sudden_covariate_shift_v1,mmd_rbf,fraud,21,0.0,10.401699999420089
sudden_covariate_shift_v1,domain_classifier,population,21,0.0,23.176999999122927
sudden_covariate_shift_v1,domain_classifier,fraud,21,0.0,19.666600001073675
sudden_covariate_shift_v1,classical_cds,population,22,0.034451383678268936,9.741800000483636
sudden_covariate_shift_v1,classical_cds,fraud,22,0.2669099044456468,2.506099999664002
sudden_covariate_shift_v1,quantum_angle,population,22,0.07604690543866688,15.321299999413895
sudden_covariate_shift_v1,quantum_angle,fraud,22,0.0,13.035400001172093
sudden_covariate_shift_v1,quantum_zz,population,22,0.07570203945876963,91.16999999969266
sudden_covariate_shift_v1,quantum_zz,fraud,22,0.0,64.20309999884921
sudden_covariate_shift_v1,quantum_reupload,population,22,0.09450021940958075,36.958799999410985
sudden_covariate_shift_v1,quantum_reupload,fraud,22,0.0,35.422099999777856
sudden_covariate_shift_v1,mmd_rbf,population,22,0.0,48.773099999380065
sudden_covariate_shift_v1,mmd_rbf,fraud,22,0.0007731480406789615,16.736600000513135
sudden_covariate_shift_v1,domain_classifier,population,22,0.05951111111111107,24.212600001192186
sudden_covariate_shift_v1,domain_classifier,fraud,22,0.0665079365079364,23.81969999987632
sudden_covariate_shift_v1,classical_cds,population,23,0.02085191810244058,16.075800000180607
sudden_covariate_shift_v1,classical_cds,fraud,23,0.2164564633651923,3.2700000010663643
sudden_covariate_shift_v1,quantum_angle,population,23,0.015454115641289623,17.80709999911778
sudden_covariate_shift_v1,quantum_angle,fraud,23,0.0,30.044599998291233
sudden_covariate_shift_v1,quantum_zz,population,23,0.009410314892081217,149.7531999993953
sudden_covariate_shift_v1,quantum_zz,fraud,23,0.003388904612219079,81.56640000015614
sudden_covariate_shift_v1,quantum_reupload,population,23,0.012587347975646423,33.564200000910205
sudden_covariate_shift_v1,quantum_reupload,fraud,23,0.01891119285242604,35.998200000904035
sudden_covariate_shift_v1,mmd_rbf,population,23,0.0,37.982399999236804
sudden_covariate_shift_v1,mmd_rbf,fraud,23,0.008532757477943465,12.235899999723188
sudden_covariate_shift_v1,domain_classifier,population,23,0.0,28.26920000006794
sudden_covariate_shift_v1,domain_classifier,fraud,23,0.0,25.42419999917911
sudden_covariate_shift_v1,classical_cds,population,24,0.02949914963225007,13.12309999957506
sudden_covariate_shift_v1,classical_cds,fraud,24,0.12699846365716774,3.1374999998661224
sudden_covariate_shift_v1,quantum_angle,population,24,0.05468963088176271,12.065000000802684
sudden_covariate_shift_v1,quantum_angle,fraud,24,0.029415962153453212,10.092900000017835
sudden_covariate_shift_v1,quantum_zz,population,24,0.04141832174365545,99.83769999962533
sudden_covariate_shift_v1,quantum_zz,fraud,24,0.08429041888154176,74.45879999977478
sudden_covariate_shift_v1,quantum_reupload,population,24,0.06618962906979453,36.62059999987832
sudden_covariate_shift_v1,quantum_reupload,fraud,24,0.10073373112769302,21.650300001056166
sudden_covariate_shift_v1,mmd_rbf,population,24,0.00016026644295008552,37.81630000048608
sudden_covariate_shift_v1,mmd_rbf,fraud,24,0.0,11.523000001034234
sudden_covariate_shift_v1,domain_classifier,population,24,0.060044444444444345,23.602999999638996
sudden_covariate_shift_v1,domain_classifier,fraud,24,0.0071317829457364645,18.323800000871415
sudden_covariate_shift_v1,classical_cds,population,25,0.028514389216845383,11.675099998683436
sudden_covariate_shift_v1,classical_cds,fraud,25,0.3402786100517253,2.814899999066256
sudden_covariate_shift_v1,quantum_angle,population,25,0.004642533572389862,16.802600001028623
sudden_covariate_shift_v1,quantum_angle,fraud,25,0.020846567828885054,10.423800000353367
sudden_covariate_shift_v1,quantum_zz,population,25,0.0,94.04410000024654
sudden_covariate_shift_v1,quantum_zz,fraud,25,0.0,74.04569999926025
sudden_covariate_shift_v1,quantum_reupload,population,25,0.0,36.3746999992145
sudden_covariate_shift_v1,quantum_reupload,fraud,25,0.0,22.436499999457737
sudden_covariate_shift_v1,mmd_rbf,population,25,0.0,42.850599998928374
sudden_covariate_shift_v1,mmd_rbf,fraud,25,0.004267635573552031,10.678500000722124
sudden_covariate_shift_v1,domain_classifier,population,25,0.0,23.542599999927916
sudden_covariate_shift_v1,domain_classifier,fraud,25,0.0,18.019499999354593
sudden_covariate_shift_v1,classical_cds,population,26,0.02594352264046181,9.779299998626811
sudden_covariate_shift_v1,classical_cds,fraud,26,0.29059203327210437,4.147100000409409
sudden_covariate_shift_v1,quantum_angle,population,26,0.056505255060802506,12.520399999630172
sudden_covariate_shift_v1,quantum_angle,fraud,26,0.0,10.282100000040373
sudden_covariate_shift_v1,quantum_zz,population,26,0.04724572919530645,96.28510000038659
sudden_covariate_shift_v1,quantum_zz,fraud,26,0.020671890934840897,55.85539999992761
sudden_covariate_shift_v1,quantum_reupload,population,26,0.062286107621983944,44.415600001229905
sudden_covariate_shift_v1,quantum_reupload,fraud,26,0.048975999636852396,20.99850000013248
sudden_covariate_shift_v1,mmd_rbf,population,26,0.0,40.30839999904856
sudden_covariate_shift_v1,mmd_rbf,fraud,26,0.0,10.460599998623366
sudden_covariate_shift_v1,domain_classifier,population,26,0.022088888888889047,36.56320000118285
sudden_covariate_shift_v1,domain_classifier,fraud,26,0.0010852713178295392,15.54769999893324
sudden_covariate_shift_v1,classical_cds,population,27,0.023728485587407904,8.914699999877485
sudden_covariate_shift_v1,classical_cds,fraud,27,0.1351606648769712,2.4600999986432726
sudden_covariate_shift_v1,quantum_angle,population,27,0.028568363245331407,12.39470000109577
sudden_covariate_shift_v1,quantum_angle,fraud,27,0.07464306712674396,12.173899998742854
sudden_covariate_shift_v1,quantum_zz,population,27,0.01891704067064015,95.20410000004631
sudden_covariate_shift_v1,quantum_zz,fraud,27,0.07071917794165272,71.76660000004631
sudden_covariate_shift_v1,quantum_reupload,population,27,0.0215999290657507,29.908800001066993
sudden_covariate_shift_v1,quantum_reupload,fraud,27,0.05791058495062351,24.87199999995937
sudden_covariate_shift_v1,mmd_rbf,population,27,0.0,32.28599999965809
sudden_covariate_shift_v1,mmd_rbf,fraud,27,0.0,11.898099999598344
sudden_covariate_shift_v1,domain_classifier,population,27,0.0,25.68979999887233
sudden_covariate_shift_v1,domain_classifier,fraud,27,0.0,23.605700000189245
sudden_covariate_shift_v1,classical_cds,population,28,0.03000642599681603,10.48379999883764
sudden_covariate_shift_v1,classical_cds,fraud,28,0.29369438181262925,4.254899999068584
sudden_covariate_shift_v1,quantum_angle,population,28,0.0,14.757700000700424
sudden_covariate_shift_v1,quantum_angle,fraud,28,0.0,8.946899999500602
sudden_covariate_shift_v1,quantum_zz,population,28,0.0,94.31169999879785
sudden_covariate_shift_v1,quantum_zz,fraud,28,0.0,69.05940000069677
sudden_covariate_shift_v1,quantum_reupload,population,28,0.0,49.26379999960773
sudden_covariate_shift_v1,quantum_reupload,fraud,28,0.0,25.749200000063865
sudden_covariate_shift_v1,mmd_rbf,population,28,0.0,34.447200001523015
sudden_covariate_shift_v1,mmd_rbf,fraud,28,0.0,10.949499999696855
sudden_covariate_shift_v1,domain_classifier,population,28,0.0,27.212300001338008
sudden_covariate_shift_v1,domain_classifier,fraud,28,0.0,18.188699999882374
sudden_covariate_shift_v1,classical_cds,population,29,0.025068713884080513,8.792999999059248
sudden_covariate_shift_v1,classical_cds,fraud,29,0.12725866936442526,2.441000000544591
sudden_covariate_shift_v1,quantum_angle,population,29,0.019777045106688984,12.328400000114925
sudden_covariate_shift_v1,quantum_angle,fraud,29,0.0,8.234999999331194
sudden_covariate_shift_v1,quantum_zz,population,29,0.009382133704701312,90.01599999828613
sudden_covariate_shift_v1,quantum_zz,fraud,29,0.0,73.60460000018065
sudden_covariate_shift_v1,quantum_reupload,population,29,0.02027256439459013,48.037900000053924
sudden_covariate_shift_v1,quantum_reupload,fraud,29,0.0,28.66589999939606
sudden_covariate_shift_v1,mmd_rbf,population,29,0.0,31.96370000114257
sudden_covariate_shift_v1,mmd_rbf,fraud,29,0.0017698177669636106,9.394299999257782
sudden_covariate_shift_v1,domain_classifier,population,29,0.04262222222222212,22.59550000053423
sudden_covariate_shift_v1,domain_classifier,fraud,29,0.059393939393939554,22.00070000071719
sudden_covariate_shift_v1,classical_cds,population,30,0.0253960457815987,12.355999999272171
sudden_covariate_shift_v1,classical_cds,fraud,30,0.3456835372406743,2.409699998679571
sudden_covariate_shift_v1,quantum_angle,population,30,0.0177957436031968,13.349500000913395
sudden_covariate_shift_v1,quantum_angle,fraud,30,0.0,11.958600000070874
sudden_covariate_shift_v1,quantum_zz,population,30,0.007783488576323272,91.1573999983375
sudden_covariate_shift_v1,quantum_zz,fraud,30,0.0,58.388099998410325
sudden_covariate_shift_v1,quantum_reupload,population,30,0.009113812423272027,46.40520000066317
sudden_covariate_shift_v1,quantum_reupload,fraud,30,0.0,26.446899999427842
sudden_covariate_shift_v1,mmd_rbf,population,30,0.0,44.66539999884844
sudden_covariate_shift_v1,mmd_rbf,fraud,30,0.0,13.148899999578134
sudden_covariate_shift_v1,domain_classifier,population,30,0.0,26.252499999827705
sudden_covariate_shift_v1,domain_classifier,fraud,30,0.0,14.413199998671189
sudden_covariate_shift_v1,classical_cds,population,31,0.026494780600858442,14.841599999272148
sudden_covariate_shift_v1,classical_cds,fraud,31,0.09971092584914745,2.378099999987171
sudden_covariate_shift_v1,quantum_angle,population,31,0.02489877652572403,11.897899999894435
sudden_covariate_shift_v1,quantum_angle,fraud,31,0.0400360825103685,14.193299999533338
sudden_covariate_shift_v1,quantum_zz,population,31,0.011396188796120699,92.85260000069684
sudden_covariate_shift_v1,quantum_zz,fraud,31,0.03381987309012058,102.82120000010764
sudden_covariate_shift_v1,quantum_reupload,population,31,0.028685015538744696,38.115299999844865
sudden_covariate_shift_v1,quantum_reupload,fraud,31,0.03157343987159711,92.69959999983257
sudden_covariate_shift_v1,mmd_rbf,population,31,0.0009820697765634545,61.08440000025439
sudden_covariate_shift_v1,mmd_rbf,fraud,31,0.0,11.09820000056061
sudden_covariate_shift_v1,domain_classifier,population,31,0.07188888888888911,22.70930000122462
sudden_covariate_shift_v1,domain_classifier,fraud,31,0.0,18.150100000639213
sudden_covariate_shift_v1,classical_cds,population,32,0.036293510042024094,11.747000000468688
sudden_covariate_shift_v1,classical_cds,fraud,32,0.3469693133070824,4.426699999385164
sudden_covariate_shift_v1,quantum_angle,population,32,0.07387934840522836,11.660600001050625
sudden_covariate_shift_v1,quantum_angle,fraud,32,0.12560706830034107,10.125900000275578
sudden_covariate_shift_v1,quantum_zz,population,32,0.05889006113342965,94.28350000052887
sudden_covariate_shift_v1,quantum_zz,fraud,32,0.14336793723971109,65.19259999913629
sudden_covariate_shift_v1,quantum_reupload,population,32,0.07855779717707556,37.517800001296564
sudden_covariate_shift_v1,quantum_reupload,fraud,32,0.1472907168156553,24.93539999886707
sudden_covariate_shift_v1,mmd_rbf,population,32,0.0,35.67049999946903
sudden_covariate_shift_v1,mmd_rbf,fraud,32,0.011519126752383091,13.382600000113598
sudden_covariate_shift_v1,domain_classifier,population,32,0.00377777777777788,24.051000000326894
sudden_covariate_shift_v1,domain_classifier,fraud,32,0.03504273504273492,19.84249999986787
sudden_covariate_shift_v1,classical_cds,population,33,0.028278343812617512,10.832599999048398
sudden_covariate_shift_v1,classical_cds,fraud,33,0.12285665477057876,3.4200000009150244
sudden_covariate_shift_v1,quantum_angle,population,33,0.0,14.413500000955537
sudden_covariate_shift_v1,quantum_angle,fraud,33,0.0,9.410499998921296
sudden_covariate_shift_v1,quantum_zz,population,33,0.0,90.15010000075563
sudden_covariate_shift_v1,quantum_zz,fraud,33,0.0,57.536500000423985
sudden_covariate_shift_v1,quantum_reupload,population,33,0.0,30.811599999651662
sudden_covariate_shift_v1,quantum_reupload,fraud,33,0.0,22.954900001423084
sudden_covariate_shift_v1,mmd_rbf,population,33,0.0,32.66559999974561
sudden_covariate_shift_v1,mmd_rbf,fraud,33,0.046585538157196016,11.660199999823817
sudden_covariate_shift_v1,domain_classifier,population,33,0.011922222222222167,18.85229999970761
sudden_covariate_shift_v1,domain_classifier,fraud,33,0.09914728682170537,15.594500000588596
sudden_covariate_shift_v1,classical_cds,population,34,0.024349588276277888,10.921900000539608
sudden_covariate_shift_v1,classical_cds,fraud,34,0.38426391587224984,2.4924000008468283
sudden_covariate_shift_v1,quantum_angle,population,34,0.0021238740645588283,11.232400000153575
sudden_covariate_shift_v1,quantum_angle,fraud,34,0.0,9.014499999466352
sudden_covariate_shift_v1,quantum_zz,population,34,0.0,85.42010000019218
sudden_covariate_shift_v1,quantum_zz,fraud,34,0.0,57.60229999941657
sudden_covariate_shift_v1,quantum_reupload,population,34,0.0,32.978700000967365
sudden_covariate_shift_v1,quantum_reupload,fraud,34,0.0,23.32659999956377
sudden_covariate_shift_v1,mmd_rbf,population,34,0.002822628445600106,37.14690000015253
sudden_covariate_shift_v1,mmd_rbf,fraud,34,0.005291776234574996,10.573699999440578
sudden_covariate_shift_v1,domain_classifier,population,34,0.0,17.041600000084145
sudden_covariate_shift_v1,domain_classifier,fraud,34,0.0,15.226299999994808
sudden_covariate_shift_v1,classical_cds,population,35,0.028318665156782927,8.469799999147654
sudden_covariate_shift_v1,classical_cds,fraud,35,0.21786970900055735,4.05250000039814
sudden_covariate_shift_v1,quantum_angle,population,35,0.031303626118755035,11.397199999919394
sudden_covariate_shift_v1,quantum_angle,fraud,35,0.0,10.110100000019884
sudden_covariate_shift_v1,quantum_zz,population,35,0.021435132945145874,105.78020000139077
sudden_covariate_shift_v1,quantum_zz,fraud,35,0.0,64.00310000026366
sudden_covariate_shift_v1,quantum_reupload,population,35,0.03108450097698645,33.20270000040182
sudden_covariate_shift_v1,quantum_reupload,fraud,35,0.0,22.872099998494377
sudden_covariate_shift_v1,mmd_rbf,population,35,0.0,31.85490000032587
sudden_covariate_shift_v1,mmd_rbf,fraud,35,0.0,12.03919999898062
sudden_covariate_shift_v1,domain_classifier,population,35,0.0,20.309699999415898
sudden_covariate_shift_v1,domain_classifier,fraud,35,0.0,16.30010000008042
sudden_covariate_shift_v1,classical_cds,population,36,0.026366219038777727,9.747600000991952
sudden_covariate_shift_v1,classical_cds,fraud,36,0.11353857450166874,2.460800000335439
sudden_covariate_shift_v1,quantum_angle,population,36,0.05882227080801361,12.473199998566997
sudden_covariate_shift_v1,quantum_angle,fraud,36,0.0,8.344300000317162
sudden_covariate_shift_v1,quantum_zz,population,36,0.04393646819638819,100.45170000012149
sudden_covariate_shift_v1,quantum_zz,fraud,36,0.003991050108660188,55.93669999871054
sudden_covariate_shift_v1,quantum_reupload,population,36,0.05924436701004421,34.316999999646214
sudden_covariate_shift_v1,quantum_reupload,fraud,36,0.0,22.266099998887512
sudden_covariate_shift_v1,mmd_rbf,population,36,0.0,32.43819999988773
sudden_covariate_shift_v1,mmd_rbf,fraud,36,0.0,11.121599998659804
sudden_covariate_shift_v1,domain_classifier,population,36,0.0,18.807999998898595
sudden_covariate_shift_v1,domain_classifier,fraud,36,0.0,16.584900000452762
sudden_covariate_shift_v1,classical_cds,population,37,0.024233079107695527,8.414099998844904
sudden_covariate_shift_v1,classical_cds,fraud,37,0.1528949502307158,4.488599999604048
sudden_covariate_shift_v1,quantum_angle,population,37,0.027963786256837042,10.891499998251675
sudden_covariate_shift_v1,quantum_angle,fraud,37,0.0,9.852700000919867
sudden_covariate_shift_v1,quantum_zz,population,37,0.021727354184023273,88.66370000032475
sudden_covariate_shift_v1,quantum_zz,fraud,37,0.04087794371129161,57.374099998924066
sudden_covariate_shift_v1,quantum_reupload,population,37,0.035693279830498414,33.12269999878481
sudden_covariate_shift_v1,quantum_reupload,fraud,37,0.0791600474110351,25.151899999400484
sudden_covariate_shift_v1,mmd_rbf,population,37,0.0,33.397200000763405
sudden_covariate_shift_v1,mmd_rbf,fraud,37,0.0,12.288100000660052
sudden_covariate_shift_v1,domain_classifier,population,37,0.0,24.041299999225885
sudden_covariate_shift_v1,domain_classifier,fraud,37,0.1726984126984128,25.677499999801512
sudden_covariate_shift_v1,classical_cds,population,38,0.03700923813296194,11.930000000575092
sudden_covariate_shift_v1,classical_cds,fraud,38,0.11626569562584531,2.476800000295043
sudden_covariate_shift_v1,quantum_angle,population,38,0.07558619093686292,17.625200000111363
sudden_covariate_shift_v1,quantum_angle,fraud,38,0.07856233160132153,12.058100001013372
sudden_covariate_shift_v1,quantum_zz,population,38,0.061849966650241006,109.44019999988086
sudden_covariate_shift_v1,quantum_zz,fraud,38,0.08394594895914698,73.42560000142839
sudden_covariate_shift_v1,quantum_reupload,population,38,0.087399960186893,30.19479999966279
sudden_covariate_shift_v1,quantum_reupload,fraud,38,0.09421069389748149,26.775299998917035
sudden_covariate_shift_v1,mmd_rbf,population,38,4.426366755261313e-05,37.326300000131596
sudden_covariate_shift_v1,mmd_rbf,fraud,38,0.0,15.043199999126955
sudden_covariate_shift_v1,domain_classifier,population,38,0.08777777777777773,27.104400000098394
sudden_covariate_shift_v1,domain_classifier,fraud,38,0.0,24.108200001137448
sudden_covariate_shift_v1,classical_cds,population,39,0.02672154751897699,11.974400000326568
sudden_covariate_shift_v1,classical_cds,fraud,39,0.3405509498538757,3.2671000008122064
sudden_covariate_shift_v1,quantum_angle,population,39,0.0,13.238999999884982
sudden_covariate_shift_v1,quantum_angle,fraud,39,0.0,38.90009999850008
sudden_covariate_shift_v1,quantum_zz,population,39,0.0,93.4289999986504
sudden_covariate_shift_v1,quantum_zz,fraud,39,0.0,63.021600000865874
sudden_covariate_shift_v1,quantum_reupload,population,39,0.0,34.343699999226374
sudden_covariate_shift_v1,quantum_reupload,fraud,39,0.0,23.35329999914393
sudden_covariate_shift_v1,mmd_rbf,population,39,0.002291963238767014,35.3369999993447
sudden_covariate_shift_v1,mmd_rbf,fraud,39,0.005305322634179044,11.607099999309867
sudden_covariate_shift_v1,domain_classifier,population,39,0.0,19.58580000064103
sudden_covariate_shift_v1,domain_classifier,fraud,39,0.2872592592592593,17.12709999992512
sudden_covariate_shift_v1,classical_cds,population,40,0.02531857991053161,10.254999999233405
sudden_covariate_shift_v1,classical_cds,fraud,40,0.36545727288352164,2.398299999185838
sudden_covariate_shift_v1,quantum_angle,population,40,0.027297044819340033,11.59179999922344
sudden_covariate_shift_v1,quantum_angle,fraud,40,0.0,8.595200000854675
sudden_covariate_shift_v1,quantum_zz,population,40,0.020862698415041736,86.24449999842909
sudden_covariate_shift_v1,quantum_zz,fraud,40,0.0,57.01589999989665
sudden_covariate_shift_v1,quantum_reupload,population,40,0.026722348521245,29.497599998649093
sudden_covariate_shift_v1,quantum_reupload,fraud,40,0.0,21.786400000564754
sudden_covariate_shift_v1,mmd_rbf,population,40,0.0,32.743800000389456
sudden_covariate_shift_v1,mmd_rbf,fraud,40,0.0011063558779920157,9.065599999303231
sudden_covariate_shift_v1,domain_classifier,population,40,0.07446666666666668,16.75470000009227
sudden_covariate_shift_v1,domain_classifier,fraud,40,0.12363636363636377,16.674200000124983
sudden_covariate_shift_v1,classical_cds,population,41,0.034869474796494986,11.036400001103175
sudden_covariate_shift_v1,classical_cds,fraud,41,0.13092153234914178,2.3693999992246972
sudden_covariate_shift_v1,quantum_angle,population,41,0.04036287815803752,13.75220000045374
sudden_covariate_shift_v1,quantum_angle,fraud,41,0.0,9.439800000109244
sudden_covariate_shift_v1,quantum_zz,population,41,0.031736265993582924,90.81209999931161
sudden_covariate_shift_v1,quantum_zz,fraud,41,0.0,77.5962999996409
sudden_covariate_shift_v1,quantum_reupload,population,41,0.038380685025427685,32.21339999981865
sudden_covariate_shift_v1,quantum_reupload,fraud,41,0.007347166086805079,22.304399999484303
sudden_covariate_shift_v1,mmd_rbf,population,41,0.0,33.72350000063307
sudden_covariate_shift_v1,mmd_rbf,fraud,41,0.0,11.960100000578677
sudden_covariate_shift_v1,domain_classifier,population,41,0.0,19.865599999320693
sudden_covariate_shift_v1,domain_classifier,fraud,41,0.0,14.753499999642372
sudden_covariate_shift_v1,classical_cds,population,42,0.03683515349881803,12.05360000130895
sudden_covariate_shift_v1,classical_cds,fraud,42,0.11756538326001272,2.888600000005681
sudden_covariate_shift_v1,quantum_angle,population,42,0.06861440694767895,10.148400000616675
sudden_covariate_shift_v1,quantum_angle,fraud,42,0.0,9.598399999958929
sudden_covariate_shift_v1,quantum_zz,population,42,0.06547607426262247,88.22420000069542
sudden_covariate_shift_v1,quantum_zz,fraud,42,0.0,66.80199999937031
sudden_covariate_shift_v1,quantum_reupload,population,42,0.0881815750134658,41.74109999985376
sudden_covariate_shift_v1,quantum_reupload,fraud,42,0.0,24.460100001306273
sudden_covariate_shift_v1,mmd_rbf,population,42,0.00042411081877857804,39.94390000116255
sudden_covariate_shift_v1,mmd_rbf,fraud,42,0.0,11.592400000154157
sudden_covariate_shift_v1,domain_classifier,population,42,0.0,21.837300000697724
sudden_covariate_shift_v1,domain_classifier,fraud,42,0.0,20.258900000044378
sudden_covariate_shift_v1,classical_cds,population,43,0.03445482274323842,14.199699999153381
sudden_covariate_shift_v1,classical_cds,fraud,43,0.16156930779549225,2.9461999984050635
sudden_covariate_shift_v1,quantum_angle,population,43,0.06123564305631091,12.73609999952896
sudden_covariate_shift_v1,quantum_angle,fraud,43,0.0,8.931200000006356
sudden_covariate_shift_v1,quantum_zz,population,43,0.046442267155248684,89.81710000080056
sudden_covariate_shift_v1,quantum_zz,fraud,43,0.0,54.405700000643265
sudden_covariate_shift_v1,quantum_reupload,population,43,0.07093714580542254,30.67610000107379
sudden_covariate_shift_v1,quantum_reupload,fraud,43,0.0,22.9605000004085
sudden_covariate_shift_v1,mmd_rbf,population,43,0.0,32.5873000001593
sudden_covariate_shift_v1,mmd_rbf,fraud,43,0.0,10.83939999989525
sudden_covariate_shift_v1,domain_classifier,population,43,0.024555555555555664,19.400700000915094
sudden_covariate_shift_v1,domain_classifier,fraud,43,0.0,16.289300001517404
sudden_covariate_shift_v1,classical_cds,population,44,0.02510834593095388,9.824100001424085
sudden_covariate_shift_v1,classical_cds,fraud,44,0.10109813263159202,4.301699998904951
sudden_covariate_shift_v1,quantum_angle,population,44,0.0331761643997206,10.679299999537761
sudden_covariate_shift_v1,quantum_angle,fraud,44,0.0,10.161300000618212
sudden_covariate_shift_v1,quantum_zz,population,44,0.019973738019508414,86.2053000000742
sudden_covariate_shift_v1,quantum_zz,fraud,44,0.0,60.226699999475386
sudden_covariate_shift_v1,quantum_reupload,population,44,0.03551754735763557,32.55969999918307
sudden_covariate_shift_v1,quantum_reupload,fraud,44,0.0,24.236600000222097
sudden_covariate_shift_v1,mmd_rbf,population,44,0.0,40.522799999962444
sudden_covariate_shift_v1,mmd_rbf,fraud,44,0.0,10.362800001530559
sudden_covariate_shift_v1,domain_classifier,population,44,0.03820000000000001,16.347699998732423
sudden_covariate_shift_v1,domain_classifier,fraud,44,0.0,16.300799999953597
sudden_covariate_shift_v1,classical_cds,population,45,0.024994002352861297,12.630299999727868
sudden_covariate_shift_v1,classical_cds,fraud,45,0.13911885008299074,2.431099999739672
sudden_covariate_shift_v1,quantum_angle,population,45,0.027859098812418215,14.089399999647867
sudden_covariate_shift_v1,quantum_angle,fraud,45,0.0,8.990399999674992
sudden_covariate_shift_v1,quantum_zz,population,45,0.018743653470892352,84.67430000018794
sudden_covariate_shift_v1,quantum_zz,fraud,45,0.0,54.693599999154685
sudden_covariate_shift_v1,quantum_reupload,population,45,0.0335756217789549,32.85690000120667
sudden_covariate_shift_v1,quantum_reupload,fraud,45,0.0,22.42609999848355
sudden_covariate_shift_v1,mmd_rbf,population,45,0.0,32.56920000058017
sudden_covariate_shift_v1,mmd_rbf,fraud,45,0.0,11.234899999180925
sudden_covariate_shift_v1,domain_classifier,population,45,0.011288888888888904,18.4172999997827
sudden_covariate_shift_v1,domain_classifier,fraud,45,0.12325925925925918,15.701899999839952
sudden_covariate_shift_v1,classical_cds,population,46,0.03250492584700895,10.698000000047614
sudden_covariate_shift_v1,classical_cds,fraud,46,0.13312718853505331,2.657299999555107
sudden_covariate_shift_v1,quantum_angle,population,46,0.0,11.283900001217262
sudden_covariate_shift_v1,quantum_angle,fraud,46,0.04832625359287368,13.80309999876772
sudden_covariate_shift_v1,quantum_zz,population,46,0.0,100.95169999840437
sudden_covariate_shift_v1,quantum_zz,fraud,46,0.04652817075088456,66.56980000116164
sudden_covariate_shift_v1,quantum_reupload,population,46,0.0,29.455800000505405
sudden_covariate_shift_v1,quantum_reupload,fraud,46,0.07465910859090197,23.094499998478568
sudden_covariate_shift_v1,mmd_rbf,population,46,0.0,32.620800000586314
sudden_covariate_shift_v1,mmd_rbf,fraud,46,0.0,10.87310000002617
sudden_covariate_shift_v1,domain_classifier,population,46,0.0,18.413300000247546
sudden_covariate_shift_v1,domain_classifier,fraud,46,0.0,16.16230000036012
sudden_covariate_shift_v1,classical_cds,population,47,0.03027888330500491,10.772700001325575
sudden_covariate_shift_v1,classical_cds,fraud,47,0.3073086184710138,2.383499999268679
sudden_covariate_shift_v1,quantum_angle,population,47,0.0,12.984399998458684
sudden_covariate_shift_v1,quantum_angle,fraud,47,0.059588590935667485,8.259600001110812
sudden_covariate_shift_v1,quantum_zz,population,47,0.0,85.67330000005313
sudden_covariate_shift_v1,quantum_zz,fraud,47,0.0521514743727044,57.330900001034024
sudden_covariate_shift_v1,quantum_reupload,population,47,0.0,33.8171000003058
sudden_covariate_shift_v1,quantum_reupload,fraud,47,0.09874715282373225,35.01030000006722
sudden_covariate_shift_v1,mmd_rbf,population,47,0.0,33.00330000092799
sudden_covariate_shift_v1,mmd_rbf,fraud,47,0.0,9.542899999360088
sudden_covariate_shift_v1,domain_classifier,population,47,0.011533333333333173,19.33389999976498
sudden_covariate_shift_v1,domain_classifier,fraud,47,0.04429824561403506,14.694899999085465
sudden_covariate_shift_v1,classical_cds,population,48,0.026132528559343476,9.258699999918463
sudden_covariate_shift_v1,classical_cds,fraud,48,0.3856277910688801,2.3808999994798796
sudden_covariate_shift_v1,quantum_angle,population,48,0.057780164476667006,12.627000000065891
sudden_covariate_shift_v1,quantum_angle,fraud,48,0.0393694630547794,9.429700001419405
sudden_covariate_shift_v1,quantum_zz,population,48,0.05484920139387295,88.15640000102576
sudden_covariate_shift_v1,quantum_zz,fraud,48,0.059332507644347166,54.16070000137552
sudden_covariate_shift_v1,quantum_reupload,population,48,0.06903001187921909,30.04770000006829
sudden_covariate_shift_v1,quantum_reupload,fraud,48,0.11086960981421101,22.35550000114017
sudden_covariate_shift_v1,mmd_rbf,population,48,0.0,32.35400000085065
sudden_covariate_shift_v1,mmd_rbf,fraud,48,0.016002876672950972,10.607700000036857
sudden_covariate_shift_v1,domain_classifier,population,48,0.03317777777777797,18.307199999981094
sudden_covariate_shift_v1,domain_classifier,fraud,48,0.15838383838383852,15.873500000452623
sudden_covariate_shift_v1,classical_cds,population,49,0.0307663566269114,9.795199999643955
sudden_covariate_shift_v1,classical_cds,fraud,49,0.14909239460257687,2.7305999992677243
sudden_covariate_shift_v1,quantum_angle,population,49,0.06116427645339473,10.652499999196152
sudden_covariate_shift_v1,quantum_angle,fraud,49,0.03697994288149842,10.157400000025518
sudden_covariate_shift_v1,quantum_zz,population,49,0.043251489546606625,84.26679999865883
sudden_covariate_shift_v1,quantum_zz,fraud,49,0.04504674730946412,54.10650000158057
sudden_covariate_shift_v1,quantum_reupload,population,49,0.057004813982575175,30.174800000168034
sudden_covariate_shift_v1,quantum_reupload,fraud,49,0.06138941106144635,23.177300001407275
sudden_covariate_shift_v1,mmd_rbf,population,49,0.0,32.052299999122624
sudden_covariate_shift_v1,mmd_rbf,fraud,49,0.0,11.318699998810189
sudden_covariate_shift_v1,domain_classifier,population,49,0.0,19.491799999741488
sudden_covariate_shift_v1,domain_classifier,fraud,49,0.0,16.036700000768178
sudden_covariate_shift_v1,classical_cds,population,50,0.7279715862482748,83.57939999950759
sudden_covariate_shift_v1,classical_cds,fraud,50,0.5676793744828355,2.632799998536939
sudden_covariate_shift_v1,quantum_angle,population,50,0.9404417417752415,12.272300000404357
sudden_covariate_shift_v1,quantum_angle,fraud,50,0.5034673535649226,9.800599998925463
sudden_covariate_shift_v1,quantum_zz,population,50,0.8569364718658476,84.54630000051111
sudden_covariate_shift_v1,quantum_zz,fraud,50,0.5469093949883587,55.43810000017402
sudden_covariate_shift_v1,quantum_reupload,population,50,0.9229236916276459,32.068700000309036
sudden_covariate_shift_v1,quantum_reupload,fraud,50,0.6486336184225515,22.562100000868668
sudden_covariate_shift_v1,mmd_rbf,population,50,0.9254643624655536,29.296200000317185
sudden_covariate_shift_v1,mmd_rbf,fraud,50,0.568173831500778,10.294400000930182
sudden_covariate_shift_v1,domain_classifier,population,50,0.9273555555555555,17.457400001148926
sudden_covariate_shift_v1,domain_classifier,fraud,50,0.7560360360360361,16.583599999648868
sudden_covariate_shift_v1,classical_cds,population,51,0.7270039291386582,83.38569999978063
sudden_covariate_shift_v1,classical_cds,fraud,51,0.5487667450872117,2.5683999992907047
sudden_covariate_shift_v1,quantum_angle,population,51,0.9439260687000027,12.112500000512227
sudden_covariate_shift_v1,quantum_angle,fraud,51,0.544125254019849,8.040200000323239
sudden_covariate_shift_v1,quantum_zz,population,51,0.8544263871694697,83.54639999924984
sudden_covariate_shift_v1,quantum_zz,fraud,51,0.588674005143547,56.928899999547866
sudden_covariate_shift_v1,quantum_reupload,population,51,0.9239089059560177,28.792900000553345
sudden_covariate_shift_v1,quantum_reupload,fraud,51,0.6660662600430662,23.569599999973434
sudden_covariate_shift_v1,mmd_rbf,population,51,0.9166381625404265,32.27849999893806
sudden_covariate_shift_v1,mmd_rbf,fraud,51,0.5293207691558575,9.095699999306817
sudden_covariate_shift_v1,domain_classifier,population,51,0.9477222222222221,19.916699999157572
sudden_covariate_shift_v1,domain_classifier,fraud,51,0.8216666666666665,18.560399999842048
sudden_covariate_shift_v1,classical_cds,population,52,0.7272976616621658,84.39689999977418
sudden_covariate_shift_v1,classical_cds,fraud,52,0.5782173859159602,2.5912000000971602
sudden_covariate_shift_v1,quantum_angle,population,52,0.93918354393667,12.072299999999814
sudden_covariate_shift_v1,quantum_angle,fraud,52,0.3981661057982213,8.07610000083514
sudden_covariate_shift_v1,quantum_zz,population,52,0.8527357121065303,82.97769999990123
sudden_covariate_shift_v1,quantum_zz,fraud,52,0.5076446512803483,54.69300000004296
sudden_covariate_shift_v1,quantum_reupload,population,52,0.9166788144045671,30.96969999933208
sudden_covariate_shift_v1,quantum_reupload,fraud,52,0.5858362682060385,22.34649999991234
sudden_covariate_shift_v1,mmd_rbf,population,52,0.9812542907575825,31.27949999907287
sudden_covariate_shift_v1,mmd_rbf,fraud,52,0.6629479777539997,11.203399999430985
sudden_covariate_shift_v1,domain_classifier,population,52,0.9332666666666665,18.338399999265675
sudden_covariate_shift_v1,domain_classifier,fraud,52,0.9087878787878789,17.464399999880698
sudden_covariate_shift_v1,classical_cds,population,53,0.7280912487181388,83.40049999969779
sudden_covariate_shift_v1,classical_cds,fraud,53,0.5619238792778755,3.4099000004061963
sudden_covariate_shift_v1,quantum_angle,population,53,0.9387000081352631,11.383999999452499
sudden_covariate_shift_v1,quantum_angle,fraud,53,0.487967968702412,9.568600000420702
sudden_covariate_shift_v1,quantum_zz,population,53,0.8554974140872842,87.11530000073253
sudden_covariate_shift_v1,quantum_zz,fraud,53,0.5373710127920228,59.883300000365125
sudden_covariate_shift_v1,quantum_reupload,population,53,0.9169555256539922,34.890299999460694
sudden_covariate_shift_v1,quantum_reupload,fraud,53,0.6109184205320763,22.7601999995386
sudden_covariate_shift_v1,mmd_rbf,population,53,0.9839010373180499,30.37939999921946
sudden_covariate_shift_v1,mmd_rbf,fraud,53,0.5979344587473285,8.93510000059905
sudden_covariate_shift_v1,domain_classifier,population,53,0.9450666666666667,23.566899999423185
sudden_covariate_shift_v1,domain_classifier,fraud,53,0.6507407407407408,18.23089999925287
sudden_covariate_shift_v1,classical_cds,population,54,0.7292032773478323,84.73309999862977
sudden_covariate_shift_v1,classical_cds,fraud,54,,
sudden_covariate_shift_v1,quantum_angle,population,54,0.9423472228735894,12.309800000366522
sudden_covariate_shift_v1,quantum_angle,fraud,54,,
sudden_covariate_shift_v1,quantum_zz,population,54,0.8523337922493734,87.08000000115135
sudden_covariate_shift_v1,quantum_zz,fraud,54,,
sudden_covariate_shift_v1,quantum_reupload,population,54,0.9171639758721648,30.75899999930698
sudden_covariate_shift_v1,quantum_reupload,fraud,54,,
sudden_covariate_shift_v1,mmd_rbf,population,54,0.9676116439742768,32.61720000045898
sudden_covariate_shift_v1,mmd_rbf,fraud,54,,
sudden_covariate_shift_v1,domain_classifier,population,54,0.9398,18.167399999583722
sudden_covariate_shift_v1,domain_classifier,fraud,54,,
sudden_covariate_shift_v1,classical_cds,population,55,0.728872641464034,83.04319999842846
sudden_covariate_shift_v1,classical_cds,fraud,55,0.5753794787162158,2.4926999994931975
sudden_covariate_shift_v1,quantum_angle,population,55,0.9380198700895551,13.277599999128142
sudden_covariate_shift_v1,quantum_angle,fraud,55,0.5238710729045715,7.9858000008243835
sudden_covariate_shift_v1,quantum_zz,population,55,0.8542742681281585,90.72160000141594
sudden_covariate_shift_v1,quantum_zz,fraud,55,0.5731356116253217,56.50779999996303
sudden_covariate_shift_v1,quantum_reupload,population,55,0.914008537053333,30.949599999075872
sudden_covariate_shift_v1,quantum_reupload,fraud,55,0.6634385590091945,22.331099999064463
sudden_covariate_shift_v1,mmd_rbf,population,55,1.0,31.56420000050275
sudden_covariate_shift_v1,mmd_rbf,fraud,55,0.5945360778910189,10.226700000202982
sudden_covariate_shift_v1,domain_classifier,population,55,0.9367999999999999,19.513800001732307
sudden_covariate_shift_v1,domain_classifier,fraud,55,0.6219607843137256,18.778699999529636
sudden_covariate_shift_v1,classical_cds,population,56,0.7275868686714873,83.91189999929338
sudden_covariate_shift_v1,classical_cds,fraud,56,0.5449014511675945,2.5076000001718057
sudden_covariate_shift_v1,quantum_angle,population,56,0.9420825726654805,13.647099998706835
sudden_covariate_shift_v1,quantum_angle,fraud,56,0.5663024388639817,11.414599999625352
sudden_covariate_shift_v1,quantum_zz,population,56,0.8545149467983337,85.6391999986954
sudden_covariate_shift_v1,quantum_zz,fraud,56,0.5929128050555894,54.25370000011753
sudden_covariate_shift_v1,quantum_reupload,population,56,0.9204725245133424,29.69949999896926
sudden_covariate_shift_v1,quantum_reupload,fraud,56,0.6832217226963881,23.07950000067649
sudden_covariate_shift_v1,mmd_rbf,population,56,0.9769588734794041,29.458299999532755
sudden_covariate_shift_v1,mmd_rbf,fraud,56,0.5442826594996375,10.058100000605918
sudden_covariate_shift_v1,domain_classifier,population,56,0.9448444444444442,20.924799999193056
sudden_covariate_shift_v1,domain_classifier,fraud,56,0.5220202020202018,20.85609999994631
sudden_covariate_shift_v1,classical_cds,population,57,0.7286046628032565,90.50049999859766
sudden_covariate_shift_v1,classical_cds,fraud,57,0.566436568478214,2.7382000007492024
sudden_covariate_shift_v1,quantum_angle,population,57,0.9437918157870528,12.115900000935653
sudden_covariate_shift_v1,quantum_angle,fraud,57,0.5110232031268052,8.766200000536628
sudden_covariate_shift_v1,quantum_zz,population,57,0.8589811704729755,97.91729999960808
sudden_covariate_shift_v1,quantum_zz,fraud,57,0.5539768106921168,80.09659999879659
sudden_covariate_shift_v1,quantum_reupload,population,57,0.9197267926050059,38.01690000000235
sudden_covariate_shift_v1,quantum_reupload,fraud,57,0.6597748127739195,24.142499998561107
sudden_covariate_shift_v1,mmd_rbf,population,57,0.9306501486401852,25.87639999910607
sudden_covariate_shift_v1,mmd_rbf,fraud,57,0.5874822766001604,10.254799999529496
sudden_covariate_shift_v1,domain_classifier,population,57,0.948911111111111,19.478500000332133
sudden_covariate_shift_v1,domain_classifier,fraud,57,0.8944444444444444,17.541799999889918
sudden_covariate_shift_v1,classical_cds,population,58,0.7267873772275775,83.21069999874453
sudden_covariate_shift_v1,classical_cds,fraud,58,0.5612789862650708,2.6235999994241865
sudden_covariate_shift_v1,quantum_angle,population,58,0.9446736910052264,12.1750999987853
sudden_covariate_shift_v1,quantum_angle,fraud,58,0.5428983526665672,8.326500001203385
sudden_covariate_shift_v1,quantum_zz,population,58,0.8445111322634509,83.24329999959446
sudden_covariate_shift_v1,quantum_zz,fraud,58,0.5854643992313748,56.85069999890402
sudden_covariate_shift_v1,quantum_reupload,population,58,0.9235238903692102,30.54150000025402
sudden_covariate_shift_v1,quantum_reupload,fraud,58,0.6754280318647778,25.139700001091114
sudden_covariate_shift_v1,mmd_rbf,population,58,0.9035260242338723,26.681499999540392
sudden_covariate_shift_v1,mmd_rbf,fraud,58,0.5936492090498524,8.239000000685337
sudden_covariate_shift_v1,domain_classifier,population,58,0.9522444444444444,18.611699999382836
sudden_covariate_shift_v1,domain_classifier,fraud,58,0.8145578231292516,18.526699999711127
sudden_covariate_shift_v1,classical_cds,population,59,0.7327480551050917,87.9690000001574
sudden_covariate_shift_v1,classical_cds,fraud,59,0.5597171353543441,2.8580999987752875
sudden_covariate_shift_v1,quantum_angle,population,59,0.9456385272506048,13.940799999545561
sudden_covariate_shift_v1,quantum_angle,fraud,59,0.5272883628540485,8.389900000111084
sudden_covariate_shift_v1,quantum_zz,population,59,0.857317622373895,92.67080000063288
sudden_covariate_shift_v1,quantum_zz,fraud,59,0.5585678684020535,53.78589999963879
sudden_covariate_shift_v1,quantum_reupload,population,59,0.9262111898978873,29.151599999750033
sudden_covariate_shift_v1,quantum_reupload,fraud,59,0.6577033564857222,23.02100000088103
sudden_covariate_shift_v1,mmd_rbf,population,59,0.8965519866131535,28.020900001138216
sudden_covariate_shift_v1,mmd_rbf,fraud,59,0.5855113982273208,10.117099998751655
sudden_covariate_shift_v1,domain_classifier,population,59,0.9429333333333332,21.178499999223277
sudden_covariate_shift_v1,domain_classifier,fraud,59,0.8393939393939394,18.570100000943057
sudden_covariate_shift_v1,classical_cds,population,60,0.7272013188231258,83.61770000010438
sudden_covariate_shift_v1,classical_cds,fraud,60,0.5523676993209505,2.5597000003472203
sudden_covariate_shift_v1,quantum_angle,population,60,0.9409933078820014,12.754400000630994
sudden_covariate_shift_v1,quantum_angle,fraud,60,0.5156050228594155,7.959900000059861
sudden_covariate_shift_v1,quantum_zz,population,60,0.8546125793618482,86.6332000005059
sudden_covariate_shift_v1,quantum_zz,fraud,60,0.5671706648977043,54.763800000728224
sudden_covariate_shift_v1,quantum_reupload,population,60,0.9169136168477983,29.552899999544024
sudden_covariate_shift_v1,quantum_reupload,fraud,60,0.6501248489865731,22.134599999844795
sudden_covariate_shift_v1,mmd_rbf,population,60,0.9759625841765205,28.72939999906521
sudden_covariate_shift_v1,mmd_rbf,fraud,60,0.5174687143911789,8.305100000143284
sudden_covariate_shift_v1,domain_classifier,population,60,0.9462000000000002,17.796699999962584
sudden_covariate_shift_v1,domain_classifier,fraud,60,0.7482170542635658,16.67230000020936
sudden_covariate_shift_v1,classical_cds,population,61,0.7287823057220495,84.58290000089619
sudden_covariate_shift_v1,classical_cds,fraud,61,0.5580975099251471,4.295099999580998
sudden_covariate_shift_v1,quantum_angle,population,61,0.9410693405293018,10.37229999928968
sudden_covariate_shift_v1,quantum_angle,fraud,61,0.48548375858740656,10.138300000107847
sudden_covariate_shift_v1,quantum_zz,population,61,0.8569883566572565,83.89709999937622
sudden_covariate_shift_v1,quantum_zz,fraud,61,0.5412790076843154,54.226700000072015
sudden_covariate_shift_v1,quantum_reupload,population,61,0.9159421580152222,30.26089999912074
sudden_covariate_shift_v1,quantum_reupload,fraud,61,0.6449067921142907,21.952999999484746
sudden_covariate_shift_v1,mmd_rbf,population,61,0.9742584433920418,27.663200000461075
sudden_covariate_shift_v1,mmd_rbf,fraud,61,0.5714269811542212,9.536100000332226
sudden_covariate_shift_v1,domain_classifier,population,61,0.9467111111111113,17.88959999976214
sudden_covariate_shift_v1,domain_classifier,fraud,61,0.8834188034188033,15.423900000314461
sudden_covariate_shift_v1,classical_cds,population,62,0.7274160398728077,83.95829999972193
sudden_covariate_shift_v1,classical_cds,fraud,62,0.5647288481250353,2.80179999936081
sudden_covariate_shift_v1,quantum_angle,population,62,0.9424876956646816,11.298299999907613
sudden_covariate_shift_v1,quantum_angle,fraud,62,0.5221216118240505,9.21830000152113
sudden_covariate_shift_v1,quantum_zz,population,62,0.8569185351436064,85.63230000072508
sudden_covariate_shift_v1,quantum_zz,fraud,62,0.5630910304153047,56.08890000075917
sudden_covariate_shift_v1,quantum_reupload,population,62,0.9179768979806019,29.19590000055905
sudden_covariate_shift_v1,quantum_reupload,fraud,62,0.6496556352796539,23.903399998744135
sudden_covariate_shift_v1,mmd_rbf,population,62,0.9238075862126298,24.80719999948633
sudden_covariate_shift_v1,mmd_rbf,fraud,62,0.527991265555884,10.180200000831974
sudden_covariate_shift_v1,domain_classifier,population,62,0.9461333333333333,18.63000000048487
sudden_covariate_shift_v1,domain_classifier,fraud,62,0.7849122807017543,17.96459999968647
sudden_covariate_shift_v1,classical_cds,population,63,0.7315390739925799,84.65419999993173
sudden_covariate_shift_v1,classical_cds,fraud,63,0.5772002408967394,2.544599999964703
sudden_covariate_shift_v1,quantum_angle,population,63,0.9403452760759602,12.430999999196501
sudden_covariate_shift_v1,quantum_angle,fraud,63,0.49866207380807703,8.280099998955848
sudden_covariate_shift_v1,quantum_zz,population,63,0.8549815604306885,84.8031000004994
sudden_covariate_shift_v1,quantum_zz,fraud,63,0.5662114829826645,55.22769999879529
sudden_covariate_shift_v1,quantum_reupload,population,63,0.9184700501639503,29.779700000290177
sudden_covariate_shift_v1,quantum_reupload,fraud,63,0.651702210973925,23.185399999420042
sudden_covariate_shift_v1,mmd_rbf,population,63,0.9296161581517479,28.02499999961583
sudden_covariate_shift_v1,mmd_rbf,fraud,63,0.591534975663248,7.994400000825408
sudden_covariate_shift_v1,domain_classifier,population,63,0.9418,21.609999999782303
sudden_covariate_shift_v1,domain_classifier,fraud,63,0.8255238095238093,18.03219999965222
sudden_covariate_shift_v1,classical_cds,population,64,0.7298812254179752,83.5508000000118
sudden_covariate_shift_v1,classical_cds,fraud,64,0.5695126005655161,2.532799999244162
sudden_covariate_shift_v1,quantum_angle,population,64,0.9405668155704386,12.338500000623753
sudden_covariate_shift_v1,quantum_angle,fraud,64,0.5015107762292742,8.539500000551925
sudden_covariate_shift_v1,quantum_zz,population,64,0.8549084877738854,84.38740000019607
sudden_covariate_shift_v1,quantum_zz,fraud,64,0.5619687338368604,63.698500000100466
sudden_covariate_shift_v1,quantum_reupload,population,64,0.9197927471105118,34.343399998761015
sudden_covariate_shift_v1,quantum_reupload,fraud,64,0.6557390966291561,27.44619999975839
sudden_covariate_shift_v1,mmd_rbf,population,64,0.9918239653224641,32.078800000817864
sudden_covariate_shift_v1,mmd_rbf,fraud,64,0.5132590496155183,8.791399999608984
sudden_covariate_shift_v1,domain_classifier,population,64,0.9355333333333335,20.121399998970446
sudden_covariate_shift_v1,domain_classifier,fraud,64,0.8545098039215686,21.878800000195042
sudden_covariate_shift_v1,classical_cds,population,65,0.7280674922833779,83.93749999959255
sudden_covariate_shift_v1,classical_cds,fraud,65,0.5797356013653613,2.5093999993259786
sudden_covariate_shift_v1,quantum_angle,population,65,0.9426257255373296,12.67560000087542
sudden_covariate_shift_v1,quantum_angle,fraud,65,0.4397807737573134,8.013599999685539
sudden_covariate_shift_v1,quantum_zz,population,65,0.8494921679546246,87.33649999885529
sudden_covariate_shift_v1,quantum_zz,fraud,65,0.521163563157788,57.188200000382494
sudden_covariate_shift_v1,quantum_reupload,population,65,0.9185168845827008,30.53589999944961
sudden_covariate_shift_v1,quantum_reupload,fraud,65,0.5915502755329713,22.0443999987765
sudden_covariate_shift_v1,mmd_rbf,population,65,0.972407627134976,25.230999999621417
sudden_covariate_shift_v1,mmd_rbf,fraud,65,0.6572917986245772,8.933600000091246
sudden_covariate_shift_v1,domain_classifier,population,65,0.936711111111111,19.990699998743366
sudden_covariate_shift_v1,domain_classifier,fraud,65,0.8226666666666667,18.16800000051444
sudden_covariate_shift_v1,classical_cds,population,66,0.7272307629498385,84.41360000142595
sudden_covariate_shift_v1,classical_cds,fraud,66,0.5666880177972852,5.365600000004633
sudden_covariate_shift_v1,quantum_angle,population,66,0.9411109889234862,10.654300000169314
sudden_covariate_shift_v1,quantum_angle,fraud,66,0.42119300305097174,10.181999999986147
sudden_covariate_shift_v1,quantum_zz,population,66,0.8576110960873552,86.31460000106017
sudden_covariate_shift_v1,quantum_zz,fraud,66,0.5090492762853427,58.322999999290914
sudden_covariate_shift_v1,quantum_reupload,population,66,0.9166900179508656,29.42059999986668
sudden_covariate_shift_v1,quantum_reupload,fraud,66,0.5974162272255156,23.722300000372343
sudden_covariate_shift_v1,mmd_rbf,population,66,0.9874855881922664,25.245999999242486
sudden_covariate_shift_v1,mmd_rbf,fraud,66,0.6422263396367107,9.652300001107506
sudden_covariate_shift_v1,domain_classifier,population,66,0.9479555555555554,19.22059999924386
sudden_covariate_shift_v1,domain_classifier,fraud,66,0.7830630630630631,16.388899999583373
sudden_covariate_shift_v1,classical_cds,population,67,0.7288719734819674,83.34430000104476
sudden_covariate_shift_v1,classical_cds,fraud,67,0.5646477106758164,2.5514000008115545
sudden_covariate_shift_v1,quantum_angle,population,67,0.9417772197533137,12.384699999529403
sudden_covariate_shift_v1,quantum_angle,fraud,67,0.5086217888070491,8.551000000807107
sudden_covariate_shift_v1,quantum_zz,population,67,0.8541750307638071,84.02159999968717
sudden_covariate_shift_v1,quantum_zz,fraud,67,0.5648901846209824,54.3891999986954
sudden_covariate_shift_v1,quantum_reupload,population,67,0.9167909091227398,29.845999999452033
sudden_covariate_shift_v1,quantum_reupload,fraud,67,0.6553498438805434,21.430400000099326
sudden_covariate_shift_v1,mmd_rbf,population,67,0.931576238925006,26.485499998671003
sudden_covariate_shift_v1,mmd_rbf,fraud,67,0.6118775808109045,8.856899999955203
sudden_covariate_shift_v1,domain_classifier,population,67,0.9466888888888889,18.897800000559073
sudden_covariate_shift_v1,domain_classifier,fraud,67,0.8389743589743588,17.982299999857787
sudden_covariate_shift_v1,classical_cds,population,68,0.7302045141879231,86.19609999914246
sudden_covariate_shift_v1,classical_cds,fraud,68,0.5803417883631381,5.135300001711585
sudden_covariate_shift_v1,quantum_angle,population,68,0.9405058206638904,10.61660000050324
sudden_covariate_shift_v1,quantum_angle,fraud,68,0.43956020411315366,9.963099999367842
sudden_covariate_shift_v1,quantum_zz,population,68,0.855907148150898,86.39419999963138
sudden_covariate_shift_v1,quantum_zz,fraud,68,0.5252392185373166,57.342600000993116
sudden_covariate_shift_v1,quantum_reupload,population,68,0.920953577462543,27.688099999068072
sudden_covariate_shift_v1,quantum_reupload,fraud,68,0.60229686711201,23.929599999974016
sudden_covariate_shift_v1,mmd_rbf,population,68,0.9760724987802121,25.80830000079004
sudden_covariate_shift_v1,mmd_rbf,fraud,68,0.6422537283022067,9.159100000033504
sudden_covariate_shift_v1,domain_classifier,population,68,0.9437777777777778,19.17189999949187
sudden_covariate_shift_v1,domain_classifier,fraud,68,0.8835772357723577,17.347000000881962
sudden_covariate_shift_v1,classical_cds,population,69,0.728539386004797,83.73420000134502
sudden_covariate_shift_v1,classical_cds,fraud,69,0.586197143011911,2.5574000010237796
sudden_covariate_shift_v1,quantum_angle,population,69,0.937024886643237,13.056400001005386
sudden_covariate_shift_v1,quantum_angle,fraud,69,0.5024584426007686,8.906000000934
sudden_covariate_shift_v1,quantum_zz,population,69,0.8482044952176748,86.31790000072215
sudden_covariate_shift_v1,quantum_zz,fraud,69,0.572839158057252,54.93219999880239
sudden_covariate_shift_v1,quantum_reupload,population,69,0.9141397303785667,30.233199999202043
sudden_covariate_shift_v1,quantum_reupload,fraud,69,0.6522084367794596,22.637699999904726
sudden_covariate_shift_v1,mmd_rbf,population,69,1.0,28.31250000053842
sudden_covariate_shift_v1,mmd_rbf,fraud,69,0.5829924496250039,7.973800000399933
sudden_covariate_shift_v1,domain_classifier,population,69,0.9420666666666666,20.46860000154993
sudden_covariate_shift_v1,domain_classifier,fraud,69,0.8554385964912281,17.91909999883501
sudden_covariate_shift_v1,classical_cds,population,70,0.7269279582299998,89.15580000029877
sudden_covariate_shift_v1,classical_cds,fraud,70,0.5706453352974958,2.8210000000399305
sudden_covariate_shift_v1,quantum_angle,population,70,0.9400258782140969,13.306800001373631
sudden_covariate_shift_v1,quantum_angle,fraud,70,0.4809474702846962,9.996599999794853
sudden_covariate_shift_v1,quantum_zz,population,70,0.8523113250617617,88.02949999881093
sudden_covariate_shift_v1,quantum_zz,fraud,70,0.543277059071698,55.574099998921156
sudden_covariate_shift_v1,quantum_reupload,population,70,0.9194830405267699,30.498599999191356
sudden_covariate_shift_v1,quantum_reupload,fraud,70,0.645324812553252,25.96129999983532
sudden_covariate_shift_v1,mmd_rbf,population,70,0.9868498021229295,24.485899999490357
sudden_covariate_shift_v1,mmd_rbf,fraud,70,0.6304461683056111,9.757000001627603
sudden_covariate_shift_v1,domain_classifier,population,70,0.9494,18.754499998976826
sudden_covariate_shift_v1,domain_classifier,fraud,70,0.7967407407407407,18.364200001087738
sudden_covariate_shift_v1,classical_cds,population,71,0.7283728260444027,83.51969999966968
sudden_covariate_shift_v1,classical_cds,fraud,71,0.5570114862942263,2.503099998648395
sudden_covariate_shift_v1,quantum_angle,population,71,0.9420006372199143,11.994199998298427
sudden_covariate_shift_v1,quantum_angle,fraud,71,0.5157325657508914,8.03260000066075
sudden_covariate_shift_v1,quantum_zz,population,71,0.8529568089577315,84.46410000033211
sudden_covariate_shift_v1,quantum_zz,fraud,71,0.5652452799621251,55.209000000104425
sudden_covariate_shift_v1,quantum_reupload,population,71,0.9200593219075675,28.77520000038203
sudden_covariate_shift_v1,quantum_reupload,fraud,71,0.657836235056114,24.731299999984913
sudden_covariate_shift_v1,mmd_rbf,population,71,0.9621420756483676,25.94679999856453
sudden_covariate_shift_v1,mmd_rbf,fraud,71,0.5212939477106682,9.04149999951187
sudden_covariate_shift_v1,domain_classifier,population,71,0.9455999999999998,18.6809999995603
sudden_covariate_shift_v1,domain_classifier,fraud,71,0.8386666666666667,17.542400000820635
sudden_covariate_shift_v1,classical_cds,population,72,0.7279972630827837,83.56060000005527
sudden_covariate_shift_v1,classical_cds,fraud,72,0.5681451017841539,2.605300000141142
sudden_covariate_shift_v1,quantum_angle,population,72,0.9411782623986993,12.650499998926534
sudden_covariate_shift_v1,quantum_angle,fraud,72,0.5951297635831088,9.773699999641394
sudden_covariate_shift_v1,quantum_zz,population,72,0.8518388086479496,84.52740000029735
sudden_covariate_shift_v1,quantum_zz,fraud,72,0.6135169388790924,56.1507000002166
sudden_covariate_shift_v1,quantum_reupload,population,72,0.9170909710488839,30.694699999003205
sudden_covariate_shift_v1,quantum_reupload,fraud,72,0.7091189662677426,22.659199999907287
sudden_covariate_shift_v1,mmd_rbf,population,72,0.957552132731873,27.131400000143913
sudden_covariate_shift_v1,mmd_rbf,fraud,72,0.4893430558589419,9.074999999938882
sudden_covariate_shift_v1,domain_classifier,population,72,0.9469777777777777,20.90189999944414
sudden_covariate_shift_v1,domain_classifier,fraud,72,0.723089430894309,16.59070000096108
sudden_covariate_shift_v1,classical_cds,population,73,0.7291043313232756,84.7751999990578
sudden_covariate_shift_v1,classical_cds,fraud,73,0.5607843145412207,2.578499999799533
sudden_covariate_shift_v1,quantum_angle,population,73,0.9409560139618446,11.634500000582193
sudden_covariate_shift_v1,quantum_angle,fraud,73,0.4897758199036292,8.236200001192628
sudden_covariate_shift_v1,quantum_zz,population,73,0.8567397966238849,86.70800000072632
sudden_covariate_shift_v1,quantum_zz,fraud,73,0.5533525270198765,65.95729999935429
sudden_covariate_shift_v1,quantum_reupload,population,73,0.9189225474718944,33.51259999908507
sudden_covariate_shift_v1,quantum_reupload,fraud,73,0.6418781595571719,26.290800000424497
sudden_covariate_shift_v1,mmd_rbf,population,73,0.9350717791170582,33.09830000034708
sudden_covariate_shift_v1,mmd_rbf,fraud,73,0.5693598605353598,10.848300000361633
sudden_covariate_shift_v1,domain_classifier,population,73,0.9429555555555555,20.713600000817678
sudden_covariate_shift_v1,domain_classifier,fraud,73,0.9048062015503875,17.86299999912444
sudden_covariate_shift_v1,classical_cds,population,74,0.7266621041813842,85.18590000130644
sudden_covariate_shift_v1,classical_cds,fraud,74,0.5727886237039647,2.5674999997136183
sudden_covariate_shift_v1,quantum_angle,population,74,0.9400142722724397,12.354200000117999
sudden_covariate_shift_v1,quantum_angle,fraud,74,0.44411810068879687,9.555700000419165
sudden_covariate_shift_v1,quantum_zz,population,74,0.8545748942921317,89.19280000009167
sudden_covariate_shift_v1,quantum_zz,fraud,74,0.5294635595303799,55.50500000026659
sudden_covariate_shift_v1,quantum_reupload,population,74,0.9210411727467412,30.20980000110285
sudden_covariate_shift_v1,quantum_reupload,fraud,74,0.6199965755555188,23.380000000543077
sudden_covariate_shift_v1,mmd_rbf,population,74,0.9950181027784322,25.22580000004382
sudden_covariate_shift_v1,mmd_rbf,fraud,74,0.6358675301929748,8.941899999626912
sudden_covariate_shift_v1,domain_classifier,population,74,0.9467333333333334,17.997799999648123
sudden_covariate_shift_v1,domain_classifier,fraud,74,0.7828828828828831,17.37909999974363
sudden_covariate_shift_v1,classical_cds,population,75,0.7292747253559416,83.88799999920593
sudden_covariate_shift_v1,classical_cds,fraud,75,0.5737329369758933,2.630999999382766
sudden_covariate_shift_v1,quantum_angle,population,75,0.9425176603318142,12.580299999171984
sudden_covariate_shift_v1,quantum_angle,fraud,75,0.4832073149562214,8.405599999605329
sudden_covariate_shift_v1,quantum_zz,population,75,0.8455507748804321,85.08790000087174
sudden_covariate_shift_v1,quantum_zz,fraud,75,0.5584878255753245,60.61570000019856
sudden_covariate_shift_v1,quantum_reupload,population,75,0.9210638236765792,33.63790000003064
sudden_covariate_shift_v1,quantum_reupload,fraud,75,0.6344849821657126,24.780900001132977
sudden_covariate_shift_v1,mmd_rbf,population,75,0.9520851161755681,26.496399999814457
sudden_covariate_shift_v1,mmd_rbf,fraud,75,0.5954995452356555,10.24909999978263
sudden_covariate_shift_v1,domain_classifier,population,75,0.9507555555555554,18.425399999614456
sudden_covariate_shift_v1,domain_classifier,fraud,75,0.873061224489796,17.471999999543186
sudden_covariate_shift_v1,classical_cds,population,76,0.730974698038938,83.45870000084687
sudden_covariate_shift_v1,classical_cds,fraud,76,0.571947461753188,2.5408000001334585
sudden_covariate_shift_v1,quantum_angle,population,76,0.9395711519529578,12.376500000755186
sudden_covariate_shift_v1,quantum_angle,fraud,76,0.48509007074384736,7.932700000310433
sudden_covariate_shift_v1,quantum_zz,population,76,0.8568305235400421,85.48870000049646
sudden_covariate_shift_v1,quantum_zz,fraud,76,0.5597022659327162,56.82350000097358
sudden_covariate_shift_v1,quantum_reupload,population,76,0.9141817070667715,31.227299999954994
sudden_covariate_shift_v1,quantum_reupload,fraud,76,0.6570453445371146,22.510400000101072
sudden_covariate_shift_v1,mmd_rbf,population,76,1.0,25.773900000785943
sudden_covariate_shift_v1,mmd_rbf,fraud,76,0.5903975129349934,8.548399999199319
sudden_covariate_shift_v1,domain_classifier,population,76,0.9400222222222223,19.13840000088385
sudden_covariate_shift_v1,domain_classifier,fraud,76,0.6542105263157894,18.0755000001227
sudden_covariate_shift_v1,classical_cds,population,77,0.7270080745886399,83.80039999974542
sudden_covariate_shift_v1,classical_cds,fraud,77,0.5469016546592722,4.9319999998260755
sudden_covariate_shift_v1,quantum_angle,population,77,0.9428965395331372,10.693700000047102
sudden_covariate_shift_v1,quantum_angle,fraud,77,0.5768484755162055,10.874899999180343
sudden_covariate_shift_v1,quantum_zz,population,77,0.8483907967549471,89.48870000131137
sudden_covariate_shift_v1,quantum_zz,fraud,77,0.6093074319334821,80.60680000016873
sudden_covariate_shift_v1,quantum_reupload,population,77,0.923377387598961,33.307400000921916
sudden_covariate_shift_v1,quantum_reupload,fraud,77,0.6912229546214104,26.383300000816234
sudden_covariate_shift_v1,mmd_rbf,population,77,0.8999109429639813,28.41160000025411
sudden_covariate_shift_v1,mmd_rbf,fraud,77,0.4941231153461447,13.798099998894031
sudden_covariate_shift_v1,domain_classifier,population,77,0.9451222222222222,19.247500000346918
sudden_covariate_shift_v1,domain_classifier,fraud,77,0.637,21.517699999094475
sudden_covariate_shift_v1,classical_cds,population,78,0.7286208061753158,86.70490000076825
sudden_covariate_shift_v1,classical_cds,fraud,78,0.5576416596299868,2.5831000002654037
sudden_covariate_shift_v1,quantum_angle,population,78,0.9404374801063795,11.756899999454618
sudden_covariate_shift_v1,quantum_angle,fraud,78,0.5635227328582575,7.89959999929124
sudden_covariate_shift_v1,quantum_zz,population,78,0.8579062128597866,84.06420000028447
sudden_covariate_shift_v1,quantum_zz,fraud,78,0.5952606543862073,55.24350000086997
sudden_covariate_shift_v1,quantum_reupload,population,78,0.9178625851828337,28.64159999990079
sudden_covariate_shift_v1,quantum_reupload,fraud,78,0.6908523197799793,22.652900001048693
sudden_covariate_shift_v1,mmd_rbf,population,78,0.9813818641057206,25.074700000914163
sudden_covariate_shift_v1,mmd_rbf,fraud,78,0.5610765627435774,9.841499999311054
sudden_covariate_shift_v1,domain_classifier,population,78,0.9489777777777777,17.709199999444536
sudden_covariate_shift_v1,domain_classifier,fraud,78,0.6145,17.22420000078273
sudden_covariate_shift_v1,classical_cds,population,79,0.7308547595270203,84.18309999979101
sudden_covariate_shift_v1,classical_cds,fraud,79,0.569682340971471,2.582700000857585
sudden_covariate_shift_v1,quantum_angle,population,79,0.9406731324024097,11.512700000821496
sudden_covariate_shift_v1,quantum_angle,fraud,79,0.5156347514490781,7.888000000093598
sudden_covariate_shift_v1,quantum_zz,population,79,0.8547242318839333,88.44339999996009
sudden_covariate_shift_v1,quantum_zz,fraud,79,0.5821530524506717,56.51480000051379
sudden_covariate_shift_v1,quantum_reupload,population,79,0.9174981583606322,34.33289999884437
sudden_covariate_shift_v1,quantum_reupload,fraud,79,0.6643782127679845,23.592999999891617
sudden_covariate_shift_v1,mmd_rbf,population,79,0.9583920983228187,26.218199998766067
sudden_covariate_shift_v1,mmd_rbf,fraud,79,0.5476608749880598,9.67040000068664
sudden_covariate_shift_v1,domain_classifier,population,79,0.9462555555555554,19.38020000125107
sudden_covariate_shift_v1,domain_classifier,fraud,79,0.684031007751938,16.60280000032799
sudden_covariate_shift_v1,classical_cds,population,80,0.7350412290117259,85.24199999919801
sudden_covariate_shift_v1,classical_cds,fraud,80,0.5815668492497854,2.499599999282509
sudden_covariate_shift_v1,quantum_angle,population,80,0.9418291677190364,12.515599999460392
sudden_covariate_shift_v1,quantum_angle,fraud,80,0.4594695981837583,8.028700000068056
sudden_covariate_shift_v1,quantum_zz,population,80,0.8647188676098763,89.32939999976952
sudden_covariate_shift_v1,quantum_zz,fraud,80,0.5195967018080956,53.14429999998538
sudden_covariate_shift_v1,quantum_reupload,population,80,0.9178875715040316,34.66570000091451
sudden_covariate_shift_v1,quantum_reupload,fraud,80,0.5858969638381847,28.655500000240863
sudden_covariate_shift_v1,mmd_rbf,population,80,0.959313795408933,25.696499998957734
sudden_covariate_shift_v1,mmd_rbf,fraud,80,0.6846349004899028,9.57879999987199
sudden_covariate_shift_v1,domain_classifier,population,80,0.9469333333333332,20.251500000085798
sudden_covariate_shift_v1,domain_classifier,fraud,80,0.44585858585858595,22.835900001155096
sudden_covariate_shift_v1,classical_cds,population,81,0.732507312512494,91.2981999990734
sudden_covariate_shift_v1,classical_cds,fraud,81,0.5792048331901563,2.604600000267965
sudden_covariate_shift_v1,quantum_angle,population,81,0.9391498592077017,12.39260000147624
sudden_covariate_shift_v1,quantum_angle,fraud,81,0.4184588699734164,8.016699999643606
sudden_covariate_shift_v1,quantum_zz,population,81,0.8622382675783256,85.41859999968437
sudden_covariate_shift_v1,quantum_zz,fraud,81,0.4951612420505874,57.58109999987937
sudden_covariate_shift_v1,quantum_reupload,population,81,0.9174151714908296,30.394399998840527
sudden_covariate_shift_v1,quantum_reupload,fraud,81,0.5864992361515935,22.39480000025651
sudden_covariate_shift_v1,mmd_rbf,population,81,0.9726066857942584,27.302799999233685
sudden_covariate_shift_v1,mmd_rbf,fraud,81,0.6634428244581783,8.3520000007411
sudden_covariate_shift_v1,domain_classifier,population,81,0.9410444444444444,18.633200001204386
sudden_covariate_shift_v1,domain_classifier,fraud,81,0.8612121212121213,17.084699999031727
sudden_covariate_shift_v1,classical_cds,population,82,0.7251637401799937,83.12879999903089
sudden_covariate_shift_v1,classical_cds,fraud,82,0.5603554588057622,4.516699998930562
sudden_covariate_shift_v1,quantum_angle,population,82,0.9399592162895449,11.651000000711065
sudden_covariate_shift_v1,quantum_angle,fraud,82,0.5202549054590218,10.054200000013225
sudden_covariate_shift_v1,quantum_zz,population,82,0.852140721869131,84.91529999992053
sudden_covariate_shift_v1,quantum_zz,fraud,82,0.5799612314897032,52.569499999663094
sudden_covariate_shift_v1,quantum_reupload,population,82,0.9163342100722924,31.410299998242408
sudden_covariate_shift_v1,quantum_reupload,fraud,82,0.6725966721042912,22.20860000124958
sudden_covariate_shift_v1,mmd_rbf,population,82,0.9757405876804199,26.729999999588472
sudden_covariate_shift_v1,mmd_rbf,fraud,82,0.590648057497029,8.30110000060813
sudden_covariate_shift_v1,domain_classifier,population,82,0.9500444444444445,18.245900000692927
sudden_covariate_shift_v1,domain_classifier,fraud,82,0.6232380952380951,17.136200000095414
sudden_covariate_shift_v1,classical_cds,population,83,0.7292781743953054,84.86719999928027
sudden_covariate_shift_v1,classical_cds,fraud,83,0.5583949230313959,2.6646999995136866
sudden_covariate_shift_v1,quantum_angle,population,83,0.9418858856453107,11.408100001062849
sudden_covariate_shift_v1,quantum_angle,fraud,83,0.49875996967363734,8.556199998565717
sudden_covariate_shift_v1,quantum_zz,population,83,0.854927077396144,83.84040000055393
sudden_covariate_shift_v1,quantum_zz,fraud,83,0.5580290423185805,54.69049999919662
sudden_covariate_shift_v1,quantum_reupload,population,83,0.9214948001966575,30.130600000120467
sudden_covariate_shift_v1,quantum_reupload,fraud,83,0.625496728533296,22.540800000570016
sudden_covariate_shift_v1,mmd_rbf,population,83,0.9833950899657682,27.711200000339886
sudden_covariate_shift_v1,mmd_rbf,fraud,83,0.5517282207020087,9.869299999991199
sudden_covariate_shift_v1,domain_classifier,population,83,0.9430444444444446,17.293599999902654
sudden_covariate_shift_v1,domain_classifier,fraud,83,0.8591869918699186,17.063900000721333
sudden_covariate_shift_v1,classical_cds,population,84,0.7294158174272967,83.3626000003278
sudden_covariate_shift_v1,classical_cds,fraud,84,0.5729070884096323,2.526100000977749
sudden_covariate_shift_v1,quantum_angle,population,84,0.9385627741492071,12.46050000008836
sudden_covariate_shift_v1,quantum_angle,fraud,84,0.45752258939501045,7.939099999930477
sudden_covariate_shift_v1,quantum_zz,population,84,0.8591147153819603,83.77519999885408
sudden_covariate_shift_v1,quantum_zz,fraud,84,0.5461995183038233,54.40369999996619
sudden_covariate_shift_v1,quantum_reupload,population,84,0.9174719067118575,29.279200000019046
sudden_covariate_shift_v1,quantum_reupload,fraud,84,0.630001138818419,23.238499999933993
sudden_covariate_shift_v1,mmd_rbf,population,84,0.9646152934162862,25.320900000224356
sudden_covariate_shift_v1,mmd_rbf,fraud,84,0.5903299410870617,10.26090000050317
sudden_covariate_shift_v1,domain_classifier,population,84,0.9487999999999999,17.775300000721472
sudden_covariate_shift_v1,domain_classifier,fraud,84,0.6948387096774191,20.554900000206544
sudden_covariate_shift_v1,classical_cds,population,85,0.7291652091943597,84.5166999988578
sudden_covariate_shift_v1,classical_cds,fraud,85,0.5600746993257496,2.6801000003615627
sudden_covariate_shift_v1,quantum_angle,population,85,0.9452801906507012,12.491199999203673
sudden_covariate_shift_v1,quantum_angle,fraud,85,0.5465040438924955,10.293600000295555
sudden_covariate_shift_v1,quantum_zz,population,85,0.8514738328957601,87.49700000043958
sudden_covariate_shift_v1,quantum_zz,fraud,85,0.5880769141118485,54.51150000044436
sudden_covariate_shift_v1,quantum_reupload,population,85,0.9208575682609683,30.68899999925634
sudden_covariate_shift_v1,quantum_reupload,fraud,85,0.6687680484064245,25.46470000015688
sudden_covariate_shift_v1,mmd_rbf,population,85,0.8745325312838932,24.516199999197852
sudden_covariate_shift_v1,mmd_rbf,fraud,85,0.5767308342356576,10.27799999974377
sudden_covariate_shift_v1,domain_classifier,population,85,0.9375333333333333,19.91910000106145
sudden_covariate_shift_v1,domain_classifier,fraud,85,0.7924637681159421,17.44919999873673
sudden_covariate_shift_v1,classical_cds,population,86,0.7315269543904228,84.04560000053607
sudden_covariate_shift_v1,classical_cds,fraud,86,0.5603909142115941,2.5736999996297527
sudden_covariate_shift_v1,quantum_angle,population,86,0.9404660813390483,12.595100000908133
sudden_covariate_shift_v1,quantum_angle,fraud,86,0.4384020498637352,8.934800000133691
sudden_covariate_shift_v1,quantum_zz,population,86,0.8630243163456411,88.57870000065304
sudden_covariate_shift_v1,quantum_zz,fraud,86,0.5096023945664155,61.5563999999722
sudden_covariate_shift_v1,quantum_reupload,population,86,0.9153504065564971,41.55720000017027
sudden_covariate_shift_v1,quantum_reupload,fraud,86,0.6144315997763634,25.332600000183447
sudden_covariate_shift_v1,mmd_rbf,population,86,1.0,35.40600000087579
sudden_covariate_shift_v1,mmd_rbf,fraud,86,0.6171582050370186,8.616400000391877
sudden_covariate_shift_v1,domain_classifier,population,86,0.9459111111111111,18.740899999102112
sudden_covariate_shift_v1,domain_classifier,fraud,86,0.9126666666666667,21.025500000178
sudden_covariate_shift_v1,classical_cds,population,87,0.7330529285814876,88.82810000068275
sudden_covariate_shift_v1,classical_cds,fraud,87,0.5514766279116684,2.624900000228081
sudden_covariate_shift_v1,quantum_angle,population,87,0.941558179944681,14.026200000444078
sudden_covariate_shift_v1,quantum_angle,fraud,87,0.4972740289600809,8.726300000489573
sudden_covariate_shift_v1,quantum_zz,population,87,0.8542813051321331,85.39600000040082
sudden_covariate_shift_v1,quantum_zz,fraud,87,0.5588093777492822,54.66250000063155
sudden_covariate_shift_v1,quantum_reupload,population,87,0.9196210479525898,31.111099999179714
sudden_covariate_shift_v1,quantum_reupload,fraud,87,0.635263949916841,22.075799999583978
sudden_covariate_shift_v1,mmd_rbf,population,87,0.9391546149341536,26.550099999440135
sudden_covariate_shift_v1,mmd_rbf,fraud,87,0.5582680868259882,8.851299999150797
sudden_covariate_shift_v1,domain_classifier,population,87,0.9421555555555554,20.319200000812998
sudden_covariate_shift_v1,domain_classifier,fraud,87,0.9232,18.98780000010447
sudden_covariate_shift_v1,classical_cds,population,88,0.7292748963688742,85.12119999977585
sudden_covariate_shift_v1,classical_cds,fraud,88,0.5794092218465973,2.6402000003145076
sudden_covariate_shift_v1,quantum_angle,population,88,0.941645144085436,13.550000001487206
sudden_covariate_shift_v1,quantum_angle,fraud,88,0.5219101652220829,8.83849999991071
sudden_covariate_shift_v1,quantum_zz,population,88,0.844006354636158,89.42019999994955
sudden_covariate_shift_v1,quantum_zz,fraud,88,0.5842580096227982,56.03700000028766
sudden_covariate_shift_v1,quantum_reupload,population,88,0.9160577723388983,30.859100001180195
sudden_covariate_shift_v1,quantum_reupload,fraud,88,0.6661474986131997,22.243899999011774
sudden_covariate_shift_v1,mmd_rbf,population,88,0.9472336833996977,26.83179999985441
sudden_covariate_shift_v1,mmd_rbf,fraud,88,0.5518781535851065,7.852599999750964
sudden_covariate_shift_v1,domain_classifier,population,88,0.9468666666666665,17.37409999986994
sudden_covariate_shift_v1,domain_classifier,fraud,88,0.6870270270270273,17.24629999989702
sudden_covariate_shift_v1,classical_cds,population,89,0.7287152706155446,83.88170000034734
sudden_covariate_shift_v1,classical_cds,fraud,89,0.5693430912470456,4.428100000950508
sudden_covariate_shift_v1,quantum_angle,population,89,0.940922043711259,10.644500000125845
sudden_covariate_shift_v1,quantum_angle,fraud,89,0.4587611018601101,10.660900001312257
sudden_covariate_shift_v1,quantum_zz,population,89,0.8551734065093403,85.95429999877524
sudden_covariate_shift_v1,quantum_zz,fraud,89,0.5337446417871652,53.24870000004012
sudden_covariate_shift_v1,quantum_reupload,population,89,0.9180174175011668,30.895400001099915
sudden_covariate_shift_v1,quantum_reupload,fraud,89,0.6298003742729279,24.14599999974598
sudden_covariate_shift_v1,mmd_rbf,population,89,0.9716429429782405,24.898300000131712
sudden_covariate_shift_v1,mmd_rbf,fraud,89,0.5687899685989541,10.252799998852424
sudden_covariate_shift_v1,domain_classifier,population,89,0.9512888888888891,19.43059999939578
sudden_covariate_shift_v1,domain_classifier,fraud,89,0.7988888888888888,17.99389999905543
sudden_covariate_shift_v1,classical_cds,population,90,0.727016143578325,82.7647000005527
sudden_covariate_shift_v1,classical_cds,fraud,90,0.5588666356869989,2.5186000002577202
sudden_covariate_shift_v1,quantum_angle,population,90,0.9436822163124688,13.25630000064848
sudden_covariate_shift_v1,quantum_angle,fraud,90,0.5100623753509731,8.0061000007845
sudden_covariate_shift_v1,quantum_zz,population,90,0.8524542326009377,83.4565000004659
sudden_covariate_shift_v1,quantum_zz,fraud,90,0.5620354096289137,53.07869999887771
sudden_covariate_shift_v1,quantum_reupload,population,90,0.9264271715763994,29.10599999995611
sudden_covariate_shift_v1,quantum_reupload,fraud,90,0.6500450872780776,23.09360000072047
sudden_covariate_shift_v1,mmd_rbf,population,90,0.9504734111548558,25.958099999115802
sudden_covariate_shift_v1,mmd_rbf,fraud,90,0.5791550303657498,9.280099999159575
sudden_covariate_shift_v1,domain_classifier,population,90,0.9489333333333332,20.80999999998312
sudden_covariate_shift_v1,domain_classifier,fraud,90,0.8038709677419356,17.35269999880984
sudden_covariate_shift_v1,classical_cds,population,91,0.730663274390876,83.73160000155622
sudden_covariate_shift_v1,classical_cds,fraud,91,0.5865013478079135,2.521399999750429
sudden_covariate_shift_v1,quantum_angle,population,91,0.9408452090573636,12.46999999966647
sudden_covariate_shift_v1,quantum_angle,fraud,91,0.5056497644292437,9.163900000203284
sudden_covariate_shift_v1,quantum_zz,population,91,0.859374436666709,85.30419999988226
sudden_covariate_shift_v1,quantum_zz,fraud,91,0.5519760155155027,56.046300000161864
sudden_covariate_shift_v1,quantum_reupload,population,91,0.9178206559443476,30.13180000016291
sudden_covariate_shift_v1,quantum_reupload,fraud,91,0.6268654647941928,22.990400000708178
sudden_covariate_shift_v1,mmd_rbf,population,91,0.9937718109998015,27.348100000381237
sudden_covariate_shift_v1,mmd_rbf,fraud,91,0.5876095605375269,8.505499999955646
sudden_covariate_shift_v1,domain_classifier,population,91,0.9468444444444444,24.844699999448494
sudden_covariate_shift_v1,domain_classifier,fraud,91,0.5904761904761906,23.32419999947888
sudden_covariate_shift_v1,classical_cds,population,92,0.728094750242528,88.0407999993622
sudden_covariate_shift_v1,classical_cds,fraud,92,0.5661169267631445,2.6287000000593252
sudden_covariate_shift_v1,quantum_angle,population,92,0.9391529528776525,11.334099999658065
sudden_covariate_shift_v1,quantum_angle,fraud,92,0.48435402505044,9.706400000141002
sudden_covariate_shift_v1,quantum_zz,population,92,0.8574373483596319,84.65640000031271
sudden_covariate_shift_v1,quantum_zz,fraud,92,0.5574148504992497,55.43519999991986
sudden_covariate_shift_v1,quantum_reupload,population,92,0.9166698722361014,29.980699999214266
sudden_covariate_shift_v1,quantum_reupload,fraud,92,0.6530203922527513,23.358399999779067
sudden_covariate_shift_v1,mmd_rbf,population,92,1.0,25.250900000173715
sudden_covariate_shift_v1,mmd_rbf,fraud,92,0.6090439486329986,9.77739999871119
sudden_covariate_shift_v1,domain_classifier,population,92,0.9467333333333334,20.054699998581782
sudden_covariate_shift_v1,domain_classifier,fraud,92,0.6904273504273504,17.440200001146877
sudden_covariate_shift_v1,classical_cds,population,93,0.7300573694824659,84.00220000112313
sudden_covariate_shift_v1,classical_cds,fraud,93,0.5972866783199594,2.6282999988325173
sudden_covariate_shift_v1,quantum_angle,population,93,0.9433340445753967,12.153700001363177
sudden_covariate_shift_v1,quantum_angle,fraud,93,0.39760493398660945,9.170299999823328
sudden_covariate_shift_v1,quantum_zz,population,93,0.8606665549200674,85.76689999972587
sudden_covariate_shift_v1,quantum_zz,fraud,93,0.4981828781040498,54.248299999017036
sudden_covariate_shift_v1,quantum_reupload,population,93,0.9131282100904555,30.390599999009282
sudden_covariate_shift_v1,quantum_reupload,fraud,93,0.5829158276827349,22.80400000017835
sudden_covariate_shift_v1,mmd_rbf,population,93,0.9272285275184815,27.433100000052946
sudden_covariate_shift_v1,mmd_rbf,fraud,93,0.6650151174579597,8.261399998445995
sudden_covariate_shift_v1,domain_classifier,population,93,0.9433333333333334,22.083000001657638
sudden_covariate_shift_v1,domain_classifier,fraud,93,0.8242735042735043,20.33600000140723
sudden_covariate_shift_v1,classical_cds,population,94,0.7259385263880521,83.04139999927429
sudden_covariate_shift_v1,classical_cds,fraud,94,,
sudden_covariate_shift_v1,quantum_angle,population,94,0.9419314872895362,13.33159999921918
sudden_covariate_shift_v1,quantum_angle,fraud,94,,
sudden_covariate_shift_v1,quantum_zz,population,94,0.8517770117465726,85.76849999917613
sudden_covariate_shift_v1,quantum_zz,fraud,94,,
sudden_covariate_shift_v1,quantum_reupload,population,94,0.9217093312265275,31.613999999535736
sudden_covariate_shift_v1,quantum_reupload,fraud,94,,
sudden_covariate_shift_v1,mmd_rbf,population,94,0.9414417392479377,27.653099999952246
sudden_covariate_shift_v1,mmd_rbf,fraud,94,,
sudden_covariate_shift_v1,domain_classifier,population,94,0.9484444444444444,21.274900000207708
sudden_covariate_shift_v1,domain_classifier,fraud,94,,
sudden_covariate_shift_v1,classical_cds,population,95,0.7298954702920172,88.61290000095323
sudden_covariate_shift_v1,classical_cds,fraud,95,0.5830903067881121,2.675699999599601
sudden_covariate_shift_v1,quantum_angle,population,95,0.9425060594863696,15.316999999413383
sudden_covariate_shift_v1,quantum_angle,fraud,95,0.4724447039838625,10.13779999993858
sudden_covariate_shift_v1,quantum_zz,population,95,0.8573388864903606,88.4146000007604
sudden_covariate_shift_v1,quantum_zz,fraud,95,0.5392406858075887,58.482599999479135
sudden_covariate_shift_v1,quantum_reupload,population,95,0.9173630942920096,32.0865000012418
sudden_covariate_shift_v1,quantum_reupload,fraud,95,0.6121209529953278,24.906900000132737
sudden_covariate_shift_v1,mmd_rbf,population,95,0.9777423128588176,30.747500000870787
sudden_covariate_shift_v1,mmd_rbf,fraud,95,0.6215455165884158,8.910300000934512
sudden_covariate_shift_v1,domain_classifier,population,95,0.9486666666666668,25.87880000100995
sudden_covariate_shift_v1,domain_classifier,fraud,95,0.6493333333333333,19.214599999031634
sudden_covariate_shift_v1,classical_cds,population,96,0.7288001064399678,88.05639999991399
sudden_covariate_shift_v1,classical_cds,fraud,96,0.5635677855564667,5.06889999996929
sudden_covariate_shift_v1,quantum_angle,population,96,0.9407201798164284,11.643499999991036
sudden_covariate_shift_v1,quantum_angle,fraud,96,0.5025732358190826,12.070000000676373
sudden_covariate_shift_v1,quantum_zz,population,96,0.8522923374314113,89.326200000869
sudden_covariate_shift_v1,quantum_zz,fraud,96,0.5513892267041277,59.61049999859824
sudden_covariate_shift_v1,quantum_reupload,population,96,0.9179965390869872,32.09439999955066
sudden_covariate_shift_v1,quantum_reupload,fraud,96,0.6383168313220844,26.45709999887913
sudden_covariate_shift_v1,mmd_rbf,population,96,0.9487525588277423,29.930599999715923
sudden_covariate_shift_v1,mmd_rbf,fraud,96,0.5486098406229492,10.164699999222648
sudden_covariate_shift_v1,domain_classifier,population,96,0.9485111111111111,20.637600000554812
sudden_covariate_shift_v1,domain_classifier,fraud,96,0.8604878048780489,18.98840000103519
sudden_covariate_shift_v1,classical_cds,population,97,0.7284137459361107,84.80810000037309
sudden_covariate_shift_v1,classical_cds,fraud,97,0.5531283279470665,4.751499998747022
sudden_covariate_shift_v1,quantum_angle,population,97,0.9401788688522555,13.202399999499903
sudden_covariate_shift_v1,quantum_angle,fraud,97,0.5143059512299128,11.172500000611763
sudden_covariate_shift_v1,quantum_zz,population,97,0.8558922915208746,98.39749999991909
sudden_covariate_shift_v1,quantum_zz,fraud,97,0.5665451489533546,56.8265000001702
sudden_covariate_shift_v1,quantum_reupload,population,97,0.9220735058358072,31.009300000732765
sudden_covariate_shift_v1,quantum_reupload,fraud,97,0.6518113657814977,23.96040000166977
sudden_covariate_shift_v1,mmd_rbf,population,97,0.9447073917753501,28.522000000521075
sudden_covariate_shift_v1,mmd_rbf,fraud,97,0.5078980777626558,9.648499999457272
sudden_covariate_shift_v1,domain_classifier,population,97,0.9444666666666668,20.073100000445265
sudden_covariate_shift_v1,domain_classifier,fraud,97,0.5564583333333335,18.947599999592057
sudden_covariate_shift_v1,classical_cds,population,98,0.728965285076423,89.11509999961709
sudden_covariate_shift_v1,classical_cds,fraud,98,0.5607437383230471,3.3981000015046448
sudden_covariate_shift_v1,quantum_angle,population,98,0.9401897657457021,14.016299999639159
sudden_covariate_shift_v1,quantum_angle,fraud,98,0.4959282155385726,10.031699999672128
sudden_covariate_shift_v1,quantum_zz,population,98,0.8534238210054528,89.18089999860968
sudden_covariate_shift_v1,quantum_zz,fraud,98,0.5614852290034837,54.28109999957087
sudden_covariate_shift_v1,quantum_reupload,population,98,0.9117503063736666,30.656299999463954
sudden_covariate_shift_v1,quantum_reupload,fraud,98,0.6522816425821547,23.10620000025665
sudden_covariate_shift_v1,mmd_rbf,population,98,0.9664019906272205,27.73470000101952
sudden_covariate_shift_v1,mmd_rbf,fraud,98,0.5383993354301821,9.659499999543186
sudden_covariate_shift_v1,domain_classifier,population,98,0.9424666666666668,20.813000000998727
sudden_covariate_shift_v1,domain_classifier,fraud,98,0.8156060606060607,17.41570000012871
sudden_covariate_shift_v1,classical_cds,population,99,0.7298418580903078,85.08550000078685
sudden_covariate_shift_v1,classical_cds,fraud,99,0.5783383782591528,2.6902999998128507
sudden_covariate_shift_v1,quantum_angle,population,99,0.9423482905156425,13.245199999801116
sudden_covariate_shift_v1,quantum_angle,fraud,99,0.5168190291954029,8.812599999146187
sudden_covariate_shift_v1,quantum_zz,population,99,0.8522505018347799,86.5336999995634
sudden_covariate_shift_v1,quantum_zz,fraud,99,0.57935735992901,54.21790000036708
sudden_covariate_shift_v1,quantum_reupload,population,99,0.9200724673105878,29.91479999946023
sudden_covariate_shift_v1,quantum_reupload,fraud,99,0.6597722516239987,21.864100001039333
sudden_covariate_shift_v1,mmd_rbf,population,99,0.959349185671166,27.60660000058124
sudden_covariate_shift_v1,mmd_rbf,fraud,99,0.576376909442218,8.00110000091081
sudden_covariate_shift_v1,domain_classifier,population,99,0.9484888888888887,19.120200000543264
sudden_covariate_shift_v1,domain_classifier,fraud,99,0.7679674796747966,16.651699999783887
gradual_covariate_shift_v1,classical_cds,population,0,0.02542678858411372,9.771299999556504
gradual_covariate_shift_v1,classical_cds,fraud,0,0.2295437729317628,2.51869999920018
gradual_covariate_shift_v1,quantum_angle,population,0,0.0,14.286700001321151
gradual_covariate_shift_v1,quantum_angle,fraud,0,0.0,11.171500000273227
gradual_covariate_shift_v1,quantum_zz,population,0,0.0,100.27640000043903
gradual_covariate_shift_v1,quantum_zz,fraud,0,0.0,53.55510000117647
gradual_covariate_shift_v1,quantum_reupload,population,0,0.0,31.63940000013099
gradual_covariate_shift_v1,quantum_reupload,fraud,0,0.0,21.677699998690514
gradual_covariate_shift_v1,mmd_rbf,population,0,0.0,27.048699999795645
gradual_covariate_shift_v1,mmd_rbf,fraud,0,0.035614490854941394,8.493100000123377
gradual_covariate_shift_v1,domain_classifier,population,0,0.0,19.170699999449425
gradual_covariate_shift_v1,domain_classifier,fraud,0,0.1047499999999999,13.134599999830243
gradual_covariate_shift_v1,classical_cds,population,1,0.034410256083285976,12.387300001137191
gradual_covariate_shift_v1,classical_cds,fraud,1,0.2896092785286358,2.4248999998235377
gradual_covariate_shift_v1,quantum_angle,population,1,0.0,12.576899998748559
gradual_covariate_shift_v1,quantum_angle,fraud,1,0.040329231429092616,10.41819999954896
gradual_covariate_shift_v1,quantum_zz,population,1,0.0,85.70529999997234
gradual_covariate_shift_v1,quantum_zz,fraud,1,0.04718410898305658,54.91219999930763
gradual_covariate_shift_v1,quantum_reupload,population,1,0.0,31.650700000682264
gradual_covariate_shift_v1,quantum_reupload,fraud,1,0.023834042520866516,22.698500000842614
gradual_covariate_shift_v1,mmd_rbf,population,1,0.015851589562532853,26.598100001137936
gradual_covariate_shift_v1,mmd_rbf,fraud,1,0.012395640656413853,9.59090000105789
gradual_covariate_shift_v1,domain_classifier,population,1,0.01975555555555575,18.667599999389495
gradual_covariate_shift_v1,domain_classifier,fraud,1,0.06034188034188048,13.644800001202384
gradual_covariate_shift_v1,classical_cds,population,2,0.022854970179725882,8.300800000142772
gradual_covariate_shift_v1,classical_cds,fraud,2,0.1312084540953607,2.438299999994342
gradual_covariate_shift_v1,quantum_angle,population,2,0.0,11.99580000138667
gradual_covariate_shift_v1,quantum_angle,fraud,2,0.061331367060093345,8.884599999873899
gradual_covariate_shift_v1,quantum_zz,population,2,0.0,85.66419999988284
gradual_covariate_shift_v1,quantum_zz,fraud,2,0.08121605988712732,54.99400000007881
gradual_covariate_shift_v1,quantum_reupload,population,2,0.0,30.472500000541913
gradual_covariate_shift_v1,quantum_reupload,fraud,2,0.05549544198736078,22.4091000000044
gradual_covariate_shift_v1,mmd_rbf,population,2,0.0,29.603900000438443
gradual_covariate_shift_v1,mmd_rbf,fraud,2,0.01077626188854186,9.951900001397007
gradual_covariate_shift_v1,domain_classifier,population,2,0.0,20.12480000121286
gradual_covariate_shift_v1,domain_classifier,fraud,2,0.0018055555555556158,17.262300001675612
gradual_covariate_shift_v1,classical_cds,population,3,0.029452248390251755,8.481700000629644
gradual_covariate_shift_v1,classical_cds,fraud,3,0.1515146077132325,2.3966999997355742
gradual_covariate_shift_v1,quantum_angle,population,3,0.0,13.616399999591522
gradual_covariate_shift_v1,quantum_angle,fraud,3,0.0,11.116500001662644
gradual_covariate_shift_v1,quantum_zz,population,3,0.0,99.43849999945087
gradual_covariate_shift_v1,quantum_zz,fraud,3,0.0,60.76579999898968
gradual_covariate_shift_v1,quantum_reupload,population,3,0.0,30.540199999450124
gradual_covariate_shift_v1,quantum_reupload,fraud,3,0.0,25.062000000616536
gradual_covariate_shift_v1,mmd_rbf,population,3,0.005378918019283585,27.084199999080738
gradual_covariate_shift_v1,mmd_rbf,fraud,3,0.0,9.570100000928505
gradual_covariate_shift_v1,domain_classifier,population,3,0.0,19.109800001388066
gradual_covariate_shift_v1,domain_classifier,fraud,3,0.0,14.598699999623932
gradual_covariate_shift_v1,classical_cds,population,4,0.033786107918906204,12.512699999206234
gradual_covariate_shift_v1,classical_cds,fraud,4,0.10526038238706178,2.4068999991868623
gradual_covariate_shift_v1,quantum_angle,population,4,0.00012116357244551512,11.92300000002433
gradual_covariate_shift_v1,quantum_angle,fraud,4,0.004698804802743761,8.29169999997248
gradual_covariate_shift_v1,quantum_zz,population,4,0.0,87.57100000002538
gradual_covariate_shift_v1,quantum_zz,fraud,4,0.0,59.844299999895156
gradual_covariate_shift_v1,quantum_reupload,population,4,0.008913300237559652,32.97199999906297
gradual_covariate_shift_v1,quantum_reupload,fraud,4,0.012812454921479866,27.542400001038914
gradual_covariate_shift_v1,mmd_rbf,population,4,0.0,27.60830000079295
gradual_covariate_shift_v1,mmd_rbf,fraud,4,0.009697391848898285,10.06739999866113
gradual_covariate_shift_v1,domain_classifier,population,4,0.06184444444444437,22.501600000396138
gradual_covariate_shift_v1,domain_classifier,fraud,4,0.0023809523809523725,22.260100000494276
gradual_covariate_shift_v1,classical_cds,population,5,0.021936428221504364,8.72969999909401
gradual_covariate_shift_v1,classical_cds,fraud,5,0.11319766455040384,2.453199998853961
gradual_covariate_shift_v1,quantum_angle,population,5,0.008563594196020374,16.722099999242346
gradual_covariate_shift_v1,quantum_angle,fraud,5,0.09303126625955083,10.515599999052938
gradual_covariate_shift_v1,quantum_zz,population,5,0.008683875322111456,91.72170000056212
gradual_covariate_shift_v1,quantum_zz,fraud,5,0.08498211188204974,59.43710000065039
gradual_covariate_shift_v1,quantum_reupload,population,5,0.021564026915575796,32.89530000074592
gradual_covariate_shift_v1,quantum_reupload,fraud,5,0.09120822893949532,27.549999998882413
gradual_covariate_shift_v1,mmd_rbf,population,5,0.0,26.98960000088846
gradual_covariate_shift_v1,mmd_rbf,fraud,5,0.0,10.79589999972086
gradual_covariate_shift_v1,domain_classifier,population,5,0.008977777777777751,21.899299999859068
gradual_covariate_shift_v1,domain_classifier,fraud,5,0.08295597484276729,16.939999999522115
gradual_covariate_shift_v1,classical_cds,population,6,0.028566404825791668,12.650999999095802
gradual_covariate_shift_v1,classical_cds,fraud,6,0.07131656283892768,2.3742000012134667
gradual_covariate_shift_v1,quantum_angle,population,6,0.0,13.960800000859308
gradual_covariate_shift_v1,quantum_angle,fraud,6,0.0,11.522599999807426
gradual_covariate_shift_v1,quantum_zz,population,6,0.0,87.33740000025136
gradual_covariate_shift_v1,quantum_zz,fraud,6,0.0,57.51500000042142
gradual_covariate_shift_v1,quantum_reupload,population,6,0.0,30.682299999170937
gradual_covariate_shift_v1,quantum_reupload,fraud,6,0.0,24.911599999541068
gradual_covariate_shift_v1,mmd_rbf,population,6,0.0,26.097100000697537
gradual_covariate_shift_v1,mmd_rbf,fraud,6,0.0,10.737200000221492
gradual_covariate_shift_v1,domain_classifier,population,6,0.04328888888888893,19.1527999995742
gradual_covariate_shift_v1,domain_classifier,fraud,6,0.0,19.969200000559795
gradual_covariate_shift_v1,classical_cds,population,7,0.025418697788914098,10.332799998650444
gradual_covariate_shift_v1,classical_cds,fraud,7,0.22137360744535556,2.451199999995879
gradual_covariate_shift_v1,quantum_angle,population,7,0.0,12.689199998931144
gradual_covariate_shift_v1,quantum_angle,fraud,7,0.08286914982177018,8.119599999190541
gradual_covariate_shift_v1,quantum_zz,population,7,0.0,84.61189999979979
gradual_covariate_shift_v1,quantum_zz,fraud,7,0.07968772458709139,54.741600000852486
gradual_covariate_shift_v1,quantum_reupload,population,7,0.0,32.470899999680114
gradual_covariate_shift_v1,quantum_reupload,fraud,7,0.12928240316387685,26.347100001657964
gradual_covariate_shift_v1,mmd_rbf,population,7,0.006387671517390059,28.408800000761403
gradual_covariate_shift_v1,mmd_rbf,fraud,7,0.03154499199709604,8.76800000150979
gradual_covariate_shift_v1,domain_classifier,population,7,0.0,18.795100000716047
gradual_covariate_shift_v1,domain_classifier,fraud,7,0.1268686868686868,14.986799998951028
gradual_covariate_shift_v1,classical_cds,population,8,0.028071928983501644,10.115300001416472
gradual_covariate_shift_v1,classical_cds,fraud,8,0.18007158567225948,2.3734999995213
gradual_covariate_shift_v1,quantum_angle,population,8,0.0,13.40870000058203
gradual_covariate_shift_v1,quantum_angle,fraud,8,0.11988600889278656,10.305199999493198
gradual_covariate_shift_v1,quantum_zz,population,8,0.0,90.84289999918838
gradual_covariate_shift_v1,quantum_zz,fraud,8,0.13247135688514355,59.750099999291706
gradual_covariate_shift_v1,quantum_reupload,population,8,0.0,30.607199998485157
gradual_covariate_shift_v1,quantum_reupload,fraud,8,0.11246847409222427,22.57370000006631
gradual_covariate_shift_v1,mmd_rbf,population,8,0.0,27.74919999865233
gradual_covariate_shift_v1,mmd_rbf,fraud,8,0.007711952978449732,8.511300000463962
gradual_covariate_shift_v1,domain_classifier,population,8,0.0,18.514299999878858
gradual_covariate_shift_v1,domain_classifier,fraud,8,0.0,16.77449999988312
gradual_covariate_shift_v1,classical_cds,population,9,0.03332783593022262,12.227799999891431
gradual_covariate_shift_v1,classical_cds,fraud,9,0.26901272706945184,2.4094000000332016
gradual_covariate_shift_v1,quantum_angle,population,9,0.0,13.678499999514315
gradual_covariate_shift_v1,quantum_angle,fraud,9,0.09856919357308036,8.869199999026023
gradual_covariate_shift_v1,quantum_zz,population,9,0.0,86.60240000062913
gradual_covariate_shift_v1,quantum_zz,fraud,9,0.10368940390738568,55.18429999938235
gradual_covariate_shift_v1,quantum_reupload,population,9,0.0,36.32870000001276
gradual_covariate_shift_v1,quantum_reupload,fraud,9,0.10888955847995385,26.787400000102934
gradual_covariate_shift_v1,mmd_rbf,population,9,0.0,30.230700000174693
gradual_covariate_shift_v1,mmd_rbf,fraud,9,0.0,8.917699999074102
gradual_covariate_shift_v1,domain_classifier,population,9,0.02279999999999993,25.429899998925976
gradual_covariate_shift_v1,domain_classifier,fraud,9,0.1568421052631579,21.58140000028652
gradual_covariate_shift_v1,classical_cds,population,10,0.025958853959077932,12.172799999461859
gradual_covariate_shift_v1,classical_cds,fraud,10,0.33433487615891067,2.9722999988734955
gradual_covariate_shift_v1,quantum_angle,population,10,0.0,14.611999999033287
gradual_covariate_shift_v1,quantum_angle,fraud,10,0.0,9.132600000157254
gradual_covariate_shift_v1,quantum_zz,population,10,0.0,96.3207999993756
gradual_covariate_shift_v1,quantum_zz,fraud,10,0.0,60.38339999940945
gradual_covariate_shift_v1,quantum_reupload,population,10,0.0,32.70700000030047
gradual_covariate_shift_v1,quantum_reupload,fraud,10,0.0,22.499599999719067
gradual_covariate_shift_v1,mmd_rbf,population,10,0.003242050598133428,27.604500000961707
gradual_covariate_shift_v1,mmd_rbf,fraud,10,0.0,8.610299999418203
gradual_covariate_shift_v1,domain_classifier,population,10,0.01419999999999999,24.442699999781325
gradual_covariate_shift_v1,domain_classifier,fraud,10,0.003410852713178425,16.582399999606423
gradual_covariate_shift_v1,classical_cds,population,11,0.02789070686795172,9.001500000522356
gradual_covariate_shift_v1,classical_cds,fraud,11,0.3562563413588219,4.459399999177549
gradual_covariate_shift_v1,quantum_angle,population,11,0.0,11.70319999982894
gradual_covariate_shift_v1,quantum_angle,fraud,11,0.0,10.794800000439864
gradual_covariate_shift_v1,quantum_zz,population,11,0.0,88.83179999975255
gradual_covariate_shift_v1,quantum_zz,fraud,11,0.021954987927903735,56.28269999942859
gradual_covariate_shift_v1,quantum_reupload,population,11,0.0,30.6841000001441
gradual_covariate_shift_v1,quantum_reupload,fraud,11,0.01774630185460291,23.581299999932526
gradual_covariate_shift_v1,mmd_rbf,population,11,0.0034869032744229145,25.949700000637677
gradual_covariate_shift_v1,mmd_rbf,fraud,11,0.0016646041008814283,9.466600000450853
gradual_covariate_shift_v1,domain_classifier,population,11,0.0,19.07539999956498
gradual_covariate_shift_v1,domain_classifier,fraud,11,0.05313131313131314,18.323499998587067
gradual_covariate_shift_v1,classical_cds,population,12,0.03442936230761869,12.334000000919332
gradual_covariate_shift_v1,classical_cds,fraud,12,0.19088027238261937,2.4455999991914723
gradual_covariate_shift_v1,quantum_angle,population,12,0.0,13.31680000112101
gradual_covariate_shift_v1,quantum_angle,fraud,12,6.293562025871946e-05,10.621900000842288
gradual_covariate_shift_v1,quantum_zz,population,12,0.0,83.37369999935618
gradual_covariate_shift_v1,quantum_zz,fraud,12,0.0,52.51459999999497
gradual_covariate_shift_v1,quantum_reupload,population,12,0.0,31.401399999595014
gradual_covariate_shift_v1,quantum_reupload,fraud,12,0.039409277135448395,36.47060000002966
gradual_covariate_shift_v1,mmd_rbf,population,12,0.001859835279086397,30.801000000792556
gradual_covariate_shift_v1,mmd_rbf,fraud,12,0.0,8.278100000097766
gradual_covariate_shift_v1,domain_classifier,population,12,0.04888888888888898,22.197299998879316
gradual_covariate_shift_v1,domain_classifier,fraud,12,0.0,14.934700000594603
gradual_covariate_shift_v1,classical_cds,population,13,0.028921614588139428,10.466100000485312
gradual_covariate_shift_v1,classical_cds,fraud,13,0.384766162364101,2.602300000944524
gradual_covariate_shift_v1,quantum_angle,population,13,0.0,12.854399999923771
gradual_covariate_shift_v1,quantum_angle,fraud,13,0.0,12.802300001567346
gradual_covariate_shift_v1,quantum_zz,population,13,0.0,165.59219999908237
gradual_covariate_shift_v1,quantum_zz,fraud,13,0.0,58.10340000061842
gradual_covariate_shift_v1,quantum_reupload,population,13,0.0,30.91870000025665
gradual_covariate_shift_v1,quantum_reupload,fraud,13,0.0,25.281900001573376
gradual_covariate_shift_v1,mmd_rbf,population,13,0.010644078641481647,28.783699999621604
gradual_covariate_shift_v1,mmd_rbf,fraud,13,0.0,9.976100000130828
gradual_covariate_shift_v1,domain_classifier,population,13,0.04693333333333349,20.12280000053579
gradual_covariate_shift_v1,domain_classifier,fraud,13,0.14588235294117657,15.913400000499678
gradual_covariate_shift_v1,classical_cds,population,14,0.030289500651934212,11.662799999612616
gradual_covariate_shift_v1,classical_cds,fraud,14,0.28501575107496085,2.4205999998230254
gradual_covariate_shift_v1,quantum_angle,population,14,0.0,13.122600001224782
gradual_covariate_shift_v1,quantum_angle,fraud,14,0.0,8.107300000119722
gradual_covariate_shift_v1,quantum_zz,population,14,0.0,90.15330000147515
gradual_covariate_shift_v1,quantum_zz,fraud,14,0.0,60.42650000017602
gradual_covariate_shift_v1,quantum_reupload,population,14,0.0,35.70589999981166
gradual_covariate_shift_v1,quantum_reupload,fraud,14,0.0,26.81750000010652
gradual_covariate_shift_v1,mmd_rbf,population,14,0.0,33.4923999998864
gradual_covariate_shift_v1,mmd_rbf,fraud,14,0.0,11.990400000286172
gradual_covariate_shift_v1,domain_classifier,population,14,0.0,22.641999999905238
gradual_covariate_shift_v1,domain_classifier,fraud,14,0.0,18.670499999643653
gradual_covariate_shift_v1,classical_cds,population,15,0.02636598510243579,11.902899999768124
gradual_covariate_shift_v1,classical_cds,fraud,15,0.13682462375798424,2.5912000000971602
gradual_covariate_shift_v1,quantum_angle,population,15,0.0,14.326700000310666
gradual_covariate_shift_v1,quantum_angle,fraud,15,0.029181077694893753,11.492000001453562
gradual_covariate_shift_v1,quantum_zz,population,15,0.0,91.59739999995509
gradual_covariate_shift_v1,quantum_zz,fraud,15,0.02157007641460762,66.6670000009617
gradual_covariate_shift_v1,quantum_reupload,population,15,0.0,41.272700000263285
gradual_covariate_shift_v1,quantum_reupload,fraud,15,0.018292595047893934,23.995699999431963
gradual_covariate_shift_v1,mmd_rbf,population,15,0.0029201063502453106,29.874299998482456
gradual_covariate_shift_v1,mmd_rbf,fraud,15,0.0,10.101600000780309
gradual_covariate_shift_v1,domain_classifier,population,15,0.07575555555555558,19.506999999066466
gradual_covariate_shift_v1,domain_classifier,fraud,15,0.1497674418604651,15.599499998643296
gradual_covariate_shift_v1,classical_cds,population,16,0.03985836555659528,13.415699999313802
gradual_covariate_shift_v1,classical_cds,fraud,16,0.10465320915657346,2.9199000000517117
gradual_covariate_shift_v1,quantum_angle,population,16,0.0,11.95969999935187
gradual_covariate_shift_v1,quantum_angle,fraud,16,0.0,10.10350000069593
gradual_covariate_shift_v1,quantum_zz,population,16,0.0,93.58419999989565
gradual_covariate_shift_v1,quantum_zz,fraud,16,0.0,64.14879999829282
gradual_covariate_shift_v1,quantum_reupload,population,16,0.0051801565910623015,39.04989999864483
gradual_covariate_shift_v1,quantum_reupload,fraud,16,0.0,25.930899999366375
gradual_covariate_shift_v1,mmd_rbf,population,16,0.0,32.75939999912225
gradual_covariate_shift_v1,mmd_rbf,fraud,16,0.0,12.009100000796025
gradual_covariate_shift_v1,domain_classifier,population,16,0.004288888888889009,21.048200000223005
gradual_covariate_shift_v1,domain_classifier,fraud,16,0.0,20.513800000117044
gradual_covariate_shift_v1,classical_cds,population,17,0.03291922242077838,10.735800000475137
gradual_covariate_shift_v1,classical_cds,fraud,17,0.14476169268028946,3.379300000233343
gradual_covariate_shift_v1,quantum_angle,population,17,0.0,13.250399999378715
gradual_covariate_shift_v1,quantum_angle,fraud,17,0.0896137525586973,11.109500001111883
gradual_covariate_shift_v1,quantum_zz,population,17,0.0027648595002133236,87.9666000000725
gradual_covariate_shift_v1,quantum_zz,fraud,17,0.11155201894912392,59.46339999900374
gradual_covariate_shift_v1,quantum_reupload,population,17,0.016228385403807555,30.922800000553252
gradual_covariate_shift_v1,quantum_reupload,fraud,17,0.11783263798708343,22.53510000082315
gradual_covariate_shift_v1,mmd_rbf,population,17,0.0,28.252699999939068
gradual_covariate_shift_v1,mmd_rbf,fraud,17,0.0,8.312100000694045
gradual_covariate_shift_v1,domain_classifier,population,17,0.0,18.22620000166353
gradual_covariate_shift_v1,domain_classifier,fraud,17,0.0,17.404400001396425
gradual_covariate_shift_v1,classical_cds,population,18,0.02849123543873225,10.43030000073486
gradual_covariate_shift_v1,classical_cds,fraud,18,0.3085052390868936,2.4665999990247656
gradual_covariate_shift_v1,quantum_angle,population,18,0.0,13.484999999491265
gradual_covariate_shift_v1,quantum_angle,fraud,18,0.006619462962748179,10.852600000362145
gradual_covariate_shift_v1,quantum_zz,population,18,0.0,148.00950000062585
gradual_covariate_shift_v1,quantum_zz,fraud,18,0.0,65.85919999997714
gradual_covariate_shift_v1,quantum_reupload,population,18,0.0,46.58180000114953
gradual_covariate_shift_v1,quantum_reupload,fraud,18,0.0,28.792600000087987
gradual_covariate_shift_v1,mmd_rbf,population,18,0.002062305985067292,39.0888999991148
gradual_covariate_shift_v1,mmd_rbf,fraud,18,0.0,21.28649999940535
gradual_covariate_shift_v1,domain_classifier,population,18,0.01344444444444437,23.52939999946102
gradual_covariate_shift_v1,domain_classifier,fraud,18,0.0,17.223799999555922
gradual_covariate_shift_v1,classical_cds,population,19,0.03383119301580033,16.760200000135228
gradual_covariate_shift_v1,classical_cds,fraud,19,0.21001140509765798,2.6140000009036157
gradual_covariate_shift_v1,quantum_angle,population,19,0.0,12.860999999247724
gradual_covariate_shift_v1,quantum_angle,fraud,19,0.0,11.942700000872719
gradual_covariate_shift_v1,quantum_zz,population,19,0.0,106.56850000123086
gradual_covariate_shift_v1,quantum_zz,fraud,19,0.0,67.25639999967825
gradual_covariate_shift_v1,quantum_reupload,population,19,0.0,43.462500001623994
gradual_covariate_shift_v1,quantum_reupload,fraud,19,0.0,23.093300000255113
gradual_covariate_shift_v1,mmd_rbf,population,19,0.0030226260811376804,37.39830000085931
gradual_covariate_shift_v1,mmd_rbf,fraud,19,0.0,18.473299998731818
gradual_covariate_shift_v1,domain_classifier,population,19,0.0,20.726600001580664
gradual_covariate_shift_v1,domain_classifier,fraud,19,0.0,18.955799998366274
gradual_covariate_shift_v1,classical_cds,population,20,0.026960050715274048,12.443600000551669
gradual_covariate_shift_v1,classical_cds,fraud,20,0.148479353084144,2.5430999994568992
gradual_covariate_shift_v1,quantum_angle,population,20,0.0004112632160646612,14.464600000792416
gradual_covariate_shift_v1,quantum_angle,fraud,20,0.0,11.926700000913115
gradual_covariate_shift_v1,quantum_zz,population,20,0.0,144.44000000003143
gradual_covariate_shift_v1,quantum_zz,fraud,20,0.0,133.13000000016473
gradual_covariate_shift_v1,quantum_reupload,population,20,0.006128726724652811,48.838099999557016
gradual_covariate_shift_v1,quantum_reupload,fraud,20,0.0,37.53649999998743
gradual_covariate_shift_v1,mmd_rbf,population,20,0.0,48.50850000002538
gradual_covariate_shift_v1,mmd_rbf,fraud,20,0.0,18.352500001128647
gradual_covariate_shift_v1,domain_classifier,population,20,0.03255555555555545,29.41110000028857
gradual_covariate_shift_v1,domain_classifier,fraud,20,0.0,30.07890000117186
gradual_covariate_shift_v1,classical_cds,population,21,0.025426483639612554,15.034000000014203
gradual_covariate_shift_v1,classical_cds,fraud,21,0.18169082898837505,2.6519999992160592
gradual_covariate_shift_v1,quantum_angle,population,21,0.022244365311659298,15.445400000317022
gradual_covariate_shift_v1,quantum_angle,fraud,21,0.04753105403809843,14.543100000082632
gradual_covariate_shift_v1,quantum_zz,population,21,0.024475529949253172,102.4968000001536
gradual_covariate_shift_v1,quantum_zz,fraud,21,0.08275864832100521,132.93770000018412
gradual_covariate_shift_v1,quantum_reupload,population,21,0.03672981524399577,45.92439999942144
gradual_covariate_shift_v1,quantum_reupload,fraud,21,0.055864689088218844,35.88590000072145
gradual_covariate_shift_v1,mmd_rbf,population,21,0.0,50.5023000005167
gradual_covariate_shift_v1,mmd_rbf,fraud,21,0.0,10.748799999419134
gradual_covariate_shift_v1,domain_classifier,population,21,0.0,36.67610000047716
gradual_covariate_shift_v1,domain_classifier,fraud,21,0.0,24.44889999969746
gradual_covariate_shift_v1,classical_cds,population,22,0.025737451219801883,23.252199998751166
gradual_covariate_shift_v1,classical_cds,fraud,22,0.17274636525984507,3.079500000239932
gradual_covariate_shift_v1,quantum_angle,population,22,0.008212662425342132,20.286599999963073
gradual_covariate_shift_v1,quantum_angle,fraud,22,0.03424708418382494,19.952900000134832
gradual_covariate_shift_v1,quantum_zz,population,22,0.0,131.03679999949236
gradual_covariate_shift_v1,quantum_zz,fraud,22,0.011176610640315499,78.64960000006249
gradual_covariate_shift_v1,quantum_reupload,population,22,0.012600437944999099,59.266299998853356
gradual_covariate_shift_v1,quantum_reupload,fraud,22,0.0,36.049300000740914
gradual_covariate_shift_v1,mmd_rbf,population,22,0.0,36.15600000011909
gradual_covariate_shift_v1,mmd_rbf,fraud,22,0.0,11.423199999626377
gradual_covariate_shift_v1,domain_classifier,population,22,0.0,27.1245000003546
gradual_covariate_shift_v1,domain_classifier,fraud,22,0.0,18.98290000099223
gradual_covariate_shift_v1,classical_cds,population,23,0.02472276259871089,13.018400000873953
gradual_covariate_shift_v1,classical_cds,fraud,23,0.21389393828852934,2.5088000002142508
gradual_covariate_shift_v1,quantum_angle,population,23,0.0,17.00900000105321
gradual_covariate_shift_v1,quantum_angle,fraud,23,0.06817905578556893,13.527999999496387
gradual_covariate_shift_v1,quantum_zz,population,23,0.0,130.08129999980156
gradual_covariate_shift_v1,quantum_zz,fraud,23,0.026438002686463458,57.38030000065919
gradual_covariate_shift_v1,quantum_reupload,population,23,0.0,40.996899999299785
gradual_covariate_shift_v1,quantum_reupload,fraud,23,0.06323662673930808,28.38569999948959
gradual_covariate_shift_v1,mmd_rbf,population,23,0.0,47.50000000058208
gradual_covariate_shift_v1,mmd_rbf,fraud,23,0.0711832364466396,19.216400000004796
gradual_covariate_shift_v1,domain_classifier,population,23,0.033400000000000096,27.617500001724693
gradual_covariate_shift_v1,domain_classifier,fraud,23,0.21746031746031758,28.258099999220576
gradual_covariate_shift_v1,classical_cds,population,24,0.028864090338660445,11.724500000127591
gradual_covariate_shift_v1,classical_cds,fraud,24,0.34858403591837833,4.339299999628565
gradual_covariate_shift_v1,quantum_angle,population,24,0.0,15.912500000922591
gradual_covariate_shift_v1,quantum_angle,fraud,24,0.0,9.341900000435999
gradual_covariate_shift_v1,quantum_zz,population,24,0.0,135.54470000053698
gradual_covariate_shift_v1,quantum_zz,fraud,24,0.0,85.22789999915403
gradual_covariate_shift_v1,quantum_reupload,population,24,0.0,55.82190000131959
gradual_covariate_shift_v1,quantum_reupload,fraud,24,0.0,38.72140000021318
gradual_covariate_shift_v1,mmd_rbf,population,24,0.0033539908818764896,51.32730000150332
gradual_covariate_shift_v1,mmd_rbf,fraud,24,0.0,13.316099999428843
gradual_covariate_shift_v1,domain_classifier,population,24,0.0,29.94580000085989
gradual_covariate_shift_v1,domain_classifier,fraud,24,0.0,21.875700000236975
gradual_covariate_shift_v1,classical_cds,population,25,0.03220153703091645,20.110099998419173
gradual_covariate_shift_v1,classical_cds,fraud,25,,
gradual_covariate_shift_v1,quantum_angle,population,25,0.0,24.394399999437155
gradual_covariate_shift_v1,quantum_angle,fraud,25,,
gradual_covariate_shift_v1,quantum_zz,population,25,0.0,167.1134999996866
gradual_covariate_shift_v1,quantum_zz,fraud,25,,
gradual_covariate_shift_v1,quantum_reupload,population,25,0.0,66.83800000064366
gradual_covariate_shift_v1,quantum_reupload,fraud,25,,
gradual_covariate_shift_v1,mmd_rbf,population,25,0.0,68.63479999992705
gradual_covariate_shift_v1,mmd_rbf,fraud,25,,
gradual_covariate_shift_v1,domain_classifier,population,25,0.0,30.21220000118774
gradual_covariate_shift_v1,domain_classifier,fraud,25,,
gradual_covariate_shift_v1,classical_cds,population,26,0.024155220954146565,16.988600000331644
gradual_covariate_shift_v1,classical_cds,fraud,26,0.20382469554135646,4.301300001316122
gradual_covariate_shift_v1,quantum_angle,population,26,0.0,17.881099998703576
gradual_covariate_shift_v1,quantum_angle,fraud,26,0.05698015654979016,23.549899999125046
gradual_covariate_shift_v1,quantum_zz,population,26,0.0,111.8081999993592
gradual_covariate_shift_v1,quantum_zz,fraud,26,0.016745523387731498,65.56600000112667
gradual_covariate_shift_v1,quantum_reupload,population,26,0.0,35.741899999266025
gradual_covariate_shift_v1,quantum_reupload,fraud,26,0.08556981181218681,77.62710000133666
gradual_covariate_shift_v1,mmd_rbf,population,26,0.0,45.37200000049779
gradual_covariate_shift_v1,mmd_rbf,fraud,26,0.00042121073148226884,13.432199999442673
gradual_covariate_shift_v1,domain_classifier,population,26,0.022600000000000176,24.5943999998417
gradual_covariate_shift_v1,domain_classifier,fraud,26,0.0218018018018018,25.70719999857829
gradual_covariate_shift_v1,classical_cds,population,27,0.02578913921703977,14.383499999894411
gradual_covariate_shift_v1,classical_cds,fraud,27,0.11931377110837135,4.075000000739237
gradual_covariate_shift_v1,quantum_angle,population,27,0.0,23.13239999966754
gradual_covariate_shift_v1,quantum_angle,fraud,27,0.020193710378021312,11.084100000516628
gradual_covariate_shift_v1,quantum_zz,population,27,0.0,132.25539999984903
gradual_covariate_shift_v1,quantum_zz,fraud,27,0.0,88.1838000004791
gradual_covariate_shift_v1,quantum_reupload,population,27,0.0,63.88220000008005
gradual_covariate_shift_v1,quantum_reupload,fraud,27,0.021830726173430293,37.60150000016438
gradual_covariate_shift_v1,mmd_rbf,population,27,0.005099378231359308,41.80799999994633
gradual_covariate_shift_v1,mmd_rbf,fraud,27,0.0,19.38739999968675
gradual_covariate_shift_v1,domain_classifier,population,27,0.0,31.043499999213964
gradual_covariate_shift_v1,domain_classifier,fraud,27,0.0,20.58209999995597
gradual_covariate_shift_v1,classical_cds,population,28,0.01976057637143875,11.75879999937024
gradual_covariate_shift_v1,classical_cds,fraud,28,0.12654150526355784,2.8982000003452413
gradual_covariate_shift_v1,quantum_angle,population,28,0.0,16.54650000091351
gradual_covariate_shift_v1,quantum_angle,fraud,28,0.1437676899806598,19.332599998961086
gradual_covariate_shift_v1,quantum_zz,population,28,0.0,153.20509999946808
gradual_covariate_shift_v1,quantum_zz,fraud,28,0.13369977040352887,98.28700000070967
gradual_covariate_shift_v1,quantum_reupload,population,28,0.0,46.733299999687006
gradual_covariate_shift_v1,quantum_reupload,fraud,28,0.12220561538430719,33.917200000360026
gradual_covariate_shift_v1,mmd_rbf,population,28,0.0,38.27780000028724
gradual_covariate_shift_v1,mmd_rbf,fraud,28,0.0171956684015917,14.70080000035523
gradual_covariate_shift_v1,domain_classifier,population,28,0.0,28.67569999943953
gradual_covariate_shift_v1,domain_classifier,fraud,28,0.0,18.006600001172046
gradual_covariate_shift_v1,classical_cds,population,29,0.024770230702201086,11.262299998634262
gradual_covariate_shift_v1,classical_cds,fraud,29,0.13121053316037937,3.4969999996974366
gradual_covariate_shift_v1,quantum_angle,population,29,0.0,15.620400001353119
gradual_covariate_shift_v1,quantum_angle,fraud,29,0.0,8.709599998837803
gradual_covariate_shift_v1,quantum_zz,population,29,0.0,119.66500000016822
gradual_covariate_shift_v1,quantum_zz,fraud,29,0.0,70.83010000133072
gradual_covariate_shift_v1,quantum_reupload,population,29,0.0,36.944199999197735
gradual_covariate_shift_v1,quantum_reupload,fraud,29,0.0,34.324000000196975
gradual_covariate_shift_v1,mmd_rbf,population,29,0.004352144159188276,36.88180000062857
gradual_covariate_shift_v1,mmd_rbf,fraud,29,0.0,12.688599999819417
gradual_covariate_shift_v1,domain_classifier,population,29,0.04442222222222214,28.07369999936782
gradual_covariate_shift_v1,domain_classifier,fraud,29,0.0,13.74499999838008
gradual_covariate_shift_v1,classical_cds,population,30,0.03405951338743985,11.529800000062096
gradual_covariate_shift_v1,classical_cds,fraud,30,0.11942101902575077,3.835399998934008
gradual_covariate_shift_v1,quantum_angle,population,30,0.0,12.02719999855617
gradual_covariate_shift_v1,quantum_angle,fraud,30,0.12152986517542941,11.367300001438707
gradual_covariate_shift_v1,quantum_zz,population,30,0.0,89.49150000080408
gradual_covariate_shift_v1,quantum_zz,fraud,30,0.11678822020381185,83.3929000000353
gradual_covariate_shift_v1,quantum_reupload,population,30,0.0,43.72549999970943
gradual_covariate_shift_v1,quantum_reupload,fraud,30,0.106134640536232,43.21479999998701
gradual_covariate_shift_v1,mmd_rbf,population,30,0.0,47.53619999974035
gradual_covariate_shift_v1,mmd_rbf,fraud,30,0.007252847055892353,16.46959999925457
gradual_covariate_shift_v1,domain_classifier,population,30,0.022577777777777808,32.42890000001353
gradual_covariate_shift_v1,domain_classifier,fraud,30,0.005106382978723456,27.237799999056733
gradual_covariate_shift_v1,classical_cds,population,31,0.022083993386902256,15.17740000053891
gradual_covariate_shift_v1,classical_cds,fraud,31,0.14653950312313932,5.2276000005804235
gradual_covariate_shift_v1,quantum_angle,population,31,0.0,22.831399999631685
gradual_covariate_shift_v1,quantum_angle,fraud,31,0.07105745439669409,12.369500000204425
gradual_covariate_shift_v1,quantum_zz,population,31,0.0,146.61999999952968
gradual_covariate_shift_v1,quantum_zz,fraud,31,0.060556787871463014,71.74029999987397
gradual_covariate_shift_v1,quantum_reupload,population,31,0.0,40.7123999993928
gradual_covariate_shift_v1,quantum_reupload,fraud,31,0.07755355478556014,33.76089999983378
gradual_covariate_shift_v1,mmd_rbf,population,31,0.0,39.13049999937357
gradual_covariate_shift_v1,mmd_rbf,fraud,31,0.03377762383025651,13.506799999959185
gradual_covariate_shift_v1,domain_classifier,population,31,0.0,21.375000000261934
gradual_covariate_shift_v1,domain_classifier,fraud,31,0.2257657657657659,26.6868999988219
gradual_covariate_shift_v1,classical_cds,population,32,0.03883344401791385,20.663500001319335
gradual_covariate_shift_v1,classical_cds,fraud,32,0.357423034452523,6.543200001033256
gradual_covariate_shift_v1,quantum_angle,population,32,0.03151801012562416,17.505699999674107
gradual_covariate_shift_v1,quantum_angle,fraud,32,0.10569156890777753,15.641199999663513
gradual_covariate_shift_v1,quantum_zz,population,32,0.0241878053189184,109.79779999979655
gradual_covariate_shift_v1,quantum_zz,fraud,32,0.11325016117178455,63.819500001045526
gradual_covariate_shift_v1,quantum_reupload,population,32,0.04319954005725457,36.36879999976372
gradual_covariate_shift_v1,quantum_reupload,fraud,32,0.11973269727442049,30.389600000489736
gradual_covariate_shift_v1,mmd_rbf,population,32,0.003161719428240062,36.22279999945022
gradual_covariate_shift_v1,mmd_rbf,fraud,32,0.0,13.080699998681666
gradual_covariate_shift_v1,domain_classifier,population,32,0.0,29.20040000026347
gradual_covariate_shift_v1,domain_classifier,fraud,32,0.004270833333333446,23.946000001160428
gradual_covariate_shift_v1,classical_cds,population,33,0.02781562297882445,13.872699999410543
gradual_covariate_shift_v1,classical_cds,fraud,33,0.2795713222397414,2.4419000001216773
gradual_covariate_shift_v1,quantum_angle,population,33,4.1317581793043345e-05,17.204299998411443
gradual_covariate_shift_v1,quantum_angle,fraud,33,0.0,14.18539999940549
gradual_covariate_shift_v1,quantum_zz,population,33,0.0,117.31700000018463
gradual_covariate_shift_v1,quantum_zz,fraud,33,0.0,67.78809999923396
gradual_covariate_shift_v1,quantum_reupload,population,33,0.010746904387425649,36.07360000023618
gradual_covariate_shift_v1,quantum_reupload,fraud,33,0.0,25.967500001570443
gradual_covariate_shift_v1,mmd_rbf,population,33,0.0008177935951438897,40.53160000148637
gradual_covariate_shift_v1,mmd_rbf,fraud,33,0.02056431891149746,13.589600001068902
gradual_covariate_shift_v1,domain_classifier,population,33,0.0,27.44150000035006
gradual_covariate_shift_v1,domain_classifier,fraud,33,0.0,18.900300001405412
gradual_covariate_shift_v1,classical_cds,population,34,0.02115154382191156,11.2265000007028
gradual_covariate_shift_v1,classical_cds,fraud,34,0.13889335781495032,4.005999999208143
gradual_covariate_shift_v1,quantum_angle,population,34,0.0,13.252500000817236
gradual_covariate_shift_v1,quantum_angle,fraud,34,0.04779924045515738,9.151599999313476
gradual_covariate_shift_v1,quantum_zz,population,34,0.0,112.77610000070126
gradual_covariate_shift_v1,quantum_zz,fraud,34,0.04031726777946676,68.4025999998994
gradual_covariate_shift_v1,quantum_reupload,population,34,0.0,39.332199999989825
gradual_covariate_shift_v1,quantum_reupload,fraud,34,0.024314873828835126,30.11020000121789
gradual_covariate_shift_v1,mmd_rbf,population,34,0.0,39.3618999987666
gradual_covariate_shift_v1,mmd_rbf,fraud,34,0.0,11.940799999138108
gradual_covariate_shift_v1,domain_classifier,population,34,0.07073333333333354,26.477499999600695
gradual_covariate_shift_v1,domain_classifier,fraud,34,0.0,20.489199998337426
gradual_covariate_shift_v1,classical_cds,population,35,0.02372599623203836,11.968900000283611
gradual_covariate_shift_v1,classical_cds,fraud,35,0.3416234142568232,2.430399999866495
gradual_covariate_shift_v1,quantum_angle,population,35,0.0,15.45559999976831
gradual_covariate_shift_v1,quantum_angle,fraud,35,0.021562442181919494,11.348899999575224
gradual_covariate_shift_v1,quantum_zz,population,35,0.0,100.30279999955383
gradual_covariate_shift_v1,quantum_zz,fraud,35,0.020811534249914554,60.40250000114611
gradual_covariate_shift_v1,quantum_reupload,population,35,0.0,40.9760999991704
gradual_covariate_shift_v1,quantum_reupload,fraud,35,0.023268338712127523,32.42380000119738
gradual_covariate_shift_v1,mmd_rbf,population,35,0.0,46.18959999970684
gradual_covariate_shift_v1,mmd_rbf,fraud,35,0.0,19.369600000572973
gradual_covariate_shift_v1,domain_classifier,population,35,0.007777777777777661,27.776800001447555
gradual_covariate_shift_v1,domain_classifier,fraud,35,0.0,20.983500000511413
gradual_covariate_shift_v1,classical_cds,population,36,0.03665138990421462,10.872099999687634
gradual_covariate_shift_v1,classical_cds,fraud,36,,
gradual_covariate_shift_v1,quantum_angle,population,36,0.0,15.066400001160218
gradual_covariate_shift_v1,quantum_angle,fraud,36,,
gradual_covariate_shift_v1,quantum_zz,population,36,0.0,115.89479999929608
gradual_covariate_shift_v1,quantum_zz,fraud,36,,
gradual_covariate_shift_v1,quantum_reupload,population,36,0.0036780326097960447,38.848500000312924
gradual_covariate_shift_v1,quantum_reupload,fraud,36,,
gradual_covariate_shift_v1,mmd_rbf,population,36,0.0,34.6759000003658
gradual_covariate_shift_v1,mmd_rbf,fraud,36,,
gradual_covariate_shift_v1,domain_classifier,population,36,0.0009333333333332305,15.669800000978285
gradual_covariate_shift_v1,domain_classifier,fraud,36,,
gradual_covariate_shift_v1,classical_cds,population,37,0.02677765706109226,9.140300000581192
gradual_covariate_shift_v1,classical_cds,fraud,37,0.1319158366067664,2.439399999275338
gradual_covariate_shift_v1,quantum_angle,population,37,0.0,16.83199999934004
gradual_covariate_shift_v1,quantum_angle,fraud,37,0.0,13.860799999747542
gradual_covariate_shift_v1,quantum_zz,population,37,0.0,104.50850000052014
gradual_covariate_shift_v1,quantum_zz,fraud,37,0.0015399045704166392,64.05149999955029
gradual_covariate_shift_v1,quantum_reupload,population,37,0.0,39.3287999995664
gradual_covariate_shift_v1,quantum_reupload,fraud,37,0.0,26.549700000032317
gradual_covariate_shift_v1,mmd_rbf,population,37,0.0017803004076542006,34.820100001525134
gradual_covariate_shift_v1,mmd_rbf,fraud,37,0.0,13.662100000146893
gradual_covariate_shift_v1,domain_classifier,population,37,0.0,24.67120000073919
gradual_covariate_shift_v1,domain_classifier,fraud,37,0.0,19.461300000330084
gradual_covariate_shift_v1,classical_cds,population,38,0.018980899591404917,9.545900000375696
gradual_covariate_shift_v1,classical_cds,fraud,38,0.1331364121547076,7.2868999995989725
gradual_covariate_shift_v1,quantum_angle,population,38,0.0,20.225399999617366
gradual_covariate_shift_v1,quantum_angle,fraud,38,0.0,15.016200000900426
gradual_covariate_shift_v1,quantum_zz,population,38,0.00011859632385180507,115.46959999941464
gradual_covariate_shift_v1,quantum_zz,fraud,38,0.0,68.76129999909608
gradual_covariate_shift_v1,quantum_reupload,population,38,0.0160101295398154,38.32169999986945
gradual_covariate_shift_v1,quantum_reupload,fraud,38,0.0,26.968500000293716
gradual_covariate_shift_v1,mmd_rbf,population,38,0.0,34.63530000044557
gradual_covariate_shift_v1,mmd_rbf,fraud,38,0.0,13.429799999357783
gradual_covariate_shift_v1,domain_classifier,population,38,0.0,19.711999999344698
gradual_covariate_shift_v1,domain_classifier,fraud,38,0.03214814814814804,14.922399999704794
gradual_covariate_shift_v1,classical_cds,population,39,0.023926773150567442,7.869899998695473
gradual_covariate_shift_v1,classical_cds,fraud,39,,
gradual_covariate_shift_v1,quantum_angle,population,39,0.0,18.766999999570544
gradual_covariate_shift_v1,quantum_angle,fraud,39,,
gradual_covariate_shift_v1,quantum_zz,population,39,0.0,104.63110000091547
gradual_covariate_shift_v1,quantum_zz,fraud,39,,
gradual_covariate_shift_v1,quantum_reupload,population,39,0.0,35.14589999940654
gradual_covariate_shift_v1,quantum_reupload,fraud,39,,
gradual_covariate_shift_v1,mmd_rbf,population,39,0.0021043491755763366,35.09760000088136
gradual_covariate_shift_v1,mmd_rbf,fraud,39,,
gradual_covariate_shift_v1,domain_classifier,population,39,0.0,19.78860000053828
gradual_covariate_shift_v1,domain_classifier,fraud,39,,
gradual_covariate_shift_v1,classical_cds,population,40,0.03003131838925424,17.18819999950938
gradual_covariate_shift_v1,classical_cds,fraud,40,0.18972330394466733,2.8598999997484498
gradual_covariate_shift_v1,quantum_angle,population,40,0.0,19.271799999842187
gradual_covariate_shift_v1,quantum_angle,fraud,40,0.0,9.274899999581976
gradual_covariate_shift_v1,quantum_zz,population,40,0.0,103.5993999994389
gradual_covariate_shift_v1,quantum_zz,fraud,40,0.0,68.52269999944838
gradual_covariate_shift_v1,quantum_reupload,population,40,0.0,38.741700000173296
gradual_covariate_shift_v1,quantum_reupload,fraud,40,0.0,24.024899999858462
gradual_covariate_shift_v1,mmd_rbf,population,40,0.00811470150695226,44.64629999893077
gradual_covariate_shift_v1,mmd_rbf,fraud,40,0.00983917525997513,10.888400000112597
gradual_covariate_shift_v1,domain_classifier,population,40,0.14042222222222223,16.48679999925662
gradual_covariate_shift_v1,domain_classifier,fraud,40,0.1357723577235772,20.06759999858332
gradual_covariate_shift_v1,classical_cds,population,41,0.023978177604241813,8.566500000597443
gradual_covariate_shift_v1,classical_cds,fraud,41,0.3295276737052474,4.329099998358288
gradual_covariate_shift_v1,quantum_angle,population,41,0.0,12.889300000097137
gradual_covariate_shift_v1,quantum_angle,fraud,41,0.01160604569409196,11.415400000259979
gradual_covariate_shift_v1,quantum_zz,population,41,0.0,95.80379999897559
gradual_covariate_shift_v1,quantum_zz,fraud,41,0.020014339838202333,60.08810000093945
gradual_covariate_shift_v1,quantum_reupload,population,41,0.0,45.76410000117903
gradual_covariate_shift_v1,quantum_reupload,fraud,41,0.0,27.85800000128802
gradual_covariate_shift_v1,mmd_rbf,population,41,0.0,34.128200000850484
gradual_covariate_shift_v1,mmd_rbf,fraud,41,0.0,11.222400000406196
gradual_covariate_shift_v1,domain_classifier,population,41,0.057355555555555604,21.40519999920798
gradual_covariate_shift_v1,domain_classifier,fraud,41,0.0,17.579200000909623
gradual_covariate_shift_v1,classical_cds,population,42,0.025261152800331584,9.493300000031013
gradual_covariate_shift_v1,classical_cds,fraud,42,0.3383319365799108,5.068599999503931
gradual_covariate_shift_v1,quantum_angle,population,42,0.0,15.229700000418234
gradual_covariate_shift_v1,quantum_angle,fraud,42,0.0,9.207600000081584
gradual_covariate_shift_v1,quantum_zz,population,42,0.0,127.41929999901913
gradual_covariate_shift_v1,quantum_zz,fraud,42,0.0,69.98430000021472
gradual_covariate_shift_v1,quantum_reupload,population,42,0.0,35.77490000134276
gradual_covariate_shift_v1,quantum_reupload,fraud,42,0.0,28.933900000993162
gradual_covariate_shift_v1,mmd_rbf,population,42,0.008785257849924122,38.3311000005051
gradual_covariate_shift_v1,mmd_rbf,fraud,42,0.031157163384994968,12.456399999791756
gradual_covariate_shift_v1,domain_classifier,population,42,0.0,22.413299999243463
gradual_covariate_shift_v1,domain_classifier,fraud,42,0.14901960784313717,24.89139999852341
gradual_covariate_shift_v1,classical_cds,population,43,0.032649969778752855,12.11920000059763
gradual_covariate_shift_v1,classical_cds,fraud,43,0.3078308231272654,3.3018999984051334
gradual_covariate_shift_v1,quantum_angle,population,43,0.0,14.160599999740953
gradual_covariate_shift_v1,quantum_angle,fraud,43,0.032129089138755784,8.868500000971835
gradual_covariate_shift_v1,quantum_zz,population,43,0.0,100.07179999956861
gradual_covariate_shift_v1,quantum_zz,fraud,43,0.04969016437794549,64.79580000086571
gradual_covariate_shift_v1,quantum_reupload,population,43,0.0,33.583799999178154
gradual_covariate_shift_v1,quantum_reupload,fraud,43,0.044252336113813406,24.30629999980738
gradual_covariate_shift_v1,mmd_rbf,population,43,0.0026755463073844243,37.261299999954645
gradual_covariate_shift_v1,mmd_rbf,fraud,43,0.0,9.292400000049383
gradual_covariate_shift_v1,domain_classifier,population,43,0.0,24.254300000393414
gradual_covariate_shift_v1,domain_classifier,fraud,43,0.0,21.04989999861573
gradual_covariate_shift_v1,classical_cds,population,44,0.031950790600319204,16.94339999994554
gradual_covariate_shift_v1,classical_cds,fraud,44,0.11920478449478304,2.619799999592942
gradual_covariate_shift_v1,quantum_angle,population,44,0.0,13.852499998392886
gradual_covariate_shift_v1,quantum_angle,fraud,44,0.09417018479859673,10.753299999123556
gradual_covariate_shift_v1,quantum_zz,population,44,0.00022769975015513033,98.5846000003221
gradual_covariate_shift_v1,quantum_zz,fraud,44,0.10232604154660907,76.93429999926593
gradual_covariate_shift_v1,quantum_reupload,population,44,0.0064353256052724905,35.90280000025814
gradual_covariate_shift_v1,quantum_reupload,fraud,44,0.12160858860060508,32.61480000037409
gradual_covariate_shift_v1,mmd_rbf,population,44,0.0,42.04070000014326
gradual_covariate_shift_v1,mmd_rbf,fraud,44,0.0,11.71030000114115
gradual_covariate_shift_v1,domain_classifier,population,44,0.06797777777777769,19.66079999874637
gradual_covariate_shift_v1,domain_classifier,fraud,44,0.0,19.693899999765563
gradual_covariate_shift_v1,classical_cds,population,45,0.02568829964916198,10.248000000501634
gradual_covariate_shift_v1,classical_cds,fraud,45,0.24615798940324668,2.5110000005952315
gradual_covariate_shift_v1,quantum_angle,population,45,0.007865120953035931,16.153300000951276
gradual_covariate_shift_v1,quantum_angle,fraud,45,0.011920850707539787,8.941100000811275
gradual_covariate_shift_v1,quantum_zz,population,45,0.00299032499512486,157.50449999904959
gradual_covariate_shift_v1,quantum_zz,fraud,45,0.0,68.85489999876881
gradual_covariate_shift_v1,quantum_reupload,population,45,0.01146081078031036,40.791100000205915
gradual_covariate_shift_v1,quantum_reupload,fraud,45,0.0,24.442800000542775
gradual_covariate_shift_v1,mmd_rbf,population,45,0.0,39.59559999930207
gradual_covariate_shift_v1,mmd_rbf,fraud,45,0.0,12.43849999991653
gradual_covariate_shift_v1,domain_classifier,population,45,0.023577777777777698,25.30300000034913
gradual_covariate_shift_v1,domain_classifier,fraud,45,0.03850877192982449,19.6949000001041
gradual_covariate_shift_v1,classical_cds,population,46,0.0251200343341782,8.551400000214926
gradual_covariate_shift_v1,classical_cds,fraud,46,0.25964351920880474,2.4401999999099644
gradual_covariate_shift_v1,quantum_angle,population,46,0.0,21.624599999995553
gradual_covariate_shift_v1,quantum_angle,fraud,46,0.0,13.138899999830755
gradual_covariate_shift_v1,quantum_zz,population,46,0.0,97.3511000011058
gradual_covariate_shift_v1,quantum_zz,fraud,46,0.0,66.09479999860923
gradual_covariate_shift_v1,quantum_reupload,population,46,0.0,31.739699999889126
gradual_covariate_shift_v1,quantum_reupload,fraud,46,0.0,26.162599999224767
gradual_covariate_shift_v1,mmd_rbf,population,46,0.0036490547661043315,35.68519999862474
gradual_covariate_shift_v1,mmd_rbf,fraud,46,0.0016301733854500178,11.674299999867799
gradual_covariate_shift_v1,domain_classifier,population,46,0.0,25.13120000003255
gradual_covariate_shift_v1,domain_classifier,fraud,46,0.08373983739837398,19.88280000114173
gradual_covariate_shift_v1,classical_cds,population,47,0.029282296872624028,16.528600001038285
gradual_covariate_shift_v1,classical_cds,fraud,47,0.1205379184827033,5.82120000035502
gradual_covariate_shift_v1,quantum_angle,population,47,0.0047565352321691234,17.23659999879601
gradual_covariate_shift_v1,quantum_angle,fraud,47,0.026061977174553164,8.623900001111906
gradual_covariate_shift_v1,quantum_zz,population,47,0.011641639563923278,98.0150000013964
gradual_covariate_shift_v1,quantum_zz,fraud,47,0.020768810336473598,77.18029999887221
gradual_covariate_shift_v1,quantum_reupload,population,47,0.02058428349902197,48.248200000671204
gradual_covariate_shift_v1,quantum_reupload,fraud,47,0.009015452967971904,25.686300001325435
gradual_covariate_shift_v1,mmd_rbf,population,47,0.0,33.06650000013178
gradual_covariate_shift_v1,mmd_rbf,fraud,47,0.0,11.480099999971571
gradual_covariate_shift_v1,domain_classifier,population,47,0.0,23.507800000516
gradual_covariate_shift_v1,domain_classifier,fraud,47,0.0,15.276800000719959
gradual_covariate_shift_v1,classical_cds,population,48,0.024767371526385966,9.315600000263657
gradual_covariate_shift_v1,classical_cds,fraud,48,0.14878081070314958,2.926099999967846
gradual_covariate_shift_v1,quantum_angle,population,48,0.0,15.011499999673106
gradual_covariate_shift_v1,quantum_angle,fraud,48,0.008763392393260072,12.98049999968498
gradual_covariate_shift_v1,quantum_zz,population,48,0.0,111.24860000018089
gradual_covariate_shift_v1,quantum_zz,fraud,48,0.030415010728116476,78.12529999864637
gradual_covariate_shift_v1,quantum_reupload,population,48,0.0,41.2493000003451
gradual_covariate_shift_v1,quantum_reupload,fraud,48,0.020917503905966806,27.82169999954931
gradual_covariate_shift_v1,mmd_rbf,population,48,0.0,37.263700000039535
gradual_covariate_shift_v1,mmd_rbf,fraud,48,0.0,16.652500000418513
gradual_covariate_shift_v1,domain_classifier,population,48,0.0,24.00870000019495
gradual_covariate_shift_v1,domain_classifier,fraud,48,0.0,19.560499998988234
gradual_covariate_shift_v1,classical_cds,population,49,0.02808679887460181,10.62149999961548
gradual_covariate_shift_v1,classical_cds,fraud,49,0.1350435930401629,2.696999999898253
gradual_covariate_shift_v1,quantum_angle,population,49,0.0,12.228500001583598
gradual_covariate_shift_v1,quantum_angle,fraud,49,0.0,10.652400000253692
gradual_covariate_shift_v1,quantum_zz,population,49,0.0,90.29089999967255
gradual_covariate_shift_v1,quantum_zz,fraud,49,0.0,70.22859999960929
gradual_covariate_shift_v1,quantum_reupload,population,49,0.0,39.38109999944572
gradual_covariate_shift_v1,quantum_reupload,fraud,49,0.0,30.147600000418606
gradual_covariate_shift_v1,mmd_rbf,population,49,0.0,36.59049999987474
gradual_covariate_shift_v1,mmd_rbf,fraud,49,0.0,13.258499999210471
gradual_covariate_shift_v1,domain_classifier,population,49,0.0,30.12459999990824
gradual_covariate_shift_v1,domain_classifier,fraud,49,0.0,19.391300000279443
gradual_covariate_shift_v1,classical_cds,population,50,0.04014993150784824,14.953599998989375
gradual_covariate_shift_v1,classical_cds,fraud,50,0.2197177388192355,2.7501000004122034
gradual_covariate_shift_v1,quantum_angle,population,50,0.0,14.869500000713742
gradual_covariate_shift_v1,quantum_angle,fraud,50,0.09320334267590291,10.254700000587036
gradual_covariate_shift_v1,quantum_zz,population,50,0.0,102.52149999905669
gradual_covariate_shift_v1,quantum_zz,fraud,50,0.08299274540521517,62.30099999993399
gradual_covariate_shift_v1,quantum_reupload,population,50,0.0,44.56959999879473
gradual_covariate_shift_v1,quantum_reupload,fraud,50,0.10610370773998035,33.05689999979222
gradual_covariate_shift_v1,mmd_rbf,population,50,0.0031108131823152085,42.76120000031369
gradual_covariate_shift_v1,mmd_rbf,fraud,50,0.0,13.008399999307585
gradual_covariate_shift_v1,domain_classifier,population,50,0.0,25.88070000092557
gradual_covariate_shift_v1,domain_classifier,fraud,50,0.021081081081081088,25.681300001451746
gradual_covariate_shift_v1,classical_cds,population,51,0.058057842639555754,20.616800000425428
gradual_covariate_shift_v1,classical_cds,fraud,51,0.18641862549029792,3.720900000189431
gradual_covariate_shift_v1,quantum_angle,population,51,0.07682184056894226,17.900000000736327
gradual_covariate_shift_v1,quantum_angle,fraud,51,0.13345969312932293,13.695099998585647
gradual_covariate_shift_v1,quantum_zz,population,51,0.06559660886504426,133.01709999905142
gradual_covariate_shift_v1,quantum_zz,fraud,51,0.08939032095620114,82.8034000005573
gradual_covariate_shift_v1,quantum_reupload,population,51,0.08406152481731877,52.95579999983602
gradual_covariate_shift_v1,quantum_reupload,fraud,51,0.11907254565984726,34.94169999976293
gradual_covariate_shift_v1,mmd_rbf,population,51,0.012532833384818698,47.1309000004112
gradual_covariate_shift_v1,mmd_rbf,fraud,51,0.04999627497171866,15.836100001251907
gradual_covariate_shift_v1,domain_classifier,population,51,0.04677777777777781,23.791800000253716
gradual_covariate_shift_v1,domain_classifier,fraud,51,0.26069444444444434,24.033100000451668
gradual_covariate_shift_v1,classical_cds,population,52,0.08230593199982056,20.909699998810538
gradual_covariate_shift_v1,classical_cds,fraud,52,0.36819645393234596,2.6656000009097625
gradual_covariate_shift_v1,quantum_angle,population,52,0.08926588290179904,14.601999999285908
gradual_covariate_shift_v1,quantum_angle,fraud,52,0.16890935927834916,13.145699998858618
gradual_covariate_shift_v1,quantum_zz,population,52,0.07589261642893319,119.74109999937355
gradual_covariate_shift_v1,quantum_zz,fraud,52,0.12219361190383726,74.45110000116983
gradual_covariate_shift_v1,quantum_reupload,population,52,0.09572571160556276,45.173000000431784
gradual_covariate_shift_v1,quantum_reupload,fraud,52,0.170229327508589,40.367499999774736
gradual_covariate_shift_v1,mmd_rbf,population,52,0.011043521927111,41.391299999304465
gradual_covariate_shift_v1,mmd_rbf,fraud,52,0.011687048595539373,11.922800000320422
gradual_covariate_shift_v1,domain_classifier,population,52,0.09248888888888906,30.89209999961895
gradual_covariate_shift_v1,domain_classifier,fraud,52,0.20546296296296296,28.788399999029934
gradual_covariate_shift_v1,classical_cds,population,53,0.08104136392322443,24.55270000064047
gradual_covariate_shift_v1,classical_cds,fraud,53,0.27291048767877024,5.225599999903352
gradual_covariate_shift_v1,quantum_angle,population,53,0.07913838999627398,29.664300000149524
gradual_covariate_shift_v1,quantum_angle,fraud,53,0.06820351944149672,17.498999999588705
gradual_covariate_shift_v1,quantum_zz,population,53,0.07103149930782204,158.8504000010289
gradual_covariate_shift_v1,quantum_zz,fraud,53,0.05189897993986059,125.787400000263
gradual_covariate_shift_v1,quantum_reupload,population,53,0.09117611553810367,69.10570000036387
gradual_covariate_shift_v1,quantum_reupload,fraud,53,0.04049758530945946,44.50829999950656
gradual_covariate_shift_v1,mmd_rbf,population,53,0.012073241674754875,43.80480000145326
gradual_covariate_shift_v1,mmd_rbf,fraud,53,0.00806729219030533,16.649099999995087
gradual_covariate_shift_v1,domain_classifier,population,53,0.07144444444444442,22.621000000071945
gradual_covariate_shift_v1,domain_classifier,fraud,53,0.1129523809523807,18.525000001318404
gradual_covariate_shift_v1,classical_cds,population,54,0.08946318610476636,18.062799999825074
gradual_covariate_shift_v1,classical_cds,fraud,54,0.2018617885496947,4.309899999498157
gradual_covariate_shift_v1,quantum_angle,population,54,0.11051104417043156,13.503300000593299
gradual_covariate_shift_v1,quantum_angle,fraud,54,0.2924051922810983,11.076099999627331
gradual_covariate_shift_v1,quantum_zz,population,54,0.10186978290820081,101.1121000010462
gradual_covariate_shift_v1,quantum_zz,fraud,54,0.24033697690600753,65.16440000086732
gradual_covariate_shift_v1,quantum_reupload,population,54,0.12216271093640585,40.83779999928083
gradual_covariate_shift_v1,quantum_reupload,fraud,54,0.2665167649492789,27.35980000034033
gradual_covariate_shift_v1,mmd_rbf,population,54,0.015261499100138298,36.2782000011066
gradual_covariate_shift_v1,mmd_rbf,fraud,54,0.056019167038060536,9.978699999919627
gradual_covariate_shift_v1,domain_classifier,population,54,0.07004444444444435,25.778699999136734
gradual_covariate_shift_v1,domain_classifier,fraud,54,0.12709401709401713,19.040399998630164
gradual_covariate_shift_v1,classical_cds,population,55,0.14895684707295606,25.522099998852354
gradual_covariate_shift_v1,classical_cds,fraud,55,0.25834235937700495,4.359200000180863
gradual_covariate_shift_v1,quantum_angle,population,55,0.1667289086902467,17.00909999999567
gradual_covariate_shift_v1,quantum_angle,fraud,55,0.3430528394305209,11.243700000704848
gradual_covariate_shift_v1,quantum_zz,population,55,0.14424206200397116,98.00429999995686
gradual_covariate_shift_v1,quantum_zz,fraud,55,0.295393175668315,70.38250000005064
gradual_covariate_shift_v1,quantum_reupload,population,55,0.17457159621967966,36.43920000104117
gradual_covariate_shift_v1,quantum_reupload,fraud,55,0.339794352546541,31.732699999338365
gradual_covariate_shift_v1,mmd_rbf,population,55,0.04498290441033559,36.23870000046736
gradual_covariate_shift_v1,mmd_rbf,fraud,55,0.10502249775641759,8.91340000089258
gradual_covariate_shift_v1,domain_classifier,population,55,0.2094666666666667,22.69220000016503
gradual_covariate_shift_v1,domain_classifier,fraud,55,0.25848484848484854,35.86189999987255
gradual_covariate_shift_v1,classical_cds,population,56,0.19091854950046105,36.19799999978568
gradual_covariate_shift_v1,classical_cds,fraud,56,0.19233495439766574,3.3731000003172085
gradual_covariate_shift_v1,quantum_angle,population,56,0.2606708196661083,16.208699998969678
gradual_covariate_shift_v1,quantum_angle,fraud,56,0.1429004986835194,11.559999999008141
gradual_covariate_shift_v1,quantum_zz,population,56,0.23683570127323983,114.63009999897622
gradual_covariate_shift_v1,quantum_zz,fraud,56,0.12898028590917376,60.981900000115274
gradual_covariate_shift_v1,quantum_reupload,population,56,0.28932748610649295,31.691800000771764
gradual_covariate_shift_v1,quantum_reupload,fraud,56,0.13851348583795242,23.525900000095135
gradual_covariate_shift_v1,mmd_rbf,population,56,0.09134140082192066,40.191100000811275
gradual_covariate_shift_v1,mmd_rbf,fraud,56,0.040009014534324594,14.55559999885736
gradual_covariate_shift_v1,domain_classifier,population,56,0.2938666666666667,20.86090000011609
gradual_covariate_shift_v1,domain_classifier,fraud,56,0.21483870967741936,18.609200000355486
gradual_covariate_shift_v1,classical_cds,population,57,0.23801391961316426,28.033000000505126
gradual_covariate_shift_v1,classical_cds,fraud,57,0.19592116237590973,2.7401000006648246
gradual_covariate_shift_v1,quantum_angle,population,57,0.21674462996614174,15.382600000521052
gradual_covariate_shift_v1,quantum_angle,fraud,57,0.20403629521168076,9.928699999363744
gradual_covariate_shift_v1,quantum_zz,population,57,0.19024578692426186,89.94549999988521
gradual_covariate_shift_v1,quantum_zz,fraud,57,0.15180194106234923,64.83450000087032
gradual_covariate_shift_v1,quantum_reupload,population,57,0.23288333223544588,33.77360000013141
gradual_covariate_shift_v1,quantum_reupload,fraud,57,0.18468074522283018,23.26350000112143
gradual_covariate_shift_v1,mmd_rbf,population,57,0.06115891555948205,32.79529999963415
gradual_covariate_shift_v1,mmd_rbf,fraud,57,0.03837507121585726,10.636400000294088
gradual_covariate_shift_v1,domain_classifier,population,57,0.22020000000000017,21.237300001303083
gradual_covariate_shift_v1,domain_classifier,fraud,57,0.2576666666666667,18.59409999997297
gradual_covariate_shift_v1,classical_cds,population,58,0.2550110155805513,30.428500000198255
gradual_covariate_shift_v1,classical_cds,fraud,58,0.3079004135547809,2.557100000558421
gradual_covariate_shift_v1,quantum_angle,population,58,0.2697433150284734,11.942799999815179
gradual_covariate_shift_v1,quantum_angle,fraud,58,0.35487522977926644,9.304499999416294
gradual_covariate_shift_v1,quantum_zz,population,58,0.23560867570968957,86.27080000042042
gradual_covariate_shift_v1,quantum_zz,fraud,58,0.30428526701532677,54.98809999880905
gradual_covariate_shift_v1,quantum_reupload,population,58,0.29760686295688754,34.08300000046438
gradual_covariate_shift_v1,quantum_reupload,fraud,58,0.326854194734689,24.005199999010074
gradual_covariate_shift_v1,mmd_rbf,population,58,0.09464703707928956,29.410400000415393
gradual_covariate_shift_v1,mmd_rbf,fraud,58,0.11833691637165167,11.657499999273568
gradual_covariate_shift_v1,domain_classifier,population,58,0.3204888888888888,21.94960000088031
gradual_covariate_shift_v1,domain_classifier,fraud,58,0.20419047619047626,16.529000000446104
gradual_covariate_shift_v1,classical_cds,population,59,0.2497908783917699,28.563199999553035
gradual_covariate_shift_v1,classical_cds,fraud,59,0.17529751412543756,2.5194000008923467
gradual_covariate_shift_v1,quantum_angle,population,59,0.24854123081809298,12.444500000128755
gradual_covariate_shift_v1,quantum_angle,fraud,59,0.2639974855339451,9.793200000785873
gradual_covariate_shift_v1,quantum_zz,population,59,0.22386040478165137,86.91109999926994
gradual_covariate_shift_v1,quantum_zz,fraud,59,0.21137941857686227,53.48319999939122
gradual_covariate_shift_v1,quantum_reupload,population,59,0.27378323643681635,30.022799999642302
gradual_covariate_shift_v1,quantum_reupload,fraud,59,0.24196659531690645,22.991199999523815
gradual_covariate_shift_v1,mmd_rbf,population,59,0.0977829563024728,32.356800000343355
gradual_covariate_shift_v1,mmd_rbf,fraud,59,0.0650646655699969,11.63020000058168
gradual_covariate_shift_v1,domain_classifier,population,59,0.2777555555555553,21.005399999921792
gradual_covariate_shift_v1,domain_classifier,fraud,59,0.3226190476190478,16.860699999597273
gradual_covariate_shift_v1,classical_cds,population,60,0.32042649883584523,32.19910000007076
gradual_covariate_shift_v1,classical_cds,fraud,60,0.39590681499927943,2.480400000422378
gradual_covariate_shift_v1,quantum_angle,population,60,0.3283261026277462,12.375800000882009
gradual_covariate_shift_v1,quantum_angle,fraud,60,0.3286686792598583,9.779099998922902
gradual_covariate_shift_v1,quantum_zz,population,60,0.2915404390946339,84.88630000101693
gradual_covariate_shift_v1,quantum_zz,fraud,60,0.32680123166155806,53.38829999891459
gradual_covariate_shift_v1,quantum_reupload,population,60,0.36473961956809087,30.767599999308004
gradual_covariate_shift_v1,quantum_reupload,fraud,60,0.3452246696781599,22.295999999187188
gradual_covariate_shift_v1,mmd_rbf,population,60,0.1464714649259753,37.87879999981669
gradual_covariate_shift_v1,mmd_rbf,fraud,60,0.11541719490501623,12.929200000144192
gradual_covariate_shift_v1,domain_classifier,population,60,0.3616222222222223,21.06669999920996
gradual_covariate_shift_v1,domain_classifier,fraud,60,0.14400000000000013,16.313699999955134
gradual_covariate_shift_v1,classical_cds,population,61,0.34829542198449054,33.24109999994107
gradual_covariate_shift_v1,classical_cds,fraud,61,0.24425465226954418,3.79139999859035
gradual_covariate_shift_v1,quantum_angle,population,61,0.3288313999849608,11.471200001324178
gradual_covariate_shift_v1,quantum_angle,fraud,61,0.4204920342711582,10.155199999644537
gradual_covariate_shift_v1,quantum_zz,population,61,0.28743211280234093,88.22829999917303
gradual_covariate_shift_v1,quantum_zz,fraud,61,0.36385948358714626,63.650300000517746
gradual_covariate_shift_v1,quantum_reupload,population,61,0.35906780136724603,34.22189999946568
gradual_covariate_shift_v1,quantum_reupload,fraud,61,0.40911646793616163,25.335899999845424
gradual_covariate_shift_v1,mmd_rbf,population,61,0.1404375674574294,32.59539999999106
gradual_covariate_shift_v1,mmd_rbf,fraud,61,0.16157282595582445,10.670499999832828
gradual_covariate_shift_v1,domain_classifier,population,61,0.3554666666666668,26.22470000096655
gradual_covariate_shift_v1,domain_classifier,fraud,61,0.3403252032520325,19.843000000037136
gradual_covariate_shift_v1,classical_cds,population,62,0.3528067748968011,34.17930000068736
gradual_covariate_shift_v1,classical_cds,fraud,62,0.4241910251767848,2.6283999995939666
gradual_covariate_shift_v1,quantum_angle,population,62,0.3564199572837048,13.773799999398761
gradual_covariate_shift_v1,quantum_angle,fraud,62,0.5264683816061171,11.379100000340259
gradual_covariate_shift_v1,quantum_zz,population,62,0.30985582991427707,91.15319999909843
gradual_covariate_shift_v1,quantum_zz,fraud,62,0.4519273470527079,59.208000000580796
gradual_covariate_shift_v1,quantum_reupload,population,62,0.3728552016997748,32.01720000106434
gradual_covariate_shift_v1,quantum_reupload,fraud,62,0.5077243198218683,23.092000001270208
gradual_covariate_shift_v1,mmd_rbf,population,62,0.16034218908989284,31.694300001618103
gradual_covariate_shift_v1,mmd_rbf,fraud,62,0.3219015205964335,10.615300001518335
gradual_covariate_shift_v1,domain_classifier,population,62,0.3896666666666668,21.258900000248104
gradual_covariate_shift_v1,domain_classifier,fraud,62,0.48754901960784314,16.179500000362168
gradual_covariate_shift_v1,classical_cds,population,63,0.4295538937496437,36.251399998946
gradual_covariate_shift_v1,classical_cds,fraud,63,0.24728348908900272,2.6443999995535705
gradual_covariate_shift_v1,quantum_angle,population,63,0.41462786758795633,11.925399998290231
gradual_covariate_shift_v1,quantum_angle,fraud,63,0.2912504768480976,9.768400001121336
gradual_covariate_shift_v1,quantum_zz,population,63,0.36847319717732663,88.40059999965888
gradual_covariate_shift_v1,quantum_zz,fraud,63,0.24842088347348013,64.39479999971809
gradual_covariate_shift_v1,quantum_reupload,population,63,0.44447967343484873,33.392299999832176
gradual_covariate_shift_v1,quantum_reupload,fraud,63,0.2607688254044451,23.92589999908523
gradual_covariate_shift_v1,mmd_rbf,population,63,0.2386661814034845,32.407999999122694
gradual_covariate_shift_v1,mmd_rbf,fraud,63,0.09092428753363602,12.592999999469612
gradual_covariate_shift_v1,domain_classifier,population,63,0.4252888888888888,23.048799999742187
gradual_covariate_shift_v1,domain_classifier,fraud,63,0.32486111111111104,16.214100000070175
gradual_covariate_shift_v1,classical_cds,population,64,0.4323560937638181,38.74349999932747
gradual_covariate_shift_v1,classical_cds,fraud,64,0.2858659725247891,2.64450000031502
gradual_covariate_shift_v1,quantum_angle,population,64,0.3807560254550091,11.588899998969282
gradual_covariate_shift_v1,quantum_angle,fraud,64,0.4275730450463384,10.43759999993199
gradual_covariate_shift_v1,quantum_zz,population,64,0.34544627976871,90.26499999890802
gradual_covariate_shift_v1,quantum_zz,fraud,64,0.36289921386712065,58.554899998853216
gradual_covariate_shift_v1,quantum_reupload,population,64,0.4224695606013368,32.81040000001667
gradual_covariate_shift_v1,quantum_reupload,fraud,64,0.3893555568152731,23.358200000075158
gradual_covariate_shift_v1,mmd_rbf,population,64,0.22356276934214603,30.81170000041311
gradual_covariate_shift_v1,mmd_rbf,fraud,64,0.2086472153676857,11.557400001038332
gradual_covariate_shift_v1,domain_classifier,population,64,0.45028888888888874,23.150300001361757
gradual_covariate_shift_v1,domain_classifier,fraud,64,0.4811666666666665,16.672199999447912
gradual_covariate_shift_v1,classical_cds,population,65,0.45477151950232536,41.030700000192155
gradual_covariate_shift_v1,classical_cds,fraud,65,0.21371346759271856,2.5664999993750826
gradual_covariate_shift_v1,quantum_angle,population,65,0.44203593319497037,12.285099999644444
gradual_covariate_shift_v1,quantum_angle,fraud,65,0.3887523563258771,9.204700001646415
gradual_covariate_shift_v1,quantum_zz,population,65,0.3934183366911962,87.01199999995879
gradual_covariate_shift_v1,quantum_zz,fraud,65,0.34227340472444623,55.74800000067626
gradual_covariate_shift_v1,quantum_reupload,population,65,0.4709121992248678,30.808699999397504
gradual_covariate_shift_v1,quantum_reupload,fraud,65,0.3681819676275597,23.265100000571692
gradual_covariate_shift_v1,mmd_rbf,population,65,0.22005764127448657,29.63110000018787
gradual_covariate_shift_v1,mmd_rbf,fraud,65,0.13761233814094886,8.60389999979816
gradual_covariate_shift_v1,domain_classifier,population,65,0.4423777777777782,22.166000000652275
gradual_covariate_shift_v1,domain_classifier,fraud,65,0.32125000000000004,16.69899999978952
gradual_covariate_shift_v1,classical_cds,population,66,0.47775887250440874,42.56110000096669
gradual_covariate_shift_v1,classical_cds,fraud,66,0.5293909782695649,2.735699999902863
gradual_covariate_shift_v1,quantum_angle,population,66,0.45411650420519856,12.090700000044308
gradual_covariate_shift_v1,quantum_angle,fraud,66,0.7478114811453251,10.033200000179932
gradual_covariate_shift_v1,quantum_zz,population,66,0.41474982570603514,85.34970000073372
gradual_covariate_shift_v1,quantum_zz,fraud,66,0.6239775566832004,53.92120000033174
gradual_covariate_shift_v1,quantum_reupload,population,66,0.499681793257185,31.987300000764662
gradual_covariate_shift_v1,quantum_reupload,fraud,66,0.7235263727486425,22.55239999976766
gradual_covariate_shift_v1,mmd_rbf,population,66,0.285741755894239,28.80609999920125
gradual_covariate_shift_v1,mmd_rbf,fraud,66,0.663312010763548,10.466300000189221
gradual_covariate_shift_v1,domain_classifier,population,66,0.5076222222222222,21.63950000067416
gradual_covariate_shift_v1,domain_classifier,fraud,66,0.7285271317829456,15.963900001224829
gradual_covariate_shift_v1,classical_cds,population,67,0.5085241594721295,47.498199999608914
gradual_covariate_shift_v1,classical_cds,fraud,67,0.46968377277088624,3.0198000004020287
gradual_covariate_shift_v1,quantum_angle,population,67,0.4992299416485627,12.60050000018964
gradual_covariate_shift_v1,quantum_angle,fraud,67,0.6300655743718309,8.88900000063586
gradual_covariate_shift_v1,quantum_zz,population,67,0.4450403667261502,83.39369999885093
gradual_covariate_shift_v1,quantum_zz,fraud,67,0.557370525913695,54.812000000310945
gradual_covariate_shift_v1,quantum_reupload,population,67,0.5340032513314038,32.69510000063747
gradual_covariate_shift_v1,quantum_reupload,fraud,67,0.5821270672706478,22.92469999883906
gradual_covariate_shift_v1,mmd_rbf,population,67,0.30769247423851764,29.930099999546655
gradual_covariate_shift_v1,mmd_rbf,fraud,67,0.41403036481682576,10.530699999435456
gradual_covariate_shift_v1,domain_classifier,population,67,0.560888888888889,22.343999999066
gradual_covariate_shift_v1,domain_classifier,fraud,67,0.6096969696969696,15.93700000012177
gradual_covariate_shift_v1,classical_cds,population,68,0.5133646121357474,48.31720000038331
gradual_covariate_shift_v1,classical_cds,fraud,68,0.4450255424933278,2.620999999635387
gradual_covariate_shift_v1,quantum_angle,population,68,0.48445091895293313,11.106300000392366
gradual_covariate_shift_v1,quantum_angle,fraud,68,0.7071195649934717,9.07790000019304
gradual_covariate_shift_v1,quantum_zz,population,68,0.4349412606351798,87.34709999953338
gradual_covariate_shift_v1,quantum_zz,fraud,68,0.5916042218367645,57.451700000456185
gradual_covariate_shift_v1,quantum_reupload,population,68,0.52248054512091,31.28820000165433
gradual_covariate_shift_v1,quantum_reupload,fraud,68,0.6694993501591966,23.290400000405498
gradual_covariate_shift_v1,mmd_rbf,population,68,0.3177111704970601,29.787399998895125
gradual_covariate_shift_v1,mmd_rbf,fraud,68,0.5066931264638452,9.415699998498894
gradual_covariate_shift_v1,domain_classifier,population,68,0.5200555555555557,26.251799999954528
gradual_covariate_shift_v1,domain_classifier,fraud,68,0.6109803921568628,21.399100000053295
gradual_covariate_shift_v1,classical_cds,population,69,0.5140892889077957,50.350699999398785
gradual_covariate_shift_v1,classical_cds,fraud,69,0.49486137453337664,3.257500000472646
gradual_covariate_shift_v1,quantum_angle,population,69,0.5403225601565561,13.44289999906323
gradual_covariate_shift_v1,quantum_angle,fraud,69,0.7963663242747773,11.231899999984307
gradual_covariate_shift_v1,quantum_zz,population,69,0.4927178943415429,101.13770000134537
gradual_covariate_shift_v1,quantum_zz,fraud,69,0.6772393663808254,64.55450000066776
gradual_covariate_shift_v1,quantum_reupload,population,69,0.5924337649028839,33.024500000465196
gradual_covariate_shift_v1,quantum_reupload,fraud,69,0.7552787252985278,25.666499999715597
gradual_covariate_shift_v1,mmd_rbf,population,69,0.3705171089117798,31.50189999905706
gradual_covariate_shift_v1,mmd_rbf,fraud,69,0.6693006990537238,12.083399999028188
gradual_covariate_shift_v1,domain_classifier,population,69,0.5962666666666667,26.92879999995057
gradual_covariate_shift_v1,domain_classifier,fraud,69,0.6205128205128205,17.989500000112457
gradual_covariate_shift_v1,classical_cds,population,70,0.5435900491389374,57.65430000064953
gradual_covariate_shift_v1,classical_cds,fraud,70,0.4547962858003369,2.6259000005666167
gradual_covariate_shift_v1,quantum_angle,population,70,0.550107005541562,12.595300000612042
gradual_covariate_shift_v1,quantum_angle,fraud,70,0.6937860571353702,10.70619999882183
gradual_covariate_shift_v1,quantum_zz,population,70,0.49427960254266,94.87800000169955
gradual_covariate_shift_v1,quantum_zz,fraud,70,0.5928511575355537,63.10229999871808
gradual_covariate_shift_v1,quantum_reupload,population,70,0.5992664894396558,32.43010000005597
gradual_covariate_shift_v1,quantum_reupload,fraud,70,0.6576337451491159,25.427200000194716
gradual_covariate_shift_v1,mmd_rbf,population,70,0.3802712578939256,32.94629999982135
gradual_covariate_shift_v1,mmd_rbf,fraud,70,0.5368670328499912,9.791299999051262
gradual_covariate_shift_v1,domain_classifier,population,70,0.5975999999999999,24.773999999524676
gradual_covariate_shift_v1,domain_classifier,fraud,70,0.6329333333333331,14.97890000064217
gradual_covariate_shift_v1,classical_cds,population,71,0.557820369939948,59.808300000440795
gradual_covariate_shift_v1,classical_cds,fraud,71,0.4698038292536084,4.527400000370108
gradual_covariate_shift_v1,quantum_angle,population,71,0.5552437496671925,11.316300000544288
gradual_covariate_shift_v1,quantum_angle,fraud,71,0.723330782772994,9.7697999990487
gradual_covariate_shift_v1,quantum_zz,population,71,0.5013029777841753,84.12789999965753
gradual_covariate_shift_v1,quantum_zz,fraud,71,0.6120377898644711,57.09310000020196
gradual_covariate_shift_v1,quantum_reupload,population,71,0.5980448602287625,30.972399999882327
gradual_covariate_shift_v1,quantum_reupload,fraud,71,0.6709850732026659,29.354399999647285
gradual_covariate_shift_v1,mmd_rbf,population,71,0.41230451952150715,33.646599998974125
gradual_covariate_shift_v1,mmd_rbf,fraud,71,0.5637913872055826,13.281100000313018
gradual_covariate_shift_v1,domain_classifier,population,71,0.6416,25.89549999902374
gradual_covariate_shift_v1,domain_classifier,fraud,71,0.711025641025641,20.31170000009297
gradual_covariate_shift_v1,classical_cds,population,72,0.5679306097683962,69.58429999940563
gradual_covariate_shift_v1,classical_cds,fraud,72,0.4907189753954066,2.9398000006040093
gradual_covariate_shift_v1,quantum_angle,population,72,0.6059000109056891,13.107800001307623
gradual_covariate_shift_v1,quantum_angle,fraud,72,0.7994729997917757,10.490200000276673
gradual_covariate_shift_v1,quantum_zz,population,72,0.5534605084568006,90.79449999990175
gradual_covariate_shift_v1,quantum_zz,fraud,72,0.6687654101435376,56.425799999487936
gradual_covariate_shift_v1,quantum_reupload,population,72,0.666027224843468,33.666199999061064
gradual_covariate_shift_v1,quantum_reupload,fraud,72,0.7323530522011827,24.57989999857091
gradual_covariate_shift_v1,mmd_rbf,population,72,0.4904620183303128,30.75640000133717
gradual_covariate_shift_v1,mmd_rbf,fraud,72,0.7776158724115654,10.811500000272645
gradual_covariate_shift_v1,domain_classifier,population,72,0.6757333333333335,22.91450000120676
gradual_covariate_shift_v1,domain_classifier,fraud,72,0.76,14.37889999942854
gradual_covariate_shift_v1,classical_cds,population,73,0.5961603708080114,74.9111000004632
gradual_covariate_shift_v1,classical_cds,fraud,73,0.5117361717917405,2.657500001078006
gradual_covariate_shift_v1,quantum_angle,population,73,0.6308432222098357,12.911099998746067
gradual_covariate_shift_v1,quantum_angle,fraud,73,0.8484860318946322,9.193399999276153
gradual_covariate_shift_v1,quantum_zz,population,73,0.5682815745545275,91.35559999958787
gradual_covariate_shift_v1,quantum_zz,fraud,73,0.7330946711852976,61.603799998920294
gradual_covariate_shift_v1,quantum_reupload,population,73,0.6772680510883591,34.71160000117379
gradual_covariate_shift_v1,quantum_reupload,fraud,73,0.7963724560501337,25.769199999558623
gradual_covariate_shift_v1,mmd_rbf,population,73,0.5226041737847535,32.86469999875408
gradual_covariate_shift_v1,mmd_rbf,fraud,73,0.7734938503604373,11.565799999516457
gradual_covariate_shift_v1,domain_classifier,population,73,0.7118,23.54670000022452
gradual_covariate_shift_v1,domain_classifier,fraud,73,0.8007246376811592,15.019599999504862
gradual_covariate_shift_v1,classical_cds,population,74,0.6259561770635208,89.63289999883273
gradual_covariate_shift_v1,classical_cds,fraud,74,0.5508438291183336,2.715900000112015
gradual_covariate_shift_v1,quantum_angle,population,74,0.7051179320420553,12.071099999957369
gradual_covariate_shift_v1,quantum_angle,fraud,74,0.8845109404696418,9.316100000432925
gradual_covariate_shift_v1,quantum_zz,population,74,0.638964356765349,91.72260000013921
gradual_covariate_shift_v1,quantum_zz,fraud,74,0.7418471618948372,60.93700000019453
gradual_covariate_shift_v1,quantum_reupload,population,74,0.7671073782993278,32.014700000218
gradual_covariate_shift_v1,quantum_reupload,fraud,74,0.851471191503909,30.126100000416045
gradual_covariate_shift_v1,mmd_rbf,population,74,0.6385871922031987,38.719800000762916
gradual_covariate_shift_v1,mmd_rbf,fraud,74,0.7927359166373932,14.764399998966837
gradual_covariate_shift_v1,domain_classifier,population,74,0.7757777777777777,23.04320000075677
gradual_covariate_shift_v1,domain_classifier,fraud,74,0.7545833333333334,18.683999998756917
gradual_covariate_shift_v1,classical_cds,population,75,0.6439967837796992,97.36589999920398
gradual_covariate_shift_v1,classical_cds,fraud,75,0.5625380846641096,2.868800000214833
gradual_covariate_shift_v1,quantum_angle,population,75,0.7204514811719318,12.207800000396674
gradual_covariate_shift_v1,quantum_angle,fraud,75,0.9236300466434186,9.920600001350977
gradual_covariate_shift_v1,quantum_zz,population,75,0.6458698101349245,89.71630000087316
gradual_covariate_shift_v1,quantum_zz,fraud,75,0.7898893975809367,58.47350000112783
gradual_covariate_shift_v1,quantum_reupload,population,75,0.7834574492148488,32.13040000082401
gradual_covariate_shift_v1,quantum_reupload,fraud,75,0.8619992572573099,24.73160000045027
gradual_covariate_shift_v1,mmd_rbf,population,75,0.661146316522796,34.68530000100145
gradual_covariate_shift_v1,mmd_rbf,fraud,75,1.0,11.749799999961397
gradual_covariate_shift_v1,domain_classifier,population,75,0.7944444444444443,22.494799999549286
gradual_covariate_shift_v1,domain_classifier,fraud,75,0.8993162393162393,13.442999999824679
gradual_covariate_shift_v1,classical_cds,population,76,0.670911542645877,104.43069999928412
gradual_covariate_shift_v1,classical_cds,fraud,76,0.5123225033203893,2.980399998705252
gradual_covariate_shift_v1,quantum_angle,population,76,0.7774507592445654,11.634199998297845
gradual_covariate_shift_v1,quantum_angle,fraud,76,0.8006933891405857,10.387499998614658
gradual_covariate_shift_v1,quantum_zz,population,76,0.6944606279760569,90.63269999933254
gradual_covariate_shift_v1,quantum_zz,fraud,76,0.6731774487259996,55.753399999957765
gradual_covariate_shift_v1,quantum_reupload,population,76,0.8315811877895525,31.69750000051863
gradual_covariate_shift_v1,quantum_reupload,fraud,76,0.7517218962214307,23.73510000143142
gradual_covariate_shift_v1,mmd_rbf,population,76,0.7123101165517596,33.6963999998261
gradual_covariate_shift_v1,mmd_rbf,fraud,76,0.7866574259859052,11.219699999855948
gradual_covariate_shift_v1,domain_classifier,population,76,0.8472666666666666,21.44369999950868
gradual_covariate_shift_v1,domain_classifier,fraud,76,0.8148412698412699,14.34519999929762
gradual_covariate_shift_v1,classical_cds,population,77,0.699081088016812,107.5684999996156
gradual_covariate_shift_v1,classical_cds,fraud,77,0.514308721347521,3.3125000009022187
gradual_covariate_shift_v1,quantum_angle,population,77,0.7884538445115885,11.587499999222928
gradual_covariate_shift_v1,quantum_angle,fraud,77,0.8753609870820729,9.532299998681992
gradual_covariate_shift_v1,quantum_zz,population,77,0.7143656879390974,86.14269999998214
gradual_covariate_shift_v1,quantum_zz,fraud,77,0.7453067656447265,63.33970000014233
gradual_covariate_shift_v1,quantum_reupload,population,77,0.8462361861045573,31.964699999662116
gradual_covariate_shift_v1,quantum_reupload,fraud,77,0.8216635701413715,23.504400000092573
gradual_covariate_shift_v1,mmd_rbf,population,77,0.7470685240015356,33.44880000076955
gradual_covariate_shift_v1,mmd_rbf,fraud,77,0.7944340413134336,10.816699999850243
gradual_covariate_shift_v1,domain_classifier,population,77,0.889888888888889,21.558300000833697
gradual_covariate_shift_v1,domain_classifier,fraud,77,0.878263888888889,14.852999998765881
gradual_covariate_shift_v1,classical_cds,population,78,0.7084627156884755,98.53370000018913
gradual_covariate_shift_v1,classical_cds,fraud,78,0.5875243079107816,2.623799999128096
gradual_covariate_shift_v1,quantum_angle,population,78,0.8077691759906822,11.920000000827713
gradual_covariate_shift_v1,quantum_angle,fraud,78,0.996698216356078,9.427799999684794
gradual_covariate_shift_v1,quantum_zz,population,78,0.7312994755436215,84.78229999855103
gradual_covariate_shift_v1,quantum_zz,fraud,78,0.8494873307764034,53.73370000052091
gradual_covariate_shift_v1,quantum_reupload,population,78,0.8723795026864084,31.652300000132527
gradual_covariate_shift_v1,quantum_reupload,fraud,78,0.9467946444434439,21.977300000799005
gradual_covariate_shift_v1,mmd_rbf,population,78,0.8535856872133345,28.359899999486515
gradual_covariate_shift_v1,mmd_rbf,fraud,78,1.0,8.517300000676187
gradual_covariate_shift_v1,domain_classifier,population,78,0.8931777777777778,22.32009999897855
gradual_covariate_shift_v1,domain_classifier,fraud,78,0.9933333333333334,14.483999999356456
gradual_covariate_shift_v1,classical_cds,population,79,0.7275882876625583,80.61029999953462
gradual_covariate_shift_v1,classical_cds,fraud,79,0.5935424526728268,3.6717999992106343
gradual_covariate_shift_v1,quantum_angle,population,79,0.8371426839013607,10.48830000036105
gradual_covariate_shift_v1,quantum_angle,fraud,79,0.9969665062595781,9.63679999949818
gradual_covariate_shift_v1,quantum_zz,population,79,0.7606266805425639,85.60230000148294
gradual_covariate_shift_v1,quantum_zz,fraud,79,0.8338354959500449,60.122700000647455
gradual_covariate_shift_v1,quantum_reupload,population,79,0.9016431241483354,28.086199999961536
gradual_covariate_shift_v1,quantum_reupload,fraud,79,0.9363927993040915,22.770700001274236
gradual_covariate_shift_v1,mmd_rbf,population,79,0.8545528648797658,27.17070000107924
gradual_covariate_shift_v1,mmd_rbf,fraud,79,1.0,10.683700000299723
gradual_covariate_shift_v1,domain_classifier,population,79,0.9322333333333335,25.407900000573136
gradual_covariate_shift_v1,domain_classifier,fraud,79,0.9933333333333334,14.715600000272389
gradual_covariate_shift_v1,classical_cds,population,80,0.7306862734348544,90.95779999915976
gradual_covariate_shift_v1,classical_cds,fraud,80,0.5841994847472631,2.7900000004592584
gradual_covariate_shift_v1,quantum_angle,population,80,0.8220940343838874,13.996199999382952
gradual_covariate_shift_v1,quantum_angle,fraud,80,0.9968758716627129,13.430200000584591
gradual_covariate_shift_v1,quantum_zz,population,80,0.7452440815208022,131.90930000018852
gradual_covariate_shift_v1,quantum_zz,fraud,80,0.8570445365330215,95.26129999903787
gradual_covariate_shift_v1,quantum_reupload,population,80,0.902963680310314,89.81060000041907
gradual_covariate_shift_v1,quantum_reupload,fraud,80,0.9365697143199923,67.06370000028983
gradual_covariate_shift_v1,mmd_rbf,population,80,0.8744124055847309,40.5678999995871
gradual_covariate_shift_v1,mmd_rbf,fraud,80,1.0,14.108400000623078
gradual_covariate_shift_v1,domain_classifier,population,80,0.9377222222222221,30.943300000217278
gradual_covariate_shift_v1,domain_classifier,fraud,80,0.9935,19.24739999958547
gradual_covariate_shift_v1,classical_cds,population,81,0.7282016939667634,110.28120000082708
gradual_covariate_shift_v1,classical_cds,fraud,81,0.5756365952228137,3.420800001549651
gradual_covariate_shift_v1,quantum_angle,population,81,0.8296246291964442,14.622900000176742
gradual_covariate_shift_v1,quantum_angle,fraud,81,0.9975316402836123,10.337199999412405
gradual_covariate_shift_v1,quantum_zz,population,81,0.7517138630692652,158.65500000109023
gradual_covariate_shift_v1,quantum_zz,fraud,81,0.8554865753278011,98.87229999912961
gradual_covariate_shift_v1,quantum_reupload,population,81,0.9015718958028175,39.17060000094352
gradual_covariate_shift_v1,quantum_reupload,fraud,81,0.9504202615628959,47.055199998794706
gradual_covariate_shift_v1,mmd_rbf,population,81,0.9169774970251654,38.260600000285194
gradual_covariate_shift_v1,mmd_rbf,fraud,81,0.9555080274870973,13.518500001737266
gradual_covariate_shift_v1,domain_classifier,population,81,0.9390999999999998,25.678800000605406
gradual_covariate_shift_v1,domain_classifier,fraud,81,0.9933333333333334,20.14710000003106
gradual_covariate_shift_v1,classical_cds,population,82,0.7283251002793204,113.34549999992305
gradual_covariate_shift_v1,classical_cds,fraud,82,0.5588275184007812,3.9342000000033295
gradual_covariate_shift_v1,quantum_angle,population,82,0.8428934139977395,14.801900000747992
gradual_covariate_shift_v1,quantum_angle,fraud,82,0.9975165548441043,13.647700001456542
gradual_covariate_shift_v1,quantum_zz,population,82,0.7543590167818061,112.07139999896754
gradual_covariate_shift_v1,quantum_zz,fraud,82,0.8503994041873869,74.33149999997113
gradual_covariate_shift_v1,quantum_reupload,population,82,0.9034325043708891,38.21870000138006
gradual_covariate_shift_v1,quantum_reupload,fraud,82,0.9385250568633062,29.548099999374244
gradual_covariate_shift_v1,mmd_rbf,population,82,0.8562361018313878,40.93950000060431
gradual_covariate_shift_v1,mmd_rbf,fraud,82,1.0,32.589399999778834
gradual_covariate_shift_v1,domain_classifier,population,82,0.9332555555555555,55.89770000005956
gradual_covariate_shift_v1,domain_classifier,fraud,82,0.9934814814814816,41.12580000037269
gradual_covariate_shift_v1,classical_cds,population,83,0.7289844852946559,143.08030000029248
gradual_covariate_shift_v1,classical_cds,fraud,83,0.5837187053723244,6.220999999641208
gradual_covariate_shift_v1,quantum_angle,population,83,0.8298690853826345,19.252899999628426
gradual_covariate_shift_v1,quantum_angle,fraud,83,0.9965869302180537,13.569300001108786
gradual_covariate_shift_v1,quantum_zz,population,83,0.7547414377395978,242.1780000004219
gradual_covariate_shift_v1,quantum_zz,fraud,83,0.8379061944346354,103.10849999950733
gradual_covariate_shift_v1,quantum_reupload,population,83,0.9037294544239407,51.02219999935187
gradual_covariate_shift_v1,quantum_reupload,fraud,83,0.9346014837443004,37.355899999965914
gradual_covariate_shift_v1,mmd_rbf,population,83,0.91569989033115,45.50169999856735
gradual_covariate_shift_v1,mmd_rbf,fraud,83,1.0,14.817299999776878
gradual_covariate_shift_v1,domain_classifier,population,83,0.9219333333333333,44.287599999734084
gradual_covariate_shift_v1,domain_classifier,fraud,83,0.9933333333333334,35.637900000438094
gradual_covariate_shift_v1,classical_cds,population,84,0.7308125820148147,156.61179999915475
gradual_covariate_shift_v1,classical_cds,fraud,84,0.5989189865205721,11.93789999888395
gradual_covariate_shift_v1,quantum_angle,population,84,0.8361196470692718,36.51490000083868
gradual_covariate_shift_v1,quantum_angle,fraud,84,0.997065441088793,20.1759999999922
gradual_covariate_shift_v1,quantum_zz,population,84,0.7545886851907884,186.06809999982943
gradual_covariate_shift_v1,quantum_zz,fraud,84,0.8327284913064111,92.6820000004227
gradual_covariate_shift_v1,quantum_reupload,population,84,0.90874598235207,47.449699999560835
gradual_covariate_shift_v1,quantum_reupload,fraud,84,0.9410703601791581,34.05720000046131
gradual_covariate_shift_v1,mmd_rbf,population,84,0.917208140269332,45.00019999977667
gradual_covariate_shift_v1,mmd_rbf,fraud,84,1.0,13.421499999822117
gradual_covariate_shift_v1,domain_classifier,population,84,0.9172555555555555,29.056699999273405
gradual_covariate_shift_v1,domain_classifier,fraud,84,0.993529411764706,20.13269999952172
gradual_covariate_shift_v1,classical_cds,population,85,0.7292585212316643,124.74640000073123
gradual_covariate_shift_v1,classical_cds,fraud,85,0.593607722692557,3.6914000011165626
gradual_covariate_shift_v1,quantum_angle,population,85,0.8335801646257834,14.879000000291853
gradual_covariate_shift_v1,quantum_angle,fraud,85,0.9974643529600343,10.407300000224495
gradual_covariate_shift_v1,quantum_zz,population,85,0.7550888187761099,111.03039999943576
gradual_covariate_shift_v1,quantum_zz,fraud,85,0.8358528352429464,67.6621000002342
gradual_covariate_shift_v1,quantum_reupload,population,85,0.8984660020129166,41.9581999994989
gradual_covariate_shift_v1,quantum_reupload,fraud,85,0.9333328324102023,35.10890000143263
gradual_covariate_shift_v1,mmd_rbf,population,85,0.8797068049493588,39.72869999961404
gradual_covariate_shift_v1,mmd_rbf,fraud,85,1.0,13.395399999353685
gradual_covariate_shift_v1,domain_classifier,population,85,0.9403333333333332,28.788100000383565
gradual_covariate_shift_v1,domain_classifier,fraud,85,0.9936752136752138,24.28680000048189
gradual_covariate_shift_v1,classical_cds,population,86,0.729611868937021,125.88700000014796
gradual_covariate_shift_v1,classical_cds,fraud,86,0.5865156943436834,3.8337000005412847
gradual_covariate_shift_v1,quantum_angle,population,86,0.8257307766916011,17.050899999958347
gradual_covariate_shift_v1,quantum_angle,fraud,86,0.9972299611104375,12.911300000268966
gradual_covariate_shift_v1,quantum_zz,population,86,0.7465769207547349,149.2309999994177
gradual_covariate_shift_v1,quantum_zz,fraud,86,0.8304418050674495,88.70899999965332
gradual_covariate_shift_v1,quantum_reupload,population,86,0.9060372021835286,52.60910000106378
gradual_covariate_shift_v1,quantum_reupload,fraud,86,0.9336036463300992,40.29569999875093
gradual_covariate_shift_v1,mmd_rbf,population,86,0.912312286342482,60.9612999996898
gradual_covariate_shift_v1,mmd_rbf,fraud,86,1.0,26.38450000085868
gradual_covariate_shift_v1,domain_classifier,population,86,0.9296777777777776,54.06300000140618
gradual_covariate_shift_v1,domain_classifier,fraud,86,0.9933333333333334,33.518099999128026
gradual_covariate_shift_v1,classical_cds,population,87,0.7338397094202467,140.29139999911422
gradual_covariate_shift_v1,classical_cds,fraud,87,0.6050568685234005,5.239500000243424
gradual_covariate_shift_v1,quantum_angle,population,87,0.8409012443080245,17.90189999883296
gradual_covariate_shift_v1,quantum_angle,fraud,87,0.9971841787802155,13.922099999035709
gradual_covariate_shift_v1,quantum_zz,population,87,0.7547520066176888,148.6323999997694
gradual_covariate_shift_v1,quantum_zz,fraud,87,0.8478820233568612,89.72929999981716
gradual_covariate_shift_v1,quantum_reupload,population,87,0.9060206380593328,41.61759999988135
gradual_covariate_shift_v1,quantum_reupload,fraud,87,0.9420450271577171,33.01660000033735
gradual_covariate_shift_v1,mmd_rbf,population,87,0.9410914126206753,43.76510000111011
gradual_covariate_shift_v1,mmd_rbf,fraud,87,1.0,15.4895999985456
gradual_covariate_shift_v1,domain_classifier,population,87,0.9360444444444442,32.0718000002671
gradual_covariate_shift_v1,domain_classifier,fraud,87,0.9933333333333334,27.506500000527012
gradual_covariate_shift_v1,classical_cds,population,88,0.7290063197828399,114.38420000013139
gradual_covariate_shift_v1,classical_cds,fraud,88,0.5983119194698684,3.862999999910244
gradual_covariate_shift_v1,quantum_angle,population,88,0.8202643594304334,15.164300000833464
gradual_covariate_shift_v1,quantum_angle,fraud,88,0.9970064292350571,10.775400000056834
gradual_covariate_shift_v1,quantum_zz,population,88,0.7431604429127083,124.565199999779
gradual_covariate_shift_v1,quantum_zz,fraud,88,0.848443568754402,150.0618999998551
gradual_covariate_shift_v1,quantum_reupload,population,88,0.8920887090393527,60.85319999874628
gradual_covariate_shift_v1,quantum_reupload,fraud,88,0.9422975587580406,56.62080000001879
gradual_covariate_shift_v1,mmd_rbf,population,88,0.886842338228564,65.06409999929019
gradual_covariate_shift_v1,mmd_rbf,fraud,88,1.0,20.730700000058278
gradual_covariate_shift_v1,domain_classifier,population,88,0.9395,38.26970000045549
gradual_covariate_shift_v1,domain_classifier,fraud,88,0.9934751773049646,25.655199999164324
gradual_covariate_shift_v1,classical_cds,population,89,0.7295675726010583,152.1429000003991
gradual_covariate_shift_v1,classical_cds,fraud,89,,
gradual_covariate_shift_v1,quantum_angle,population,89,0.8368448379745974,51.499900000635535
gradual_covariate_shift_v1,quantum_angle,fraud,89,,
gradual_covariate_shift_v1,quantum_zz,population,89,0.7561468311756507,308.88100000083796
gradual_covariate_shift_v1,quantum_zz,fraud,89,,
gradual_covariate_shift_v1,quantum_reupload,population,89,0.9077528268888903,139.4018999999389
gradual_covariate_shift_v1,quantum_reupload,fraud,89,,
gradual_covariate_shift_v1,mmd_rbf,population,89,0.9013592821270169,87.52950000052806
gradual_covariate_shift_v1,mmd_rbf,fraud,89,,
gradual_covariate_shift_v1,domain_classifier,population,89,0.9409888888888889,95.19530000034138
gradual_covariate_shift_v1,domain_classifier,fraud,89,,
gradual_covariate_shift_v1,classical_cds,population,90,0.729601540709329,159.9569000009069
gradual_covariate_shift_v1,classical_cds,fraud,90,0.5979977164631148,4.504399999859743
gradual_covariate_shift_v1,quantum_angle,population,90,0.8338707266927154,20.04049999959534
gradual_covariate_shift_v1,quantum_angle,fraud,90,0.9973455300173314,17.307000000073458
gradual_covariate_shift_v1,quantum_zz,population,90,0.7478268548271414,162.50709999985702
gradual_covariate_shift_v1,quantum_zz,fraud,90,0.8537902367502695,83.39209999940067
gradual_covariate_shift_v1,quantum_reupload,population,90,0.9013379600484742,46.353800000360934
gradual_covariate_shift_v1,quantum_reupload,fraud,90,0.9316031193992527,32.69279999949504
gradual_covariate_shift_v1,mmd_rbf,population,90,0.8700494333858417,36.745600000358536
gradual_covariate_shift_v1,mmd_rbf,fraud,90,1.0,13.920900000812253
gradual_covariate_shift_v1,domain_classifier,population,90,0.9336555555555557,24.346199999854434
gradual_covariate_shift_v1,domain_classifier,fraud,90,0.9933333333333334,16.997799999444396
gradual_covariate_shift_v1,classical_cds,population,91,0.7315976096156405,109.37920000105805
gradual_covariate_shift_v1,classical_cds,fraud,91,0.5825819042179903,3.269100001489278
gradual_covariate_shift_v1,quantum_angle,population,91,0.8413281638659382,13.252900000225054
gradual_covariate_shift_v1,quantum_angle,fraud,91,0.9965700603858574,10.56330000028538
gradual_covariate_shift_v1,quantum_zz,population,91,0.7601017672626837,108.62780000024941
gradual_covariate_shift_v1,quantum_zz,fraud,91,0.8356498629931046,70.1547999997274
gradual_covariate_shift_v1,quantum_reupload,population,91,0.9013953653125283,44.08859999966808
gradual_covariate_shift_v1,quantum_reupload,fraud,91,0.9424196334292086,27.77799999967101
gradual_covariate_shift_v1,mmd_rbf,population,91,0.9270736113073736,34.35609999905864
gradual_covariate_shift_v1,mmd_rbf,fraud,91,1.0,9.60050000139745
gradual_covariate_shift_v1,domain_classifier,population,91,0.9350444444444443,19.82799999859708
gradual_covariate_shift_v1,domain_classifier,fraud,91,0.9933333333333334,17.798799999582116
gradual_covariate_shift_v1,classical_cds,population,92,0.7292347930461622,98.16719999980705
gradual_covariate_shift_v1,classical_cds,fraud,92,0.5804969541618147,3.363599998920108
gradual_covariate_shift_v1,quantum_angle,population,92,0.8377273442541677,13.02179999947839
gradual_covariate_shift_v1,quantum_angle,fraud,92,0.9969696679741741,10.682999998607556
gradual_covariate_shift_v1,quantum_zz,population,92,0.7515959774516291,98.27150000091933
gradual_covariate_shift_v1,quantum_zz,fraud,92,0.8445658980493097,62.012399999730405
gradual_covariate_shift_v1,quantum_reupload,population,92,0.9047486848063873,35.64449999976205
gradual_covariate_shift_v1,quantum_reupload,fraud,92,0.9379914671613614,25.904899999659392
gradual_covariate_shift_v1,mmd_rbf,population,92,0.8851383661231609,28.38079999855836
gradual_covariate_shift_v1,mmd_rbf,fraud,92,1.0,10.42079999933776
gradual_covariate_shift_v1,domain_classifier,population,92,0.9414444444444445,26.07759999955306
gradual_covariate_shift_v1,domain_classifier,fraud,92,0.9933333333333334,15.016999999716063
gradual_covariate_shift_v1,classical_cds,population,93,0.7301130010515436,91.48979999918083
gradual_covariate_shift_v1,classical_cds,fraud,93,0.5877009565328797,2.786899998682202
gradual_covariate_shift_v1,quantum_angle,population,93,0.8314464694745254,12.996699999348493
gradual_covariate_shift_v1,quantum_angle,fraud,93,0.9971161680266439,9.378100001413259
gradual_covariate_shift_v1,quantum_zz,population,93,0.7504347584154407,89.5805999989534
gradual_covariate_shift_v1,quantum_zz,fraud,93,0.8550406206351384,55.4033000007621
gradual_covariate_shift_v1,quantum_reupload,population,93,0.9042790842207855,33.43539999877976
gradual_covariate_shift_v1,quantum_reupload,fraud,93,0.9457453400243766,24.01599999939208
gradual_covariate_shift_v1,mmd_rbf,population,93,0.9274144204800934,27.247199999692384
gradual_covariate_shift_v1,mmd_rbf,fraud,93,1.0,9.882099999231286
gradual_covariate_shift_v1,domain_classifier,population,93,0.9069444444444446,21.912799998972332
gradual_covariate_shift_v1,domain_classifier,fraud,93,0.9935416666666668,14.5410000004631
gradual_covariate_shift_v1,classical_cds,population,94,0.7278735495462016,85.8152999990125
gradual_covariate_shift_v1,classical_cds,fraud,94,0.5750739380906597,2.802399998472538
gradual_covariate_shift_v1,quantum_angle,population,94,0.8383053192875908,12.324100000114413
gradual_covariate_shift_v1,quantum_angle,fraud,94,0.9968660020063785,9.380999999848427
gradual_covariate_shift_v1,quantum_zz,population,94,0.7583695739929259,94.49779999886232
gradual_covariate_shift_v1,quantum_zz,fraud,94,0.8504805449961421,63.340999999127234
gradual_covariate_shift_v1,quantum_reupload,population,94,0.904437197791085,32.61699999893608
gradual_covariate_shift_v1,quantum_reupload,fraud,94,0.9308075194673733,25.742499999978463
gradual_covariate_shift_v1,mmd_rbf,population,94,0.8779265633886106,27.661399999487912
gradual_covariate_shift_v1,mmd_rbf,fraud,94,1.0,10.229200001049321
gradual_covariate_shift_v1,domain_classifier,population,94,0.9261666666666666,23.068300000886666
gradual_covariate_shift_v1,domain_classifier,fraud,94,0.9934751773049646,14.875599999868427
gradual_covariate_shift_v1,classical_cds,population,95,0.7286267113432082,87.41829999962647
gradual_covariate_shift_v1,classical_cds,fraud,95,0.5639187871014123,3.4873000004154164
gradual_covariate_shift_v1,quantum_angle,population,95,0.828620525649567,11.883400000442634
gradual_covariate_shift_v1,quantum_angle,fraud,95,0.9968993983162066,10.015800000473973
gradual_covariate_shift_v1,quantum_zz,population,95,0.7555301663992432,89.93920000102662
gradual_covariate_shift_v1,quantum_zz,fraud,95,0.8393215685105972,56.977599999299855
gradual_covariate_shift_v1,quantum_reupload,population,95,0.9039277795528092,30.489799999486422
gradual_covariate_shift_v1,quantum_reupload,fraud,95,0.9355967977675117,24.54059999945457
gradual_covariate_shift_v1,mmd_rbf,population,95,0.9222027956889864,28.47509999992326
gradual_covariate_shift_v1,mmd_rbf,fraud,95,1.0,9.199699999953737
gradual_covariate_shift_v1,domain_classifier,population,95,0.9400222222222223,20.884400000795722
gradual_covariate_shift_v1,domain_classifier,fraud,95,0.9934920634920636,15.18729999952484
gradual_covariate_shift_v1,classical_cds,population,96,0.7315781496495368,87.06249999886495
gradual_covariate_shift_v1,classical_cds,fraud,96,0.5751501195296547,2.834400000210735
gradual_covariate_shift_v1,quantum_angle,population,96,0.8291746385124696,12.35360000100627
gradual_covariate_shift_v1,quantum_angle,fraud,96,0.996942107175614,9.17699999990873
gradual_covariate_shift_v1,quantum_zz,population,96,0.7569117636130198,84.59790000051726
gradual_covariate_shift_v1,quantum_zz,fraud,96,0.8477459862528232,56.23070000001462
gradual_covariate_shift_v1,quantum_reupload,population,96,0.9032599591382768,29.24189999976079
gradual_covariate_shift_v1,quantum_reupload,fraud,96,0.9427670139785729,23.922799999127164
gradual_covariate_shift_v1,mmd_rbf,population,96,0.9282246393404237,26.13769999879878
gradual_covariate_shift_v1,mmd_rbf,fraud,96,1.0,9.819900000366033
gradual_covariate_shift_v1,domain_classifier,population,96,0.9318777777777778,20.50549999876239
gradual_covariate_shift_v1,domain_classifier,fraud,96,0.9933333333333334,15.986100001100567
gradual_covariate_shift_v1,classical_cds,population,97,0.7305076185691838,82.8352000007726
gradual_covariate_shift_v1,classical_cds,fraud,97,0.5745382529767248,2.5033000001712935
gradual_covariate_shift_v1,quantum_angle,population,97,0.826667339518756,13.692200000150478
gradual_covariate_shift_v1,quantum_angle,fraud,97,0.9970639640773685,10.260600000037812
gradual_covariate_shift_v1,quantum_zz,population,97,0.7478940768701531,85.99449999928765
gradual_covariate_shift_v1,quantum_zz,fraud,97,0.8409337371340067,53.73830000098678
gradual_covariate_shift_v1,quantum_reupload,population,97,0.8984004571490325,31.68990000085614
gradual_covariate_shift_v1,quantum_reupload,fraud,97,0.9445207972852022,22.61970000108704
gradual_covariate_shift_v1,mmd_rbf,population,97,0.957177140964488,26.473300000361633
gradual_covariate_shift_v1,mmd_rbf,fraud,97,1.0,9.105900000577094
gradual_covariate_shift_v1,domain_classifier,population,97,0.9361000000000002,22.28610000020126
gradual_covariate_shift_v1,domain_classifier,fraud,97,0.993684210526316,14.984400000685127
gradual_covariate_shift_v1,classical_cds,population,98,0.7293861203414213,83.99540000027628
gradual_covariate_shift_v1,classical_cds,fraud,98,0.6008420046248719,2.6228999995510094
gradual_covariate_shift_v1,quantum_angle,population,98,0.841715344874736,11.771800000133226
gradual_covariate_shift_v1,quantum_angle,fraud,98,0.997288503312015,8.254200000010314
gradual_covariate_shift_v1,quantum_zz,population,98,0.7604187594028216,84.09149999897636
gradual_covariate_shift_v1,quantum_zz,fraud,98,0.8605412546328061,54.872400000022026
gradual_covariate_shift_v1,quantum_reupload,population,98,0.9041458698896808,29.823700000633835
gradual_covariate_shift_v1,quantum_reupload,fraud,98,0.9374270574949605,25.195500000336324
gradual_covariate_shift_v1,mmd_rbf,population,98,0.8854247675802622,25.927900000169757
gradual_covariate_shift_v1,mmd_rbf,fraud,98,1.0,10.124899999937043
gradual_covariate_shift_v1,domain_classifier,population,98,0.9406444444444446,25.67799999997078
gradual_covariate_shift_v1,domain_classifier,fraud,98,0.9936585365853658,13.957199998912984
gradual_covariate_shift_v1,classical_cds,population,99,0.7297114596911511,89.41620000041439
gradual_covariate_shift_v1,classical_cds,fraud,99,0.5676689245668691,2.6349999989179196
gradual_covariate_shift_v1,quantum_angle,population,99,0.843380919422311,13.142800000423449
gradual_covariate_shift_v1,quantum_angle,fraud,99,0.9971863974320099,8.623300000181189
gradual_covariate_shift_v1,quantum_zz,population,99,0.7590123088574995,86.63919999889913
gradual_covariate_shift_v1,quantum_zz,fraud,99,0.8433809623654156,56.3691999996081
gradual_covariate_shift_v1,quantum_reupload,population,99,0.9032632283013419,31.093499999769847
gradual_covariate_shift_v1,quantum_reupload,fraud,99,0.9436717507116079,32.063900000139256
gradual_covariate_shift_v1,mmd_rbf,population,99,0.8852225718257862,30.78030000142462
gradual_covariate_shift_v1,mmd_rbf,fraud,99,1.0,18.03260000087903
gradual_covariate_shift_v1,domain_classifier,population,99,0.9381999999999999,36.06249999938882
gradual_covariate_shift_v1,domain_classifier,fraud,99,0.9933333333333334,19.028500000786153
sudden_covariate_shift_v2,classical_cds,population,0,0.020587504985471114,9.916499999235384
sudden_covariate_shift_v2,classical_cds,fraud,0,0.36099152490445763,4.741000000649365
sudden_covariate_shift_v2,quantum_angle,population,0,0.0,13.243599998531863
sudden_covariate_shift_v2,quantum_angle,fraud,0,0.0,10.455699999511125
sudden_covariate_shift_v2,quantum_zz,population,0,0.0,99.02780000084022
sudden_covariate_shift_v2,quantum_zz,fraud,0,0.0,56.67129999892495
sudden_covariate_shift_v2,quantum_reupload,population,0,0.0,34.58649999993213
sudden_covariate_shift_v2,quantum_reupload,fraud,0,0.011906415067818088,27.205899999898975
sudden_covariate_shift_v2,mmd_rbf,population,0,0.0,28.088700000807876
sudden_covariate_shift_v2,mmd_rbf,fraud,0,0.0,8.540299999367562
sudden_covariate_shift_v2,domain_classifier,population,0,0.0,23.714599999948405
sudden_covariate_shift_v2,domain_classifier,fraud,0,0.125,15.903499999694759
sudden_covariate_shift_v2,classical_cds,population,1,0.02147201825854387,8.265399999800138
sudden_covariate_shift_v2,classical_cds,fraud,1,0.13058127370204825,3.1600000002072193
sudden_covariate_shift_v2,quantum_angle,population,1,0.0,11.666200000036042
sudden_covariate_shift_v2,quantum_angle,fraud,1,0.0,10.444300000017392
sudden_covariate_shift_v2,quantum_zz,population,1,0.0,92.06409999933385
sudden_covariate_shift_v2,quantum_zz,fraud,1,0.0,86.91429999998945
sudden_covariate_shift_v2,quantum_reupload,population,1,0.0,62.222900000051595
sudden_covariate_shift_v2,quantum_reupload,fraud,1,0.0,42.526000001089415
sudden_covariate_shift_v2,mmd_rbf,population,1,0.0010694903854104876,38.937900000746595
sudden_covariate_shift_v2,mmd_rbf,fraud,1,0.0,15.725499999462045
sudden_covariate_shift_v2,domain_classifier,population,1,0.04420000000000002,28.459499999371474
sudden_covariate_shift_v2,domain_classifier,fraud,1,0.0033333333333334103,23.564199998872937
sudden_covariate_shift_v2,classical_cds,population,2,0.02850059036856887,18.141799999284558
sudden_covariate_shift_v2,classical_cds,fraud,2,0.12824201516434924,5.373199999667122
sudden_covariate_shift_v2,quantum_angle,population,2,0.04127201899995758,19.28790000056324
sudden_covariate_shift_v2,quantum_angle,fraud,2,0.055905695598002625,8.425100000749808
sudden_covariate_shift_v2,quantum_zz,population,2,0.03464973185598974,133.09180000032939
sudden_covariate_shift_v2,quantum_zz,fraud,2,0.062322485305150166,88.2755000002362
sudden_covariate_shift_v2,quantum_reupload,population,2,0.05237964692449082,38.77939999983937
sudden_covariate_shift_v2,quantum_reupload,fraud,2,0.05574914014462384,31.81879999829107
sudden_covariate_shift_v2,mmd_rbf,population,2,0.0003681090945295562,35.149299999829964
sudden_covariate_shift_v2,mmd_rbf,fraud,2,0.0,13.912399999753688
sudden_covariate_shift_v2,domain_classifier,population,2,0.010533333333333283,30.608200000642682
sudden_covariate_shift_v2,domain_classifier,fraud,2,0.0,21.469999999681022
sudden_covariate_shift_v2,classical_cds,population,3,0.028507599085400945,13.70649999989837
sudden_covariate_shift_v2,classical_cds,fraud,3,0.25854148388536724,3.5045999993599253
sudden_covariate_shift_v2,quantum_angle,population,3,0.0,16.31439999982831
sudden_covariate_shift_v2,quantum_angle,fraud,3,0.0,12.33229999888863
sudden_covariate_shift_v2,quantum_zz,population,3,0.0,195.79259999954957
sudden_covariate_shift_v2,quantum_zz,fraud,3,0.0,97.2472999983438
sudden_covariate_shift_v2,quantum_reupload,population,3,0.0,72.83880000068166
sudden_covariate_shift_v2,quantum_reupload,fraud,3,0.0,41.68229999959294
sudden_covariate_shift_v2,mmd_rbf,population,3,0.0,45.24949999904493
sudden_covariate_shift_v2,mmd_rbf,fraud,3,0.01008582331980068,16.586399999141577
sudden_covariate_shift_v2,domain_classifier,population,3,0.02495555555555562,31.705499999588937
sudden_covariate_shift_v2,domain_classifier,fraud,3,0.0,31.009399999675225
sudden_covariate_shift_v2,classical_cds,population,4,0.027920385283361035,17.078500000934582
sudden_covariate_shift_v2,classical_cds,fraud,4,0.08441979323753006,6.040400001438684
sudden_covariate_shift_v2,quantum_angle,population,4,0.0,21.089800000481773
sudden_covariate_shift_v2,quantum_angle,fraud,4,0.03387100916872732,21.99749999999767
sudden_covariate_shift_v2,quantum_zz,population,4,0.0,152.5039000007382
sudden_covariate_shift_v2,quantum_zz,fraud,4,0.03208549162687546,95.26559999903839
sudden_covariate_shift_v2,quantum_reupload,population,4,0.0,46.40289999952074
sudden_covariate_shift_v2,quantum_reupload,fraud,4,0.039081614298906775,44.512399999803165
sudden_covariate_shift_v2,mmd_rbf,population,4,0.0028798095053717,50.14140000093903
sudden_covariate_shift_v2,mmd_rbf,fraud,4,0.0,13.622700000269106
sudden_covariate_shift_v2,domain_classifier,population,4,0.015444444444444372,21.350300001358846
sudden_covariate_shift_v2,domain_classifier,fraud,4,0.0,16.52970000031928
sudden_covariate_shift_v2,classical_cds,population,5,0.03334526490209183,12.461899999834714
sudden_covariate_shift_v2,classical_cds,fraud,5,0.33614363245275086,2.8060999993613223
sudden_covariate_shift_v2,quantum_angle,population,5,0.02755089549771106,14.2651999994996
sudden_covariate_shift_v2,quantum_angle,fraud,5,0.0003565834479096752,9.518799999568728
sudden_covariate_shift_v2,quantum_zz,population,5,0.02781343744700604,93.95410000070115
sudden_covariate_shift_v2,quantum_zz,fraud,5,0.0,87.94099999977334
sudden_covariate_shift_v2,quantum_reupload,population,5,0.03853656432269903,32.75720000056026
sudden_covariate_shift_v2,quantum_reupload,fraud,5,0.0,24.733299998842995
sudden_covariate_shift_v2,mmd_rbf,population,5,0.0007391714593345533,39.82170000017504
sudden_covariate_shift_v2,mmd_rbf,fraud,5,0.002230895506200703,10.862299999644165
sudden_covariate_shift_v2,domain_classifier,population,5,0.0,29.93590000005497
sudden_covariate_shift_v2,domain_classifier,fraud,5,0.12829629629629613,17.031699999279226
sudden_covariate_shift_v2,classical_cds,population,6,0.028183810896991533,10.809299999891664
sudden_covariate_shift_v2,classical_cds,fraud,6,0.15851400270638868,3.3153999993373873
sudden_covariate_shift_v2,quantum_angle,population,6,0.0,12.333900000157882
sudden_covariate_shift_v2,quantum_angle,fraud,6,0.0,16.466099999888684
sudden_covariate_shift_v2,quantum_zz,population,6,0.0,88.04889999919396
sudden_covariate_shift_v2,quantum_zz,fraud,6,0.0,62.78559999918798
sudden_covariate_shift_v2,quantum_reupload,population,6,0.0,38.28390000126092
sudden_covariate_shift_v2,quantum_reupload,fraud,6,0.0,24.96670000073209
sudden_covariate_shift_v2,mmd_rbf,population,6,0.008937893623888638,29.083100000207196
sudden_covariate_shift_v2,mmd_rbf,fraud,6,0.004051543547324288,9.235900000930997
sudden_covariate_shift_v2,domain_classifier,population,6,0.07126666666666659,22.48940000026778
sudden_covariate_shift_v2,domain_classifier,fraud,6,0.0,19.8127999992721
sudden_covariate_shift_v2,classical_cds,population,7,0.022904524896915954,13.707500000236905
sudden_covariate_shift_v2,classical_cds,fraud,7,0.2332960799570603,3.609600000345381
sudden_covariate_shift_v2,quantum_angle,population,7,0.0,15.765699999974458
sudden_covariate_shift_v2,quantum_angle,fraud,7,0.062494916043249193,10.35520000004908
sudden_covariate_shift_v2,quantum_zz,population,7,0.0,108.95040000104927
sudden_covariate_shift_v2,quantum_zz,fraud,7,0.07001393745425355,73.33209999887913
sudden_covariate_shift_v2,quantum_reupload,population,7,0.0,41.83689999990747
sudden_covariate_shift_v2,quantum_reupload,fraud,7,0.04931327229731952,32.82089999993332
sudden_covariate_shift_v2,mmd_rbf,population,7,0.0,30.917999998564483
sudden_covariate_shift_v2,mmd_rbf,fraud,7,0.0,13.00690000061877
sudden_covariate_shift_v2,domain_classifier,population,7,0.030466666666666642,18.853600000511506
sudden_covariate_shift_v2,domain_classifier,fraud,7,0.0,21.25009999872418
sudden_covariate_shift_v2,classical_cds,population,8,0.025412027797664563,12.364700000034645
sudden_covariate_shift_v2,classical_cds,fraud,8,0.36276810850877295,2.4401000009675045
sudden_covariate_shift_v2,quantum_angle,population,8,0.0,16.593399999692338
sudden_covariate_shift_v2,quantum_angle,fraud,8,0.0,12.863699999797973
sudden_covariate_shift_v2,quantum_zz,population,8,0.0,103.42040000068664
sudden_covariate_shift_v2,quantum_zz,fraud,8,0.0,59.91779999931168
sudden_covariate_shift_v2,quantum_reupload,population,8,0.0,53.61079999966023
sudden_covariate_shift_v2,quantum_reupload,fraud,8,0.0,34.77469999961613
sudden_covariate_shift_v2,mmd_rbf,population,8,0.0025612896123015094,37.609899998642504
sudden_covariate_shift_v2,mmd_rbf,fraud,8,0.04164436197748844,12.884199999461998
sudden_covariate_shift_v2,domain_classifier,population,8,0.0,20.446399999855203
sudden_covariate_shift_v2,domain_classifier,fraud,8,0.21038759689922482,16.190299998925184
sudden_covariate_shift_v2,classical_cds,population,9,0.021446835290431208,8.996200000183308
sudden_covariate_shift_v2,classical_cds,fraud,9,0.2521412734848249,2.473499998814077
sudden_covariate_shift_v2,quantum_angle,population,9,0.0,14.20469999902707
sudden_covariate_shift_v2,quantum_angle,fraud,9,0.019419149258767976,7.857700000386103
sudden_covariate_shift_v2,quantum_zz,population,9,0.0,117.60150000009162
sudden_covariate_shift_v2,quantum_zz,fraud,9,0.025698950754435068,63.25939999987895
sudden_covariate_shift_v2,quantum_reupload,population,9,0.0,47.191900001053
sudden_covariate_shift_v2,quantum_reupload,fraud,9,0.027305824992142735,31.297399998948094
sudden_covariate_shift_v2,mmd_rbf,population,9,0.0029350299584685047,33.85650000018359
sudden_covariate_shift_v2,mmd_rbf,fraud,9,0.0,8.078999999270309
sudden_covariate_shift_v2,domain_classifier,population,9,0.038733333333333286,28.514300000097137
sudden_covariate_shift_v2,domain_classifier,fraud,9,0.0,21.401100000730366
sudden_covariate_shift_v2,classical_cds,population,10,0.03730420015261065,12.980999999854248
sudden_covariate_shift_v2,classical_cds,fraud,10,0.2133166470083396,2.3981999984243885
sudden_covariate_shift_v2,quantum_angle,population,10,0.0,12.866499999290681
sudden_covariate_shift_v2,quantum_angle,fraud,10,0.0,10.47649999964051
sudden_covariate_shift_v2,quantum_zz,population,10,0.0,102.64760000063688
sudden_covariate_shift_v2,quantum_zz,fraud,10,0.0,66.48760000098264
sudden_covariate_shift_v2,quantum_reupload,population,10,0.0,30.314399999042507
sudden_covariate_shift_v2,quantum_reupload,fraud,10,0.0,22.82259999992675
sudden_covariate_shift_v2,mmd_rbf,population,10,0.0,28.908899999805726
sudden_covariate_shift_v2,mmd_rbf,fraud,10,0.0,13.809399999445304
sudden_covariate_shift_v2,domain_classifier,population,10,0.06373333333333342,19.180400000550435
sudden_covariate_shift_v2,domain_classifier,fraud,10,0.031985815602836976,16.94339999994554
sudden_covariate_shift_v2,classical_cds,population,11,0.02596126227933107,11.135999999169144
sudden_covariate_shift_v2,classical_cds,fraud,11,0.1644362089512332,3.0030999987502582
sudden_covariate_shift_v2,quantum_angle,population,11,0.0,11.084200001278077
sudden_covariate_shift_v2,quantum_angle,fraud,11,0.07881224784490781,10.752500000307919
sudden_covariate_shift_v2,quantum_zz,population,11,0.0,97.50770000027842
sudden_covariate_shift_v2,quantum_zz,fraud,11,0.08249409724593748,71.21439999900758
sudden_covariate_shift_v2,quantum_reupload,population,11,0.004970246210343698,43.951300000117044
sudden_covariate_shift_v2,quantum_reupload,fraud,11,0.05844559315521025,28.401800000210642
sudden_covariate_shift_v2,mmd_rbf,population,11,0.0031401375589203973,36.28539999954228
sudden_covariate_shift_v2,mmd_rbf,fraud,11,0.0008629523880927525,9.345299999040435
sudden_covariate_shift_v2,domain_classifier,population,11,0.06197777777777791,24.56470000106492
sudden_covariate_shift_v2,domain_classifier,fraud,11,0.08274509803921548,19.611599998825113
sudden_covariate_shift_v2,classical_cds,population,12,0.03157107746505221,14.065700001083314
sudden_covariate_shift_v2,classical_cds,fraud,12,0.26459993033611173,2.7258000009169336
sudden_covariate_shift_v2,quantum_angle,population,12,0.0,14.545199999702163
sudden_covariate_shift_v2,quantum_angle,fraud,12,0.07227598716969008,14.65230000030715
sudden_covariate_shift_v2,quantum_zz,population,12,0.0,134.2146999995748
sudden_covariate_shift_v2,quantum_zz,fraud,12,0.07530713267795752,100.56540000005043
sudden_covariate_shift_v2,quantum_reupload,population,12,0.0,60.22099999972852
sudden_covariate_shift_v2,quantum_reupload,fraud,12,0.10968037137881392,29.119699998773285
sudden_covariate_shift_v2,mmd_rbf,population,12,0.0008744977882186866,31.057300000611576
sudden_covariate_shift_v2,mmd_rbf,fraud,12,0.022164924258120777,12.071499999365187
sudden_covariate_shift_v2,domain_classifier,population,12,0.05242222222222215,22.835499999928288
sudden_covariate_shift_v2,domain_classifier,fraud,12,0.04162162162162164,22.628400000030524
sudden_covariate_shift_v2,classical_cds,population,13,0.01977039602170543,11.5217999991728
sudden_covariate_shift_v2,classical_cds,fraud,13,0.1791216046819044,3.6064999985683244
sudden_covariate_shift_v2,quantum_angle,population,13,0.0,14.346800000566873
sudden_covariate_shift_v2,quantum_angle,fraud,13,0.03478462546672478,9.99969999975292
sudden_covariate_shift_v2,quantum_zz,population,13,0.0,93.93180000006396
sudden_covariate_shift_v2,quantum_zz,fraud,13,0.04322481518853527,58.41099999997823
sudden_covariate_shift_v2,quantum_reupload,population,13,0.0,39.02300000117975
sudden_covariate_shift_v2,quantum_reupload,fraud,13,0.0490736158121956,23.660999999265186
sudden_covariate_shift_v2,mmd_rbf,population,13,0.002181903217508996,34.95980000116106
sudden_covariate_shift_v2,mmd_rbf,fraud,13,0.0,8.200800000849995
sudden_covariate_shift_v2,domain_classifier,population,13,0.0,24.26000000014028
sudden_covariate_shift_v2,domain_classifier,fraud,13,0.0,20.426499999302905
sudden_covariate_shift_v2,classical_cds,population,14,0.025158493718032325,11.48540000031062
sudden_covariate_shift_v2,classical_cds,fraud,14,0.17422406890066408,2.5153000005957438
sudden_covariate_shift_v2,quantum_angle,population,14,0.0,13.192899999921792
sudden_covariate_shift_v2,quantum_angle,fraud,14,0.010093116845696137,9.439600000405335
sudden_covariate_shift_v2,quantum_zz,population,14,0.0,98.19330000027549
sudden_covariate_shift_v2,quantum_zz,fraud,14,0.006130326622950544,77.16640000035113
sudden_covariate_shift_v2,quantum_reupload,population,14,0.0,34.42849999919417
sudden_covariate_shift_v2,quantum_reupload,fraud,14,0.056297368476539655,29.320299998289556
sudden_covariate_shift_v2,mmd_rbf,population,14,0.0,33.03880000021309
sudden_covariate_shift_v2,mmd_rbf,fraud,14,0.04086917138349566,9.112599998843507
sudden_covariate_shift_v2,domain_classifier,population,14,0.015600000000000058,18.202699999164906
sudden_covariate_shift_v2,domain_classifier,fraud,14,0.16111111111111098,14.112500000919681
sudden_covariate_shift_v2,classical_cds,population,15,0.04276047031320645,10.77140000052168
sudden_covariate_shift_v2,classical_cds,fraud,15,0.18867791725783267,2.4419000001216773
sudden_covariate_shift_v2,quantum_angle,population,15,0.012915805307619599,12.822999999116291
sudden_covariate_shift_v2,quantum_angle,fraud,15,0.16446715841947002,8.887600000889506
sudden_covariate_shift_v2,quantum_zz,population,15,0.0,95.36850000040431
sudden_covariate_shift_v2,quantum_zz,fraud,15,0.17478261997929712,54.654800000207615
sudden_covariate_shift_v2,quantum_reupload,population,15,0.009804879087204399,32.398200000898214
sudden_covariate_shift_v2,quantum_reupload,fraud,15,0.17575252279397546,23.37420000003476
sudden_covariate_shift_v2,mmd_rbf,population,15,0.0,29.785000000629225
sudden_covariate_shift_v2,mmd_rbf,fraud,15,0.028635451560905745,9.827400001086062
sudden_covariate_shift_v2,domain_classifier,population,15,0.12548888888888876,28.3395999995264
sudden_covariate_shift_v2,domain_classifier,fraud,15,0.2365040650406507,18.781599999783793
sudden_covariate_shift_v2,classical_cds,population,16,0.019778546215972317,10.040399998615612
sudden_covariate_shift_v2,classical_cds,fraud,16,0.3354269127584543,3.566100000170991
sudden_covariate_shift_v2,quantum_angle,population,16,0.016647158445752153,12.919499999043182
sudden_covariate_shift_v2,quantum_angle,fraud,16,0.11705858869205887,8.53110000025481
sudden_covariate_shift_v2,quantum_zz,population,16,0.020463038405263645,87.38129999983357
sudden_covariate_shift_v2,quantum_zz,fraud,16,0.07971370092915953,62.90890000127547
sudden_covariate_shift_v2,quantum_reupload,population,16,0.03120266596351773,37.99719999915396
sudden_covariate_shift_v2,quantum_reupload,fraud,16,0.12752786919673986,30.269599999883212
sudden_covariate_shift_v2,mmd_rbf,population,16,0.0,26.03629999975965
sudden_covariate_shift_v2,mmd_rbf,fraud,16,0.0,8.27469999967434
sudden_covariate_shift_v2,domain_classifier,population,16,0.05342222222222226,19.658999999592197
sudden_covariate_shift_v2,domain_classifier,fraud,16,0.0,25.681299999632756
sudden_covariate_shift_v2,classical_cds,population,17,0.02341062397174712,8.710699999937788
sudden_covariate_shift_v2,classical_cds,fraud,17,0.2303604226892226,3.7957999993523117
sudden_covariate_shift_v2,quantum_angle,population,17,0.0,10.742999998910818
sudden_covariate_shift_v2,quantum_angle,fraud,17,0.0,14.801199999055825
sudden_covariate_shift_v2,quantum_zz,population,17,0.0,112.26850000093691
sudden_covariate_shift_v2,quantum_zz,fraud,17,0.0,55.91110000023036
sudden_covariate_shift_v2,quantum_reupload,population,17,0.0,42.059100000187755
sudden_covariate_shift_v2,quantum_reupload,fraud,17,0.0,28.03969999877154
sudden_covariate_shift_v2,mmd_rbf,population,17,0.0,28.122100000473438
sudden_covariate_shift_v2,mmd_rbf,fraud,17,0.0,9.5497999991494
sudden_covariate_shift_v2,domain_classifier,population,17,0.04079999999999995,19.26370000001043
sudden_covariate_shift_v2,domain_classifier,fraud,17,0.06374999999999997,15.429300001414958
sudden_covariate_shift_v2,classical_cds,population,18,0.025379356997351776,11.960800000451854
sudden_covariate_shift_v2,classical_cds,fraud,18,0.16247664175617968,3.6897999998473097
sudden_covariate_shift_v2,quantum_angle,population,18,0.0,11.699699998644064
sudden_covariate_shift_v2,quantum_angle,fraud,18,0.11374894606201735,8.349300000190851
sudden_covariate_shift_v2,quantum_zz,population,18,0.0,104.54370000115887
sudden_covariate_shift_v2,quantum_zz,fraud,18,0.11774140623652785,61.2423000002309
sudden_covariate_shift_v2,quantum_reupload,population,18,0.0,38.67999999965832
sudden_covariate_shift_v2,quantum_reupload,fraud,18,0.11994845662025622,27.92109999973036
sudden_covariate_shift_v2,mmd_rbf,population,18,0.0,26.4404999998078
sudden_covariate_shift_v2,mmd_rbf,fraud,18,0.012615985099459381,8.843899999192217
sudden_covariate_shift_v2,domain_classifier,population,18,0.026244444444444293,18.996199998582597
sudden_covariate_shift_v2,domain_classifier,fraud,18,0.055365853658536635,17.895500001031905
sudden_covariate_shift_v2,classical_cds,population,19,0.027902558710294935,9.963700000298559
sudden_covariate_shift_v2,classical_cds,fraud,19,0.12868597457155734,3.1938000010995893
sudden_covariate_shift_v2,quantum_angle,population,19,0.0,12.776500001564273
sudden_covariate_shift_v2,quantum_angle,fraud,19,0.0,7.970999999088235
sudden_covariate_shift_v2,quantum_zz,population,19,0.0,110.57989999972051
sudden_covariate_shift_v2,quantum_zz,fraud,19,0.0,63.06680000125198
sudden_covariate_shift_v2,quantum_reupload,population,19,0.0,30.010200000106124
sudden_covariate_shift_v2,quantum_reupload,fraud,19,0.019673389605789238,32.46500000022934
sudden_covariate_shift_v2,mmd_rbf,population,19,0.0,28.944899999260087
sudden_covariate_shift_v2,mmd_rbf,fraud,19,0.0,10.72790000034729
sudden_covariate_shift_v2,domain_classifier,population,19,0.020066666666666677,22.444800000812393
sudden_covariate_shift_v2,domain_classifier,fraud,19,0.10000000000000009,15.036000000691274
sudden_covariate_shift_v2,classical_cds,population,20,0.028456418911525845,10.60940000024857
sudden_covariate_shift_v2,classical_cds,fraud,20,0.23928031920825168,2.3849999997764826
sudden_covariate_shift_v2,quantum_angle,population,20,0.0,13.307600000189268
sudden_covariate_shift_v2,quantum_angle,fraud,20,0.01666628690564398,8.263899999292335
sudden_covariate_shift_v2,quantum_zz,population,20,0.0,107.88019999927201
sudden_covariate_shift_v2,quantum_zz,fraud,20,0.018412713813787285,73.58120000026247
sudden_covariate_shift_v2,quantum_reupload,population,20,0.0,37.28749999936554
sudden_covariate_shift_v2,quantum_reupload,fraud,20,0.02308968524847832,30.835400000796653
sudden_covariate_shift_v2,mmd_rbf,population,20,0.0,28.69040000041423
sudden_covariate_shift_v2,mmd_rbf,fraud,20,0.0,9.193300000333693
sudden_covariate_shift_v2,domain_classifier,population,20,0.0,18.814600000041537
sudden_covariate_shift_v2,domain_classifier,fraud,20,0.056190476190476124,15.413099999932456
sudden_covariate_shift_v2,classical_cds,population,21,0.030260585110403374,12.02259999990929
sudden_covariate_shift_v2,classical_cds,fraud,21,0.14212281716204028,5.503900001713191
sudden_covariate_shift_v2,quantum_angle,population,21,0.0,10.781500001030508
sudden_covariate_shift_v2,quantum_angle,fraud,21,0.0,11.786899998696754
sudden_covariate_shift_v2,quantum_zz,population,21,0.0,87.52350000031583
sudden_covariate_shift_v2,quantum_zz,fraud,21,0.0,76.59329999842157
sudden_covariate_shift_v2,quantum_reupload,population,21,0.0,33.92879999955767
sudden_covariate_shift_v2,quantum_reupload,fraud,21,0.0,27.541699999346747
sudden_covariate_shift_v2,mmd_rbf,population,21,0.0,32.80000000086147
sudden_covariate_shift_v2,mmd_rbf,fraud,21,0.04541868749922373,8.699100000740145
sudden_covariate_shift_v2,domain_classifier,population,21,0.002066666666666883,17.143400000350084
sudden_covariate_shift_v2,domain_classifier,fraud,21,0.17609929078014197,15.062200000102166
sudden_covariate_shift_v2,classical_cds,population,22,0.0356349066605708,11.103400000138208
sudden_covariate_shift_v2,classical_cds,fraud,22,0.35928243633759943,2.4529999991500517
sudden_covariate_shift_v2,quantum_angle,population,22,0.0,11.834599999929196
sudden_covariate_shift_v2,quantum_angle,fraud,22,0.0,8.9086000007228
sudden_covariate_shift_v2,quantum_zz,population,22,0.0,94.76619999986724
sudden_covariate_shift_v2,quantum_zz,fraud,22,0.007180889987143946,70.91659999969124
sudden_covariate_shift_v2,quantum_reupload,population,22,0.0,42.03400000005786
sudden_covariate_shift_v2,quantum_reupload,fraud,22,0.04899329064235536,36.423800000193296
sudden_covariate_shift_v2,mmd_rbf,population,22,0.0,42.53000000062457
sudden_covariate_shift_v2,mmd_rbf,fraud,22,0.009681191319317106,12.560500001200126
sudden_covariate_shift_v2,domain_classifier,population,22,0.0,24.3981999992684
sudden_covariate_shift_v2,domain_classifier,fraud,22,0.0,18.239700000776793
sudden_covariate_shift_v2,classical_cds,population,23,0.02693763335597196,18.601400000989088
sudden_covariate_shift_v2,classical_cds,fraud,23,0.1382045394554554,3.360400000019581
sudden_covariate_shift_v2,quantum_angle,population,23,0.0,12.937699999383767
sudden_covariate_shift_v2,quantum_angle,fraud,23,0.0,9.844599999269121
sudden_covariate_shift_v2,quantum_zz,population,23,0.0,94.96949999993376
sudden_covariate_shift_v2,quantum_zz,fraud,23,0.0,75.66559999941092
sudden_covariate_shift_v2,quantum_reupload,population,23,0.0,39.53249999904074
sudden_covariate_shift_v2,quantum_reupload,fraud,23,0.0,27.217900000323425
sudden_covariate_shift_v2,mmd_rbf,population,23,0.0018395176461150076,34.82059999987541
sudden_covariate_shift_v2,mmd_rbf,fraud,23,0.0,12.34910000130185
sudden_covariate_shift_v2,domain_classifier,population,23,0.04826666666666668,21.957200000542798
sudden_covariate_shift_v2,domain_classifier,fraud,23,0.0,18.510399999286165
sudden_covariate_shift_v2,classical_cds,population,24,0.03131615850830573,11.38840000021446
sudden_covariate_shift_v2,classical_cds,fraud,24,0.1552335176733524,4.2734999988169875
sudden_covariate_shift_v2,quantum_angle,population,24,0.0,13.935299999502604
sudden_covariate_shift_v2,quantum_angle,fraud,24,0.12483660600650526,8.164200000464916
sudden_covariate_shift_v2,quantum_zz,population,24,0.0,134.44300000082876
sudden_covariate_shift_v2,quantum_zz,fraud,24,0.12607923664180642,73.82349999897997
sudden_covariate_shift_v2,quantum_reupload,population,24,0.0,44.07280000123137
sudden_covariate_shift_v2,quantum_reupload,fraud,24,0.137565448403839,29.908599999544094
sudden_covariate_shift_v2,mmd_rbf,population,24,0.0,29.431800001475494
sudden_covariate_shift_v2,mmd_rbf,fraud,24,0.003224809179109167,9.4892000015534
sudden_covariate_shift_v2,domain_classifier,population,24,0.018177777777777848,19.584399999075686
sudden_covariate_shift_v2,domain_classifier,fraud,24,0.13681159420289868,15.384299998913775
sudden_covariate_shift_v2,classical_cds,population,25,0.03598648824911123,16.8682000003173
sudden_covariate_shift_v2,classical_cds,fraud,25,0.3842001345315332,2.5437000003876165
sudden_covariate_shift_v2,quantum_angle,population,25,0.0,12.161999999079853
sudden_covariate_shift_v2,quantum_angle,fraud,25,0.05898785679907215,9.59329999932379
sudden_covariate_shift_v2,quantum_zz,population,25,0.0,93.15860000060638
sudden_covariate_shift_v2,quantum_zz,fraud,25,0.03693173171081998,72.195599999759
sudden_covariate_shift_v2,quantum_reupload,population,25,0.0,43.57920000074955
sudden_covariate_shift_v2,quantum_reupload,fraud,25,0.06860570078720418,21.49929999904998
sudden_covariate_shift_v2,mmd_rbf,population,25,0.0,32.32260000004317
sudden_covariate_shift_v2,mmd_rbf,fraud,25,0.019690103886400134,8.31070000094769
sudden_covariate_shift_v2,domain_classifier,population,25,0.0450222222222223,25.87400000084017
sudden_covariate_shift_v2,domain_classifier,fraud,25,0.2524074074074074,22.77259999937087
sudden_covariate_shift_v2,classical_cds,population,26,0.03615708383056886,14.037400000233902
sudden_covariate_shift_v2,classical_cds,fraud,26,0.08655359919250516,2.9811999993398786
sudden_covariate_shift_v2,quantum_angle,population,26,0.0,14.363199999934295
sudden_covariate_shift_v2,quantum_angle,fraud,26,0.0,12.197500000183936
sudden_covariate_shift_v2,quantum_zz,population,26,0.0,95.9768000011536
sudden_covariate_shift_v2,quantum_zz,fraud,26,0.0,62.053699999523815
sudden_covariate_shift_v2,quantum_reupload,population,26,0.0,39.66479999871808
sudden_covariate_shift_v2,quantum_reupload,fraud,26,0.0,22.446999999374384
sudden_covariate_shift_v2,mmd_rbf,population,26,0.0,39.12359999958426
sudden_covariate_shift_v2,mmd_rbf,fraud,26,0.0,9.905999999318738
sudden_covariate_shift_v2,domain_classifier,population,26,0.03224444444444452,22.67030000075465
sudden_covariate_shift_v2,domain_classifier,fraud,26,0.11984848484848487,18.39509999990696
sudden_covariate_shift_v2,classical_cds,population,27,0.02227633788925225,8.723700000700774
sudden_covariate_shift_v2,classical_cds,fraud,27,0.10677349681821321,2.359699999942677
sudden_covariate_shift_v2,quantum_angle,population,27,0.0,14.923899998393608
sudden_covariate_shift_v2,quantum_angle,fraud,27,0.016258324250726708,11.708899999575806
sudden_covariate_shift_v2,quantum_zz,population,27,0.0,85.71160000064992
sudden_covariate_shift_v2,quantum_zz,fraud,27,0.007805591955544533,60.94730000040727
sudden_covariate_shift_v2,quantum_reupload,population,27,0.0,31.6951999993762
sudden_covariate_shift_v2,quantum_reupload,fraud,27,0.027429800480702538,23.28010000019276
sudden_covariate_shift_v2,mmd_rbf,population,27,0.0,27.403699999922537
sudden_covariate_shift_v2,mmd_rbf,fraud,27,0.0,8.78519999969285
sudden_covariate_shift_v2,domain_classifier,population,27,0.0,20.225999998729094
sudden_covariate_shift_v2,domain_classifier,fraud,27,0.0,14.544299998306087
sudden_covariate_shift_v2,classical_cds,population,28,0.03225255282563761,10.734400000728783
sudden_covariate_shift_v2,classical_cds,fraud,28,0.1970873090633818,2.3725999999442138
sudden_covariate_shift_v2,quantum_angle,population,28,0.0,14.607099999921047
sudden_covariate_shift_v2,quantum_angle,fraud,28,0.05522111735088786,8.716500000446104
sudden_covariate_shift_v2,quantum_zz,population,28,0.0,93.8360999989527
sudden_covariate_shift_v2,quantum_zz,fraud,28,0.04769121139344823,54.3641000003845
sudden_covariate_shift_v2,quantum_reupload,population,28,0.0,32.7383000003465
sudden_covariate_shift_v2,quantum_reupload,fraud,28,0.07995159281499253,27.71300000131305
sudden_covariate_shift_v2,mmd_rbf,population,28,0.0,26.02900000056252
sudden_covariate_shift_v2,mmd_rbf,fraud,28,0.0066523830440956555,8.459700000457815
sudden_covariate_shift_v2,domain_classifier,population,28,0.0011777777777779441,20.055999999385676
sudden_covariate_shift_v2,domain_classifier,fraud,28,0.08666666666666689,18.532599999161903
sudden_covariate_shift_v2,classical_cds,population,29,0.02731947296762987,9.553599998980644
sudden_covariate_shift_v2,classical_cds,fraud,29,0.14670553213971918,2.4610999989818083
sudden_covariate_shift_v2,quantum_angle,population,29,0.0,11.513299999933224
sudden_covariate_shift_v2,quantum_angle,fraud,29,0.0,11.88670000010461
sudden_covariate_shift_v2,quantum_zz,population,29,0.0,102.46720000031928
sudden_covariate_shift_v2,quantum_zz,fraud,29,0.0,75.48839999981283
sudden_covariate_shift_v2,quantum_reupload,population,29,0.0,40.541999998822575
sudden_covariate_shift_v2,quantum_reupload,fraud,29,0.0,22.761299998819595
sudden_covariate_shift_v2,mmd_rbf,population,29,0.009361776898640484,26.27839999877324
sudden_covariate_shift_v2,mmd_rbf,fraud,29,0.035214593446565745,8.254900001702481
sudden_covariate_shift_v2,domain_classifier,population,29,0.10334444444444446,23.83680000093591
sudden_covariate_shift_v2,domain_classifier,fraud,29,0.10541666666666671,21.49680000002263
sudden_covariate_shift_v2,classical_cds,population,30,0.019134575390138048,9.813099999519181
sudden_covariate_shift_v2,classical_cds,fraud,30,0.11331952769134816,2.6436000007379334
sudden_covariate_shift_v2,quantum_angle,population,30,0.0,10.627099998600897
sudden_covariate_shift_v2,quantum_angle,fraud,30,0.02079152309150456,10.14269999905082
sudden_covariate_shift_v2,quantum_zz,population,30,0.0,99.25870000006398
sudden_covariate_shift_v2,quantum_zz,fraud,30,0.016497232915400395,57.3008999999729
sudden_covariate_shift_v2,quantum_reupload,population,30,0.0,42.60900000008405
sudden_covariate_shift_v2,quantum_reupload,fraud,30,0.030885026248896108,22.684699999445
sudden_covariate_shift_v2,mmd_rbf,population,30,0.004362847269997694,28.940899999724934
sudden_covariate_shift_v2,mmd_rbf,fraud,30,0.0,8.994400001029135
sudden_covariate_shift_v2,domain_classifier,population,30,0.05035555555555549,16.685499998857267
sudden_covariate_shift_v2,domain_classifier,fraud,30,0.0,22.7772999987792
sudden_covariate_shift_v2,classical_cds,population,31,0.030708740432885982,14.798899999732384
sudden_covariate_shift_v2,classical_cds,fraud,31,0.2489489171175725,4.254899999068584
sudden_covariate_shift_v2,quantum_angle,population,31,0.0,14.307800000096904
sudden_covariate_shift_v2,quantum_angle,fraud,31,0.0,11.142800000015995
sudden_covariate_shift_v2,quantum_zz,population,31,0.0,89.69710000019404
sudden_covariate_shift_v2,quantum_zz,fraud,31,0.0,67.40189999982249
sudden_covariate_shift_v2,quantum_reupload,population,31,0.0,38.3058000006713
sudden_covariate_shift_v2,quantum_reupload,fraud,31,0.0,25.75310000065656
sudden_covariate_shift_v2,mmd_rbf,population,31,0.005841320232206737,30.27469999869936
sudden_covariate_shift_v2,mmd_rbf,fraud,31,0.01094587480708098,8.630599999378319
sudden_covariate_shift_v2,domain_classifier,population,31,0.011977777777777865,17.66970000062429
sudden_covariate_shift_v2,domain_classifier,fraud,31,0.01560975609756099,25.55939999911061
sudden_covariate_shift_v2,classical_cds,population,32,0.033629434391330884,22.637800000666175
sudden_covariate_shift_v2,classical_cds,fraud,32,0.3167357372287527,6.972700000915211
sudden_covariate_shift_v2,quantum_angle,population,32,0.0,35.41320000113046
sudden_covariate_shift_v2,quantum_angle,fraud,32,0.03293530255986599,17.425599999114638
sudden_covariate_shift_v2,quantum_zz,population,32,0.0,134.65499999983876
sudden_covariate_shift_v2,quantum_zz,fraud,32,0.045626637623244704,63.1269000004977
sudden_covariate_shift_v2,quantum_reupload,population,32,0.0,40.02479999871866
sudden_covariate_shift_v2,quantum_reupload,fraud,32,0.035637516169655936,30.595899999752874
sudden_covariate_shift_v2,mmd_rbf,population,32,0.003960485666343105,27.566400000068825
sudden_covariate_shift_v2,mmd_rbf,fraud,32,0.0,8.225399998991634
sudden_covariate_shift_v2,domain_classifier,population,32,0.09226666666666672,18.595199999253964
sudden_covariate_shift_v2,domain_classifier,fraud,32,0.13390476190476175,22.096099999544094
sudden_covariate_shift_v2,classical_cds,population,33,0.026820309937619656,10.433699999339296
sudden_covariate_shift_v2,classical_cds,fraud,33,0.25907905550727517,2.4321999990206677
sudden_covariate_shift_v2,quantum_angle,population,33,0.005537909138626174,21.270900000672555
sudden_covariate_shift_v2,quantum_angle,fraud,33,0.05147904601937181,9.221899999829475
sudden_covariate_shift_v2,quantum_zz,population,33,0.0025050070815852976,93.88089999993099
sudden_covariate_shift_v2,quantum_zz,fraud,33,0.0654925434798781,84.16760000000068
sudden_covariate_shift_v2,quantum_reupload,population,33,0.014200780941085567,40.977699998620665
sudden_covariate_shift_v2,quantum_reupload,fraud,33,0.04436987804157022,26.499399999011075
sudden_covariate_shift_v2,mmd_rbf,population,33,0.0014948394505926998,26.547899999059155
sudden_covariate_shift_v2,mmd_rbf,fraud,33,0.0,8.696700000655255
sudden_covariate_shift_v2,domain_classifier,population,33,0.0,27.418100000431878
sudden_covariate_shift_v2,domain_classifier,fraud,33,0.03446969696969693,19.450899999355897
sudden_covariate_shift_v2,classical_cds,population,34,0.02836127376971236,15.579599999909988
sudden_covariate_shift_v2,classical_cds,fraud,34,0.2644922320817868,3.0196000006981194
sudden_covariate_shift_v2,quantum_angle,population,34,0.0,12.897900000098161
sudden_covariate_shift_v2,quantum_angle,fraud,34,0.022047199588448363,7.969299998876522
sudden_covariate_shift_v2,quantum_zz,population,34,0.0,90.49679999952787
sudden_covariate_shift_v2,quantum_zz,fraud,34,0.05197681541471555,70.16920000023674
sudden_covariate_shift_v2,quantum_reupload,population,34,0.0,35.45650000160094
sudden_covariate_shift_v2,quantum_reupload,fraud,34,0.054391723855731766,29.812099999617203
sudden_covariate_shift_v2,mmd_rbf,population,34,0.0037708756764096574,26.944799999910174
sudden_covariate_shift_v2,mmd_rbf,fraud,34,0.0,8.716199999980745
sudden_covariate_shift_v2,domain_classifier,population,34,0.02224444444444451,21.912500000325963
sudden_covariate_shift_v2,domain_classifier,fraud,34,0.0,19.529400000465102
sudden_covariate_shift_v2,classical_cds,population,35,0.025844268983296295,9.009400000650203
sudden_covariate_shift_v2,classical_cds,fraud,35,0.11838773283282626,2.3961999995663064
sudden_covariate_shift_v2,quantum_angle,population,35,0.0,15.686099999584258
sudden_covariate_shift_v2,quantum_angle,fraud,35,0.0,10.194099999353057
sudden_covariate_shift_v2,quantum_zz,population,35,0.0,100.82479999982752
sudden_covariate_shift_v2,quantum_zz,fraud,35,0.0,68.54260000000068
sudden_covariate_shift_v2,quantum_reupload,population,35,0.0,48.562899999524234
sudden_covariate_shift_v2,quantum_reupload,fraud,35,0.0,30.43249999973341
sudden_covariate_shift_v2,mmd_rbf,population,35,0.0,33.52489999997488
sudden_covariate_shift_v2,mmd_rbf,fraud,35,0.0007581056339691639,10.443099999974947
sudden_covariate_shift_v2,domain_classifier,population,35,0.0,21.11730000069656
sudden_covariate_shift_v2,domain_classifier,fraud,35,0.0030081300813007417,17.45900000059919
sudden_covariate_shift_v2,classical_cds,population,36,0.029575014979047826,11.2554999996064
sudden_covariate_shift_v2,classical_cds,fraud,36,,
sudden_covariate_shift_v2,quantum_angle,population,36,0.0,15.21610000054352
sudden_covariate_shift_v2,quantum_angle,fraud,36,,
sudden_covariate_shift_v2,quantum_zz,population,36,0.0,101.46220000024186
sudden_covariate_shift_v2,quantum_zz,fraud,36,,
sudden_covariate_shift_v2,quantum_reupload,population,36,0.0,46.525799998562434
sudden_covariate_shift_v2,quantum_reupload,fraud,36,,
sudden_covariate_shift_v2,mmd_rbf,population,36,0.00022620719372690168,27.54579999964335
sudden_covariate_shift_v2,mmd_rbf,fraud,36,,
sudden_covariate_shift_v2,domain_classifier,population,36,0.06406666666666672,23.929400000270107
sudden_covariate_shift_v2,domain_classifier,fraud,36,,
sudden_covariate_shift_v2,classical_cds,population,37,0.022983585822413298,12.909099999887985
sudden_covariate_shift_v2,classical_cds,fraud,37,0.1433135274992766,3.01700000090932
sudden_covariate_shift_v2,quantum_angle,population,37,0.0,15.314500000386033
sudden_covariate_shift_v2,quantum_angle,fraud,37,0.0,12.139299999034847
sudden_covariate_shift_v2,quantum_zz,population,37,0.0,97.40699999929348
sudden_covariate_shift_v2,quantum_zz,fraud,37,0.0,61.01479999961157
sudden_covariate_shift_v2,quantum_reupload,population,37,0.0,36.25869999996212
sudden_covariate_shift_v2,quantum_reupload,fraud,37,0.0,40.88420000152837
sudden_covariate_shift_v2,mmd_rbf,population,37,0.0,39.36520000024757
sudden_covariate_shift_v2,mmd_rbf,fraud,37,0.0,11.512299999594688
sudden_covariate_shift_v2,domain_classifier,population,37,0.02248888888888878,27.721499998733634
sudden_covariate_shift_v2,domain_classifier,fraud,37,0.0,18.19009999962873
sudden_covariate_shift_v2,classical_cds,population,38,0.022050554201066355,14.635700001235818
sudden_covariate_shift_v2,classical_cds,fraud,38,0.1513661583914833,4.05989999853773
sudden_covariate_shift_v2,quantum_angle,population,38,0.0,31.349799999588868
sudden_covariate_shift_v2,quantum_angle,fraud,38,0.10208737254473099,13.526500000807573
sudden_covariate_shift_v2,quantum_zz,population,38,0.0,156.96219999881578
sudden_covariate_shift_v2,quantum_zz,fraud,38,0.08523176506841823,79.30630000009842
sudden_covariate_shift_v2,quantum_reupload,population,38,0.0,36.100100000112434
sudden_covariate_shift_v2,quantum_reupload,fraud,38,0.10275492737649594,33.45399999852816
sudden_covariate_shift_v2,mmd_rbf,population,38,0.0014203858142924908,44.2600999995193
sudden_covariate_shift_v2,mmd_rbf,fraud,38,0.0038991221844590918,10.124799999175593
sudden_covariate_shift_v2,domain_classifier,population,38,0.0,24.505199999111937
sudden_covariate_shift_v2,domain_classifier,fraud,38,0.0,21.232400000371854
sudden_covariate_shift_v2,classical_cds,population,39,0.024409824818138644,11.3376999997854
sudden_covariate_shift_v2,classical_cds,fraud,39,,
sudden_covariate_shift_v2,quantum_angle,population,39,0.0,13.610699999844655
sudden_covariate_shift_v2,quantum_angle,fraud,39,,
sudden_covariate_shift_v2,quantum_zz,population,39,0.0,102.18410000015865
sudden_covariate_shift_v2,quantum_zz,fraud,39,,
sudden_covariate_shift_v2,quantum_reupload,population,39,0.0,36.21269999894139
sudden_covariate_shift_v2,quantum_reupload,fraud,39,,
sudden_covariate_shift_v2,mmd_rbf,population,39,0.0,27.482299999974202
sudden_covariate_shift_v2,mmd_rbf,fraud,39,,
sudden_covariate_shift_v2,domain_classifier,population,39,0.0,25.39759999854141
sudden_covariate_shift_v2,domain_classifier,fraud,39,,
sudden_covariate_shift_v2,classical_cds,population,40,0.03055476116437095,10.45209999938379
sudden_covariate_shift_v2,classical_cds,fraud,40,0.17542299592911992,2.3942000007082243
sudden_covariate_shift_v2,quantum_angle,population,40,0.0,13.626299998577451
sudden_covariate_shift_v2,quantum_angle,fraud,40,0.0,9.967199999664444
sudden_covariate_shift_v2,quantum_zz,population,40,0.0,98.10289999950328
sudden_covariate_shift_v2,quantum_zz,fraud,40,0.0,62.20209999992221
sudden_covariate_shift_v2,quantum_reupload,population,40,0.0,36.27030000097875
sudden_covariate_shift_v2,quantum_reupload,fraud,40,0.0,31.622099999367492
sudden_covariate_shift_v2,mmd_rbf,population,40,0.0,28.195000000778236
sudden_covariate_shift_v2,mmd_rbf,fraud,40,0.0,8.26749999941967
sudden_covariate_shift_v2,domain_classifier,population,40,0.0,21.56519999880402
sudden_covariate_shift_v2,domain_classifier,fraud,40,0.0,19.013199998880737
sudden_covariate_shift_v2,classical_cds,population,41,0.025681147985129833,12.158200001067598
sudden_covariate_shift_v2,classical_cds,fraud,41,0.2863455783138091,5.386299999372568
sudden_covariate_shift_v2,quantum_angle,population,41,0.0,18.844100000933395
sudden_covariate_shift_v2,quantum_angle,fraud,41,0.06678285636301418,12.132899999414803
sudden_covariate_shift_v2,quantum_zz,population,41,0.0,104.42650000004505
sudden_covariate_shift_v2,quantum_zz,fraud,41,0.0408565875897573,62.85159999970347
sudden_covariate_shift_v2,quantum_reupload,population,41,0.0,36.16340000007767
sudden_covariate_shift_v2,quantum_reupload,fraud,41,0.04996646794888204,23.95249999972293
sudden_covariate_shift_v2,mmd_rbf,population,41,0.003625281409235015,27.128399999128305
sudden_covariate_shift_v2,mmd_rbf,fraud,41,0.0015157102395046973,8.18769999932556
sudden_covariate_shift_v2,domain_classifier,population,41,0.07608888888888887,16.052400000262423
sudden_covariate_shift_v2,domain_classifier,fraud,41,0.023229166666666634,23.898999999801163
sudden_covariate_shift_v2,classical_cds,population,42,0.02732650097068274,13.033999999606749
sudden_covariate_shift_v2,classical_cds,fraud,42,0.08640060136310242,7.92379999984405
sudden_covariate_shift_v2,quantum_angle,population,42,0.0,13.560299999880954
sudden_covariate_shift_v2,quantum_angle,fraud,42,0.0,8.385099999941303
sudden_covariate_shift_v2,quantum_zz,population,42,0.0,99.94449999976496
sudden_covariate_shift_v2,quantum_zz,fraud,42,0.0,68.04949999968812
sudden_covariate_shift_v2,quantum_reupload,population,42,0.0,39.111899999625166
sudden_covariate_shift_v2,quantum_reupload,fraud,42,0.0,32.10150000086287
sudden_covariate_shift_v2,mmd_rbf,population,42,0.0011780413028761316,27.79490000102669
sudden_covariate_shift_v2,mmd_rbf,fraud,42,0.0,9.410299999217386
sudden_covariate_shift_v2,domain_classifier,population,42,0.028244444444444516,16.61450000028708
sudden_covariate_shift_v2,domain_classifier,fraud,42,0.026976744186046675,17.057799999747658
sudden_covariate_shift_v2,classical_cds,population,43,0.029208773352159025,10.549300001002848
sudden_covariate_shift_v2,classical_cds,fraud,43,0.35106811721199577,3.337699999974575
sudden_covariate_shift_v2,quantum_angle,population,43,0.0,12.161399999968125
sudden_covariate_shift_v2,quantum_angle,fraud,43,0.0,8.474799999021343
sudden_covariate_shift_v2,quantum_zz,population,43,0.0,82.92169999913312
sudden_covariate_shift_v2,quantum_zz,fraud,43,0.003823752935290803,59.37140000060026
sudden_covariate_shift_v2,quantum_reupload,population,43,0.0,37.75289999975939
sudden_covariate_shift_v2,quantum_reupload,fraud,43,0.012625727636665918,30.09380000003148
sudden_covariate_shift_v2,mmd_rbf,population,43,0.0,33.07999999924505
sudden_covariate_shift_v2,mmd_rbf,fraud,43,0.0,9.278499999709311
sudden_covariate_shift_v2,domain_classifier,population,43,0.0,20.366500000818633
sudden_covariate_shift_v2,domain_classifier,fraud,43,0.0,19.30979999997362
sudden_covariate_shift_v2,classical_cds,population,44,0.028881521683472116,17.948799999430776
sudden_covariate_shift_v2,classical_cds,fraud,44,0.1792674781208808,2.3629999996046536
sudden_covariate_shift_v2,quantum_angle,population,44,0.006092073246885987,14.844000001176028
sudden_covariate_shift_v2,quantum_angle,fraud,44,0.006923926643411127,15.197000000625849
sudden_covariate_shift_v2,quantum_zz,population,44,0.0,113.81660000006377
sudden_covariate_shift_v2,quantum_zz,fraud,44,0.00836643894802147,66.89390000065032
sudden_covariate_shift_v2,quantum_reupload,population,44,0.0048080366969535104,42.17930000049819
sudden_covariate_shift_v2,quantum_reupload,fraud,44,0.0,27.497899998707
sudden_covariate_shift_v2,mmd_rbf,population,44,0.0,26.876300000367337
sudden_covariate_shift_v2,mmd_rbf,fraud,44,0.0,9.615900000426336
sudden_covariate_shift_v2,domain_classifier,population,44,0.0,16.708099999959813
sudden_covariate_shift_v2,domain_classifier,fraud,44,0.0,14.856600000712206
sudden_covariate_shift_v2,classical_cds,population,45,0.023633818369588278,8.136399999784771
sudden_covariate_shift_v2,classical_cds,fraud,45,0.15363092358292207,3.4131999982491834
sudden_covariate_shift_v2,quantum_angle,population,45,0.0,10.777400000733905
sudden_covariate_shift_v2,quantum_angle,fraud,45,0.0,10.109599999850616
sudden_covariate_shift_v2,quantum_zz,population,45,0.0,96.82969999994384
sudden_covariate_shift_v2,quantum_zz,fraud,45,0.0,54.30479999995441
sudden_covariate_shift_v2,quantum_reupload,population,45,0.0,33.804000000600354
sudden_covariate_shift_v2,quantum_reupload,fraud,45,0.0,23.288500000489876
sudden_covariate_shift_v2,mmd_rbf,population,45,0.0,27.876500000274973
sudden_covariate_shift_v2,mmd_rbf,fraud,45,0.0,9.287099999710335
sudden_covariate_shift_v2,domain_classifier,population,45,0.0,19.95800000076997
sudden_covariate_shift_v2,domain_classifier,fraud,45,0.0,14.685099999041995
sudden_covariate_shift_v2,classical_cds,population,46,0.02389495238740942,8.0643000001146
sudden_covariate_shift_v2,classical_cds,fraud,46,0.18665228586225452,2.3249000005307607
sudden_covariate_shift_v2,quantum_angle,population,46,0.0,13.126800000463845
sudden_covariate_shift_v2,quantum_angle,fraud,46,0.0,10.592299999188981
sudden_covariate_shift_v2,quantum_zz,population,46,0.0,98.24309999930847
sudden_covariate_shift_v2,quantum_zz,fraud,46,0.0,57.07079999956477
sudden_covariate_shift_v2,quantum_reupload,population,46,0.0,31.072200001290184
sudden_covariate_shift_v2,quantum_reupload,fraud,46,0.0,26.496899999983725
sudden_covariate_shift_v2,mmd_rbf,population,46,0.0,34.10319999966305
sudden_covariate_shift_v2,mmd_rbf,fraud,46,0.0,8.608099999037222
sudden_covariate_shift_v2,domain_classifier,population,46,0.0,29.448100000081467
sudden_covariate_shift_v2,domain_classifier,fraud,46,0.04091666666666649,19.62889999958861
sudden_covariate_shift_v2,classical_cds,population,47,0.025491747047149987,9.954799999832176
sudden_covariate_shift_v2,classical_cds,fraud,47,0.09047657583605828,2.389200000834535
sudden_covariate_shift_v2,quantum_angle,population,47,0.005444045150848176,12.05859999936365
sudden_covariate_shift_v2,quantum_angle,fraud,47,0.0,8.341800001289812
sudden_covariate_shift_v2,quantum_zz,population,47,0.006140253320624511,98.03639999881852
sudden_covariate_shift_v2,quantum_zz,fraud,47,0.0,55.874300000141375
sudden_covariate_shift_v2,quantum_reupload,population,47,0.016234436179621947,55.5315999990853
sudden_covariate_shift_v2,quantum_reupload,fraud,47,0.0,25.045099999260856
sudden_covariate_shift_v2,mmd_rbf,population,47,0.009738541589136451,28.2229999993433
sudden_covariate_shift_v2,mmd_rbf,fraud,47,0.0,8.642099999633501
sudden_covariate_shift_v2,domain_classifier,population,47,0.007888888888888834,32.049900000856724
sudden_covariate_shift_v2,domain_classifier,fraud,47,0.0,14.50230000045849
sudden_covariate_shift_v2,classical_cds,population,48,0.027241322728627317,9.626099999877624
sudden_covariate_shift_v2,classical_cds,fraud,48,0.14642133359354062,2.454700001180754
sudden_covariate_shift_v2,quantum_angle,population,48,0.0,16.66300000033516
sudden_covariate_shift_v2,quantum_angle,fraud,48,0.0,12.907100001029903
sudden_covariate_shift_v2,quantum_zz,population,48,0.0,87.21580000019458
sudden_covariate_shift_v2,quantum_zz,fraud,48,0.0,69.37370000014198
sudden_covariate_shift_v2,quantum_reupload,population,48,0.0,32.64640000088548
sudden_covariate_shift_v2,quantum_reupload,fraud,48,0.0,27.892599999177037
sudden_covariate_shift_v2,mmd_rbf,population,48,0.0,34.258599998793215
sudden_covariate_shift_v2,mmd_rbf,fraud,48,0.0,15.733399999589892
sudden_covariate_shift_v2,domain_classifier,population,48,0.025555555555555554,19.649600000775536
sudden_covariate_shift_v2,domain_classifier,fraud,48,0.10533333333333328,16.118000001370092
sudden_covariate_shift_v2,classical_cds,population,49,0.020169914330336432,8.035599999857368
sudden_covariate_shift_v2,classical_cds,fraud,49,0.13776200075431969,3.6387999989528907
sudden_covariate_shift_v2,quantum_angle,population,49,0.0,11.825799998405273
sudden_covariate_shift_v2,quantum_angle,fraud,49,0.0,11.795700000220677
sudden_covariate_shift_v2,quantum_zz,population,49,0.0,96.9556999989436
sudden_covariate_shift_v2,quantum_zz,fraud,49,0.0,68.74400000015157
sudden_covariate_shift_v2,quantum_reupload,population,49,0.0,32.00799999831361
sudden_covariate_shift_v2,quantum_reupload,fraud,49,0.0,23.102699999071774
sudden_covariate_shift_v2,mmd_rbf,population,49,0.0,37.63450000042212
sudden_covariate_shift_v2,mmd_rbf,fraud,49,0.0,12.661599999773898
sudden_covariate_shift_v2,domain_classifier,population,49,0.0,19.10429999952612
sudden_covariate_shift_v2,domain_classifier,fraud,49,0.13300000000000023,15.156000001297798
sudden_covariate_shift_v2,classical_cds,population,50,0.7309423506946348,86.70359999996435
sudden_covariate_shift_v2,classical_cds,fraud,50,0.6212564972432798,9.99749999937194
sudden_covariate_shift_v2,quantum_angle,population,50,0.9729496001786013,18.036999999822
sudden_covariate_shift_v2,quantum_angle,fraud,50,0.9860775669332064,12.00070000049891
sudden_covariate_shift_v2,quantum_zz,population,50,0.850061960929914,110.22749999938242
sudden_covariate_shift_v2,quantum_zz,fraud,50,0.818517437338492,79.06739999998535
sudden_covariate_shift_v2,quantum_reupload,population,50,0.8961232881297351,40.2894999988348
sudden_covariate_shift_v2,quantum_reupload,fraud,50,0.9289724351015035,25.07580000019516
sudden_covariate_shift_v2,mmd_rbf,population,50,1.0,34.773600000335136
sudden_covariate_shift_v2,mmd_rbf,fraud,50,0.9385661121069513,15.943299998980365
sudden_covariate_shift_v2,domain_classifier,population,50,0.9725111111111111,25.81110000028275
sudden_covariate_shift_v2,domain_classifier,fraud,50,0.9018181818181819,21.04719999988447
sudden_covariate_shift_v2,classical_cds,population,51,0.7299965835098096,76.01840000097582
sudden_covariate_shift_v2,classical_cds,fraud,51,0.5883548781962809,2.7057999996031867
sudden_covariate_shift_v2,quantum_angle,population,51,0.9728760436092683,13.352800000575371
sudden_covariate_shift_v2,quantum_angle,fraud,51,0.9828787463960412,20.21239999885438
sudden_covariate_shift_v2,quantum_zz,population,51,0.8496079648331835,96.5438000002905
sudden_covariate_shift_v2,quantum_zz,fraud,51,0.8436150628657881,67.56640000094194
sudden_covariate_shift_v2,quantum_reupload,population,51,0.8916367064904772,49.06529999971099
sudden_covariate_shift_v2,quantum_reupload,fraud,51,0.9257351924556714,26.737099999081693
sudden_covariate_shift_v2,mmd_rbf,population,51,1.0,33.14709999904153
sudden_covariate_shift_v2,mmd_rbf,fraud,51,0.8705542575158725,10.278200001266669
sudden_covariate_shift_v2,domain_classifier,population,51,0.9663777777777778,20.27079999970738
sudden_covariate_shift_v2,domain_classifier,fraud,51,0.959607843137255,15.954600001350627
sudden_covariate_shift_v2,classical_cds,population,52,0.7331871700231566,87.15420000044105
sudden_covariate_shift_v2,classical_cds,fraud,52,0.6088609116171788,4.7195000006468035
sudden_covariate_shift_v2,quantum_angle,population,52,0.9732965654826655,12.299200001507415
sudden_covariate_shift_v2,quantum_angle,fraud,52,0.9806287770331673,11.646499999187654
sudden_covariate_shift_v2,quantum_zz,population,52,0.8535505827541415,84.58180000161519
sudden_covariate_shift_v2,quantum_zz,fraud,52,0.8173830975859587,82.8626999991684
sudden_covariate_shift_v2,quantum_reupload,population,52,0.8914411247116482,46.8708999997034
sudden_covariate_shift_v2,quantum_reupload,fraud,52,0.9158772217634965,27.083099999799742
sudden_covariate_shift_v2,mmd_rbf,population,52,1.0,28.192599998874357
sudden_covariate_shift_v2,mmd_rbf,fraud,52,1.0,11.348100000759587
sudden_covariate_shift_v2,domain_classifier,population,52,0.9699333333333333,21.137900001122034
sudden_covariate_shift_v2,domain_classifier,fraud,52,0.9120720720720721,18.081300000631018
sudden_covariate_shift_v2,classical_cds,population,53,0.7322058199685703,83.98990000023332
sudden_covariate_shift_v2,classical_cds,fraud,53,0.5977488249097138,3.7309999988792697
sudden_covariate_shift_v2,quantum_angle,population,53,0.9740725147986958,10.949700001219753
sudden_covariate_shift_v2,quantum_angle,fraud,53,0.980741890094728,13.443100000586128
sudden_covariate_shift_v2,quantum_zz,population,53,0.8507848922011405,105.18079999928887
sudden_covariate_shift_v2,quantum_zz,fraud,53,0.8359386432429601,79.95589999882213
sudden_covariate_shift_v2,quantum_reupload,population,53,0.8984718837904052,38.01699999894481
sudden_covariate_shift_v2,quantum_reupload,fraud,53,0.9134666243208238,37.40810000090278
sudden_covariate_shift_v2,mmd_rbf,population,53,1.0,25.7913000004919
sudden_covariate_shift_v2,mmd_rbf,fraud,53,0.9883060551076527,10.555500000918983
sudden_covariate_shift_v2,domain_classifier,population,53,0.9709999999999999,19.608000000516768
sudden_covariate_shift_v2,domain_classifier,fraud,53,0.9590243902439026,17.06949999970675
sudden_covariate_shift_v2,classical_cds,population,54,0.7298132238325097,89.50030000050901
sudden_covariate_shift_v2,classical_cds,fraud,54,0.599221167977407,3.776399998969282
sudden_covariate_shift_v2,quantum_angle,population,54,0.9724076580021731,12.262999998711166
sudden_covariate_shift_v2,quantum_angle,fraud,54,0.9839041779840527,9.035099999891827
sudden_covariate_shift_v2,quantum_zz,population,54,0.8598111091604492,86.23579999948561
sudden_covariate_shift_v2,quantum_zz,fraud,54,0.8381118600119897,55.70090000037453
sudden_covariate_shift_v2,quantum_reupload,population,54,0.8962393287486866,34.210300000268035
sudden_covariate_shift_v2,quantum_reupload,fraud,54,0.9322468605921228,35.13050000037765
sudden_covariate_shift_v2,mmd_rbf,population,54,1.0,27.3300000008021
sudden_covariate_shift_v2,mmd_rbf,fraud,54,0.8592443130727314,15.892800000074203
sudden_covariate_shift_v2,domain_classifier,population,54,0.9709777777777777,26.499799998418894
sudden_covariate_shift_v2,domain_classifier,fraud,54,0.8795833333333332,21.992200001477613
sudden_covariate_shift_v2,classical_cds,population,55,0.7289275567087289,79.72540000082518
sudden_covariate_shift_v2,classical_cds,fraud,55,0.5978311020544731,3.2888999994611368
sudden_covariate_shift_v2,quantum_angle,population,55,0.9727288661606908,14.414300001590163
sudden_covariate_shift_v2,quantum_angle,fraud,55,0.98125659868615,9.140400001342641
sudden_covariate_shift_v2,quantum_zz,population,55,0.8598928627791891,92.86539999993693
sudden_covariate_shift_v2,quantum_zz,fraud,55,0.8306929319272529,58.62590000106138
sudden_covariate_shift_v2,quantum_reupload,population,55,0.8922333225047795,38.6051999994379
sudden_covariate_shift_v2,quantum_reupload,fraud,55,0.9316711635374207,22.44050000081188
sudden_covariate_shift_v2,mmd_rbf,population,55,1.0,29.987600000822567
sudden_covariate_shift_v2,mmd_rbf,fraud,55,0.9676195653063104,12.134300000980147
sudden_covariate_shift_v2,domain_classifier,population,55,0.9718444444444445,18.819799999619136
sudden_covariate_shift_v2,domain_classifier,fraud,55,0.9533333333333334,17.194400001244503
sudden_covariate_shift_v2,classical_cds,population,56,0.7302349651226482,77.49069999954372
sudden_covariate_shift_v2,classical_cds,fraud,56,0.5976456083895839,2.6591999994707294
sudden_covariate_shift_v2,quantum_angle,population,56,0.9737402477886479,12.950099999216036
sudden_covariate_shift_v2,quantum_angle,fraud,56,0.9829303089296058,9.800499999983003
sudden_covariate_shift_v2,quantum_zz,population,56,0.8480135251277554,110.74899999948684
sudden_covariate_shift_v2,quantum_zz,fraud,56,0.8067275890123795,71.59320000027947
sudden_covariate_shift_v2,quantum_reupload,population,56,0.8981029997920433,30.62589999899501
sudden_covariate_shift_v2,quantum_reupload,fraud,56,0.9065984854184492,26.964399999997113
sudden_covariate_shift_v2,mmd_rbf,population,56,1.0,26.514199998928234
sudden_covariate_shift_v2,mmd_rbf,fraud,56,0.9969027015585749,9.493300000031013
sudden_covariate_shift_v2,domain_classifier,population,56,0.9728444444444444,18.425300000671996
sudden_covariate_shift_v2,domain_classifier,fraud,56,0.9530000000000001,18.84550000067975
sudden_covariate_shift_v2,classical_cds,population,57,0.7334201371996512,91.79389999917476
sudden_covariate_shift_v2,classical_cds,fraud,57,0.6060827016040223,2.6649999999790452
sudden_covariate_shift_v2,quantum_angle,population,57,0.9728446189086234,11.109299999588984
sudden_covariate_shift_v2,quantum_angle,fraud,57,0.9877140424842626,11.376999998901738
sudden_covariate_shift_v2,quantum_zz,population,57,0.8576143184170353,96.27279999949678
sudden_covariate_shift_v2,quantum_zz,fraud,57,0.8547152561378166,62.71129999913683
sudden_covariate_shift_v2,quantum_reupload,population,57,0.8940518605934733,31.487700000070618
sudden_covariate_shift_v2,quantum_reupload,fraud,57,0.9259769089705893,27.01060000072175
sudden_covariate_shift_v2,mmd_rbf,population,57,1.0,33.138599999801954
sudden_covariate_shift_v2,mmd_rbf,fraud,57,0.8037218821295704,10.68940000004659
sudden_covariate_shift_v2,domain_classifier,population,57,0.9713555555555555,19.36279999972612
sudden_covariate_shift_v2,domain_classifier,fraud,57,0.8781981981981981,20.62649999970745
sudden_covariate_shift_v2,classical_cds,population,58,0.7300301782423271,79.15070000126434
sudden_covariate_shift_v2,classical_cds,fraud,58,0.5743489722999024,2.6978000005328795
sudden_covariate_shift_v2,quantum_angle,population,58,0.9720942024390687,12.748600000122678
sudden_covariate_shift_v2,quantum_angle,fraud,58,0.9832859065411319,16.526800000065123
sudden_covariate_shift_v2,quantum_zz,population,58,0.8520356006619012,111.79280000033032
sudden_covariate_shift_v2,quantum_zz,fraud,58,0.8297611134288737,69.54409999889322
sudden_covariate_shift_v2,quantum_reupload,population,58,0.8891428825470885,35.6536999988748
sudden_covariate_shift_v2,quantum_reupload,fraud,58,0.9184732587915668,36.152799999399576
sudden_covariate_shift_v2,mmd_rbf,population,58,1.0,32.40000000005239
sudden_covariate_shift_v2,mmd_rbf,fraud,58,0.8750802664753146,10.3914999999688
sudden_covariate_shift_v2,domain_classifier,population,58,0.9710666666666665,25.659999999334104
sudden_covariate_shift_v2,domain_classifier,fraud,58,0.9564341085271317,25.08549999947718
sudden_covariate_shift_v2,classical_cds,population,59,0.7321882539783696,83.35810000062338
sudden_covariate_shift_v2,classical_cds,fraud,59,0.5865028431403414,2.5879999993776437
sudden_covariate_shift_v2,quantum_angle,population,59,0.9732894885457608,12.088899999071145
sudden_covariate_shift_v2,quantum_angle,fraud,59,0.9832928053256934,8.166300000084448
sudden_covariate_shift_v2,quantum_zz,population,59,0.8423053291164007,108.89900000074704
sudden_covariate_shift_v2,quantum_zz,fraud,59,0.8418140039712944,68.81649999922956
sudden_covariate_shift_v2,quantum_reupload,population,59,0.8989762076295057,39.75199999877077
sudden_covariate_shift_v2,quantum_reupload,fraud,59,0.932012930868083,28.849300000729272
sudden_covariate_shift_v2,mmd_rbf,population,59,1.0,34.36409999994794
sudden_covariate_shift_v2,mmd_rbf,fraud,59,0.8870488204928763,14.269499999500113
sudden_covariate_shift_v2,domain_classifier,population,59,0.9716666666666667,37.42640000018582
sudden_covariate_shift_v2,domain_classifier,fraud,59,0.9396396396396396,27.266000000963686
sudden_covariate_shift_v2,classical_cds,population,60,0.7319044927150975,86.7660000003525
sudden_covariate_shift_v2,classical_cds,fraud,60,0.5684260860030033,5.978799999866169
sudden_covariate_shift_v2,quantum_angle,population,60,0.9741119838614818,12.220399999932852
sudden_covariate_shift_v2,quantum_angle,fraud,60,0.982986885727448,11.855900000227848
sudden_covariate_shift_v2,quantum_zz,population,60,0.85494412916501,90.05470000010973
sudden_covariate_shift_v2,quantum_zz,fraud,60,0.8504368725842809,60.18679999942833
sudden_covariate_shift_v2,quantum_reupload,population,60,0.8956962540223816,29.930300001069554
sudden_covariate_shift_v2,quantum_reupload,fraud,60,0.9314229326598352,22.65579999948386
sudden_covariate_shift_v2,mmd_rbf,population,60,1.0,27.31870000025083
sudden_covariate_shift_v2,mmd_rbf,fraud,60,0.8651473627259109,9.013700000650715
sudden_covariate_shift_v2,domain_classifier,population,60,0.9723777777777778,31.801199998881202
sudden_covariate_shift_v2,domain_classifier,fraud,60,0.9562820512820513,16.352500000721193
sudden_covariate_shift_v2,classical_cds,population,61,0.7338540593604352,86.01009999983944
sudden_covariate_shift_v2,classical_cds,fraud,61,0.5878561738526666,2.580300000772695
sudden_covariate_shift_v2,quantum_angle,population,61,0.9720849604277446,13.048500000877539
sudden_covariate_shift_v2,quantum_angle,fraud,61,0.9817350821099268,14.853699998639058
sudden_covariate_shift_v2,quantum_zz,population,61,0.8523252267298093,97.12690000014845
sudden_covariate_shift_v2,quantum_zz,fraud,61,0.850762097926161,68.17729999966105
sudden_covariate_shift_v2,quantum_reupload,population,61,0.8930737873527053,33.450699998866185
sudden_covariate_shift_v2,quantum_reupload,fraud,61,0.9088441989510492,29.898399998273817
sudden_covariate_shift_v2,mmd_rbf,population,61,1.0,28.03680000033637
sudden_covariate_shift_v2,mmd_rbf,fraud,61,0.9772865915886343,9.048199999597273
sudden_covariate_shift_v2,domain_classifier,population,61,0.9708444444444444,28.476500001488603
sudden_covariate_shift_v2,domain_classifier,fraud,61,0.9618181818181819,22.62680000058026
sudden_covariate_shift_v2,classical_cds,population,62,0.7359047783646848,82.38100000016857
sudden_covariate_shift_v2,classical_cds,fraud,62,0.5971632826781199,2.9333000002225162
sudden_covariate_shift_v2,quantum_angle,population,62,0.9740863034451063,12.487899999541696
sudden_covariate_shift_v2,quantum_angle,fraud,62,0.984246280241845,11.317000000417465
sudden_covariate_shift_v2,quantum_zz,population,62,0.8497166709470778,105.2534000009473
sudden_covariate_shift_v2,quantum_zz,fraud,62,0.8333143295112715,63.33980000090378
sudden_covariate_shift_v2,quantum_reupload,population,62,0.8957509451845497,31.892599999991944
sudden_covariate_shift_v2,quantum_reupload,fraud,62,0.9160300321302006,27.682100000674836
sudden_covariate_shift_v2,mmd_rbf,population,62,1.0,37.94270000071265
sudden_covariate_shift_v2,mmd_rbf,fraud,62,0.8714472981221604,9.598600001481827
sudden_covariate_shift_v2,domain_classifier,population,62,0.9715111111111112,25.75329999854148
sudden_covariate_shift_v2,domain_classifier,fraud,62,0.8873684210526316,22.08009999958449
sudden_covariate_shift_v2,classical_cds,population,63,0.731187762704407,78.56200000060198
sudden_covariate_shift_v2,classical_cds,fraud,63,0.598065229126843,2.754699999059085
sudden_covariate_shift_v2,quantum_angle,population,63,0.9749023362858165,11.352800000167917
sudden_covariate_shift_v2,quantum_angle,fraud,63,0.9863410593168841,8.655300000100397
sudden_covariate_shift_v2,quantum_zz,population,63,0.8422941603351652,104.94029999972554
sudden_covariate_shift_v2,quantum_zz,fraud,63,0.855949393373558,62.714399999094894
sudden_covariate_shift_v2,quantum_reupload,population,63,0.9005070240736379,30.24329999971087
sudden_covariate_shift_v2,quantum_reupload,fraud,63,0.9179969900265639,22.432199999457225
sudden_covariate_shift_v2,mmd_rbf,population,63,1.0,42.29070000110369
sudden_covariate_shift_v2,mmd_rbf,fraud,63,0.8400140229336497,11.572600000363309
sudden_covariate_shift_v2,domain_classifier,population,63,0.9730888888888889,22.431600000345497
sudden_covariate_shift_v2,domain_classifier,fraud,63,0.92354609929078,17.6499999997759
sudden_covariate_shift_v2,classical_cds,population,64,0.7292599105484914,83.80170000054932
sudden_covariate_shift_v2,classical_cds,fraud,64,0.5948739773342923,2.7841999999509426
sudden_covariate_shift_v2,quantum_angle,population,64,0.973651119261119,23.390300000755815
sudden_covariate_shift_v2,quantum_angle,fraud,64,0.9837702913938876,8.034099999349564
sudden_covariate_shift_v2,quantum_zz,population,64,0.8489877721512045,95.72079999998095
sudden_covariate_shift_v2,quantum_zz,fraud,64,0.8327490595528283,57.15989999953308
sudden_covariate_shift_v2,quantum_reupload,population,64,0.8973484244690433,57.29649999921094
sudden_covariate_shift_v2,quantum_reupload,fraud,64,0.9128210087167186,31.24960000059218
sudden_covariate_shift_v2,mmd_rbf,population,64,1.0,32.73280000030354
sudden_covariate_shift_v2,mmd_rbf,fraud,64,0.9334680176651483,8.799299999736832
sudden_covariate_shift_v2,domain_classifier,population,64,0.9719777777777776,17.167300000437535
sudden_covariate_shift_v2,domain_classifier,fraud,64,0.9336507936507936,20.216500000969972
sudden_covariate_shift_v2,classical_cds,population,65,0.7296512111742598,80.89710000058403
sudden_covariate_shift_v2,classical_cds,fraud,65,0.601083618636526,3.521000000546337
sudden_covariate_shift_v2,quantum_angle,population,65,0.9729349278671147,13.08210000024701
sudden_covariate_shift_v2,quantum_angle,fraud,65,0.9817772659025308,11.13200000145298
sudden_covariate_shift_v2,quantum_zz,population,65,0.8563436139568023,100.79929999847081
sudden_covariate_shift_v2,quantum_zz,fraud,65,0.8197255753513378,62.36759999956121
sudden_covariate_shift_v2,quantum_reupload,population,65,0.8958383395764639,37.21829999994952
sudden_covariate_shift_v2,quantum_reupload,fraud,65,0.9077393111386031,24.214700000811717
sudden_covariate_shift_v2,mmd_rbf,population,65,1.0,28.36580000075628
sudden_covariate_shift_v2,mmd_rbf,fraud,65,0.9974877421647018,9.828899999774876
sudden_covariate_shift_v2,domain_classifier,population,65,0.9704444444444444,21.68590000110271
sudden_covariate_shift_v2,domain_classifier,fraud,65,0.956060606060606,15.006499999799416
sudden_covariate_shift_v2,classical_cds,population,66,0.734430722517962,78.24240000081772
sudden_covariate_shift_v2,classical_cds,fraud,66,0.5984163773099895,2.553400001488626
sudden_covariate_shift_v2,quantum_angle,population,66,0.9728303788797326,12.374899999485933
sudden_covariate_shift_v2,quantum_angle,fraud,66,0.9834992095419344,8.59649999983958
sudden_covariate_shift_v2,quantum_zz,population,66,0.8520758966154591,110.50280000017665
sudden_covariate_shift_v2,quantum_zz,fraud,66,0.8413721613245039,73.92959999924642
sudden_covariate_shift_v2,quantum_reupload,population,66,0.8931966202189604,34.08110000054876
sudden_covariate_shift_v2,quantum_reupload,fraud,66,0.9317071412742866,24.43900000071153
sudden_covariate_shift_v2,mmd_rbf,population,66,1.0,27.98629999961122
sudden_covariate_shift_v2,mmd_rbf,fraud,66,0.9022242836709323,13.883999999961816
sudden_covariate_shift_v2,domain_classifier,population,66,0.9713777777777779,20.764499999131658
sudden_covariate_shift_v2,domain_classifier,fraud,66,0.8374074074074074,20.776700001079007
sudden_covariate_shift_v2,classical_cds,population,67,0.7296209089180122,89.06650000062655
sudden_covariate_shift_v2,classical_cds,fraud,67,0.6071353391895987,2.515500000299653
sudden_covariate_shift_v2,quantum_angle,population,67,0.972946451189249,12.039799999911338
sudden_covariate_shift_v2,quantum_angle,fraud,67,0.9837797894719056,9.291800000937656
sudden_covariate_shift_v2,quantum_zz,population,67,0.8542812820612362,92.59890000066662
sudden_covariate_shift_v2,quantum_zz,fraud,67,0.8383090099565662,73.67920000069716
sudden_covariate_shift_v2,quantum_reupload,population,67,0.891400155443741,43.21759999947972
sudden_covariate_shift_v2,quantum_reupload,fraud,67,0.9121104117127089,23.23409999917203
sudden_covariate_shift_v2,mmd_rbf,population,67,1.0,25.08029999989958
sudden_covariate_shift_v2,mmd_rbf,fraud,67,0.9625471044944499,10.955999998259358
sudden_covariate_shift_v2,domain_classifier,population,67,0.9711333333333332,20.253900000170688
sudden_covariate_shift_v2,domain_classifier,fraud,67,0.9264705882352939,18.430300000545685
sudden_covariate_shift_v2,classical_cds,population,68,0.7336590846314593,93.69280000100844
sudden_covariate_shift_v2,classical_cds,fraud,68,0.5823839672010542,2.5769000003492692
sudden_covariate_shift_v2,quantum_angle,population,68,0.9737542372084882,11.933899999348796
sudden_covariate_shift_v2,quantum_angle,fraud,68,0.9834768115928294,16.509400000359165
sudden_covariate_shift_v2,quantum_zz,population,68,0.8480297645279427,96.23449999889999
sudden_covariate_shift_v2,quantum_zz,fraud,68,0.8579754999495648,68.68459999896004
sudden_covariate_shift_v2,quantum_reupload,population,68,0.8969333746310791,46.815900001092814
sudden_covariate_shift_v2,quantum_reupload,fraud,68,0.9219770457019546,26.121799999600626
sudden_covariate_shift_v2,mmd_rbf,population,68,1.0,30.280499999207677
sudden_covariate_shift_v2,mmd_rbf,fraud,68,0.8968963050615872,8.41009999930975
sudden_covariate_shift_v2,domain_classifier,population,68,0.9722666666666666,22.51109999997425
sudden_covariate_shift_v2,domain_classifier,fraud,68,0.9403921568627451,15.137399999730405
sudden_covariate_shift_v2,classical_cds,population,69,0.7311043449075016,89.92949999992561
sudden_covariate_shift_v2,classical_cds,fraud,69,0.5862690157565396,2.674999999726424
sudden_covariate_shift_v2,quantum_angle,population,69,0.9740187961111482,14.512800000375137
sudden_covariate_shift_v2,quantum_angle,fraud,69,0.983161851305506,8.012700000108453
sudden_covariate_shift_v2,quantum_zz,population,69,0.8515457971603493,95.21769999992102
sudden_covariate_shift_v2,quantum_zz,fraud,69,0.8481940882597482,71.12149999920803
sudden_covariate_shift_v2,quantum_reupload,population,69,0.8963331084034846,48.08260000027076
sudden_covariate_shift_v2,quantum_reupload,fraud,69,0.9098448323547088,25.80609999859007
sudden_covariate_shift_v2,mmd_rbf,population,69,1.0,25.988200000938377
sudden_covariate_shift_v2,mmd_rbf,fraud,69,0.9504776877857777,9.91280000016559
sudden_covariate_shift_v2,domain_classifier,population,69,0.9720666666666666,21.271300000080373
sudden_covariate_shift_v2,domain_classifier,fraud,69,0.8691666666666669,17.567200000485172
sudden_covariate_shift_v2,classical_cds,population,70,0.7330658351324013,89.8933999997098
sudden_covariate_shift_v2,classical_cds,fraud,70,0.6156401481049494,2.6605000002746237
sudden_covariate_shift_v2,quantum_angle,population,70,0.9732327566422376,11.691399999108398
sudden_covariate_shift_v2,quantum_angle,fraud,70,0.9844542474450753,8.945700001277146
sudden_covariate_shift_v2,quantum_zz,population,70,0.8464948206571946,90.75149999989662
sudden_covariate_shift_v2,quantum_zz,fraud,70,0.8330218245589356,61.6704000003665
sudden_covariate_shift_v2,quantum_reupload,population,70,0.8937609126546842,29.60720000010042
sudden_covariate_shift_v2,quantum_reupload,fraud,70,0.9123515048119979,22.848999999041553
sudden_covariate_shift_v2,mmd_rbf,population,70,1.0,31.222499999785214
sudden_covariate_shift_v2,mmd_rbf,fraud,70,1.0,10.995900000125403
sudden_covariate_shift_v2,domain_classifier,population,70,0.9648222222222225,19.139100000757026
sudden_covariate_shift_v2,domain_classifier,fraud,70,0.8686021505376345,15.960300001097494
sudden_covariate_shift_v2,classical_cds,population,71,0.7287824108276245,78.18829999996524
sudden_covariate_shift_v2,classical_cds,fraud,71,0.6027562560257653,2.6127000000997214
sudden_covariate_shift_v2,quantum_angle,population,71,0.973556913150697,13.620399999126676
sudden_covariate_shift_v2,quantum_angle,fraud,71,0.982714622174644,8.021499999813386
sudden_covariate_shift_v2,quantum_zz,population,71,0.853820482574043,89.608500000395
sudden_covariate_shift_v2,quantum_zz,fraud,71,0.8339394384962012,63.879999999699066
sudden_covariate_shift_v2,quantum_reupload,population,71,0.8964440597881919,39.496400000643916
sudden_covariate_shift_v2,quantum_reupload,fraud,71,0.8986436626457913,27.474700000311714
sudden_covariate_shift_v2,mmd_rbf,population,71,1.0,36.67759999916598
sudden_covariate_shift_v2,mmd_rbf,fraud,71,1.0,8.757800000239513
sudden_covariate_shift_v2,domain_classifier,population,71,0.9721777777777778,19.446000000243657
sudden_covariate_shift_v2,domain_classifier,fraud,71,0.9514492753623187,14.980100000684615
sudden_covariate_shift_v2,classical_cds,population,72,0.7335477443114488,76.15330000044196
sudden_covariate_shift_v2,classical_cds,fraud,72,0.61064997687133,2.5724999995873077
sudden_covariate_shift_v2,quantum_angle,population,72,0.9733614976034544,13.489599999957136
sudden_covariate_shift_v2,quantum_angle,fraud,72,0.9822210319257018,19.5346000000427
sudden_covariate_shift_v2,quantum_zz,population,72,0.8503025851466498,112.11739999998827
sudden_covariate_shift_v2,quantum_zz,fraud,72,0.8209987190878305,58.36009999984526
sudden_covariate_shift_v2,quantum_reupload,population,72,0.8934029349783785,29.831300000296324
sudden_covariate_shift_v2,quantum_reupload,fraud,72,0.9168305651500764,22.201900001164177
sudden_covariate_shift_v2,mmd_rbf,population,72,1.0,34.67120000095747
sudden_covariate_shift_v2,mmd_rbf,fraud,72,0.96844043400037,13.00239999909536
sudden_covariate_shift_v2,domain_classifier,population,72,0.9723111111111111,17.847499999334104
sudden_covariate_shift_v2,domain_classifier,fraud,72,0.9460162601626017,18.555699998614728
sudden_covariate_shift_v2,classical_cds,population,73,0.7343555517321702,89.67200000006414
sudden_covariate_shift_v2,classical_cds,fraud,73,0.5940530763275267,2.5838999990810407
sudden_covariate_shift_v2,quantum_angle,population,73,0.9732624708070002,15.353299999333103
sudden_covariate_shift_v2,quantum_angle,fraud,73,0.9823264079623713,9.91760000033537
sudden_covariate_shift_v2,quantum_zz,population,73,0.8511693377905137,109.14889999912702
sudden_covariate_shift_v2,quantum_zz,fraud,73,0.8534593254021975,77.35339999999269
sudden_covariate_shift_v2,quantum_reupload,population,73,0.8965573132615272,42.48100000040722
sudden_covariate_shift_v2,quantum_reupload,fraud,73,0.9175519378322753,24.645599998621037
sudden_covariate_shift_v2,mmd_rbf,population,73,1.0,24.631700000099954
sudden_covariate_shift_v2,mmd_rbf,fraud,73,0.9660708627977271,9.705000000394648
sudden_covariate_shift_v2,domain_classifier,population,73,0.9716222222222222,24.29159999883268
sudden_covariate_shift_v2,domain_classifier,fraud,73,0.8464912280701753,20.74660000107542
sudden_covariate_shift_v2,classical_cds,population,74,0.7337927968437399,80.15370000066468
sudden_covariate_shift_v2,classical_cds,fraud,74,0.5880557914280368,3.327299999000388
sudden_covariate_shift_v2,quantum_angle,population,74,0.9715405986004151,11.105800000223098
sudden_covariate_shift_v2,quantum_angle,fraud,74,0.9814199026362631,9.705200000098557
sudden_covariate_shift_v2,quantum_zz,population,74,0.8508521794598191,88.15259999937552
sudden_covariate_shift_v2,quantum_zz,fraud,74,0.8562741163089569,93.66769999905955
sudden_covariate_shift_v2,quantum_reupload,population,74,0.8906552805830802,40.27169999972102
sudden_covariate_shift_v2,quantum_reupload,fraud,74,0.9286827728440794,29.884400000810274
sudden_covariate_shift_v2,mmd_rbf,population,74,1.0,28.19640000052459
sudden_covariate_shift_v2,mmd_rbf,fraud,74,1.0,10.404200000266428
sudden_covariate_shift_v2,domain_classifier,population,74,0.9706222222222223,32.23699999944074
sudden_covariate_shift_v2,domain_classifier,fraud,74,0.9557142857142857,16.779600000518258
sudden_covariate_shift_v2,classical_cds,population,75,0.733351546429611,82.96710000104213
sudden_covariate_shift_v2,classical_cds,fraud,75,,
sudden_covariate_shift_v2,quantum_angle,population,75,0.9737725488342216,15.341100001023733
sudden_covariate_shift_v2,quantum_angle,fraud,75,,
sudden_covariate_shift_v2,quantum_zz,population,75,0.8483890697716235,83.67709999947692
sudden_covariate_shift_v2,quantum_zz,fraud,75,,
sudden_covariate_shift_v2,quantum_reupload,population,75,0.8974247351725286,40.28250000010303
sudden_covariate_shift_v2,quantum_reupload,fraud,75,,
sudden_covariate_shift_v2,mmd_rbf,population,75,1.0,25.775799998882576
sudden_covariate_shift_v2,mmd_rbf,fraud,75,,
sudden_covariate_shift_v2,domain_classifier,population,75,0.9717555555555557,39.146099999925354
sudden_covariate_shift_v2,domain_classifier,fraud,75,,
sudden_covariate_shift_v2,classical_cds,population,76,0.7295372925507692,77.81049999903189
sudden_covariate_shift_v2,classical_cds,fraud,76,0.5925362462956446,3.103900000496651
sudden_covariate_shift_v2,quantum_angle,population,76,0.974141138140348,12.71190000079514
sudden_covariate_shift_v2,quantum_angle,fraud,76,0.9821700478519994,15.928599999824655
sudden_covariate_shift_v2,quantum_zz,population,76,0.8474873770046891,95.79069999927015
sudden_covariate_shift_v2,quantum_zz,fraud,76,0.8337469620877738,78.44160000058764
sudden_covariate_shift_v2,quantum_reupload,population,76,0.8989459496682697,41.957199999160366
sudden_covariate_shift_v2,quantum_reupload,fraud,76,0.918722748416779,23.791999999957625
sudden_covariate_shift_v2,mmd_rbf,population,76,1.0,31.90580000045884
sudden_covariate_shift_v2,mmd_rbf,fraud,76,1.0,11.286699998890981
sudden_covariate_shift_v2,domain_classifier,population,76,0.9648444444444446,21.677599999748054
sudden_covariate_shift_v2,domain_classifier,fraud,76,0.9503703703703703,16.255500000625034
sudden_covariate_shift_v2,classical_cds,population,77,0.730623418526382,79.1546999989805
sudden_covariate_shift_v2,classical_cds,fraud,77,0.601154296238839,2.7084000012109755
sudden_covariate_shift_v2,quantum_angle,population,77,0.9738161946233966,12.316700000155834
sudden_covariate_shift_v2,quantum_angle,fraud,77,0.9824884366929061,9.890299999824492
sudden_covariate_shift_v2,quantum_zz,population,77,0.8535812154435753,100.14369999953487
sudden_covariate_shift_v2,quantum_zz,fraud,77,0.844722743656416,74.07860000057553
sudden_covariate_shift_v2,quantum_reupload,population,77,0.8958278846393216,31.037900000228547
sudden_covariate_shift_v2,quantum_reupload,fraud,77,0.9198465781075271,22.323200000755605
sudden_covariate_shift_v2,mmd_rbf,population,77,1.0,26.00960000017949
sudden_covariate_shift_v2,mmd_rbf,fraud,77,1.0,9.173799999189214
sudden_covariate_shift_v2,domain_classifier,population,77,0.9707333333333332,27.943600000071456
sudden_covariate_shift_v2,domain_classifier,fraud,77,0.9614102564102565,20.944799998687813
sudden_covariate_shift_v2,classical_cds,population,78,0.7305457859963536,83.86119999886432
sudden_covariate_shift_v2,classical_cds,fraud,78,0.6018737609113209,4.866600000241306
sudden_covariate_shift_v2,quantum_angle,population,78,0.9734679180378697,15.177100000073551
sudden_covariate_shift_v2,quantum_angle,fraud,78,0.9850968680615928,17.29690000138362
sudden_covariate_shift_v2,quantum_zz,population,78,0.8503660663680492,99.56680000141205
sudden_covariate_shift_v2,quantum_zz,fraud,78,0.8313128242584187,70.29379999949015
sudden_covariate_shift_v2,quantum_reupload,population,78,0.896083162241047,36.404699998456636
sudden_covariate_shift_v2,quantum_reupload,fraud,78,0.9271298898282451,22.665200000119512
sudden_covariate_shift_v2,mmd_rbf,population,78,1.0,29.849599999579368
sudden_covariate_shift_v2,mmd_rbf,fraud,78,0.7895610964392066,13.560699999288772
sudden_covariate_shift_v2,domain_classifier,population,78,0.9710222222222222,18.679900000279304
sudden_covariate_shift_v2,domain_classifier,fraud,78,0.9333333333333333,18.279699999766308
sudden_covariate_shift_v2,classical_cds,population,79,0.7329818078236736,90.2299999997922
sudden_covariate_shift_v2,classical_cds,fraud,79,0.5994704540880631,4.901599999357131
sudden_covariate_shift_v2,quantum_angle,population,79,0.9721649652978385,12.10960000025807
sudden_covariate_shift_v2,quantum_angle,fraud,79,0.9851688495574555,8.034100001168554
sudden_covariate_shift_v2,quantum_zz,population,79,0.8518861572067495,97.85469999951601
sudden_covariate_shift_v2,quantum_zz,fraud,79,0.8344615721617172,56.09540000114066
sudden_covariate_shift_v2,quantum_reupload,population,79,0.8942939693397525,56.06339999940246
sudden_covariate_shift_v2,quantum_reupload,fraud,79,0.9386261049492598,38.168200000654906
sudden_covariate_shift_v2,mmd_rbf,population,79,1.0,33.082800000556745
sudden_covariate_shift_v2,mmd_rbf,fraud,79,0.8358581394587983,12.333199998465716
sudden_covariate_shift_v2,domain_classifier,population,79,0.9738222222222221,20.33060000030673
sudden_covariate_shift_v2,domain_classifier,fraud,79,0.9483333333333333,22.528700001203106
sudden_covariate_shift_v2,classical_cds,population,80,0.7342149935512825,77.54500000010012
sudden_covariate_shift_v2,classical_cds,fraud,80,0.5892124268660484,2.5140999987343093
sudden_covariate_shift_v2,quantum_angle,population,80,0.9727833227943935,11.872099999891361
sudden_covariate_shift_v2,quantum_angle,fraud,80,0.9817392742897713,8.458100001007551
sudden_covariate_shift_v2,quantum_zz,population,80,0.8600996674478669,98.92000000036205
sudden_covariate_shift_v2,quantum_zz,fraud,80,0.8217418288658969,65.09530000039376
sudden_covariate_shift_v2,quantum_reupload,population,80,0.8934431811366991,31.796399998711422
sudden_covariate_shift_v2,quantum_reupload,fraud,80,0.9126385513161925,24.631900001622853
sudden_covariate_shift_v2,mmd_rbf,population,80,1.0,27.78579999903741
sudden_covariate_shift_v2,mmd_rbf,fraud,80,1.0,9.674900000391062
sudden_covariate_shift_v2,domain_classifier,population,80,0.9709333333333334,17.895799999678275
sudden_covariate_shift_v2,domain_classifier,fraud,80,0.8956862745098038,17.65720000003057
sudden_covariate_shift_v2,classical_cds,population,81,0.7310676006166525,78.65069999934349
sudden_covariate_shift_v2,classical_cds,fraud,81,0.5928292598930452,2.563699999882374
sudden_covariate_shift_v2,quantum_angle,population,81,0.973736191107543,16.291099998852587
sudden_covariate_shift_v2,quantum_angle,fraud,81,0.9821021118654082,10.136799999600044
sudden_covariate_shift_v2,quantum_zz,population,81,0.8510698273761936,110.76700000012352
sudden_covariate_shift_v2,quantum_zz,fraud,81,0.8189212892164336,80.3009999999631
sudden_covariate_shift_v2,quantum_reupload,population,81,0.8934817123387536,36.32769999967422
sudden_covariate_shift_v2,quantum_reupload,fraud,81,0.9218461446567424,27.360699999917415
sudden_covariate_shift_v2,mmd_rbf,population,81,1.0,26.039700000183075
sudden_covariate_shift_v2,mmd_rbf,fraud,81,0.9041210766221663,15.63720000012836
sudden_covariate_shift_v2,domain_classifier,population,81,0.9717111111111112,19.289399999252055
sudden_covariate_shift_v2,domain_classifier,fraud,81,0.9653333333333334,19.149200001265854
sudden_covariate_shift_v2,classical_cds,population,82,0.733375623322008,84.63140000094427
sudden_covariate_shift_v2,classical_cds,fraud,82,0.5918878913287782,3.396199999770033
sudden_covariate_shift_v2,quantum_angle,population,82,0.9737600635628202,12.783199999830686
sudden_covariate_shift_v2,quantum_angle,fraud,82,0.984069802670813,8.630800000901218
sudden_covariate_shift_v2,quantum_zz,population,82,0.8601372606730255,93.74130000105652
sudden_covariate_shift_v2,quantum_zz,fraud,82,0.8496741296330201,78.46710000012536
sudden_covariate_shift_v2,quantum_reupload,population,82,0.8957006768310998,39.497300000221
sudden_covariate_shift_v2,quantum_reupload,fraud,82,0.9034884860820662,24.269300000014482
sudden_covariate_shift_v2,mmd_rbf,population,82,1.0,28.737599999658414
sudden_covariate_shift_v2,mmd_rbf,fraud,82,0.9526982868626704,10.374100000262843
sudden_covariate_shift_v2,domain_classifier,population,82,0.9725999999999999,23.902799999632407
sudden_covariate_shift_v2,domain_classifier,fraud,82,0.9457894736842105,17.956099998627906
sudden_covariate_shift_v2,classical_cds,population,83,0.7334267542111549,95.33039999951143
sudden_covariate_shift_v2,classical_cds,fraud,83,0.5970565878894348,2.784300000712392
sudden_covariate_shift_v2,quantum_angle,population,83,0.9735302699829412,12.966400001459988
sudden_covariate_shift_v2,quantum_angle,fraud,83,0.9813315422563033,9.396899999046582
sudden_covariate_shift_v2,quantum_zz,population,83,0.8495122853235794,87.1225000009872
sudden_covariate_shift_v2,quantum_zz,fraud,83,0.8406584801810771,71.77279999996244
sudden_covariate_shift_v2,quantum_reupload,population,83,0.8973842213561849,35.85679999923741
sudden_covariate_shift_v2,quantum_reupload,fraud,83,0.9259684221441449,25.555300000632997
sudden_covariate_shift_v2,mmd_rbf,population,83,1.0,35.14010000071721
sudden_covariate_shift_v2,mmd_rbf,fraud,83,0.9724498056216812,8.508399998390814
sudden_covariate_shift_v2,domain_classifier,population,83,0.9702222222222223,17.41079999919748
sudden_covariate_shift_v2,domain_classifier,fraud,83,0.9597101449275365,20.491399998718407
sudden_covariate_shift_v2,classical_cds,population,84,0.7299604198530248,79.43990000057966
sudden_covariate_shift_v2,classical_cds,fraud,84,0.5921604837074367,8.007000000361586
sudden_covariate_shift_v2,quantum_angle,population,84,0.9730967082133799,15.103399999134126
sudden_covariate_shift_v2,quantum_angle,fraud,84,0.9841633876142384,7.921700000224519
sudden_covariate_shift_v2,quantum_zz,population,84,0.8522388072031168,103.16479999892181
sudden_covariate_shift_v2,quantum_zz,fraud,84,0.8342394940580999,97.01859999950102
sudden_covariate_shift_v2,quantum_reupload,population,84,0.8918696023165141,49.11530000026687
sudden_covariate_shift_v2,quantum_reupload,fraud,84,0.9198390706844009,25.652300000729156
sudden_covariate_shift_v2,mmd_rbf,population,84,1.0,30.95759999996517
sudden_covariate_shift_v2,mmd_rbf,fraud,84,0.8397897076107876,9.93910000033793
sudden_covariate_shift_v2,domain_classifier,population,84,0.9712666666666665,28.216799999427167
sudden_covariate_shift_v2,domain_classifier,fraud,84,0.9508771929824562,22.985999999946216
sudden_covariate_shift_v2,classical_cds,population,85,0.7303124003308198,89.25319999980275
sudden_covariate_shift_v2,classical_cds,fraud,85,0.5982298948037457,7.66970000040601
sudden_covariate_shift_v2,quantum_angle,population,85,0.9725769471606294,17.038699999829987
sudden_covariate_shift_v2,quantum_angle,fraud,85,0.9826423165693144,10.213100000328268
sudden_covariate_shift_v2,quantum_zz,population,85,0.846200711083431,98.2254999998986
sudden_covariate_shift_v2,quantum_zz,fraud,85,0.8311061202983234,62.36929999977292
sudden_covariate_shift_v2,quantum_reupload,population,85,0.8920759554650486,37.11029999976745
sudden_covariate_shift_v2,quantum_reupload,fraud,85,0.9105061696618858,23.99130000048899
sudden_covariate_shift_v2,mmd_rbf,population,85,1.0,28.744300001562806
sudden_covariate_shift_v2,mmd_rbf,fraud,85,0.9411894902999819,8.132200000545708
sudden_covariate_shift_v2,domain_classifier,population,85,0.9716666666666667,20.995799999582232
sudden_covariate_shift_v2,domain_classifier,fraud,85,0.9445045045045044,24.360499999602325
sudden_covariate_shift_v2,classical_cds,population,86,0.7299078264718954,99.09369999877526
sudden_covariate_shift_v2,classical_cds,fraud,86,0.6070239502200355,2.5451999990764307
sudden_covariate_shift_v2,quantum_angle,population,86,0.9727343040535742,12.488399999710964
sudden_covariate_shift_v2,quantum_angle,fraud,86,0.9842372412370751,14.303300000392483
sudden_covariate_shift_v2,quantum_zz,population,86,0.8460024019181183,91.46940000027826
sudden_covariate_shift_v2,quantum_zz,fraud,86,0.828992524805997,63.71020000005956
sudden_covariate_shift_v2,quantum_reupload,population,86,0.896671208611729,41.44769999948039
sudden_covariate_shift_v2,quantum_reupload,fraud,86,0.9131679452980437,25.616599999921164
sudden_covariate_shift_v2,mmd_rbf,population,86,1.0,28.864900001281057
sudden_covariate_shift_v2,mmd_rbf,fraud,86,0.9010332890628074,8.507100001224899
sudden_covariate_shift_v2,domain_classifier,population,86,0.9695111111111112,24.941399999079295
sudden_covariate_shift_v2,domain_classifier,fraud,86,0.9354954954954955,20.600100000592647
sudden_covariate_shift_v2,classical_cds,population,87,0.7329150585348504,82.91900000040187
sudden_covariate_shift_v2,classical_cds,fraud,87,0.5824191879692353,3.103999999439111
sudden_covariate_shift_v2,quantum_angle,population,87,0.974227394220467,13.381799999478972
sudden_covariate_shift_v2,quantum_angle,fraud,87,0.9849439654852016,12.136899998949957
sudden_covariate_shift_v2,quantum_zz,population,87,0.846305462046948,163.49959999934072
sudden_covariate_shift_v2,quantum_zz,fraud,87,0.8426439343158707,73.34780000019236
sudden_covariate_shift_v2,quantum_reupload,population,87,0.9029479123352809,52.068700000745594
sudden_covariate_shift_v2,quantum_reupload,fraud,87,0.9252669030834709,59.15119999917806
sudden_covariate_shift_v2,mmd_rbf,population,87,1.0,40.53410000051372
sudden_covariate_shift_v2,mmd_rbf,fraud,87,0.8319059189021691,11.254900000494672
sudden_covariate_shift_v2,domain_classifier,population,87,0.9720222222222223,28.05890000126965
sudden_covariate_shift_v2,domain_classifier,fraud,87,0.9257777777777778,13.649299999087816
sudden_covariate_shift_v2,classical_cds,population,88,0.7330060233941019,81.48409999921569
sudden_covariate_shift_v2,classical_cds,fraud,88,0.5964247370662916,9.449199998925906
sudden_covariate_shift_v2,quantum_angle,population,88,0.9722509350849946,21.413599999505095
sudden_covariate_shift_v2,quantum_angle,fraud,88,0.9820585047597628,14.861900001051254
sudden_covariate_shift_v2,quantum_zz,population,88,0.8539276176356417,87.58160000070347
sudden_covariate_shift_v2,quantum_zz,fraud,88,0.8338058285309138,59.455299999171984
sudden_covariate_shift_v2,quantum_reupload,population,88,0.8879069599483229,38.66870000092604
sudden_covariate_shift_v2,quantum_reupload,fraud,88,0.9206180874773985,27.591099998971913
sudden_covariate_shift_v2,mmd_rbf,population,88,1.0,34.229799999593524
sudden_covariate_shift_v2,mmd_rbf,fraud,88,0.9785731316835369,8.249000000432716
sudden_covariate_shift_v2,domain_classifier,population,88,0.9631777777777779,29.6024999988731
sudden_covariate_shift_v2,domain_classifier,fraud,88,0.9383838383838383,21.265299999868148
sudden_covariate_shift_v2,classical_cds,population,89,0.7327956371446008,86.48960000027728
sudden_covariate_shift_v2,classical_cds,fraud,89,0.5799437232886455,3.253900000345311
sudden_covariate_shift_v2,quantum_angle,population,89,0.9740170208309314,14.806999999564141
sudden_covariate_shift_v2,quantum_angle,fraud,89,0.9845757011185124,8.647500000733999
sudden_covariate_shift_v2,quantum_zz,population,89,0.851897405425171,91.9835000004241
sudden_covariate_shift_v2,quantum_zz,fraud,89,0.8447007198587255,62.65569999959553
sudden_covariate_shift_v2,quantum_reupload,population,89,0.897766394129511,35.80119999969611
sudden_covariate_shift_v2,quantum_reupload,fraud,89,0.9306261288225642,23.18780000132392
sudden_covariate_shift_v2,mmd_rbf,population,89,1.0,26.535099999819067
sudden_covariate_shift_v2,mmd_rbf,fraud,89,0.8623338431264335,11.532100001204526
sudden_covariate_shift_v2,domain_classifier,population,89,0.9732888888888889,23.392200000671437
sudden_covariate_shift_v2,domain_classifier,fraud,89,0.9483333333333333,18.930500000351458
sudden_covariate_shift_v2,classical_cds,population,90,0.7345633575624728,74.3860999991739
sudden_covariate_shift_v2,classical_cds,fraud,90,,
sudden_covariate_shift_v2,quantum_angle,population,90,0.9737357334903493,12.933699999848614
sudden_covariate_shift_v2,quantum_angle,fraud,90,,
sudden_covariate_shift_v2,quantum_zz,population,90,0.8509505915961096,93.87830000014219
sudden_covariate_shift_v2,quantum_zz,fraud,90,,
sudden_covariate_shift_v2,quantum_reupload,population,90,0.8968883421804237,36.10130000015488
sudden_covariate_shift_v2,quantum_reupload,fraud,90,,
sudden_covariate_shift_v2,mmd_rbf,population,90,1.0,25.969899999836343
sudden_covariate_shift_v2,mmd_rbf,fraud,90,,
sudden_covariate_shift_v2,domain_classifier,population,90,0.9717333333333333,23.28999999917869
sudden_covariate_shift_v2,domain_classifier,fraud,90,,
sudden_covariate_shift_v2,classical_cds,population,91,0.7314841849748607,88.68910000092
sudden_covariate_shift_v2,classical_cds,fraud,91,0.5994447723187937,3.511400000206777
sudden_covariate_shift_v2,quantum_angle,population,91,0.9733496575963669,10.635300001013093
sudden_covariate_shift_v2,quantum_angle,fraud,91,0.9861715337277678,15.159000000494416
sudden_covariate_shift_v2,quantum_zz,population,91,0.8374787087365745,97.29059999881429
sudden_covariate_shift_v2,quantum_zz,fraud,91,0.8311882205857906,71.81579999996757
sudden_covariate_shift_v2,quantum_reupload,population,91,0.8933596536127288,32.439100001283805
sudden_covariate_shift_v2,quantum_reupload,fraud,91,0.9337193644464691,28.766199999154196
sudden_covariate_shift_v2,mmd_rbf,population,91,1.0,38.47400000086054
sudden_covariate_shift_v2,mmd_rbf,fraud,91,0.8133967483999962,9.950800000297022
sudden_covariate_shift_v2,domain_classifier,population,91,0.9714666666666667,24.55780000127561
sudden_covariate_shift_v2,domain_classifier,fraud,91,0.9518181818181819,17.92369999930088
sudden_covariate_shift_v2,classical_cds,population,92,0.7305155432235999,79.62880000013683
sudden_covariate_shift_v2,classical_cds,fraud,92,0.6006656114785367,2.55010000000766
sudden_covariate_shift_v2,quantum_angle,population,92,0.9752935527320116,12.849400000050082
sudden_covariate_shift_v2,quantum_angle,fraud,92,0.9857789788366891,14.679800000521936
sudden_covariate_shift_v2,quantum_zz,population,92,0.8538575234640225,95.68209999997634
sudden_covariate_shift_v2,quantum_zz,fraud,92,0.8367390346565431,58.57099999957427
sudden_covariate_shift_v2,quantum_reupload,population,92,0.9017139942791331,31.193100001473795
sudden_covariate_shift_v2,quantum_reupload,fraud,92,0.928204426588503,25.647599999501836
sudden_covariate_shift_v2,mmd_rbf,population,92,1.0,31.888100000287523
sudden_covariate_shift_v2,mmd_rbf,fraud,92,0.8887154854973,8.104900000034831
sudden_covariate_shift_v2,domain_classifier,population,92,0.9632000000000001,34.28560000065772
sudden_covariate_shift_v2,domain_classifier,fraud,92,0.9264444444444444,17.890500001158216
sudden_covariate_shift_v2,classical_cds,population,93,0.7301983497233827,74.12579999981972
sudden_covariate_shift_v2,classical_cds,fraud,93,0.5642779832724936,2.6156000003538793
sudden_covariate_shift_v2,quantum_angle,population,93,0.9745467796003212,12.959799998498056
sudden_covariate_shift_v2,quantum_angle,fraud,93,0.9823207147442318,10.552800000368734
sudden_covariate_shift_v2,quantum_zz,population,93,0.8473007168496661,96.81180000006862
sudden_covariate_shift_v2,quantum_zz,fraud,93,0.8441197543165326,65.37390000084997
sudden_covariate_shift_v2,quantum_reupload,population,93,0.9003537027581278,36.668699998699594
sudden_covariate_shift_v2,quantum_reupload,fraud,93,0.9326921948324558,32.165699998586206
sudden_covariate_shift_v2,mmd_rbf,population,93,1.0,30.587799999921117
sudden_covariate_shift_v2,mmd_rbf,fraud,93,0.9136285689807762,10.388099999545375
sudden_covariate_shift_v2,domain_classifier,population,93,0.9716666666666667,21.78529999946477
sudden_covariate_shift_v2,domain_classifier,fraud,93,0.9636734693877551,24.32260000023234
sudden_covariate_shift_v2,classical_cds,population,94,0.7294772284557407,76.69269999860262
sudden_covariate_shift_v2,classical_cds,fraud,94,0.6013418267108608,2.605900001071859
sudden_covariate_shift_v2,quantum_angle,population,94,0.9738149392918637,15.00789999954577
sudden_covariate_shift_v2,quantum_angle,fraud,94,0.9833074281071116,15.684500000133994
sudden_covariate_shift_v2,quantum_zz,population,94,0.8536099830083517,124.64689999978873
sudden_covariate_shift_v2,quantum_zz,fraud,94,0.8393195390757566,96.51130000020203
sudden_covariate_shift_v2,quantum_reupload,population,94,0.8947824735671434,46.469999999317224
sudden_covariate_shift_v2,quantum_reupload,fraud,94,0.9219314579944604,35.52499999932479
sudden_covariate_shift_v2,mmd_rbf,population,94,1.0,34.38120000100753
sudden_covariate_shift_v2,mmd_rbf,fraud,94,0.9485804546041378,10.94089999969583
sudden_covariate_shift_v2,domain_classifier,population,94,0.9709333333333332,18.317300000489922
sudden_covariate_shift_v2,domain_classifier,fraud,94,0.886021505376344,17.477199999120785
sudden_covariate_shift_v2,classical_cds,population,95,0.7298805452094965,74.49759999872185
sudden_covariate_shift_v2,classical_cds,fraud,95,,
sudden_covariate_shift_v2,quantum_angle,population,95,0.9727945520119913,14.79509999990114
sudden_covariate_shift_v2,quantum_angle,fraud,95,,
sudden_covariate_shift_v2,quantum_zz,population,95,0.8550612896904194,111.11559999881138
sudden_covariate_shift_v2,quantum_zz,fraud,95,,
sudden_covariate_shift_v2,quantum_reupload,population,95,0.8918390791219811,39.2894000015076
sudden_covariate_shift_v2,quantum_reupload,fraud,95,,
sudden_covariate_shift_v2,mmd_rbf,population,95,1.0,30.33089999917138
sudden_covariate_shift_v2,mmd_rbf,fraud,95,,
sudden_covariate_shift_v2,domain_classifier,population,95,0.9710000000000001,18.6688999983744
sudden_covariate_shift_v2,domain_classifier,fraud,95,,
sudden_covariate_shift_v2,classical_cds,population,96,0.7298861604255632,87.47910000056436
sudden_covariate_shift_v2,classical_cds,fraud,96,0.5917462134242136,2.8770999997504987
sudden_covariate_shift_v2,quantum_angle,population,96,0.9733855468342231,13.898100000005797
sudden_covariate_shift_v2,quantum_angle,fraud,96,0.9820992192533624,8.43209999948158
sudden_covariate_shift_v2,quantum_zz,population,96,0.8504584282603792,96.37440000005881
sudden_covariate_shift_v2,quantum_zz,fraud,96,0.8329699404757774,61.066199999913806
sudden_covariate_shift_v2,quantum_reupload,population,96,0.8940047923918615,34.972600000401144
sudden_covariate_shift_v2,quantum_reupload,fraud,96,0.8973835125810956,22.10210000157531
sudden_covariate_shift_v2,mmd_rbf,population,96,1.0,30.969899999035988
sudden_covariate_shift_v2,mmd_rbf,fraud,96,0.9586272249955027,13.025099999140366
sudden_covariate_shift_v2,domain_classifier,population,96,0.9715444444444445,19.414599999436177
sudden_covariate_shift_v2,domain_classifier,fraud,96,0.9096124031007751,24.591000001237262
sudden_covariate_shift_v2,classical_cds,population,97,0.7283473613697912,109.52289999841014
sudden_covariate_shift_v2,classical_cds,fraud,97,0.6032103832977302,2.931499999249354
sudden_covariate_shift_v2,quantum_angle,population,97,0.9737495221026562,14.508099999147817
sudden_covariate_shift_v2,quantum_angle,fraud,97,0.9806768535860273,10.956000000078348
sudden_covariate_shift_v2,quantum_zz,population,97,0.847732162154375,100.05909999927098
sudden_covariate_shift_v2,quantum_zz,fraud,97,0.849276091174706,81.91170000100101
sudden_covariate_shift_v2,quantum_reupload,population,97,0.8962708958569651,44.02789999949164
sudden_covariate_shift_v2,quantum_reupload,fraud,97,0.9025469655121487,30.12709999893559
sudden_covariate_shift_v2,mmd_rbf,population,97,1.0,29.99199999976554
sudden_covariate_shift_v2,mmd_rbf,fraud,97,1.0,10.634700000082375
sudden_covariate_shift_v2,domain_classifier,population,97,0.9719777777777778,21.211199999015662
sudden_covariate_shift_v2,domain_classifier,fraud,97,0.9515789473684211,16.84670000031474
sudden_covariate_shift_v2,classical_cds,population,98,0.7301361053909412,84.51830000012706
sudden_covariate_shift_v2,classical_cds,fraud,98,0.584735274314452,2.8389999988576164
sudden_covariate_shift_v2,quantum_angle,population,98,0.9732007117956262,13.635500001328182
sudden_covariate_shift_v2,quantum_angle,fraud,98,0.9854300465749705,10.351599999921746
sudden_covariate_shift_v2,quantum_zz,population,98,0.8551019638169892,108.68110000046727
sudden_covariate_shift_v2,quantum_zz,fraud,98,0.8501725611232267,106.05720000057772
sudden_covariate_shift_v2,quantum_reupload,population,98,0.894841612584749,60.91799999921932
sudden_covariate_shift_v2,quantum_reupload,fraud,98,0.9182635952266094,49.27800000041316
sudden_covariate_shift_v2,mmd_rbf,population,98,1.0,36.37669999989157
sudden_covariate_shift_v2,mmd_rbf,fraud,98,0.9136078582900882,15.405699999973876
sudden_covariate_shift_v2,domain_classifier,population,98,0.9703333333333333,26.022600000942475
sudden_covariate_shift_v2,domain_classifier,fraud,98,0.9244444444444444,25.3683999999339
sudden_covariate_shift_v2,classical_cds,population,99,0.7350503250978371,105.4982999994536
sudden_covariate_shift_v2,classical_cds,fraud,99,0.5765677661004601,5.500299999766867
sudden_covariate_shift_v2,quantum_angle,population,99,0.9740467839023847,17.021999999997206
sudden_covariate_shift_v2,quantum_angle,fraud,99,0.9849523742165525,11.773700000048848
sudden_covariate_shift_v2,quantum_zz,population,99,0.8503014360517107,155.53920000093058
sudden_covariate_shift_v2,quantum_zz,fraud,99,0.8393034360607361,78.41689999986556
sudden_covariate_shift_v2,quantum_reupload,population,99,0.8968314011255168,50.87139999886858
sudden_covariate_shift_v2,quantum_reupload,fraud,99,0.9220947028511578,40.37869999956456
sudden_covariate_shift_v2,mmd_rbf,population,99,1.0,43.88470000048983
sudden_covariate_shift_v2,mmd_rbf,fraud,99,0.852330981186974,14.993799999501789
sudden_covariate_shift_v2,domain_classifier,population,99,0.9722666666666666,38.80879999996978
sudden_covariate_shift_v2,domain_classifier,fraud,99,0.9497222222222221,28.554099999382743
gradual_covariate_shift_v2,classical_cds,population,0,0.03650715737622828,17.869600000267383
gradual_covariate_shift_v2,classical_cds,fraud,0,0.17684815077719815,2.5032000012288336
gradual_covariate_shift_v2,quantum_angle,population,0,0.0,15.691599999627215
gradual_covariate_shift_v2,quantum_angle,fraud,0,0.01494414993793658,11.170199999469332
gradual_covariate_shift_v2,quantum_zz,population,0,0.0,110.73460000079649
gradual_covariate_shift_v2,quantum_zz,fraud,0,0.028033284098204936,72.9641999987507
gradual_covariate_shift_v2,quantum_reupload,population,0,0.0,39.199499999085674
gradual_covariate_shift_v2,quantum_reupload,fraud,0,0.009717795242095817,28.853699999672244
gradual_covariate_shift_v2,mmd_rbf,population,0,0.003954062144366333,32.91270000045188
gradual_covariate_shift_v2,mmd_rbf,fraud,0,0.0,12.884800000392715
gradual_covariate_shift_v2,domain_classifier,population,0,0.09099999999999975,31.202199999825098
gradual_covariate_shift_v2,domain_classifier,fraud,0,0.0,31.761300000653137
gradual_covariate_shift_v2,classical_cds,population,1,0.02946925495736226,14.934300001186784
gradual_covariate_shift_v2,classical_cds,fraud,1,0.3842586602866072,8.671800000229268
gradual_covariate_shift_v2,quantum_angle,population,1,0.0,14.259399998991285
gradual_covariate_shift_v2,quantum_angle,fraud,1,0.23274264730960925,16.315600001689745
gradual_covariate_shift_v2,quantum_zz,population,1,0.0,137.2971000000689
gradual_covariate_shift_v2,quantum_zz,fraud,1,0.22962028953824798,90.89039999889792
gradual_covariate_shift_v2,quantum_reupload,population,1,0.0,38.863100000526174
gradual_covariate_shift_v2,quantum_reupload,fraud,1,0.2761817292497939,26.750900000479305
gradual_covariate_shift_v2,mmd_rbf,population,1,0.0,30.319699999381555
gradual_covariate_shift_v2,mmd_rbf,fraud,1,0.06200661428822096,11.133199999676435
gradual_covariate_shift_v2,domain_classifier,population,1,0.03211111111111098,21.22830000007525
gradual_covariate_shift_v2,domain_classifier,fraud,1,0.306936936936937,16.17440000154602
gradual_covariate_shift_v2,classical_cds,population,2,0.028361420167659343,10.420200000226032
gradual_covariate_shift_v2,classical_cds,fraud,2,0.24372471274092553,3.13070000083826
gradual_covariate_shift_v2,quantum_angle,population,2,0.0,13.373499999943306
gradual_covariate_shift_v2,quantum_angle,fraud,2,0.0034646037083897463,9.540400000332738
gradual_covariate_shift_v2,quantum_zz,population,2,0.0,98.73979999974836
gradual_covariate_shift_v2,quantum_zz,fraud,2,0.0,64.4893000007869
gradual_covariate_shift_v2,quantum_reupload,population,2,0.0,48.932699999568285
gradual_covariate_shift_v2,quantum_reupload,fraud,2,0.0,32.97219999876688
gradual_covariate_shift_v2,mmd_rbf,population,2,0.0,30.728800000360934
gradual_covariate_shift_v2,mmd_rbf,fraud,2,0.0,8.37620000129391
gradual_covariate_shift_v2,domain_classifier,population,2,0.0,22.388699999282835
gradual_covariate_shift_v2,domain_classifier,fraud,2,0.08138211382113814,17.69399999830057
gradual_covariate_shift_v2,classical_cds,population,3,0.026677431598088337,8.993999999802327
gradual_covariate_shift_v2,classical_cds,fraud,3,0.14288757575651773,4.800900000191177
gradual_covariate_shift_v2,quantum_angle,population,3,0.0,11.086700000305427
gradual_covariate_shift_v2,quantum_angle,fraud,3,0.04638167752380051,13.771900001302129
gradual_covariate_shift_v2,quantum_zz,population,3,0.0,97.16029999981401
gradual_covariate_shift_v2,quantum_zz,fraud,3,0.06219262760521871,63.498199999230565
gradual_covariate_shift_v2,quantum_reupload,population,3,0.0,43.81509999984701
gradual_covariate_shift_v2,quantum_reupload,fraud,3,0.062316909386541997,30.730499998753658
gradual_covariate_shift_v2,mmd_rbf,population,3,0.0,32.55650000028254
gradual_covariate_shift_v2,mmd_rbf,fraud,3,0.0050637388489416235,12.564700000439188
gradual_covariate_shift_v2,domain_classifier,population,3,0.05668888888888901,29.558199999883072
gradual_covariate_shift_v2,domain_classifier,fraud,3,0.0418421052631579,24.45150000130525
gradual_covariate_shift_v2,classical_cds,population,4,0.023596527934297902,9.588799999619368
gradual_covariate_shift_v2,classical_cds,fraud,4,0.13497169262658668,2.4525000007997733
gradual_covariate_shift_v2,quantum_angle,population,4,0.0,12.84999999916181
gradual_covariate_shift_v2,quantum_angle,fraud,4,0.0,15.112700000827317
gradual_covariate_shift_v2,quantum_zz,population,4,0.0,103.81120000056399
gradual_covariate_shift_v2,quantum_zz,fraud,4,0.004524244705399583,63.785899999857065
gradual_covariate_shift_v2,quantum_reupload,population,4,0.0,30.89870000076189
gradual_covariate_shift_v2,quantum_reupload,fraud,4,0.0,23.11329999974987
gradual_covariate_shift_v2,mmd_rbf,population,4,0.00036609997720060683,26.80080000027374
gradual_covariate_shift_v2,mmd_rbf,fraud,4,0.0,8.966899998995359
gradual_covariate_shift_v2,domain_classifier,population,4,0.0,20.076099999641883
gradual_covariate_shift_v2,domain_classifier,fraud,4,0.0,14.526900000419118
gradual_covariate_shift_v2,classical_cds,population,5,0.030815302943426395,11.493099998915568
gradual_covariate_shift_v2,classical_cds,fraud,5,0.14144064479352933,2.4426999989373144
gradual_covariate_shift_v2,quantum_angle,population,5,0.0,14.256399999794667
gradual_covariate_shift_v2,quantum_angle,fraud,5,0.0,8.602800000517163
gradual_covariate_shift_v2,quantum_zz,population,5,0.0,139.03010000103677
gradual_covariate_shift_v2,quantum_zz,fraud,5,0.0,70.81029999972088
gradual_covariate_shift_v2,quantum_reupload,population,5,0.0,32.3577999988629
gradual_covariate_shift_v2,quantum_reupload,fraud,5,0.0,24.144699998942087
gradual_covariate_shift_v2,mmd_rbf,population,5,0.003839516269579235,30.3886000001512
gradual_covariate_shift_v2,mmd_rbf,fraud,5,0.0,13.67229999959818
gradual_covariate_shift_v2,domain_classifier,population,5,0.012644444444444458,25.27639999971143
gradual_covariate_shift_v2,domain_classifier,fraud,5,0.0,14.299699998446158
gradual_covariate_shift_v2,classical_cds,population,6,0.025869711280898593,9.485399999903166
gradual_covariate_shift_v2,classical_cds,fraud,6,0.24725995791891575,2.43409999893629
gradual_covariate_shift_v2,quantum_angle,population,6,0.0,13.498800000888878
gradual_covariate_shift_v2,quantum_angle,fraud,6,0.0,11.084199999459088
gradual_covariate_shift_v2,quantum_zz,population,6,0.0,94.6736999994755
gradual_covariate_shift_v2,quantum_zz,fraud,6,0.0,72.61449999896286
gradual_covariate_shift_v2,quantum_reupload,population,6,0.0,40.94260000056238
gradual_covariate_shift_v2,quantum_reupload,fraud,6,0.0,31.863399999565445
gradual_covariate_shift_v2,mmd_rbf,population,6,0.0,32.29559999999765
gradual_covariate_shift_v2,mmd_rbf,fraud,6,0.0,12.723599998935242
gradual_covariate_shift_v2,domain_classifier,population,6,0.0,26.27289999873028
gradual_covariate_shift_v2,domain_classifier,fraud,6,0.07430894308943081,16.4548000011564
gradual_covariate_shift_v2,classical_cds,population,7,0.03699367769845246,13.154000000213273
gradual_covariate_shift_v2,classical_cds,fraud,7,0.26316614615837713,2.43159999990894
gradual_covariate_shift_v2,quantum_angle,population,7,0.0,12.93710000027204
gradual_covariate_shift_v2,quantum_angle,fraud,7,0.0,11.334900000292691
gradual_covariate_shift_v2,quantum_zz,population,7,0.0,95.7815000001574
gradual_covariate_shift_v2,quantum_zz,fraud,7,0.0,75.14409999930649
gradual_covariate_shift_v2,quantum_reupload,population,7,0.0,43.11020000022836
gradual_covariate_shift_v2,quantum_reupload,fraud,7,0.0,29.000900000028196
gradual_covariate_shift_v2,mmd_rbf,population,7,0.0,33.65519999897515
gradual_covariate_shift_v2,mmd_rbf,fraud,7,9.989161923140699e-05,16.11600000069302
gradual_covariate_shift_v2,domain_classifier,population,7,0.08797777777777771,16.076599998996244
gradual_covariate_shift_v2,domain_classifier,fraud,7,0.17659574468085126,18.945699999676435
gradual_covariate_shift_v2,classical_cds,population,8,0.027181428710330073,11.848899999677087
gradual_covariate_shift_v2,classical_cds,fraud,8,0.11046580975213274,2.5414000010641757
gradual_covariate_shift_v2,quantum_angle,population,8,0.0004610438119715399,13.760300000285497
gradual_covariate_shift_v2,quantum_angle,fraud,8,0.03165797081399846,11.741199999960372
gradual_covariate_shift_v2,quantum_zz,population,8,0.0037773190883950702,113.46050000065588
gradual_covariate_shift_v2,quantum_zz,fraud,8,0.023956769511674247,68.06000000142376
gradual_covariate_shift_v2,quantum_reupload,population,8,0.018581748741799742,38.86489999968035
gradual_covariate_shift_v2,quantum_reupload,fraud,8,0.018476661333507782,33.61949999998615
gradual_covariate_shift_v2,mmd_rbf,population,8,0.0,32.40410000034899
gradual_covariate_shift_v2,mmd_rbf,fraud,8,0.0,11.62569999905827
gradual_covariate_shift_v2,domain_classifier,population,8,0.0,19.777600000452367
gradual_covariate_shift_v2,domain_classifier,fraud,8,0.0,20.683700000518
gradual_covariate_shift_v2,classical_cds,population,9,0.019329440944449074,10.281500000928645
gradual_covariate_shift_v2,classical_cds,fraud,9,0.205983535321899,2.481199999238015
gradual_covariate_shift_v2,quantum_angle,population,9,0.0,14.37900000018999
gradual_covariate_shift_v2,quantum_angle,fraud,9,0.0,7.985199999893666
gradual_covariate_shift_v2,quantum_zz,population,9,0.0,95.47790000033274
gradual_covariate_shift_v2,quantum_zz,fraud,9,0.0,68.5866999992868
gradual_covariate_shift_v2,quantum_reupload,population,9,0.0,40.63289999976405
gradual_covariate_shift_v2,quantum_reupload,fraud,9,0.0,33.029199999873526
gradual_covariate_shift_v2,mmd_rbf,population,9,0.0,27.604599999904167
gradual_covariate_shift_v2,mmd_rbf,fraud,9,0.0,11.468799999420298
gradual_covariate_shift_v2,domain_classifier,population,9,0.0,21.0692000000563
gradual_covariate_shift_v2,domain_classifier,fraud,9,0.0,18.78930000020773
gradual_covariate_shift_v2,classical_cds,population,10,0.03130390451380957,13.382699999056058
gradual_covariate_shift_v2,classical_cds,fraud,10,0.20806775760074422,2.541600000768085
gradual_covariate_shift_v2,quantum_angle,population,10,0.0,14.914499999576947
gradual_covariate_shift_v2,quantum_angle,fraud,10,0.01558761249413998,10.434699999677832
gradual_covariate_shift_v2,quantum_zz,population,10,0.0,120.26730000070529
gradual_covariate_shift_v2,quantum_zz,fraud,10,0.015547723808750025,80.65239999996265
gradual_covariate_shift_v2,quantum_reupload,population,10,0.0,33.21440000036091
gradual_covariate_shift_v2,quantum_reupload,fraud,10,0.0,23.313400000915863
gradual_covariate_shift_v2,mmd_rbf,population,10,0.0,26.869600000281935
gradual_covariate_shift_v2,mmd_rbf,fraud,10,0.0,10.115199998836033
gradual_covariate_shift_v2,domain_classifier,population,10,0.06748888888888893,27.08639999946172
gradual_covariate_shift_v2,domain_classifier,fraud,10,0.0,23.885900000095717
gradual_covariate_shift_v2,classical_cds,population,11,0.025048551559108054,9.045599999808474
gradual_covariate_shift_v2,classical_cds,fraud,11,0.14779659202030676,2.57180000153312
gradual_covariate_shift_v2,quantum_angle,population,11,0.0,13.148399999408866
gradual_covariate_shift_v2,quantum_angle,fraud,11,0.0,12.783899999703863
gradual_covariate_shift_v2,quantum_zz,population,11,0.0,105.23699999976088
gradual_covariate_shift_v2,quantum_zz,fraud,11,0.0,61.63670000023558
gradual_covariate_shift_v2,quantum_reupload,population,11,0.0,30.65470000001369
gradual_covariate_shift_v2,quantum_reupload,fraud,11,0.0,21.977700000206823
gradual_covariate_shift_v2,mmd_rbf,population,11,0.0,28.418200001397054
gradual_covariate_shift_v2,mmd_rbf,fraud,11,0.0,8.32529999934195
gradual_covariate_shift_v2,domain_classifier,population,11,0.0,18.77049999893643
gradual_covariate_shift_v2,domain_classifier,fraud,11,0.0,19.487800000206335
gradual_covariate_shift_v2,classical_cds,population,12,0.03386931175149909,9.285799998906441
gradual_covariate_shift_v2,classical_cds,fraud,12,0.18252854769500917,4.030600000987761
gradual_covariate_shift_v2,quantum_angle,population,12,0.0,15.143299999181181
gradual_covariate_shift_v2,quantum_angle,fraud,12,0.09874639756965597,13.077800000246498
gradual_covariate_shift_v2,quantum_zz,population,12,0.0,119.87649999900896
gradual_covariate_shift_v2,quantum_zz,fraud,12,0.11032508567215193,72.19909999912488
gradual_covariate_shift_v2,quantum_reupload,population,12,0.0,33.65180000037071
gradual_covariate_shift_v2,quantum_reupload,fraud,12,0.11679575901189665,36.98479999911797
gradual_covariate_shift_v2,mmd_rbf,population,12,0.0006095875810074869,32.049800000095274
gradual_covariate_shift_v2,mmd_rbf,fraud,12,0.0,8.260799999334267
gradual_covariate_shift_v2,domain_classifier,population,12,0.00973333333333315,29.878899998948327
gradual_covariate_shift_v2,domain_classifier,fraud,12,0.0,17.81420000042999
gradual_covariate_shift_v2,classical_cds,population,13,0.019520826166709405,12.587600000188104
gradual_covariate_shift_v2,classical_cds,fraud,13,0.3469614651643231,2.7607000010902993
gradual_covariate_shift_v2,quantum_angle,population,13,0.0,14.094299998760107
gradual_covariate_shift_v2,quantum_angle,fraud,13,0.0,10.03369999853021
gradual_covariate_shift_v2,quantum_zz,population,13,0.0,99.94130000086443
gradual_covariate_shift_v2,quantum_zz,fraud,13,0.017170317803206436,58.683499999460764
gradual_covariate_shift_v2,quantum_reupload,population,13,0.0,31.49959999973362
gradual_covariate_shift_v2,quantum_reupload,fraud,13,0.0,28.470999999626656
gradual_covariate_shift_v2,mmd_rbf,population,13,0.0,33.893400001034024
gradual_covariate_shift_v2,mmd_rbf,fraud,13,0.005839455109347691,14.512399999148329
gradual_covariate_shift_v2,domain_classifier,population,13,0.0,28.599599998415215
gradual_covariate_shift_v2,domain_classifier,fraud,13,0.0,17.459700000472367
gradual_covariate_shift_v2,classical_cds,population,14,0.023820165881808106,12.862600000516977
gradual_covariate_shift_v2,classical_cds,fraud,14,0.36098131174062725,3.6975999992137076
gradual_covariate_shift_v2,quantum_angle,population,14,0.0,24.348599999939324
gradual_covariate_shift_v2,quantum_angle,fraud,14,0.017127433470815023,16.4085000014893
gradual_covariate_shift_v2,quantum_zz,population,14,0.0,129.83060000078694
gradual_covariate_shift_v2,quantum_zz,fraud,14,0.010003243414652085,69.51389999994717
gradual_covariate_shift_v2,quantum_reupload,population,14,0.0,36.31839999980002
gradual_covariate_shift_v2,quantum_reupload,fraud,14,0.02677036466797833,26.31689999907394
gradual_covariate_shift_v2,mmd_rbf,population,14,0.001288155268300839,25.987000000895932
gradual_covariate_shift_v2,mmd_rbf,fraud,14,0.0,9.207400000377675
gradual_covariate_shift_v2,domain_classifier,population,14,0.09546666666666681,25.647700000263285
gradual_covariate_shift_v2,domain_classifier,fraud,14,0.0,17.72720000008121
gradual_covariate_shift_v2,classical_cds,population,15,0.028005652968847404,10.387300000729738
gradual_covariate_shift_v2,classical_cds,fraud,15,0.15214144174424274,2.3886999988462776
gradual_covariate_shift_v2,quantum_angle,population,15,0.0,16.36990000042715
gradual_covariate_shift_v2,quantum_angle,fraud,15,0.08157305605073828,10.262699999657343
gradual_covariate_shift_v2,quantum_zz,population,15,0.0,82.84409999942
gradual_covariate_shift_v2,quantum_zz,fraud,15,0.0666665574068771,76.01590000012948
gradual_covariate_shift_v2,quantum_reupload,population,15,0.0,31.285699998989003
gradual_covariate_shift_v2,quantum_reupload,fraud,15,0.06587527243003388,29.45769999860204
gradual_covariate_shift_v2,mmd_rbf,population,15,0.0,28.394099999786704
gradual_covariate_shift_v2,mmd_rbf,fraud,15,0.0,8.723699998881784
gradual_covariate_shift_v2,domain_classifier,population,15,0.0017333333333333645,25.931700000001
gradual_covariate_shift_v2,domain_classifier,fraud,15,0.0,22.079200000007404
gradual_covariate_shift_v2,classical_cds,population,16,0.03358965262771381,12.021200000162935
gradual_covariate_shift_v2,classical_cds,fraud,16,0.15595538121441416,2.4844999988999916
gradual_covariate_shift_v2,quantum_angle,population,16,0.012440295793061606,12.881500000730739
gradual_covariate_shift_v2,quantum_angle,fraud,16,0.0,8.34719999875233
gradual_covariate_shift_v2,quantum_zz,population,16,0.005571961500090428,104.72769999978482
gradual_covariate_shift_v2,quantum_zz,fraud,16,0.0,76.19189999968512
gradual_covariate_shift_v2,quantum_reupload,population,16,0.005849129837643852,42.08230000040203
gradual_covariate_shift_v2,quantum_reupload,fraud,16,0.0,36.443599999984144
gradual_covariate_shift_v2,mmd_rbf,population,16,0.0,29.57100000094215
gradual_covariate_shift_v2,mmd_rbf,fraud,16,0.0,8.618500000011409
gradual_covariate_shift_v2,domain_classifier,population,16,0.0,23.426100000506267
gradual_covariate_shift_v2,domain_classifier,fraud,16,0.0,21.0055999996257
gradual_covariate_shift_v2,classical_cds,population,17,0.021313326001867194,8.552100000088103
gradual_covariate_shift_v2,classical_cds,fraud,17,0.11855077753220153,7.013499998720363
gradual_covariate_shift_v2,quantum_angle,population,17,0.0,15.216699999655248
gradual_covariate_shift_v2,quantum_angle,fraud,17,0.0,8.801799998764182
gradual_covariate_shift_v2,quantum_zz,population,17,0.0,102.06930000094872
gradual_covariate_shift_v2,quantum_zz,fraud,17,0.0,57.14330000046175
gradual_covariate_shift_v2,quantum_reupload,population,17,0.0,36.71579999900132
gradual_covariate_shift_v2,quantum_reupload,fraud,17,0.01607858386172145,22.601399999985006
gradual_covariate_shift_v2,mmd_rbf,population,17,0.0,29.019999999945867
gradual_covariate_shift_v2,mmd_rbf,fraud,17,0.0,9.87639999948442
gradual_covariate_shift_v2,domain_classifier,population,17,0.0,23.77890000025218
gradual_covariate_shift_v2,domain_classifier,fraud,17,0.0,18.531400000938447
gradual_covariate_shift_v2,classical_cds,population,18,0.02071023529559022,10.015299998485716
gradual_covariate_shift_v2,classical_cds,fraud,18,0.25838048401830443,2.3782999996910803
gradual_covariate_shift_v2,quantum_angle,population,18,0.0,15.738100000817212
gradual_covariate_shift_v2,quantum_angle,fraud,18,0.03009892326792518,10.137900000700029
gradual_covariate_shift_v2,quantum_zz,population,18,0.0,105.151300000216
gradual_covariate_shift_v2,quantum_zz,fraud,18,0.0283978077798549,81.07590000145137
gradual_covariate_shift_v2,quantum_reupload,population,18,0.0030152305993004225,43.28979999991134
gradual_covariate_shift_v2,quantum_reupload,fraud,18,0.031845243427456094,28.31279999918479
gradual_covariate_shift_v2,mmd_rbf,population,18,0.0,28.601199999684468
gradual_covariate_shift_v2,mmd_rbf,fraud,18,0.0034060950879502006,8.611900000687456
gradual_covariate_shift_v2,domain_classifier,population,18,0.08677777777777784,19.823299999188748
gradual_covariate_shift_v2,domain_classifier,fraud,18,0.06774999999999998,19.311399999423884
gradual_covariate_shift_v2,classical_cds,population,19,0.03158138275251365,9.882899999865913
gradual_covariate_shift_v2,classical_cds,fraud,19,0.24920878795816226,2.995799999553128
gradual_covariate_shift_v2,quantum_angle,population,19,0.0,12.249499999597901
gradual_covariate_shift_v2,quantum_angle,fraud,19,0.0,13.414099999863538
gradual_covariate_shift_v2,quantum_zz,population,19,0.0,105.12970000127098
gradual_covariate_shift_v2,quantum_zz,fraud,19,0.0,64.24400000105379
gradual_covariate_shift_v2,quantum_reupload,population,19,0.0,37.14190000027884
gradual_covariate_shift_v2,quantum_reupload,fraud,19,0.0,38.899299999684445
gradual_covariate_shift_v2,mmd_rbf,population,19,0.0,40.06330000083835
gradual_covariate_shift_v2,mmd_rbf,fraud,19,0.0,16.57830000112881
gradual_covariate_shift_v2,domain_classifier,population,19,0.0,33.05909999835421
gradual_covariate_shift_v2,domain_classifier,fraud,19,0.0,22.033699999155942
gradual_covariate_shift_v2,classical_cds,population,20,0.02267836710359271,11.721900000338792
gradual_covariate_shift_v2,classical_cds,fraud,20,0.08789536586350358,2.741099999184371
gradual_covariate_shift_v2,quantum_angle,population,20,0.0,17.07949999945413
gradual_covariate_shift_v2,quantum_angle,fraud,20,0.0,14.481100000921288
gradual_covariate_shift_v2,quantum_zz,population,20,0.0,104.60720000082802
gradual_covariate_shift_v2,quantum_zz,fraud,20,0.0,68.45480000083626
gradual_covariate_shift_v2,quantum_reupload,population,20,0.0,33.87520000069344
gradual_covariate_shift_v2,quantum_reupload,fraud,20,0.0,32.91750000062166
gradual_covariate_shift_v2,mmd_rbf,population,20,0.0,36.53160000067146
gradual_covariate_shift_v2,mmd_rbf,fraud,20,0.0,8.553899999242276
gradual_covariate_shift_v2,domain_classifier,population,20,0.0,16.848199999003555
gradual_covariate_shift_v2,domain_classifier,fraud,20,0.0,25.811699999394477
gradual_covariate_shift_v2,classical_cds,population,21,0.024716962092442514,12.640500000998145
gradual_covariate_shift_v2,classical_cds,fraud,21,0.38588652033699344,3.7742000004072906
gradual_covariate_shift_v2,quantum_angle,population,21,0.0,15.497700000196346
gradual_covariate_shift_v2,quantum_angle,fraud,21,0.0,8.049199999732082
gradual_covariate_shift_v2,quantum_zz,population,21,0.0,90.74499999951513
gradual_covariate_shift_v2,quantum_zz,fraud,21,0.0,58.87520000032964
gradual_covariate_shift_v2,quantum_reupload,population,21,0.0,38.20689999884053
gradual_covariate_shift_v2,quantum_reupload,fraud,21,0.0,32.64140000101179
gradual_covariate_shift_v2,mmd_rbf,population,21,0.0,28.735199999573524
gradual_covariate_shift_v2,mmd_rbf,fraud,21,0.007068320376316217,9.232399999746121
gradual_covariate_shift_v2,domain_classifier,population,21,0.03022222222222215,18.822800000634743
gradual_covariate_shift_v2,domain_classifier,fraud,21,0.0,23.219299999254872
gradual_covariate_shift_v2,classical_cds,population,22,0.026108316293317446,9.272799999962444
gradual_covariate_shift_v2,classical_cds,fraud,22,0.17174318322883794,2.4790999996184837
gradual_covariate_shift_v2,quantum_angle,population,22,0.0,14.046299998881295
gradual_covariate_shift_v2,quantum_angle,fraud,22,0.01525046270652286,9.31989999844518
gradual_covariate_shift_v2,quantum_zz,population,22,0.0,95.99569999954838
gradual_covariate_shift_v2,quantum_zz,fraud,22,0.046448984536755056,74.76170000154525
gradual_covariate_shift_v2,quantum_reupload,population,22,0.0,45.97529999955441
gradual_covariate_shift_v2,quantum_reupload,fraud,22,0.05124137452886002,27.60169999965001
gradual_covariate_shift_v2,mmd_rbf,population,22,0.0,36.70330000022659
gradual_covariate_shift_v2,mmd_rbf,fraud,22,0.0,10.433699999339296
gradual_covariate_shift_v2,domain_classifier,population,22,0.03217777777777786,19.853399999192334
gradual_covariate_shift_v2,domain_classifier,fraud,22,0.0,16.610999999102205
gradual_covariate_shift_v2,classical_cds,population,23,0.033204190423356636,11.410500001147739
gradual_covariate_shift_v2,classical_cds,fraud,23,0.15094973172169018,2.405999999609776
gradual_covariate_shift_v2,quantum_angle,population,23,0.0,19.03420000053302
gradual_covariate_shift_v2,quantum_angle,fraud,23,0.051010901068597514,11.860700000397628
gradual_covariate_shift_v2,quantum_zz,population,23,0.0,102.77700000006007
gradual_covariate_shift_v2,quantum_zz,fraud,23,0.07287752315847218,81.44939999874623
gradual_covariate_shift_v2,quantum_reupload,population,23,0.0,36.852100000032806
gradual_covariate_shift_v2,quantum_reupload,fraud,23,0.049423973466905524,25.508099999569822
gradual_covariate_shift_v2,mmd_rbf,population,23,0.0,34.34720000041125
gradual_covariate_shift_v2,mmd_rbf,fraud,23,0.014553036716424606,14.17579999906593
gradual_covariate_shift_v2,domain_classifier,population,23,0.09786666666666655,25.243300000511226
gradual_covariate_shift_v2,domain_classifier,fraud,23,0.14696296296296296,24.735999999393243
gradual_covariate_shift_v2,classical_cds,population,24,0.02971902573243098,9.908100000757258
gradual_covariate_shift_v2,classical_cds,fraud,24,0.17618648136633916,8.660299999974086
gradual_covariate_shift_v2,quantum_angle,population,24,0.0,17.07910000004631
gradual_covariate_shift_v2,quantum_angle,fraud,24,0.0,11.081700000431738
gradual_covariate_shift_v2,quantum_zz,population,24,0.0,104.57259999930102
gradual_covariate_shift_v2,quantum_zz,fraud,24,0.0076662268114250365,82.35809999860066
gradual_covariate_shift_v2,quantum_reupload,population,24,0.0,31.733300000269082
gradual_covariate_shift_v2,quantum_reupload,fraud,24,0.022871863894813105,24.467500001264852
gradual_covariate_shift_v2,mmd_rbf,population,24,0.004335621978357684,41.01929999887943
gradual_covariate_shift_v2,mmd_rbf,fraud,24,0.0,8.25540000005276
gradual_covariate_shift_v2,domain_classifier,population,24,0.04053333333333331,25.022799998623668
gradual_covariate_shift_v2,domain_classifier,fraud,24,0.0,20.481699999436387
gradual_covariate_shift_v2,classical_cds,population,25,0.025627811100496306,15.47019999998156
gradual_covariate_shift_v2,classical_cds,fraud,25,0.29873749815467854,5.241700000624405
gradual_covariate_shift_v2,quantum_angle,population,25,0.0,16.316199998982484
gradual_covariate_shift_v2,quantum_angle,fraud,25,0.13953020768323265,13.065999999525957
gradual_covariate_shift_v2,quantum_zz,population,25,0.0,130.4277999988699
gradual_covariate_shift_v2,quantum_zz,fraud,25,0.12124478360742807,101.54959999999846
gradual_covariate_shift_v2,quantum_reupload,population,25,0.0,53.91779999990831
gradual_covariate_shift_v2,quantum_reupload,fraud,25,0.1618098908564355,49.85760000090522
gradual_covariate_shift_v2,mmd_rbf,population,25,0.0,34.13159999945492
gradual_covariate_shift_v2,mmd_rbf,fraud,25,0.012793691212711122,10.22249999914493
gradual_covariate_shift_v2,domain_classifier,population,25,0.014888888888888951,21.82159999938449
gradual_covariate_shift_v2,domain_classifier,fraud,25,0.1679824561403509,19.34339999934309
gradual_covariate_shift_v2,classical_cds,population,26,0.032241208325686804,14.079299999139039
gradual_covariate_shift_v2,classical_cds,fraud,26,0.347656042790189,2.3973999996087514
gradual_covariate_shift_v2,quantum_angle,population,26,0.0,16.062099999544444
gradual_covariate_shift_v2,quantum_angle,fraud,26,0.04148570199433499,9.563800000250922
gradual_covariate_shift_v2,quantum_zz,population,26,0.0005229530908511526,107.75760000069567
gradual_covariate_shift_v2,quantum_zz,fraud,26,0.05378576477757746,66.82159999945725
gradual_covariate_shift_v2,quantum_reupload,population,26,0.0,49.721599998520105
gradual_covariate_shift_v2,quantum_reupload,fraud,26,0.060674240159818704,33.83690000009665
gradual_covariate_shift_v2,mmd_rbf,population,26,0.0,40.355600000111735
gradual_covariate_shift_v2,mmd_rbf,fraud,26,0.0,8.76569999854837
gradual_covariate_shift_v2,domain_classifier,population,26,0.0,22.479999999632128
gradual_covariate_shift_v2,domain_classifier,fraud,26,0.019444444444444375,14.273999999204534
gradual_covariate_shift_v2,classical_cds,population,27,0.02332193367644613,12.094299998352653
gradual_covariate_shift_v2,classical_cds,fraud,27,0.2442108476524533,2.4271000002045184
gradual_covariate_shift_v2,quantum_angle,population,27,0.004105264504388195,22.84739999959129
gradual_covariate_shift_v2,quantum_angle,fraud,27,0.0,81.18529999956081
gradual_covariate_shift_v2,quantum_zz,population,27,0.010983119999358193,153.1011999995826
gradual_covariate_shift_v2,quantum_zz,fraud,27,0.008000159944817287,79.71789999828616
gradual_covariate_shift_v2,quantum_reupload,population,27,0.011036906696851423,45.05240000071353
gradual_covariate_shift_v2,quantum_reupload,fraud,27,0.0,25.360100000398234
gradual_covariate_shift_v2,mmd_rbf,population,27,0.0,26.26330000020971
gradual_covariate_shift_v2,mmd_rbf,fraud,27,0.0,12.35880000058387
gradual_covariate_shift_v2,domain_classifier,population,27,0.0,19.9123000002146
gradual_covariate_shift_v2,domain_classifier,fraud,27,0.0,18.69770000121207
gradual_covariate_shift_v2,classical_cds,population,28,0.027580301859533876,12.343300000793533
gradual_covariate_shift_v2,classical_cds,fraud,28,0.13800443012321176,2.4462000001221895
gradual_covariate_shift_v2,quantum_angle,population,28,0.0,14.178699999320088
gradual_covariate_shift_v2,quantum_angle,fraud,28,0.0,10.77640000039537
gradual_covariate_shift_v2,quantum_zz,population,28,0.0,102.81860000031884
gradual_covariate_shift_v2,quantum_zz,fraud,28,0.0,70.61900000007881
gradual_covariate_shift_v2,quantum_reupload,population,28,0.0,41.01760000048671
gradual_covariate_shift_v2,quantum_reupload,fraud,28,0.0,25.53329999864218
gradual_covariate_shift_v2,mmd_rbf,population,28,0.0,32.56080000028305
gradual_covariate_shift_v2,mmd_rbf,fraud,28,0.0,10.635099999490194
gradual_covariate_shift_v2,domain_classifier,population,28,0.028933333333333255,16.908799998418544
gradual_covariate_shift_v2,domain_classifier,fraud,28,0.0,16.968400001132977
gradual_covariate_shift_v2,classical_cds,population,29,0.024113079649419923,9.40699999955541
gradual_covariate_shift_v2,classical_cds,fraud,29,0.19903728080837477,3.031899999768939
gradual_covariate_shift_v2,quantum_angle,population,29,0.006473211560034331,12.296999999307445
gradual_covariate_shift_v2,quantum_angle,fraud,29,0.24360188178413822,10.7229000004736
gradual_covariate_shift_v2,quantum_zz,population,29,0.017860234888776194,98.51369999887538
gradual_covariate_shift_v2,quantum_zz,fraud,29,0.2275587629736775,70.48229999963951
gradual_covariate_shift_v2,quantum_reupload,population,29,0.0180123195739349,44.331200000669924
gradual_covariate_shift_v2,quantum_reupload,fraud,29,0.23681589890602317,30.312099999719067
gradual_covariate_shift_v2,mmd_rbf,population,29,0.0,33.49080000043614
gradual_covariate_shift_v2,mmd_rbf,fraud,29,0.045763577326508154,8.05670000045211
gradual_covariate_shift_v2,domain_classifier,population,29,0.0,18.65400000133377
gradual_covariate_shift_v2,domain_classifier,fraud,29,0.04895833333333344,17.418400000678957
gradual_covariate_shift_v2,classical_cds,population,30,0.024229996769636976,10.243099999570404
gradual_covariate_shift_v2,classical_cds,fraud,30,0.37043698353480137,2.3998999986361014
gradual_covariate_shift_v2,quantum_angle,population,30,0.0,14.322999999421882
gradual_covariate_shift_v2,quantum_angle,fraud,30,0.0,12.850300001446158
gradual_covariate_shift_v2,quantum_zz,population,30,0.0,122.57860000136134
gradual_covariate_shift_v2,quantum_zz,fraud,30,0.0,64.75309999950696
gradual_covariate_shift_v2,quantum_reupload,population,30,0.0,37.98909999932221
gradual_covariate_shift_v2,quantum_reupload,fraud,30,0.0,25.82789999905799
gradual_covariate_shift_v2,mmd_rbf,population,30,0.007255886062190742,28.30030000041006
gradual_covariate_shift_v2,mmd_rbf,fraud,30,0.0,10.382200000094599
gradual_covariate_shift_v2,domain_classifier,population,30,0.03486666666666682,18.39050000126008
gradual_covariate_shift_v2,domain_classifier,fraud,30,0.0,15.110999998796615
gradual_covariate_shift_v2,classical_cds,population,31,0.024389524352525657,9.60769999983313
gradual_covariate_shift_v2,classical_cds,fraud,31,0.14716928581645722,2.4491999993188074
gradual_covariate_shift_v2,quantum_angle,population,31,0.003434622885605032,13.806599999952596
gradual_covariate_shift_v2,quantum_angle,fraud,31,0.05832124840697761,8.40529999913997
gradual_covariate_shift_v2,quantum_zz,population,31,0.00893125943663764,105.25289999895904
gradual_covariate_shift_v2,quantum_zz,fraud,31,0.03419219135538398,81.05040000009467
gradual_covariate_shift_v2,quantum_reupload,population,31,0.0075649265376728225,31.66150000106427
gradual_covariate_shift_v2,quantum_reupload,fraud,31,0.03834379860355375,36.56319999936386
gradual_covariate_shift_v2,mmd_rbf,population,31,0.0,28.093099999750848
gradual_covariate_shift_v2,mmd_rbf,fraud,31,0.0,10.035600000264822
gradual_covariate_shift_v2,domain_classifier,population,31,0.0,18.18029999958526
gradual_covariate_shift_v2,domain_classifier,fraud,31,0.08597222222222212,15.923700000712415
gradual_covariate_shift_v2,classical_cds,population,32,0.03150355974359157,11.894900000697817
gradual_covariate_shift_v2,classical_cds,fraud,32,0.37590042171072147,3.2452000014018267
gradual_covariate_shift_v2,quantum_angle,population,32,0.0,11.738499999410124
gradual_covariate_shift_v2,quantum_angle,fraud,32,0.0,10.346699998990516
gradual_covariate_shift_v2,quantum_zz,population,32,0.008715489815838695,112.43589999867254
gradual_covariate_shift_v2,quantum_zz,fraud,32,0.0,69.96649999928195
gradual_covariate_shift_v2,quantum_reupload,population,32,0.01294821982044081,41.96359999878041
gradual_covariate_shift_v2,quantum_reupload,fraud,32,0.0,30.743100000108825
gradual_covariate_shift_v2,mmd_rbf,population,32,0.000656065975962683,29.605599998831167
gradual_covariate_shift_v2,mmd_rbf,fraud,32,0.006521362309245049,11.01589999962016
gradual_covariate_shift_v2,domain_classifier,population,32,0.04379999999999984,20.23680000093009
gradual_covariate_shift_v2,domain_classifier,fraud,32,0.05682539682539689,14.451200000621611
gradual_covariate_shift_v2,classical_cds,population,33,0.028345240590719935,14.986600001066108
gradual_covariate_shift_v2,classical_cds,fraud,33,0.3922500140311426,3.869500000291737
gradual_covariate_shift_v2,quantum_angle,population,33,0.0,12.442600000213133
gradual_covariate_shift_v2,quantum_angle,fraud,33,0.0,7.8622000000905246
gradual_covariate_shift_v2,quantum_zz,population,33,0.0,94.21090000068943
gradual_covariate_shift_v2,quantum_zz,fraud,33,0.0,58.753600000272854
gradual_covariate_shift_v2,quantum_reupload,population,33,0.0,37.168599999859
gradual_covariate_shift_v2,quantum_reupload,fraud,33,0.0,31.60080000088783
gradual_covariate_shift_v2,mmd_rbf,population,33,0.003945855158778766,37.034000000858214
gradual_covariate_shift_v2,mmd_rbf,fraud,33,0.0,13.86379999894416
gradual_covariate_shift_v2,domain_classifier,population,33,0.05851111111111118,27.423600000474835
gradual_covariate_shift_v2,domain_classifier,fraud,33,0.0,27.25779999855149
gradual_covariate_shift_v2,classical_cds,population,34,0.03365002213586116,13.407799999185954
gradual_covariate_shift_v2,classical_cds,fraud,34,0.2070193563839528,2.7527999991434626
gradual_covariate_shift_v2,quantum_angle,population,34,0.0,15.538499999820488
gradual_covariate_shift_v2,quantum_angle,fraud,34,0.0,13.49839999966207
gradual_covariate_shift_v2,quantum_zz,population,34,0.0,125.91539999993984
gradual_covariate_shift_v2,quantum_zz,fraud,34,0.0,68.43769999977667
gradual_covariate_shift_v2,quantum_reupload,population,34,0.0,39.022699998895405
gradual_covariate_shift_v2,quantum_reupload,fraud,34,0.0,23.6916999983805
gradual_covariate_shift_v2,mmd_rbf,population,34,0.0,33.78340000017488
gradual_covariate_shift_v2,mmd_rbf,fraud,34,0.00332075235895557,10.674499999367981
gradual_covariate_shift_v2,domain_classifier,population,34,0.031466666666666754,23.383499999908963
gradual_covariate_shift_v2,domain_classifier,fraud,34,0.0,26.00689999962924
gradual_covariate_shift_v2,classical_cds,population,35,0.03111806504390798,11.899499999344698
gradual_covariate_shift_v2,classical_cds,fraud,35,0.2479942709774918,4.786799998328206
gradual_covariate_shift_v2,quantum_angle,population,35,0.0,14.65000000098371
gradual_covariate_shift_v2,quantum_angle,fraud,35,0.032886948191288234,9.367199998450815
gradual_covariate_shift_v2,quantum_zz,population,35,0.0,100.08849999940139
gradual_covariate_shift_v2,quantum_zz,fraud,35,0.04236811686800668,64.76979999933974
gradual_covariate_shift_v2,quantum_reupload,population,35,0.0,40.26970000086294
gradual_covariate_shift_v2,quantum_reupload,fraud,35,0.0037114572031829995,25.739299999258947
gradual_covariate_shift_v2,mmd_rbf,population,35,0.0022939176352536617,37.89440000036848
gradual_covariate_shift_v2,mmd_rbf,fraud,35,0.0,13.743200001044897
gradual_covariate_shift_v2,domain_classifier,population,35,0.02086666666666681,28.55470000031346
gradual_covariate_shift_v2,domain_classifier,fraud,35,0.0,28.819199998906697
gradual_covariate_shift_v2,classical_cds,population,36,0.026968792158684196,17.845699998360942
gradual_covariate_shift_v2,classical_cds,fraud,36,0.3617365091033918,2.6407999994262354
gradual_covariate_shift_v2,quantum_angle,population,36,0.0,15.872999998464365
gradual_covariate_shift_v2,quantum_angle,fraud,36,0.039442476763157375,21.2506999996549
gradual_covariate_shift_v2,quantum_zz,population,36,0.0,116.74779999884777
gradual_covariate_shift_v2,quantum_zz,fraud,36,0.02827919844706339,67.66539999989618
gradual_covariate_shift_v2,quantum_reupload,population,36,0.0,37.49160000006668
gradual_covariate_shift_v2,quantum_reupload,fraud,36,0.03065302588629093,24.76340000066557
gradual_covariate_shift_v2,mmd_rbf,population,36,0.0,28.788800000256742
gradual_covariate_shift_v2,mmd_rbf,fraud,36,0.0,8.63510000090173
gradual_covariate_shift_v2,domain_classifier,population,36,0.02406666666666668,18.534400000135065
gradual_covariate_shift_v2,domain_classifier,fraud,36,0.0,14.302999999927124
gradual_covariate_shift_v2,classical_cds,population,37,0.029879172240249864,10.192199999437435
gradual_covariate_shift_v2,classical_cds,fraud,37,0.12670877510751583,2.4819999998726416
gradual_covariate_shift_v2,quantum_angle,population,37,0.0,15.063999999256339
gradual_covariate_shift_v2,quantum_angle,fraud,37,0.03297938654927879,13.891799999328214
gradual_covariate_shift_v2,quantum_zz,population,37,0.0,232.33840000102646
gradual_covariate_shift_v2,quantum_zz,fraud,37,0.03340895739647032,121.04460000045947
gradual_covariate_shift_v2,quantum_reupload,population,37,0.0,52.779600000576465
gradual_covariate_shift_v2,quantum_reupload,fraud,37,0.06080946413489896,34.091499999703956
gradual_covariate_shift_v2,mmd_rbf,population,37,0.0005053805722348148,40.14629999983299
gradual_covariate_shift_v2,mmd_rbf,fraud,37,0.0,11.463700000604149
gradual_covariate_shift_v2,domain_classifier,population,37,0.0822222222222222,30.6719999989582
gradual_covariate_shift_v2,domain_classifier,fraud,37,0.0,26.71559999907913
gradual_covariate_shift_v2,classical_cds,population,38,0.043835139796279836,17.244700000446755
gradual_covariate_shift_v2,classical_cds,fraud,38,0.2893368653697215,4.8541999985900475
gradual_covariate_shift_v2,quantum_angle,population,38,0.0,15.984699999535223
gradual_covariate_shift_v2,quantum_angle,fraud,38,0.0,23.334600000453065
gradual_covariate_shift_v2,quantum_zz,population,38,0.0,162.78429999874788
gradual_covariate_shift_v2,quantum_zz,fraud,38,0.0,57.61979999988398
gradual_covariate_shift_v2,quantum_reupload,population,38,0.0,28.70910000092408
gradual_covariate_shift_v2,quantum_reupload,fraud,38,0.0,22.87649999925634
gradual_covariate_shift_v2,mmd_rbf,population,38,0.01071125594769784,25.024000000485103
gradual_covariate_shift_v2,mmd_rbf,fraud,38,0.0,9.616899998945883
gradual_covariate_shift_v2,domain_classifier,population,38,0.01357777777777791,18.556400000306894
gradual_covariate_shift_v2,domain_classifier,fraud,38,0.0,15.37569999891275
gradual_covariate_shift_v2,classical_cds,population,39,0.030418635829855982,10.545400000410154
gradual_covariate_shift_v2,classical_cds,fraud,39,0.1674855067609179,2.654699999766308
gradual_covariate_shift_v2,quantum_angle,population,39,0.0,10.405000000901055
gradual_covariate_shift_v2,quantum_angle,fraud,39,0.0,10.415200000352343
gradual_covariate_shift_v2,quantum_zz,population,39,0.0,87.17620000061288
gradual_covariate_shift_v2,quantum_zz,fraud,39,0.0,61.194899999463814
gradual_covariate_shift_v2,quantum_reupload,population,39,0.0,32.71830000085174
gradual_covariate_shift_v2,quantum_reupload,fraud,39,0.0,25.019200000315323
gradual_covariate_shift_v2,mmd_rbf,population,39,0.0,29.075899999952526
gradual_covariate_shift_v2,mmd_rbf,fraud,39,0.0006177618554634723,11.031899999579764
gradual_covariate_shift_v2,domain_classifier,population,39,0.0118222222222224,21.48739999938698
gradual_covariate_shift_v2,domain_classifier,fraud,39,0.0,16.91200000095705
gradual_covariate_shift_v2,classical_cds,population,40,0.027933878504759493,11.253300001044408
gradual_covariate_shift_v2,classical_cds,fraud,40,0.09618671886855633,2.6894000002357643
gradual_covariate_shift_v2,quantum_angle,population,40,0.0,12.486399999033893
gradual_covariate_shift_v2,quantum_angle,fraud,40,0.0,8.287500000733417
gradual_covariate_shift_v2,quantum_zz,population,40,0.0,94.26349999921513
gradual_covariate_shift_v2,quantum_zz,fraud,40,0.0,61.025400000289665
gradual_covariate_shift_v2,quantum_reupload,population,40,0.0,30.578600000808365
gradual_covariate_shift_v2,quantum_reupload,fraud,40,0.004751890583855722,24.822600000334205
gradual_covariate_shift_v2,mmd_rbf,population,40,0.0,25.41630000087025
gradual_covariate_shift_v2,mmd_rbf,fraud,40,0.0,15.87180000024091
gradual_covariate_shift_v2,domain_classifier,population,40,0.02426666666666666,22.50879999883182
gradual_covariate_shift_v2,domain_classifier,fraud,40,0.0,18.247199999677832
gradual_covariate_shift_v2,classical_cds,population,41,0.03161398599223296,14.807699999437318
gradual_covariate_shift_v2,classical_cds,fraud,41,0.32498074412453143,2.8192000008857576
gradual_covariate_shift_v2,quantum_angle,population,41,0.0,12.379699999655713
gradual_covariate_shift_v2,quantum_angle,fraud,41,0.0,9.01270000031218
gradual_covariate_shift_v2,quantum_zz,population,41,0.0,85.27930000127526
gradual_covariate_shift_v2,quantum_zz,fraud,41,0.01700386409088328,57.96099999861326
gradual_covariate_shift_v2,quantum_reupload,population,41,0.0,33.34129999893776
gradual_covariate_shift_v2,quantum_reupload,fraud,41,0.011404738064565656,25.09760000066308
gradual_covariate_shift_v2,mmd_rbf,population,41,0.0,28.658000001087203
gradual_covariate_shift_v2,mmd_rbf,fraud,41,0.0,11.027299999113893
gradual_covariate_shift_v2,domain_classifier,population,41,0.0,18.61289999942528
gradual_covariate_shift_v2,domain_classifier,fraud,41,0.05466666666666664,16.89509999960137
gradual_covariate_shift_v2,classical_cds,population,42,0.024677348466569157,8.51409999995667
gradual_covariate_shift_v2,classical_cds,fraud,42,0.18700941528410236,4.000999999334454
gradual_covariate_shift_v2,quantum_angle,population,42,0.0,10.915200000454206
gradual_covariate_shift_v2,quantum_angle,fraud,42,0.0,10.36740000017744
gradual_covariate_shift_v2,quantum_zz,population,42,0.0,84.80500000041502
gradual_covariate_shift_v2,quantum_zz,fraud,42,0.02624909176654555,66.42590000046766
gradual_covariate_shift_v2,quantum_reupload,population,42,0.0,44.76959999919927
gradual_covariate_shift_v2,quantum_reupload,fraud,42,0.04595095274336469,28.377000000546104
gradual_covariate_shift_v2,mmd_rbf,population,42,0.0,28.069600000890205
gradual_covariate_shift_v2,mmd_rbf,fraud,42,0.0,11.030199999368051
gradual_covariate_shift_v2,domain_classifier,population,42,0.0,22.302299999864772
gradual_covariate_shift_v2,domain_classifier,fraud,42,0.03905797101449271,24.02810000057798
gradual_covariate_shift_v2,classical_cds,population,43,0.02958089462799903,12.771100000463775
gradual_covariate_shift_v2,classical_cds,fraud,43,0.3459853747052348,6.260300000576535
gradual_covariate_shift_v2,quantum_angle,population,43,0.0,10.855000000447035
gradual_covariate_shift_v2,quantum_angle,fraud,43,0.0,17.21700000052806
gradual_covariate_shift_v2,quantum_zz,population,43,0.0,91.89400000104797
gradual_covariate_shift_v2,quantum_zz,fraud,43,0.0,55.78030000106082
gradual_covariate_shift_v2,quantum_reupload,population,43,0.0,30.53139999974519
gradual_covariate_shift_v2,quantum_reupload,fraud,43,0.0,24.667600000611856
gradual_covariate_shift_v2,mmd_rbf,population,43,0.0,26.061399999889545
gradual_covariate_shift_v2,mmd_rbf,fraud,43,0.0,11.83120000132476
gradual_covariate_shift_v2,domain_classifier,population,43,0.0,20.061100000020815
gradual_covariate_shift_v2,domain_classifier,fraud,43,0.01955555555555577,17.019400000208407
gradual_covariate_shift_v2,classical_cds,population,44,0.02994830884396365,11.513099998410325
gradual_covariate_shift_v2,classical_cds,fraud,44,0.25452812188182794,2.412099998764461
gradual_covariate_shift_v2,quantum_angle,population,44,0.0,12.4387999985629
gradual_covariate_shift_v2,quantum_angle,fraud,44,0.08213684679629496,8.252200001152232
gradual_covariate_shift_v2,quantum_zz,population,44,0.0,92.84429999934218
gradual_covariate_shift_v2,quantum_zz,fraud,44,0.07985918645247925,59.86110000048939
gradual_covariate_shift_v2,quantum_reupload,population,44,0.0,32.98549999999523
gradual_covariate_shift_v2,quantum_reupload,fraud,44,0.09351932808587149,26.39890000136802
gradual_covariate_shift_v2,mmd_rbf,population,44,0.0,29.2658999987907
gradual_covariate_shift_v2,mmd_rbf,fraud,44,0.003827473000144188,9.092600001167739
gradual_covariate_shift_v2,domain_classifier,population,44,0.016488888888888997,22.243299999900046
gradual_covariate_shift_v2,domain_classifier,fraud,44,0.11983333333333324,18.64240000031714
gradual_covariate_shift_v2,classical_cds,population,45,0.02989134459270338,11.817200000223238
gradual_covariate_shift_v2,classical_cds,fraud,45,0.12462109094468304,4.0834000010363525
gradual_covariate_shift_v2,quantum_angle,population,45,0.0,10.56349999998929
gradual_covariate_shift_v2,quantum_angle,fraud,45,0.03478729935111402,10.139199999684934
gradual_covariate_shift_v2,quantum_zz,population,45,0.0,84.40950000112935
gradual_covariate_shift_v2,quantum_zz,fraud,45,0.02797990629886249,56.13629999970726
gradual_covariate_shift_v2,quantum_reupload,population,45,0.0,34.77960000054736
gradual_covariate_shift_v2,quantum_reupload,fraud,45,0.031959591146812905,23.178000001280452
gradual_covariate_shift_v2,mmd_rbf,population,45,0.0,26.477600000362145
gradual_covariate_shift_v2,mmd_rbf,fraud,45,0.0,10.045099999842932
gradual_covariate_shift_v2,domain_classifier,population,45,0.0,20.450500000151806
gradual_covariate_shift_v2,domain_classifier,fraud,45,0.10125000000000006,16.035000000556465
gradual_covariate_shift_v2,classical_cds,population,46,0.02938966232908132,11.677000000418047
gradual_covariate_shift_v2,classical_cds,fraud,46,0.12052197585681937,2.4474999991070945
gradual_covariate_shift_v2,quantum_angle,population,46,0.0,12.512999999671592
gradual_covariate_shift_v2,quantum_angle,fraud,46,0.0,8.13939999898139
gradual_covariate_shift_v2,quantum_zz,population,46,0.0,84.75460000045132
gradual_covariate_shift_v2,quantum_zz,fraud,46,0.0,55.958700000701356
gradual_covariate_shift_v2,quantum_reupload,population,46,0.0,30.288699999800883
gradual_covariate_shift_v2,quantum_reupload,fraud,46,0.0,22.821399999884306
gradual_covariate_shift_v2,mmd_rbf,population,46,0.001091610429909018,26.910300000963616
gradual_covariate_shift_v2,mmd_rbf,fraud,46,0.005100525494608599,8.786800000962103
gradual_covariate_shift_v2,domain_classifier,population,46,0.027733333333333388,19.012900000234367
gradual_covariate_shift_v2,domain_classifier,fraud,46,0.11822222222222223,16.532800000277348
gradual_covariate_shift_v2,classical_cds,population,47,0.030017988190757072,10.614500000883709
gradual_covariate_shift_v2,classical_cds,fraud,47,0.3468037763901536,2.4694000003364636
gradual_covariate_shift_v2,quantum_angle,population,47,0.0,13.625100000353996
gradual_covariate_shift_v2,quantum_angle,fraud,47,0.0,9.383600001456216
gradual_covariate_shift_v2,quantum_zz,population,47,0.0,101.4311999988422
gradual_covariate_shift_v2,quantum_zz,fraud,47,0.0,65.86650000099326
gradual_covariate_shift_v2,quantum_reupload,population,47,0.0,37.585399999443325
gradual_covariate_shift_v2,quantum_reupload,fraud,47,0.0,23.214299999381183
gradual_covariate_shift_v2,mmd_rbf,population,47,0.0,26.713900000686408
gradual_covariate_shift_v2,mmd_rbf,fraud,47,0.0,8.29379999959201
gradual_covariate_shift_v2,domain_classifier,population,47,0.0,20.08380000006582
gradual_covariate_shift_v2,domain_classifier,fraud,47,0.0,15.095300001121359
gradual_covariate_shift_v2,classical_cds,population,48,0.02508172243321557,10.206900000412134
gradual_covariate_shift_v2,classical_cds,fraud,48,0.3643681910880832,2.3856000007072
gradual_covariate_shift_v2,quantum_angle,population,48,0.0,12.161300001025666
gradual_covariate_shift_v2,quantum_angle,fraud,48,0.0,8.410399999775109
gradual_covariate_shift_v2,quantum_zz,population,48,0.0,89.48899999995774
gradual_covariate_shift_v2,quantum_zz,fraud,48,0.0,55.18899999879068
gradual_covariate_shift_v2,quantum_reupload,population,48,0.0,29.767300000457908
gradual_covariate_shift_v2,quantum_reupload,fraud,48,0.0,22.46949999971548
gradual_covariate_shift_v2,mmd_rbf,population,48,0.0,26.2049000011757
gradual_covariate_shift_v2,mmd_rbf,fraud,48,0.0,8.001500000318629
gradual_covariate_shift_v2,domain_classifier,population,48,0.036244444444444524,20.194199998513795
gradual_covariate_shift_v2,domain_classifier,fraud,48,0.021176470588235574,14.429000000745873
gradual_covariate_shift_v2,classical_cds,population,49,0.025560546408508578,10.637199999109725
gradual_covariate_shift_v2,classical_cds,fraud,49,0.13602781056492616,2.394199998889235
gradual_covariate_shift_v2,quantum_angle,population,49,0.0,12.162400000306661
gradual_covariate_shift_v2,quantum_angle,fraud,49,0.0,8.127600000079838
gradual_covariate_shift_v2,quantum_zz,population,49,0.0,90.83520000058343
gradual_covariate_shift_v2,quantum_zz,fraud,49,0.0,54.037699999753386
gradual_covariate_shift_v2,quantum_reupload,population,49,0.0,32.61199999906239
gradual_covariate_shift_v2,quantum_reupload,fraud,49,0.0,23.940099999890663
gradual_covariate_shift_v2,mmd_rbf,population,49,0.0,26.298200000383076
gradual_covariate_shift_v2,mmd_rbf,fraud,49,0.0,9.667199999967124
gradual_covariate_shift_v2,domain_classifier,population,49,0.005711111111111222,18.208199999207864
gradual_covariate_shift_v2,domain_classifier,fraud,49,0.0,17.182300000058603
gradual_covariate_shift_v2,classical_cds,population,50,0.02867145598675895,9.394099999553873
gradual_covariate_shift_v2,classical_cds,fraud,50,,
gradual_covariate_shift_v2,quantum_angle,population,50,0.015551296165794204,12.955599999258993
gradual_covariate_shift_v2,quantum_angle,fraud,50,,
gradual_covariate_shift_v2,quantum_zz,population,50,0.012674124482134563,88.0821000009746
gradual_covariate_shift_v2,quantum_zz,fraud,50,,
gradual_covariate_shift_v2,quantum_reupload,population,50,0.011954851731545313,31.676700000389246
gradual_covariate_shift_v2,quantum_reupload,fraud,50,,
gradual_covariate_shift_v2,mmd_rbf,population,50,0.0,28.710700000374345
gradual_covariate_shift_v2,mmd_rbf,fraud,50,,
gradual_covariate_shift_v2,domain_classifier,population,50,0.04493333333333327,24.476900000081514
gradual_covariate_shift_v2,domain_classifier,fraud,50,,
gradual_covariate_shift_v2,classical_cds,population,51,0.035710785746354834,11.330899998938548
gradual_covariate_shift_v2,classical_cds,fraud,51,0.19612157158844826,3.9319000006798888
gradual_covariate_shift_v2,quantum_angle,population,51,0.00835978804075077,12.289100000998587
gradual_covariate_shift_v2,quantum_angle,fraud,51,0.1586623074915875,10.968799999318435
gradual_covariate_shift_v2,quantum_zz,population,51,0.004464331152649659,88.85249999912048
gradual_covariate_shift_v2,quantum_zz,fraud,51,0.1501624500843648,63.125599999693804
gradual_covariate_shift_v2,quantum_reupload,population,51,0.002426143429679395,33.87770000153978
gradual_covariate_shift_v2,quantum_reupload,fraud,51,0.13205065664041848,26.422500000990112
gradual_covariate_shift_v2,mmd_rbf,population,51,0.0007548450228087589,28.606599998965976
gradual_covariate_shift_v2,mmd_rbf,fraud,51,0.018720951110809514,11.953900000662543
gradual_covariate_shift_v2,domain_classifier,population,51,0.04820000000000002,27.10540000043693
gradual_covariate_shift_v2,domain_classifier,fraud,51,0.09207207207207224,18.105999999534106
gradual_covariate_shift_v2,classical_cds,population,52,0.07730624892160184,17.055399999662768
gradual_covariate_shift_v2,classical_cds,fraud,52,0.15640929876007642,2.478599999449216
gradual_covariate_shift_v2,quantum_angle,population,52,0.09124742480407766,13.327399999980116
gradual_covariate_shift_v2,quantum_angle,fraud,52,0.2071582691509941,8.609800001067924
gradual_covariate_shift_v2,quantum_zz,population,52,0.0648094329217237,88.91339999900083
gradual_covariate_shift_v2,quantum_zz,fraud,52,0.21783325886442484,58.27619999945455
gradual_covariate_shift_v2,quantum_reupload,population,52,0.08486827830808197,30.296000000817003
gradual_covariate_shift_v2,quantum_reupload,fraud,52,0.21238241274337988,22.75960000042687
gradual_covariate_shift_v2,mmd_rbf,population,52,0.007790596350991885,28.652099999817437
gradual_covariate_shift_v2,mmd_rbf,fraud,52,0.025916406252877167,11.45850000102655
gradual_covariate_shift_v2,domain_classifier,population,52,0.1023777777777779,24.051300000792253
gradual_covariate_shift_v2,domain_classifier,fraud,52,0.06354166666666683,16.94320000024163
gradual_covariate_shift_v2,classical_cds,population,53,0.07008104075706091,15.862900001593516
gradual_covariate_shift_v2,classical_cds,fraud,53,0.25253260978198117,2.813600000081351
gradual_covariate_shift_v2,quantum_angle,population,53,0.10857338670657402,12.778500000422355
gradual_covariate_shift_v2,quantum_angle,fraud,53,0.11650414226925554,10.278699999616947
gradual_covariate_shift_v2,quantum_zz,population,53,0.09211862390444892,90.48760000041511
gradual_covariate_shift_v2,quantum_zz,fraud,53,0.07040280998890625,62.17669999932696
gradual_covariate_shift_v2,quantum_reupload,population,53,0.10795186705433168,30.140099999698577
gradual_covariate_shift_v2,quantum_reupload,fraud,53,0.05551094727029604,22.381099999620346
gradual_covariate_shift_v2,mmd_rbf,population,53,0.013645085360904696,31.662999999753083
gradual_covariate_shift_v2,mmd_rbf,fraud,53,0.0,12.272900001335074
gradual_covariate_shift_v2,domain_classifier,population,53,0.0701777777777779,25.27349999945727
gradual_covariate_shift_v2,domain_classifier,fraud,53,0.10488372093023268,21.69510000021546
gradual_covariate_shift_v2,classical_cds,population,54,0.10840599748721495,22.444199999881675
gradual_covariate_shift_v2,classical_cds,fraud,54,0.2125383230630457,3.498300000501331
gradual_covariate_shift_v2,quantum_angle,population,54,0.1725626891731098,13.87339999928372
gradual_covariate_shift_v2,quantum_angle,fraud,54,0.08333639103014878,9.624199999962002
gradual_covariate_shift_v2,quantum_zz,population,54,0.14801580459057795,91.79219999896304
gradual_covariate_shift_v2,quantum_zz,fraud,54,0.06744188050251465,61.267199998837896
gradual_covariate_shift_v2,quantum_reupload,population,54,0.1743810857074164,33.8659999997617
gradual_covariate_shift_v2,quantum_reupload,fraud,54,0.07332642800165268,23.37690000058501
gradual_covariate_shift_v2,mmd_rbf,population,54,0.05292541382679561,26.394799999252427
gradual_covariate_shift_v2,mmd_rbf,fraud,54,0.013051400344208819,8.10500000079628
gradual_covariate_shift_v2,domain_classifier,population,54,0.218088888888889,20.05730000018957
gradual_covariate_shift_v2,domain_classifier,fraud,54,0.10242424242424253,17.170400000395603
gradual_covariate_shift_v2,classical_cds,population,55,0.11123318644329944,19.35860000048706
gradual_covariate_shift_v2,classical_cds,fraud,55,0.15136190868190325,2.4378999987675343
gradual_covariate_shift_v2,quantum_angle,population,55,0.14766108958508462,12.652900000830414
gradual_covariate_shift_v2,quantum_angle,fraud,55,0.2084295339673693,8.104200000161654
gradual_covariate_shift_v2,quantum_zz,population,55,0.12695095883836371,84.75689999977476
gradual_covariate_shift_v2,quantum_zz,fraud,55,0.16327760160493054,58.11350000112725
gradual_covariate_shift_v2,quantum_reupload,population,55,0.1429993863333855,32.64649999982794
gradual_covariate_shift_v2,quantum_reupload,fraud,55,0.17134987974678062,22.387999999409658
gradual_covariate_shift_v2,mmd_rbf,population,55,0.03392554398445746,26.19360000062443
gradual_covariate_shift_v2,mmd_rbf,fraud,55,0.01653408032959014,9.053000001586042
gradual_covariate_shift_v2,domain_classifier,population,55,0.169688888888889,21.79190000060771
gradual_covariate_shift_v2,domain_classifier,fraud,55,0.1515833333333334,22.4646999995457
gradual_covariate_shift_v2,classical_cds,population,56,0.19584119287286422,25.214899998900364
gradual_covariate_shift_v2,classical_cds,fraud,56,0.33445109810055285,4.618099999788683
gradual_covariate_shift_v2,quantum_angle,population,56,0.24608236463968514,10.475900000528782
gradual_covariate_shift_v2,quantum_angle,fraud,56,0.2094825412017035,12.47259999945527
gradual_covariate_shift_v2,quantum_zz,population,56,0.22130681223480975,87.02730000004522
gradual_covariate_shift_v2,quantum_zz,fraud,56,0.17849531770080562,59.60410000079719
gradual_covariate_shift_v2,quantum_reupload,population,56,0.24459859351811963,29.64369999972405
gradual_covariate_shift_v2,quantum_reupload,fraud,56,0.21235312563344233,21.90560000053665
gradual_covariate_shift_v2,mmd_rbf,population,56,0.10227228819134204,25.379499998962274
gradual_covariate_shift_v2,mmd_rbf,fraud,56,0.057067967789973695,10.153100000025006
gradual_covariate_shift_v2,domain_classifier,population,56,0.3141333333333334,20.769799999470706
gradual_covariate_shift_v2,domain_classifier,fraud,56,0.36141843971631205,17.01580000008107
gradual_covariate_shift_v2,classical_cds,population,57,0.220241609148905,28.18749999823922
gradual_covariate_shift_v2,classical_cds,fraud,57,0.16576970080832926,2.4806999990687473
gradual_covariate_shift_v2,quantum_angle,population,57,0.25734549724744493,12.68530000015744
gradual_covariate_shift_v2,quantum_angle,fraud,57,0.17265085089346932,8.488499999657506
gradual_covariate_shift_v2,quantum_zz,population,57,0.22976809099148443,85.06759999909264
gradual_covariate_shift_v2,quantum_zz,fraud,57,0.12746851874009246,55.2973000012571
gradual_covariate_shift_v2,quantum_reupload,population,57,0.2647451901317496,31.195100000331877
gradual_covariate_shift_v2,quantum_reupload,fraud,57,0.0933288029035585,22.106299998995382
gradual_covariate_shift_v2,mmd_rbf,population,57,0.11517635597275322,27.216000000407803
gradual_covariate_shift_v2,mmd_rbf,fraud,57,0.02504148043542176,9.24959999974817
gradual_covariate_shift_v2,domain_classifier,population,57,0.3495555555555556,19.493100000545382
gradual_covariate_shift_v2,domain_classifier,fraud,57,0.14416666666666655,19.679099999848404
gradual_covariate_shift_v2,classical_cds,population,58,0.26290420063100717,27.56000000044878
gradual_covariate_shift_v2,classical_cds,fraud,58,0.39787010597290995,3.086500000790693
gradual_covariate_shift_v2,quantum_angle,population,58,0.3168016131333736,11.646800001472002
gradual_covariate_shift_v2,quantum_angle,fraud,58,0.39764056849663654,10.108899999977439
gradual_covariate_shift_v2,quantum_zz,population,58,0.279083275382915,85.13430000130029
gradual_covariate_shift_v2,quantum_zz,fraud,58,0.34449410725851615,54.03480000131822
gradual_covariate_shift_v2,quantum_reupload,population,58,0.3122431676590435,29.997600000569946
gradual_covariate_shift_v2,quantum_reupload,fraud,58,0.35387788745112336,23.34299999893119
gradual_covariate_shift_v2,mmd_rbf,population,58,0.17301549111951964,26.867599999604863
gradual_covariate_shift_v2,mmd_rbf,fraud,58,0.1534544122782422,8.354100000360631
gradual_covariate_shift_v2,domain_classifier,population,58,0.3604666666666667,23.232499999721767
gradual_covariate_shift_v2,domain_classifier,fraud,58,0.26036036036036037,17.191700000694254
gradual_covariate_shift_v2,classical_cds,population,59,0.2707336087631538,29.937699999209144
gradual_covariate_shift_v2,classical_cds,fraud,59,,
gradual_covariate_shift_v2,quantum_angle,population,59,0.3021952455368242,10.543700000198442
gradual_covariate_shift_v2,quantum_angle,fraud,59,,
gradual_covariate_shift_v2,quantum_zz,population,59,0.26552981185266733,88.70010000100592
gradual_covariate_shift_v2,quantum_zz,fraud,59,,
gradual_covariate_shift_v2,quantum_reupload,population,59,0.30251413658532667,29.068899999401765
gradual_covariate_shift_v2,quantum_reupload,fraud,59,,
gradual_covariate_shift_v2,mmd_rbf,population,59,0.13946606818107754,27.675100000124075
gradual_covariate_shift_v2,mmd_rbf,fraud,59,,
gradual_covariate_shift_v2,domain_classifier,population,59,0.28791111111111123,27.41969999988214
gradual_covariate_shift_v2,domain_classifier,fraud,59,,
gradual_covariate_shift_v2,classical_cds,population,60,0.26923308221765757,33.31860000071174
gradual_covariate_shift_v2,classical_cds,fraud,60,0.24584248674860446,2.858100000594277
gradual_covariate_shift_v2,quantum_angle,population,60,0.29764129243606474,14.01860000078159
gradual_covariate_shift_v2,quantum_angle,fraud,60,0.4126569769393079,8.914399999412126
gradual_covariate_shift_v2,quantum_zz,population,60,0.25774677392616707,92.35489999991842
gradual_covariate_shift_v2,quantum_zz,fraud,60,0.36143186983842945,58.61270000059449
gradual_covariate_shift_v2,quantum_reupload,population,60,0.2939333415611115,31.779200000528363
gradual_covariate_shift_v2,quantum_reupload,fraud,60,0.3792483062950327,24.958499998319894
gradual_covariate_shift_v2,mmd_rbf,population,60,0.13941918331194758,26.42050000031304
gradual_covariate_shift_v2,mmd_rbf,fraud,60,0.14304371551405293,15.134500001295237
gradual_covariate_shift_v2,domain_classifier,population,60,0.32366666666666677,33.382400000846246
gradual_covariate_shift_v2,domain_classifier,fraud,60,0.28200000000000025,26.785500000187312
gradual_covariate_shift_v2,classical_cds,population,61,0.3639665025236498,34.68599999905564
gradual_covariate_shift_v2,classical_cds,fraud,61,0.3086230000863945,2.7270999999018386
gradual_covariate_shift_v2,quantum_angle,population,61,0.3949488852877645,13.713399999687681
gradual_covariate_shift_v2,quantum_angle,fraud,61,0.34390361081973075,10.022800001024734
gradual_covariate_shift_v2,quantum_zz,population,61,0.35523841833035963,91.10089999921911
gradual_covariate_shift_v2,quantum_zz,fraud,61,0.3076064096217155,60.449200000221026
gradual_covariate_shift_v2,quantum_reupload,population,61,0.3986471614371009,31.196199999612872
gradual_covariate_shift_v2,quantum_reupload,fraud,61,0.3251934477482966,23.44499999890104
gradual_covariate_shift_v2,mmd_rbf,population,61,0.2389074992952085,27.497999999468448
gradual_covariate_shift_v2,mmd_rbf,fraud,61,0.13099999155056596,8.932499998991261
gradual_covariate_shift_v2,domain_classifier,population,61,0.39331111111111117,21.0177000008116
gradual_covariate_shift_v2,domain_classifier,fraud,61,0.3086486486486488,20.337599999038503
gradual_covariate_shift_v2,classical_cds,population,62,0.35002019172985493,33.7509000000864
gradual_covariate_shift_v2,classical_cds,fraud,62,0.41959317829425213,2.592200000435696
gradual_covariate_shift_v2,quantum_angle,population,62,0.38983901435189405,12.317000000621192
gradual_covariate_shift_v2,quantum_angle,fraud,62,0.45057426318873117,8.306400000947178
gradual_covariate_shift_v2,quantum_zz,population,62,0.34723415658641554,91.7050999996718
gradual_covariate_shift_v2,quantum_zz,fraud,62,0.3847486597168134,57.715500000995235
gradual_covariate_shift_v2,quantum_reupload,population,62,0.38848561000069215,31.89800000109244
gradual_covariate_shift_v2,quantum_reupload,fraud,62,0.4211751299705093,26.84870000121009
gradual_covariate_shift_v2,mmd_rbf,population,62,0.2194537638837073,28.669800001807744
gradual_covariate_shift_v2,mmd_rbf,fraud,62,0.20489702095060425,9.279100000640028
gradual_covariate_shift_v2,domain_classifier,population,62,0.3842888888888889,23.787599999195663
gradual_covariate_shift_v2,domain_classifier,fraud,62,0.36822222222222223,21.55739999943762
gradual_covariate_shift_v2,classical_cds,population,63,0.43930354769604196,38.763500000641216
gradual_covariate_shift_v2,classical_cds,fraud,63,0.42616097138562403,2.4843000010150718
gradual_covariate_shift_v2,quantum_angle,population,63,0.41876598114048036,12.639000000490341
gradual_covariate_shift_v2,quantum_angle,fraud,63,0.4715043063631076,8.948599999712314
gradual_covariate_shift_v2,quantum_zz,population,63,0.3590875057268035,89.59540000068955
gradual_covariate_shift_v2,quantum_zz,fraud,63,0.39504673338797813,55.82649999996647
gradual_covariate_shift_v2,quantum_reupload,population,63,0.40472879026627295,32.72159999869473
gradual_covariate_shift_v2,quantum_reupload,fraud,63,0.4446936466051754,22.400099998776568
gradual_covariate_shift_v2,mmd_rbf,population,63,0.26783039415216714,27.031999999962864
gradual_covariate_shift_v2,mmd_rbf,fraud,63,0.27233352381762677,10.225300000456627
gradual_covariate_shift_v2,domain_classifier,population,63,0.4135777777777778,19.482400000924827
gradual_covariate_shift_v2,domain_classifier,fraud,63,0.37813725490196104,17.86569999967469
gradual_covariate_shift_v2,classical_cds,population,64,0.43899532403840313,36.40159999849857
gradual_covariate_shift_v2,classical_cds,fraud,64,0.4827718946928437,2.535800000259769
gradual_covariate_shift_v2,quantum_angle,population,64,0.45287275940410376,12.386899999910383
gradual_covariate_shift_v2,quantum_angle,fraud,64,0.5671858616893113,10.711299999456969
gradual_covariate_shift_v2,quantum_zz,population,64,0.3962699027569283,84.64859999912733
gradual_covariate_shift_v2,quantum_zz,fraud,64,0.5152579754168098,55.13530000098399
gradual_covariate_shift_v2,quantum_reupload,population,64,0.44840308505213766,31.541800000923104
gradual_covariate_shift_v2,quantum_reupload,fraud,64,0.5556677081503265,24.250800001027528
gradual_covariate_shift_v2,mmd_rbf,population,64,0.3250252463682086,30.1952000008896
gradual_covariate_shift_v2,mmd_rbf,fraud,64,0.3549099306746941,10.21489999948244
gradual_covariate_shift_v2,domain_classifier,population,64,0.4682666666666666,22.00750000156404
gradual_covariate_shift_v2,domain_classifier,fraud,64,0.5266666666666666,18.137900000510854
gradual_covariate_shift_v2,classical_cds,population,65,0.4547890583053653,40.34900000078778
gradual_covariate_shift_v2,classical_cds,fraud,65,0.4454277343592501,2.599299999928917
gradual_covariate_shift_v2,quantum_angle,population,65,0.4706619493297607,11.754400000427268
gradual_covariate_shift_v2,quantum_angle,fraud,65,0.6003051782863745,8.569400000851601
gradual_covariate_shift_v2,quantum_zz,population,65,0.40797703304370014,87.5476000001072
gradual_covariate_shift_v2,quantum_zz,fraud,65,0.5402061098994415,77.43560000017169
gradual_covariate_shift_v2,quantum_reupload,population,65,0.4641756895660364,28.8858000003529
gradual_covariate_shift_v2,quantum_reupload,fraud,65,0.5162311940816608,21.604499999739346
gradual_covariate_shift_v2,mmd_rbf,population,65,0.33716683962912586,25.011800000356743
gradual_covariate_shift_v2,mmd_rbf,fraud,65,0.41519948198166823,10.005699999965145
gradual_covariate_shift_v2,domain_classifier,population,65,0.4725555555555556,21.045399998911307
gradual_covariate_shift_v2,domain_classifier,fraud,65,0.48396825396825394,16.587500000241562
gradual_covariate_shift_v2,classical_cds,population,66,0.48054474514388457,43.351399999664864
gradual_covariate_shift_v2,classical_cds,fraud,66,0.4734900621728185,2.5163999998767395
gradual_covariate_shift_v2,quantum_angle,population,66,0.5429232347602022,11.372699998901226
gradual_covariate_shift_v2,quantum_angle,fraud,66,0.531574654751613,7.937300000776304
gradual_covariate_shift_v2,quantum_zz,population,66,0.4694815067404102,82.37910000025295
gradual_covariate_shift_v2,quantum_zz,fraud,66,0.45353790528541993,53.43869999887829
gradual_covariate_shift_v2,quantum_reupload,population,66,0.5407942082872257,29.042199999821605
gradual_covariate_shift_v2,quantum_reupload,fraud,66,0.4946409472016683,24.14859999953478
gradual_covariate_shift_v2,mmd_rbf,population,66,0.4146990971467581,26.2179000001197
gradual_covariate_shift_v2,mmd_rbf,fraud,66,0.25497879481637753,11.184900000444031
gradual_covariate_shift_v2,domain_classifier,population,66,0.5419111111111112,25.224999999409192
gradual_covariate_shift_v2,domain_classifier,fraud,66,0.37567567567567606,25.829899999735062
gradual_covariate_shift_v2,classical_cds,population,67,0.4825036506625387,45.66590000104043
gradual_covariate_shift_v2,classical_cds,fraud,67,0.4508504435720629,2.535800000259769
gradual_covariate_shift_v2,quantum_angle,population,67,0.5483852948061303,13.131699999576085
gradual_covariate_shift_v2,quantum_angle,fraud,67,0.5453655877826336,8.784100000411854
gradual_covariate_shift_v2,quantum_zz,population,67,0.4826100286293331,90.01220000027388
gradual_covariate_shift_v2,quantum_zz,fraud,67,0.4974884628232056,55.9873999991396
gradual_covariate_shift_v2,quantum_reupload,population,67,0.5458104246995643,29.202100000475184
gradual_covariate_shift_v2,quantum_reupload,fraud,67,0.5378968867075817,21.61560000058671
gradual_covariate_shift_v2,mmd_rbf,population,67,0.4401594587519013,26.172599998972146
gradual_covariate_shift_v2,mmd_rbf,fraud,67,0.35107750037693575,7.994100000360049
gradual_covariate_shift_v2,domain_classifier,population,67,0.5626666666666669,20.172499998807325
gradual_covariate_shift_v2,domain_classifier,fraud,67,0.5084848484848483,16.309099999489263
gradual_covariate_shift_v2,classical_cds,population,68,0.5008088993861943,48.89609999918321
gradual_covariate_shift_v2,classical_cds,fraud,68,0.4417263484453253,2.616100000523147
gradual_covariate_shift_v2,quantum_angle,population,68,0.6196118873254624,12.875599999460974
gradual_covariate_shift_v2,quantum_angle,fraud,68,0.6018433348624681,9.8426999993535
gradual_covariate_shift_v2,quantum_zz,population,68,0.5489599649986228,84.87699999932374
gradual_covariate_shift_v2,quantum_zz,fraud,68,0.5373013620556055,54.127299999890965
gradual_covariate_shift_v2,quantum_reupload,population,68,0.6150355734519096,30.022099999769125
gradual_covariate_shift_v2,quantum_reupload,fraud,68,0.523019634717018,21.977000000333646
gradual_covariate_shift_v2,mmd_rbf,population,68,0.5507974878392254,26.480099999389495
gradual_covariate_shift_v2,mmd_rbf,fraud,68,0.4359207387860622,8.517300000676187
gradual_covariate_shift_v2,domain_classifier,population,68,0.5717999999999999,18.595400000776863
gradual_covariate_shift_v2,domain_classifier,fraud,68,0.5097872340425531,16.023599999243743
gradual_covariate_shift_v2,classical_cds,population,69,0.5506615135998848,59.370500001023174
gradual_covariate_shift_v2,classical_cds,fraud,69,0.5181875837415162,2.5531000010232674
gradual_covariate_shift_v2,quantum_angle,population,69,0.638483372464521,12.437700001100893
gradual_covariate_shift_v2,quantum_angle,fraud,69,0.7373232711315605,9.661400001277798
gradual_covariate_shift_v2,quantum_zz,population,69,0.5611138561411855,83.6884000000282
gradual_covariate_shift_v2,quantum_zz,fraud,69,0.6471563680438266,53.953299999193405
gradual_covariate_shift_v2,quantum_reupload,population,69,0.6289208633970731,29.523699999117525
gradual_covariate_shift_v2,quantum_reupload,fraud,69,0.6618393485867715,22.173999999722582
gradual_covariate_shift_v2,mmd_rbf,population,69,0.5947415671315195,25.54260000033537
gradual_covariate_shift_v2,mmd_rbf,fraud,69,0.623160210986655,9.88839999990887
gradual_covariate_shift_v2,domain_classifier,population,69,0.6405777777777777,19.928700001401012
gradual_covariate_shift_v2,domain_classifier,fraud,69,0.6879487179487178,17.641499998717336
gradual_covariate_shift_v2,classical_cds,population,70,0.5459346623987034,58.78590000065742
gradual_covariate_shift_v2,classical_cds,fraud,70,0.48656905871180106,2.670800000487361
gradual_covariate_shift_v2,quantum_angle,population,70,0.6487793687176191,12.93700000132958
gradual_covariate_shift_v2,quantum_angle,fraud,70,0.7756867692951342,8.361399999557761
gradual_covariate_shift_v2,quantum_zz,population,70,0.5644641927257699,87.30730000024778
gradual_covariate_shift_v2,quantum_zz,fraud,70,0.6867541746606827,60.02020000050834
gradual_covariate_shift_v2,quantum_reupload,population,70,0.6481096813168453,31.842200000028242
gradual_covariate_shift_v2,quantum_reupload,fraud,70,0.7038117818583753,23.966500000824453
gradual_covariate_shift_v2,mmd_rbf,population,70,0.625413690925926,27.41550000064308
gradual_covariate_shift_v2,mmd_rbf,fraud,70,0.6695287938378527,11.236399999688729
gradual_covariate_shift_v2,domain_classifier,population,70,0.6270666666666667,22.127799998997943
gradual_covariate_shift_v2,domain_classifier,fraud,70,0.6741818181818182,19.183000000339234
gradual_covariate_shift_v2,classical_cds,population,71,0.5585793072043691,63.645700000051875
gradual_covariate_shift_v2,classical_cds,fraud,71,0.5441853633763998,2.645200000188197
gradual_covariate_shift_v2,quantum_angle,population,71,0.678385100979666,12.352600000667735
gradual_covariate_shift_v2,quantum_angle,fraud,71,0.8274731424500089,10.823000000527827
gradual_covariate_shift_v2,quantum_zz,population,71,0.5935024746687694,91.06140000039886
gradual_covariate_shift_v2,quantum_zz,fraud,71,0.7242764617981792,59.26499999986845
gradual_covariate_shift_v2,quantum_reupload,population,71,0.6778590631524346,28.54529999967781
gradual_covariate_shift_v2,quantum_reupload,fraud,71,0.7299192640677635,22.609399999055313
gradual_covariate_shift_v2,mmd_rbf,population,71,0.6734809114701676,25.596399998903507
gradual_covariate_shift_v2,mmd_rbf,fraud,71,0.6746664724880328,9.755999999470077
gradual_covariate_shift_v2,domain_classifier,population,71,0.669,21.268899999995483
gradual_covariate_shift_v2,domain_classifier,fraud,71,0.7803603603603604,18.906699999206467
gradual_covariate_shift_v2,classical_cds,population,72,0.5844800879675407,72.83030000144208
gradual_covariate_shift_v2,classical_cds,fraud,72,0.5044855000689557,2.718400000958354
gradual_covariate_shift_v2,quantum_angle,population,72,0.7222748359275277,11.24080000045069
gradual_covariate_shift_v2,quantum_angle,fraud,72,0.8125946489668004,9.210700000039651
gradual_covariate_shift_v2,quantum_zz,population,72,0.6316206371884766,84.77159999893047
gradual_covariate_shift_v2,quantum_zz,fraud,72,0.6936453452165854,58.572199999616714
gradual_covariate_shift_v2,quantum_reupload,population,72,0.716268796835706,38.31669999999576
gradual_covariate_shift_v2,quantum_reupload,fraud,72,0.7450519560291035,28.535700001157238
gradual_covariate_shift_v2,mmd_rbf,population,72,0.7943232164041927,26.505899999392568
gradual_covariate_shift_v2,mmd_rbf,fraud,72,0.7792612892461902,13.07489999999234
gradual_covariate_shift_v2,domain_classifier,population,72,0.7013777777777777,21.959800000331597
gradual_covariate_shift_v2,domain_classifier,fraud,72,0.7402898550724639,16.755499998907908
gradual_covariate_shift_v2,classical_cds,population,73,0.6194585476497318,84.17940000072122
gradual_covariate_shift_v2,classical_cds,fraud,73,0.5352189857618657,4.013100000520353
gradual_covariate_shift_v2,quantum_angle,population,73,0.787742341014701,10.334500000681146
gradual_covariate_shift_v2,quantum_angle,fraud,73,0.7831037513755515,9.821899999224115
gradual_covariate_shift_v2,quantum_zz,population,73,0.6832376361392283,83.96219999849563
gradual_covariate_shift_v2,quantum_zz,fraud,73,0.6788412819118519,52.80839999977616
gradual_covariate_shift_v2,quantum_reupload,population,73,0.7817235813720488,32.94760000062524
gradual_covariate_shift_v2,quantum_reupload,fraud,73,0.7278130512202776,23.050800000419258
gradual_covariate_shift_v2,mmd_rbf,population,73,0.8524859744944935,25.090999999520136
gradual_covariate_shift_v2,mmd_rbf,fraud,73,0.61525076016467,9.546499999487423
gradual_covariate_shift_v2,domain_classifier,population,73,0.764388888888889,19.908700000087265
gradual_covariate_shift_v2,domain_classifier,fraud,73,0.7891472868217053,17.293599999902654
gradual_covariate_shift_v2,classical_cds,population,74,0.616696266700514,85.98799999890616
gradual_covariate_shift_v2,classical_cds,fraud,74,0.5444661640121254,2.5777999999263557
gradual_covariate_shift_v2,quantum_angle,population,74,0.7676625917806457,12.785300001269206
gradual_covariate_shift_v2,quantum_angle,fraud,74,0.8643245154291457,8.09079999999085
gradual_covariate_shift_v2,quantum_zz,population,74,0.6653852621127234,83.43860000059067
gradual_covariate_shift_v2,quantum_zz,fraud,74,0.7657521792452096,54.82619999929739
gradual_covariate_shift_v2,quantum_reupload,population,74,0.7591357663033594,31.124899998758337
gradual_covariate_shift_v2,quantum_reupload,fraud,74,0.7923461166322106,22.697800000969437
gradual_covariate_shift_v2,mmd_rbf,population,74,0.9017498237061772,25.45079999981681
gradual_covariate_shift_v2,mmd_rbf,fraud,74,0.937213810099476,9.824799999478273
gradual_covariate_shift_v2,domain_classifier,population,74,0.7198666666666667,21.488300000783056
gradual_covariate_shift_v2,domain_classifier,fraud,74,0.7825203252032522,17.466999999669497
gradual_covariate_shift_v2,classical_cds,population,75,0.6574686760167944,102.47410000010859
gradual_covariate_shift_v2,classical_cds,fraud,75,0.5117313207952504,3.0143999993015314
gradual_covariate_shift_v2,quantum_angle,population,75,0.8275529976904648,10.59739999982412
gradual_covariate_shift_v2,quantum_angle,fraud,75,0.7675093762245548,9.826800000155345
gradual_covariate_shift_v2,quantum_zz,population,75,0.7257593760390018,86.95339999940188
gradual_covariate_shift_v2,quantum_zz,fraud,75,0.6781895658386027,54.60219999986293
gradual_covariate_shift_v2,quantum_reupload,population,75,0.8188845862691452,27.928899999096757
gradual_covariate_shift_v2,quantum_reupload,fraud,75,0.7076612402246335,21.866400000362773
gradual_covariate_shift_v2,mmd_rbf,population,75,1.0,25.906299999405746
gradual_covariate_shift_v2,mmd_rbf,fraud,75,0.6532111450739667,9.380699999383069
gradual_covariate_shift_v2,domain_classifier,population,75,0.8029333333333333,19.71629999934521
gradual_covariate_shift_v2,domain_classifier,fraud,75,0.7429457364341083,17.15610000064771
gradual_covariate_shift_v2,classical_cds,population,76,0.6789795637828806,105.21189999963099
gradual_covariate_shift_v2,classical_cds,fraud,76,0.6160622040321737,2.5614000005589332
gradual_covariate_shift_v2,quantum_angle,population,76,0.862476260109196,13.300599999638507
gradual_covariate_shift_v2,quantum_angle,fraud,76,0.9514037707529017,9.249000000636443
gradual_covariate_shift_v2,quantum_zz,population,76,0.75685172267826,86.20490000066638
gradual_covariate_shift_v2,quantum_zz,fraud,76,0.8247071789302698,59.07330000081856
gradual_covariate_shift_v2,quantum_reupload,population,76,0.8557481323621146,30.16380000008212
gradual_covariate_shift_v2,quantum_reupload,fraud,76,0.8564889505280255,21.945399999822257
gradual_covariate_shift_v2,mmd_rbf,population,76,1.0,25.079099999857135
gradual_covariate_shift_v2,mmd_rbf,fraud,76,1.0,8.574000001317472
gradual_covariate_shift_v2,domain_classifier,population,76,0.850688888888889,20.675700001447694
gradual_covariate_shift_v2,domain_classifier,fraud,76,0.9414583333333335,16.790199999377364
gradual_covariate_shift_v2,classical_cds,population,77,0.7060505696441055,94.208599999547
gradual_covariate_shift_v2,classical_cds,fraud,77,0.5665275318283371,3.63880000077188
gradual_covariate_shift_v2,quantum_angle,population,77,0.8952831930753675,10.466399999131681
gradual_covariate_shift_v2,quantum_angle,fraud,77,0.9165412421501169,9.664299999712966
gradual_covariate_shift_v2,quantum_zz,population,77,0.7769543316291642,83.37749999918742
gradual_covariate_shift_v2,quantum_zz,fraud,77,0.8053084817982603,55.50530000073195
gradual_covariate_shift_v2,quantum_reupload,population,77,0.8857518627152619,30.09799999927054
gradual_covariate_shift_v2,quantum_reupload,fraud,77,0.8327486332551077,22.31019999999262
gradual_covariate_shift_v2,mmd_rbf,population,77,1.0,26.424100000440376
gradual_covariate_shift_v2,mmd_rbf,fraud,77,0.9462913210204529,10.455600000568666
gradual_covariate_shift_v2,domain_classifier,population,77,0.8549777777777778,19.52470000105677
gradual_covariate_shift_v2,domain_classifier,fraud,77,0.8626229508196723,17.35219999864057
gradual_covariate_shift_v2,classical_cds,population,78,0.7107295841629789,94.52220000093803
gradual_covariate_shift_v2,classical_cds,fraud,78,0.6095962300426746,3.538900000421563
gradual_covariate_shift_v2,quantum_angle,population,78,0.9274992162286398,10.961300000417395
gradual_covariate_shift_v2,quantum_angle,fraud,78,0.9955758739335416,9.940099998857477
gradual_covariate_shift_v2,quantum_zz,population,78,0.8160350921222157,86.65839999957825
gradual_covariate_shift_v2,quantum_zz,fraud,78,0.8689756119253498,56.270900000527035
gradual_covariate_shift_v2,quantum_reupload,population,78,0.9172861346547783,29.779799999232637
gradual_covariate_shift_v2,quantum_reupload,fraud,78,0.8914760381413553,23.677799999859417
gradual_covariate_shift_v2,mmd_rbf,population,78,1.0,24.89120000063849
gradual_covariate_shift_v2,mmd_rbf,fraud,78,1.0,9.729200000947458
gradual_covariate_shift_v2,domain_classifier,population,78,0.9115333333333335,21.43450000039593
gradual_covariate_shift_v2,domain_classifier,fraud,78,0.9614814814814814,17.477800000051502
gradual_covariate_shift_v2,classical_cds,population,79,0.7314557758620709,78.84659999945143
gradual_covariate_shift_v2,classical_cds,fraud,79,0.6245830837008819,2.5695999993331498
gradual_covariate_shift_v2,quantum_angle,population,79,0.9638877873604367,12.072199999238364
gradual_covariate_shift_v2,quantum_angle,fraud,79,0.9956493280824363,7.862499998736894
gradual_covariate_shift_v2,quantum_zz,population,79,0.8344109696517134,87.08880000085628
gradual_covariate_shift_v2,quantum_zz,fraud,79,0.8777276494394313,56.6209999997227
gradual_covariate_shift_v2,quantum_reupload,population,79,0.9508365621138638,30.731900000319
gradual_covariate_shift_v2,quantum_reupload,fraud,79,0.9078859250501466,26.83969999998226
gradual_covariate_shift_v2,mmd_rbf,population,79,1.0,29.262200001539895
gradual_covariate_shift_v2,mmd_rbf,fraud,79,1.0,10.523300001295866
gradual_covariate_shift_v2,domain_classifier,population,79,0.9245777777777779,21.865900000193506
gradual_covariate_shift_v2,domain_classifier,fraud,79,0.9623931623931625,18.916099999842118
gradual_covariate_shift_v2,classical_cds,population,80,0.7334039300251216,79.52570000088599
gradual_covariate_shift_v2,classical_cds,fraud,80,0.607165830238929,2.643099998749676
gradual_covariate_shift_v2,quantum_angle,population,80,0.961452074648577,12.72900000003574
gradual_covariate_shift_v2,quantum_angle,fraud,80,0.9963218944882791,9.029199998622062
gradual_covariate_shift_v2,quantum_zz,population,80,0.840992902780092,86.05840000018361
gradual_covariate_shift_v2,quantum_zz,fraud,80,0.8712336154390548,55.196499999510706
gradual_covariate_shift_v2,quantum_reupload,population,80,0.9495652565367467,30.56319999996049
gradual_covariate_shift_v2,quantum_reupload,fraud,80,0.9052454194889487,22.238899999138084
gradual_covariate_shift_v2,mmd_rbf,population,80,1.0,26.75950000048033
gradual_covariate_shift_v2,mmd_rbf,fraud,80,1.0,9.42169999871112
gradual_covariate_shift_v2,domain_classifier,population,80,0.9223555555555556,22.826599999461905
gradual_covariate_shift_v2,domain_classifier,fraud,80,0.9662318840579711,18.345799999224255
gradual_covariate_shift_v2,classical_cds,population,81,0.7296260910266983,81.34059999974852
gradual_covariate_shift_v2,classical_cds,fraud,81,0.6101847592133927,3.0159000016283244
gradual_covariate_shift_v2,quantum_angle,population,81,0.9634845373175054,11.437099999966449
gradual_covariate_shift_v2,quantum_angle,fraud,81,0.9961779193960162,10.383099999671686
gradual_covariate_shift_v2,quantum_zz,population,81,0.8257758178102098,87.91559999917808
gradual_covariate_shift_v2,quantum_zz,fraud,81,0.8628822759461094,60.79460000000836
gradual_covariate_shift_v2,quantum_reupload,population,81,0.9529697149098242,31.873400001131813
gradual_covariate_shift_v2,quantum_reupload,fraud,81,0.9020655434248565,24.578100001235725
gradual_covariate_shift_v2,mmd_rbf,population,81,1.0,29.18580000005022
gradual_covariate_shift_v2,mmd_rbf,fraud,81,1.0,11.041800000384683
gradual_covariate_shift_v2,domain_classifier,population,81,0.927,21.590800000922172
gradual_covariate_shift_v2,domain_classifier,fraud,81,0.9662318840579711,16.879700000572484
gradual_covariate_shift_v2,classical_cds,population,82,0.7300817173683064,80.11179999994056
gradual_covariate_shift_v2,classical_cds,fraud,82,0.6226404500673982,2.657799999724375
gradual_covariate_shift_v2,quantum_angle,population,82,0.9651707986556503,13.061599998763995
gradual_covariate_shift_v2,quantum_angle,fraud,82,0.9950580717516042,8.86019999961718
gradual_covariate_shift_v2,quantum_zz,population,82,0.8382836382572951,90.35100000073726
gradual_covariate_shift_v2,quantum_zz,fraud,82,0.8620712508064587,59.06369999866001
gradual_covariate_shift_v2,quantum_reupload,population,82,0.9547522131300475,30.914799999663956
gradual_covariate_shift_v2,quantum_reupload,fraud,82,0.8852243337254279,24.144499999238178
gradual_covariate_shift_v2,mmd_rbf,population,82,1.0,25.669300001027295
gradual_covariate_shift_v2,mmd_rbf,fraud,82,1.0,10.144599998966441
gradual_covariate_shift_v2,domain_classifier,population,82,0.923511111111111,22.19609999883687
gradual_covariate_shift_v2,domain_classifier,fraud,82,0.9535087719298245,17.08650000000489
gradual_covariate_shift_v2,classical_cds,population,83,0.7315010426552351,77.41119999991497
gradual_covariate_shift_v2,classical_cds,fraud,83,0.6547008721904771,2.53569999949832
gradual_covariate_shift_v2,quantum_angle,population,83,0.9637105546364044,12.358300000414602
gradual_covariate_shift_v2,quantum_angle,fraud,83,0.9957132865084303,8.087399999567424
gradual_covariate_shift_v2,quantum_zz,population,83,0.8467233675421055,83.55029999984254
gradual_covariate_shift_v2,quantum_zz,fraud,83,0.8736425460779469,64.18360000134271
gradual_covariate_shift_v2,quantum_reupload,population,83,0.9520925867026573,35.81790000134788
gradual_covariate_shift_v2,quantum_reupload,fraud,83,0.8664852639710234,30.05009999833419
gradual_covariate_shift_v2,mmd_rbf,population,83,1.0,26.249999998981366
gradual_covariate_shift_v2,mmd_rbf,fraud,83,1.0,8.016499999939697
gradual_covariate_shift_v2,domain_classifier,population,83,0.9232222222222224,19.886399999450077
gradual_covariate_shift_v2,domain_classifier,fraud,83,0.9262857142857144,16.924999999901047
gradual_covariate_shift_v2,classical_cds,population,84,0.7323498136292673,78.6631999999372
gradual_covariate_shift_v2,classical_cds,fraud,84,0.6255638336275475,2.5961999999708496
gradual_covariate_shift_v2,quantum_angle,population,84,0.9669188409206386,14.591299999665353
gradual_covariate_shift_v2,quantum_angle,fraud,84,0.9961540051817781,12.716000001091743
gradual_covariate_shift_v2,quantum_zz,population,84,0.8479874952595481,90.37869999883696
gradual_covariate_shift_v2,quantum_zz,fraud,84,0.87630562391493,60.66800000007788
gradual_covariate_shift_v2,quantum_reupload,population,84,0.9537261298228518,30.92109999852255
gradual_covariate_shift_v2,quantum_reupload,fraud,84,0.89158137905396,23.223099999086116
gradual_covariate_shift_v2,mmd_rbf,population,84,1.0,29.517199998736032
gradual_covariate_shift_v2,mmd_rbf,fraud,84,1.0,9.78669999858539
gradual_covariate_shift_v2,domain_classifier,population,84,0.9252888888888888,21.01819999916188
gradual_covariate_shift_v2,domain_classifier,fraud,84,0.8606837606837607,17.79539999915869
gradual_covariate_shift_v2,classical_cds,population,85,0.727986914354302,77.60159999997995
gradual_covariate_shift_v2,classical_cds,fraud,85,0.6152399094778136,2.7461999998195097
gradual_covariate_shift_v2,quantum_angle,population,85,0.9622820502797441,13.004099999307073
gradual_covariate_shift_v2,quantum_angle,fraud,85,0.9959345656924713,8.459200000288547
gradual_covariate_shift_v2,quantum_zz,population,85,0.8376533612109178,91.83349999875645
gradual_covariate_shift_v2,quantum_zz,fraud,85,0.8770469184624489,54.947399999946356
gradual_covariate_shift_v2,quantum_reupload,population,85,0.9522300684719098,31.488700000409153
gradual_covariate_shift_v2,quantum_reupload,fraud,85,0.8986302140373539,21.479200000612764
gradual_covariate_shift_v2,mmd_rbf,population,85,1.0,26.409700001750025
gradual_covariate_shift_v2,mmd_rbf,fraud,85,1.0,8.137600001646206
gradual_covariate_shift_v2,domain_classifier,population,85,0.9215333333333331,18.633699999554665
gradual_covariate_shift_v2,domain_classifier,fraud,85,0.9634343434343433,16.524299999218783
gradual_covariate_shift_v2,classical_cds,population,86,0.7296469827927681,77.06080000025395
gradual_covariate_shift_v2,classical_cds,fraud,86,0.6229429990536457,2.605200001198682
gradual_covariate_shift_v2,quantum_angle,population,86,0.9640151580372474,12.80620000034105
gradual_covariate_shift_v2,quantum_angle,fraud,86,0.9958130080645136,9.328699999969103
gradual_covariate_shift_v2,quantum_zz,population,86,0.8418671127253966,83.98940000006405
gradual_covariate_shift_v2,quantum_zz,fraud,86,0.8837223949916234,54.46649999976216
gradual_covariate_shift_v2,quantum_reupload,population,86,0.9523816096098767,27.996200000416138
gradual_covariate_shift_v2,quantum_reupload,fraud,86,0.8973262468434433,22.34859999953187
gradual_covariate_shift_v2,mmd_rbf,population,86,1.0,26.289600000382052
gradual_covariate_shift_v2,mmd_rbf,fraud,86,1.0,10.549599999649217
gradual_covariate_shift_v2,domain_classifier,population,86,0.9219777777777778,19.956300000558258
gradual_covariate_shift_v2,domain_classifier,fraud,86,0.9620952380952381,16.54210000015155
gradual_covariate_shift_v2,classical_cds,population,87,0.734426347734827,77.94800000010582
gradual_covariate_shift_v2,classical_cds,fraud,87,0.6124403585388996,2.6344999987486517
gradual_covariate_shift_v2,quantum_angle,population,87,0.963052447475958,11.352800000167917
gradual_covariate_shift_v2,quantum_angle,fraud,87,0.9960995098326947,8.1002000006265
gradual_covariate_shift_v2,quantum_zz,population,87,0.8356526441748823,84.55150000008871
gradual_covariate_shift_v2,quantum_zz,fraud,87,0.8769565117822038,55.36500000016531
gradual_covariate_shift_v2,quantum_reupload,population,87,0.9553130291447071,27.443499999208143
gradual_covariate_shift_v2,quantum_reupload,fraud,87,0.9140369144780413,22.92660000057367
gradual_covariate_shift_v2,mmd_rbf,population,87,1.0,24.972400000478956
gradual_covariate_shift_v2,mmd_rbf,fraud,87,1.0,10.114300001077936
gradual_covariate_shift_v2,domain_classifier,population,87,0.921,20.471800000450457
gradual_covariate_shift_v2,domain_classifier,fraud,87,0.9605673758865247,16.39679999971122
gradual_covariate_shift_v2,classical_cds,population,88,0.7290177016405602,77.02810000046156
gradual_covariate_shift_v2,classical_cds,fraud,88,0.6246385385705642,2.591400001620059
gradual_covariate_shift_v2,quantum_angle,population,88,0.9632781919389127,10.965899999064277
gradual_covariate_shift_v2,quantum_angle,fraud,88,0.9947104711130215,9.74569999925734
gradual_covariate_shift_v2,quantum_zz,population,88,0.8430679219845618,86.70390000042971
gradual_covariate_shift_v2,quantum_zz,fraud,88,0.8761317651915038,56.704000000536325
gradual_covariate_shift_v2,quantum_reupload,population,88,0.9522279311542027,27.858900000865106
gradual_covariate_shift_v2,quantum_reupload,fraud,88,0.8858038775886465,23.098100000424893
gradual_covariate_shift_v2,mmd_rbf,population,88,1.0,26.40839999912714
gradual_covariate_shift_v2,mmd_rbf,fraud,88,1.0,10.146500000701053
gradual_covariate_shift_v2,domain_classifier,population,88,0.9167999999999998,21.58650000092166
gradual_covariate_shift_v2,domain_classifier,fraud,88,0.8693333333333331,18.421400000079302
gradual_covariate_shift_v2,classical_cds,population,89,0.7298124703256204,83.92480000111391
gradual_covariate_shift_v2,classical_cds,fraud,89,0.6170099467035942,5.479000001287204
gradual_covariate_shift_v2,quantum_angle,population,89,0.9649001436211245,17.346099999485887
gradual_covariate_shift_v2,quantum_angle,fraud,89,0.9962384926185229,8.66889999997511
gradual_covariate_shift_v2,quantum_zz,population,89,0.840096982831861,87.81079999971553
gradual_covariate_shift_v2,quantum_zz,fraud,89,0.888736027765945,114.0651000005164
gradual_covariate_shift_v2,quantum_reupload,population,89,0.9555544648240926,39.862499999799184
gradual_covariate_shift_v2,quantum_reupload,fraud,89,0.9055121411081313,25.980800000979798
gradual_covariate_shift_v2,mmd_rbf,population,89,1.0,29.501799999707146
gradual_covariate_shift_v2,mmd_rbf,fraud,89,1.0,13.20069999928819
gradual_covariate_shift_v2,domain_classifier,population,89,0.9261555555555556,23.022999999739113
gradual_covariate_shift_v2,domain_classifier,fraud,89,0.9623809523809523,17.908399999214453
gradual_covariate_shift_v2,classical_cds,population,90,0.7309816625182285,78.46380000046338
gradual_covariate_shift_v2,classical_cds,fraud,90,0.6071275202836056,2.614200000607525
gradual_covariate_shift_v2,quantum_angle,population,90,0.9646016522275779,12.679999999818392
gradual_covariate_shift_v2,quantum_angle,fraud,90,0.9963392138277523,10.495300000911811
gradual_covariate_shift_v2,quantum_zz,population,90,0.8390491804663172,85.13959999982035
gradual_covariate_shift_v2,quantum_zz,fraud,90,0.8707724384258748,54.07469999954628
gradual_covariate_shift_v2,quantum_reupload,population,90,0.9566127240629617,30.554400000255555
gradual_covariate_shift_v2,quantum_reupload,fraud,90,0.9118026836706342,22.27590000074997
gradual_covariate_shift_v2,mmd_rbf,population,90,1.0,26.933099999951082
gradual_covariate_shift_v2,mmd_rbf,fraud,90,1.0,9.021699999721022
gradual_covariate_shift_v2,domain_classifier,population,90,0.9191777777777779,21.05950000077428
gradual_covariate_shift_v2,domain_classifier,fraud,90,0.9615602836879433,18.112900001142407
gradual_covariate_shift_v2,classical_cds,population,91,0.7354682525098836,78.79299999876821
gradual_covariate_shift_v2,classical_cds,fraud,91,0.6054649462521763,4.136999999900581
gradual_covariate_shift_v2,quantum_angle,population,91,0.9618606312003783,11.315300000205752
gradual_covariate_shift_v2,quantum_angle,fraud,91,0.9952850134731775,9.752500000104192
gradual_covariate_shift_v2,quantum_zz,population,91,0.843508247485011,89.09440000024915
gradual_covariate_shift_v2,quantum_zz,fraud,91,0.8703393348511385,59.288200000082725
gradual_covariate_shift_v2,quantum_reupload,population,91,0.9529950042790358,30.66670000043814
gradual_covariate_shift_v2,quantum_reupload,fraud,91,0.9007275413676871,22.976500000368105
gradual_covariate_shift_v2,mmd_rbf,population,91,1.0,27.195799999390147
gradual_covariate_shift_v2,mmd_rbf,fraud,91,1.0,8.20699999894714
gradual_covariate_shift_v2,domain_classifier,population,91,0.9286666666666665,19.39709999896877
gradual_covariate_shift_v2,domain_classifier,fraud,91,0.9657657657657657,17.78290000038396
gradual_covariate_shift_v2,classical_cds,population,92,0.7283977634592794,77.45729999987816
gradual_covariate_shift_v2,classical_cds,fraud,92,0.6158754824536244,3.0513999990944285
gradual_covariate_shift_v2,quantum_angle,population,92,0.9625991605521983,13.896900001782342
gradual_covariate_shift_v2,quantum_angle,fraud,92,0.9961267385212962,11.90370000040275
gradual_covariate_shift_v2,quantum_zz,population,92,0.8415024554785063,85.34730000064883
gradual_covariate_shift_v2,quantum_zz,fraud,92,0.8782751906858762,54.487600000356906
gradual_covariate_shift_v2,quantum_reupload,population,92,0.9518460612137976,30.00360000078217
gradual_covariate_shift_v2,quantum_reupload,fraud,92,0.900696122045512,25.122500001089065
gradual_covariate_shift_v2,mmd_rbf,population,92,1.0,25.489800000286778
gradual_covariate_shift_v2,mmd_rbf,fraud,92,1.0,10.022300000855466
gradual_covariate_shift_v2,domain_classifier,population,92,0.9241777777777778,20.260299999790732
gradual_covariate_shift_v2,domain_classifier,fraud,92,0.9648484848484848,16.82529999925464
gradual_covariate_shift_v2,classical_cds,population,93,0.7312265056415601,75.60379999995348
gradual_covariate_shift_v2,classical_cds,fraud,93,0.6243260320614836,3.0636000010417774
gradual_covariate_shift_v2,quantum_angle,population,93,0.9609504204807588,10.476100000232691
gradual_covariate_shift_v2,quantum_angle,fraud,93,0.9952544232577747,10.145899999770336
gradual_covariate_shift_v2,quantum_zz,population,93,0.8442615312644215,83.19480000136537
gradual_covariate_shift_v2,quantum_zz,fraud,93,0.8560249000778335,50.80110000017157
gradual_covariate_shift_v2,quantum_reupload,population,93,0.952728295483497,28.9680000005319
gradual_covariate_shift_v2,quantum_reupload,fraud,93,0.9144408483322248,21.955000000161817
gradual_covariate_shift_v2,mmd_rbf,population,93,1.0,26.34070000021893
gradual_covariate_shift_v2,mmd_rbf,fraud,93,1.0,8.087899999736692
gradual_covariate_shift_v2,domain_classifier,population,93,0.9125777777777779,19.80309999999008
gradual_covariate_shift_v2,domain_classifier,fraud,93,0.9588888888888887,16.459099999337923
gradual_covariate_shift_v2,classical_cds,population,94,0.7309654615244767,77.79980000123032
gradual_covariate_shift_v2,classical_cds,fraud,94,0.6182218136863361,2.5879000004351838
gradual_covariate_shift_v2,quantum_angle,population,94,0.9650805244547545,12.542800001028809
gradual_covariate_shift_v2,quantum_angle,fraud,94,0.995691812572954,9.633799998482573
gradual_covariate_shift_v2,quantum_zz,population,94,0.8341035627623029,91.07679999942775
gradual_covariate_shift_v2,quantum_zz,fraud,94,0.880552418722559,57.687900000019
gradual_covariate_shift_v2,quantum_reupload,population,94,0.9536071128546952,31.132900001466624
gradual_covariate_shift_v2,quantum_reupload,fraud,94,0.896333569034181,24.68810000027588
gradual_covariate_shift_v2,mmd_rbf,population,94,1.0,33.559400000740425
gradual_covariate_shift_v2,mmd_rbf,fraud,94,1.0,10.809999999764841
gradual_covariate_shift_v2,domain_classifier,population,94,0.9246000000000001,25.023700000019744
gradual_covariate_shift_v2,domain_classifier,fraud,94,0.9606504065040651,31.072399999175104
gradual_covariate_shift_v2,classical_cds,population,95,0.7276624309514687,80.79200000065612
gradual_covariate_shift_v2,classical_cds,fraud,95,0.601929566479136,2.6572000006126473
gradual_covariate_shift_v2,quantum_angle,population,95,0.9667667510512785,11.312500000713044
gradual_covariate_shift_v2,quantum_angle,fraud,95,0.9967587508243125,8.979000000181259
gradual_covariate_shift_v2,quantum_zz,population,95,0.8412011901441103,85.5360000005021
gradual_covariate_shift_v2,quantum_zz,fraud,95,0.8694747895911616,56.84330000076443
gradual_covariate_shift_v2,quantum_reupload,population,95,0.9530973666138889,32.13850000065577
gradual_covariate_shift_v2,quantum_reupload,fraud,95,0.9037070200351625,22.76269999856595
gradual_covariate_shift_v2,mmd_rbf,population,95,1.0,27.98369999982242
gradual_covariate_shift_v2,mmd_rbf,fraud,95,1.0,9.276700000555138
gradual_covariate_shift_v2,domain_classifier,population,95,0.9317555555555554,26.451400000951253
gradual_covariate_shift_v2,domain_classifier,fraud,95,0.9645925925925927,23.990499999854364
gradual_covariate_shift_v2,classical_cds,population,96,0.7313735418757653,76.92169999972975
gradual_covariate_shift_v2,classical_cds,fraud,96,0.6202561836234654,2.549900000303751
gradual_covariate_shift_v2,quantum_angle,population,96,0.961918029548606,13.286000001244247
gradual_covariate_shift_v2,quantum_angle,fraud,96,0.996402802588379,8.335500000612228
gradual_covariate_shift_v2,quantum_zz,population,96,0.8293867488458135,95.91199999886157
gradual_covariate_shift_v2,quantum_zz,fraud,96,0.8654987725165545,53.9294999998674
gradual_covariate_shift_v2,quantum_reupload,population,96,0.9483774414509053,35.69690000040282
gradual_covariate_shift_v2,quantum_reupload,fraud,96,0.9189661747616745,24.590800001533353
gradual_covariate_shift_v2,mmd_rbf,population,96,1.0,24.998799999593757
gradual_covariate_shift_v2,mmd_rbf,fraud,96,1.0,9.600800000043819
gradual_covariate_shift_v2,domain_classifier,population,96,0.9246888888888889,20.85799999986193
gradual_covariate_shift_v2,domain_classifier,fraud,96,0.9603921568627451,18.007099999522325
gradual_covariate_shift_v2,classical_cds,population,97,0.7303073248846929,76.2683000011748
gradual_covariate_shift_v2,classical_cds,fraud,97,0.6007788323031762,2.9037999993306585
gradual_covariate_shift_v2,quantum_angle,population,97,0.9639732793673508,17.06449999983306
gradual_covariate_shift_v2,quantum_angle,fraud,97,0.995746773431017,13.036399999691639
gradual_covariate_shift_v2,quantum_zz,population,97,0.8396983911484796,91.94260000003851
gradual_covariate_shift_v2,quantum_zz,fraud,97,0.8744246221182014,53.9957000000868
gradual_covariate_shift_v2,quantum_reupload,population,97,0.9539272701041372,28.86450000005425
gradual_covariate_shift_v2,quantum_reupload,fraud,97,0.9082479786328541,23.470899999665562
gradual_covariate_shift_v2,mmd_rbf,population,97,1.0,24.648300000990275
gradual_covariate_shift_v2,mmd_rbf,fraud,97,1.0,11.84810000086145
gradual_covariate_shift_v2,domain_classifier,population,97,0.9221333333333335,18.812000000252738
gradual_covariate_shift_v2,domain_classifier,fraud,97,0.9590476190476191,16.342799999620183
gradual_covariate_shift_v2,classical_cds,population,98,0.7304913146389507,76.0480999997526
gradual_covariate_shift_v2,classical_cds,fraud,98,0.60560298670795,2.7580999994825106
gradual_covariate_shift_v2,quantum_angle,population,98,0.9667076464310489,11.599400000704918
gradual_covariate_shift_v2,quantum_angle,fraud,98,0.9953288248134218,8.666700001413119
gradual_covariate_shift_v2,quantum_zz,population,98,0.8456916284018132,90.36709999963932
gradual_covariate_shift_v2,quantum_zz,fraud,98,0.8803853993760438,59.96520000007877
gradual_covariate_shift_v2,quantum_reupload,population,98,0.9541354226962154,34.476299999369076
gradual_covariate_shift_v2,quantum_reupload,fraud,98,0.8869659512131934,25.025900000400725
gradual_covariate_shift_v2,mmd_rbf,population,98,1.0,27.720600000975537
gradual_covariate_shift_v2,mmd_rbf,fraud,98,1.0,14.871499999571824
gradual_covariate_shift_v2,domain_classifier,population,98,0.9239333333333333,27.31080000012298
gradual_covariate_shift_v2,domain_classifier,fraud,98,0.9609302325581395,17.476400000305148
gradual_covariate_shift_v2,classical_cds,population,99,0.729923700271187,78.64700000027369
gradual_covariate_shift_v2,classical_cds,fraud,99,0.615795655156037,2.8002999988530064
gradual_covariate_shift_v2,quantum_angle,population,99,0.9654759682463445,13.78870000007737
gradual_covariate_shift_v2,quantum_angle,fraud,99,0.9956496714166893,9.69719999920926
gradual_covariate_shift_v2,quantum_zz,population,99,0.8393410386000251,93.2611000007455
gradual_covariate_shift_v2,quantum_zz,fraud,99,0.8780514710614578,63.56529999902705
gradual_covariate_shift_v2,quantum_reupload,population,99,0.9542517798727099,35.85149999889836
gradual_covariate_shift_v2,quantum_reupload,fraud,99,0.8976183466749598,32.753699999375385
gradual_covariate_shift_v2,mmd_rbf,population,99,1.0,31.148899999607238
gradual_covariate_shift_v2,mmd_rbf,fraud,99,1.0,10.141900000235182
gradual_covariate_shift_v2,domain_classifier,population,99,0.9174555555555557,25.53550000084215
gradual_covariate_shift_v2,domain_classifier,fraud,99,0.9646153846153847,18.580699999802164
fraud_subset_shift_v1,classical_cds,population,0,0.027801875192211688,10.005599999203696
fraud_subset_shift_v1,classical_cds,fraud,0,0.3100553197013953,3.832700000202749
fraud_subset_shift_v1,quantum_angle,population,0,0.015106637492979469,10.808200000610668
fraud_subset_shift_v1,quantum_angle,fraud,0,0.07340553283352957,10.65550000021176
fraud_subset_shift_v1,quantum_zz,population,0,0.0,93.24209999977029
fraud_subset_shift_v1,quantum_zz,fraud,0,0.06679355946230947,56.20670000098471
fraud_subset_shift_v1,quantum_reupload,population,0,0.009001638079783825,33.203400000274996
fraud_subset_shift_v1,quantum_reupload,fraud,0,0.08769000729706122,23.36019999893324
fraud_subset_shift_v1,mmd_rbf,population,0,0.0015972553242864507,26.929600000585197
fraud_subset_shift_v1,mmd_rbf,fraud,0,0.0,9.998099998483667
fraud_subset_shift_v1,domain_classifier,population,0,0.0,21.329699999114382
fraud_subset_shift_v1,domain_classifier,fraud,0,0.0,15.40730000124313
fraud_subset_shift_v1,classical_cds,population,1,0.031672361833328666,12.394600000334322
fraud_subset_shift_v1,classical_cds,fraud,1,0.1565251076887142,3.344400000059977
fraud_subset_shift_v1,quantum_angle,population,1,0.05618862687784387,10.978500000419444
fraud_subset_shift_v1,quantum_angle,fraud,1,0.012488085068859012,9.832199999436853
fraud_subset_shift_v1,quantum_zz,population,1,0.0474894585876654,86.724900000263
fraud_subset_shift_v1,quantum_zz,fraud,1,0.032571154728635254,55.001000000629574
fraud_subset_shift_v1,quantum_reupload,population,1,0.055120892239536534,29.151499998988584
fraud_subset_shift_v1,quantum_reupload,fraud,1,0.0,24.86529999987397
fraud_subset_shift_v1,mmd_rbf,population,1,0.0002748784569663876,25.666800000180956
fraud_subset_shift_v1,mmd_rbf,fraud,1,0.0,10.96269999834476
fraud_subset_shift_v1,domain_classifier,population,1,0.11148888888888897,21.844999999302672
fraud_subset_shift_v1,domain_classifier,fraud,1,0.0,15.235100001518731
fraud_subset_shift_v1,classical_cds,population,2,0.04450535875294631,12.090799998986768
fraud_subset_shift_v1,classical_cds,fraud,2,0.10387242771915327,2.3726999988866737
fraud_subset_shift_v1,quantum_angle,population,2,0.008507921952590314,12.233800000103656
fraud_subset_shift_v1,quantum_angle,fraud,2,0.0,8.014200000616256
fraud_subset_shift_v1,quantum_zz,population,2,0.003969477592294046,86.32829999987734
fraud_subset_shift_v1,quantum_zz,fraud,2,0.0,55.21030000090832
fraud_subset_shift_v1,quantum_reupload,population,2,0.004015901712835945,30.144599999403
fraud_subset_shift_v1,quantum_reupload,fraud,2,0.0166123579943821,23.39889999893785
fraud_subset_shift_v1,mmd_rbf,population,2,0.0,28.302599999733502
fraud_subset_shift_v1,mmd_rbf,fraud,2,0.0,8.644099998491583
fraud_subset_shift_v1,domain_classifier,population,2,0.0,18.971699999383418
fraud_subset_shift_v1,domain_classifier,fraud,2,0.0,18.357699998887256
fraud_subset_shift_v1,classical_cds,population,3,0.0314465572879392,11.760700001104851
fraud_subset_shift_v1,classical_cds,fraud,3,0.40201016279141494,2.816099999108701
fraud_subset_shift_v1,quantum_angle,population,3,0.0,12.824499999624095
fraud_subset_shift_v1,quantum_angle,fraud,3,0.0,11.370800000804593
fraud_subset_shift_v1,quantum_zz,population,3,0.0,88.19260000018403
fraud_subset_shift_v1,quantum_zz,fraud,3,0.0,53.93309999999474
fraud_subset_shift_v1,quantum_reupload,population,3,0.0,30.145000000629807
fraud_subset_shift_v1,quantum_reupload,fraud,3,0.0,23.05010000054608
fraud_subset_shift_v1,mmd_rbf,population,3,0.005993474993659431,24.84580000054848
fraud_subset_shift_v1,mmd_rbf,fraud,3,0.06632140506671247,9.505100000751554
fraud_subset_shift_v1,domain_classifier,population,3,0.0058888888888888324,19.19899999847985
fraud_subset_shift_v1,domain_classifier,fraud,3,0.12166666666666681,14.959399999497691
fraud_subset_shift_v1,classical_cds,population,4,0.024040588430135366,8.231300000261399
fraud_subset_shift_v1,classical_cds,fraud,4,0.12129115325541476,2.4289000011776807
fraud_subset_shift_v1,quantum_angle,population,4,0.019848415795231666,12.289199999941047
fraud_subset_shift_v1,quantum_angle,fraud,4,0.0,9.314700000686571
fraud_subset_shift_v1,quantum_zz,population,4,0.013821164576734768,84.01490000142076
fraud_subset_shift_v1,quantum_zz,fraud,4,0.0,57.63509999997041
fraud_subset_shift_v1,quantum_reupload,population,4,0.018492632331723602,32.48089999942749
fraud_subset_shift_v1,quantum_reupload,fraud,4,0.0,25.48930000011751
fraud_subset_shift_v1,mmd_rbf,population,4,0.0,26.2949000007211
fraud_subset_shift_v1,mmd_rbf,fraud,4,0.0028731929587055838,10.785700000269571
fraud_subset_shift_v1,domain_classifier,population,4,0.0,18.521699999837438
fraud_subset_shift_v1,domain_classifier,fraud,4,0.08012820512820507,16.92910000019765
fraud_subset_shift_v1,classical_cds,population,5,0.029322994061316054,12.229600000864593
fraud_subset_shift_v1,classical_cds,fraud,5,0.08914157996770297,2.4510000002919696
fraud_subset_shift_v1,quantum_angle,population,5,0.0,13.715300001422293
fraud_subset_shift_v1,quantum_angle,fraud,5,0.0,8.703800000148476
fraud_subset_shift_v1,quantum_zz,population,5,0.0,90.6353999998828
fraud_subset_shift_v1,quantum_zz,fraud,5,0.0,57.6798999991297
fraud_subset_shift_v1,quantum_reupload,population,5,0.0,32.27500000139116
fraud_subset_shift_v1,quantum_reupload,fraud,5,0.0,24.573999999120133
fraud_subset_shift_v1,mmd_rbf,population,5,0.00044732757010468305,26.646500000424567
fraud_subset_shift_v1,mmd_rbf,fraud,5,0.0,9.98280000021623
fraud_subset_shift_v1,domain_classifier,population,5,0.0,17.985500000577304
fraud_subset_shift_v1,domain_classifier,fraud,5,0.0,15.99279999936698
fraud_subset_shift_v1,classical_cds,population,6,0.029322026283657557,9.27120000051218
fraud_subset_shift_v1,classical_cds,fraud,6,0.14133743149168942,3.6438000006455695
fraud_subset_shift_v1,quantum_angle,population,6,0.0035959318305626153,10.572799999863491
fraud_subset_shift_v1,quantum_angle,fraud,6,0.009651122287341218,10.87559999905352
fraud_subset_shift_v1,quantum_zz,population,6,0.0,101.39340000023367
fraud_subset_shift_v1,quantum_zz,fraud,6,0.020017061373638012,60.29829999897629
fraud_subset_shift_v1,quantum_reupload,population,6,0.006912560721005101,31.135799999901792
fraud_subset_shift_v1,quantum_reupload,fraud,6,0.006745566141419745,25.877799998852424
fraud_subset_shift_v1,mmd_rbf,population,6,0.001509356777103843,27.923799998461618
fraud_subset_shift_v1,mmd_rbf,fraud,6,0.0,9.244599999874481
fraud_subset_shift_v1,domain_classifier,population,6,0.04631111111111119,22.015999998984626
fraud_subset_shift_v1,domain_classifier,fraud,6,0.0,13.882600000215461
fraud_subset_shift_v1,classical_cds,population,7,0.0241192583033918,9.195599999657134
fraud_subset_shift_v1,classical_cds,fraud,7,0.2918633248259625,2.4276000003737863
fraud_subset_shift_v1,quantum_angle,population,7,0.006969210377329449,13.1400999998732
fraud_subset_shift_v1,quantum_angle,fraud,7,0.0,10.234999999738648
fraud_subset_shift_v1,quantum_zz,population,7,0.002884971384630619,87.69650000067486
fraud_subset_shift_v1,quantum_zz,fraud,7,0.0,56.25310000141326
fraud_subset_shift_v1,quantum_reupload,population,7,0.0,30.6018999999651
fraud_subset_shift_v1,quantum_reupload,fraud,7,0.0,22.04359999996086
fraud_subset_shift_v1,mmd_rbf,population,7,0.0,26.013599999714643
fraud_subset_shift_v1,mmd_rbf,fraud,7,0.0,9.587300000930554
fraud_subset_shift_v1,domain_classifier,population,7,0.013622222222222202,17.159600000013597
fraud_subset_shift_v1,domain_classifier,fraud,7,0.0,13.988799999424373
fraud_subset_shift_v1,classical_cds,population,8,0.032118063466312005,11.126299999887124
fraud_subset_shift_v1,classical_cds,fraud,8,0.3688636643972714,2.433499999824562
fraud_subset_shift_v1,quantum_angle,population,8,0.06693789208856071,12.067400000887574
fraud_subset_shift_v1,quantum_angle,fraud,8,0.0,10.230699999738135
fraud_subset_shift_v1,quantum_zz,population,8,0.05627626197072899,85.76799999900686
fraud_subset_shift_v1,quantum_zz,fraud,8,0.0,56.90859999958775
fraud_subset_shift_v1,quantum_reupload,population,8,0.0725380849755417,34.543900001153816
fraud_subset_shift_v1,quantum_reupload,fraud,8,0.0,27.12739999878977
fraud_subset_shift_v1,mmd_rbf,population,8,0.006218745317065677,28.478899999754503
fraud_subset_shift_v1,mmd_rbf,fraud,8,0.021772020562121464,9.694200000012643
fraud_subset_shift_v1,domain_classifier,population,8,0.05135555555555538,23.55100000022503
fraud_subset_shift_v1,domain_classifier,fraud,8,0.25792792792792785,17.71310000003723
fraud_subset_shift_v1,classical_cds,population,9,0.026648624072734328,9.809999999561114
fraud_subset_shift_v1,classical_cds,fraud,9,0.17317475973507243,2.464900000632042
fraud_subset_shift_v1,quantum_angle,population,9,0.04011751327156543,12.751200001730467
fraud_subset_shift_v1,quantum_angle,fraud,9,0.07552504927767922,9.891199999401579
fraud_subset_shift_v1,quantum_zz,population,9,0.03107479223811993,90.96800000043004
fraud_subset_shift_v1,quantum_zz,fraud,9,0.07419149769571443,58.07550000099582
fraud_subset_shift_v1,quantum_reupload,population,9,0.04724687448997389,30.096599999524187
fraud_subset_shift_v1,quantum_reupload,fraud,9,0.08236475791552844,23.38140000028943
fraud_subset_shift_v1,mmd_rbf,population,9,0.0,27.55070000057458
fraud_subset_shift_v1,mmd_rbf,fraud,9,0.0,8.17800000004354
fraud_subset_shift_v1,domain_classifier,population,9,0.02251111111111115,21.899700001085876
fraud_subset_shift_v1,domain_classifier,fraud,9,0.0,17.477100000178325
fraud_subset_shift_v1,classical_cds,population,10,0.02962045104910581,10.363299999880837
fraud_subset_shift_v1,classical_cds,fraud,10,0.1583551826268802,2.439599998979247
fraud_subset_shift_v1,quantum_angle,population,10,0.019515174802399837,12.76280000092811
fraud_subset_shift_v1,quantum_angle,fraud,10,0.015959134573742095,9.674799999629613
fraud_subset_shift_v1,quantum_zz,population,10,0.00640782313688526,87.20729999913601
fraud_subset_shift_v1,quantum_zz,fraud,10,0.01787506083657453,67.36889999956475
fraud_subset_shift_v1,quantum_reupload,population,10,0.010696951004150468,37.205200000244076
fraud_subset_shift_v1,quantum_reupload,fraud,10,0.0,29.472399999576737
fraud_subset_shift_v1,mmd_rbf,population,10,0.006108214123019096,28.124800001023686
fraud_subset_shift_v1,mmd_rbf,fraud,10,0.009878735124997595,9.61009999991802
fraud_subset_shift_v1,domain_classifier,population,10,0.05017777777777788,18.78269999906479
fraud_subset_shift_v1,domain_classifier,fraud,10,0.07008333333333328,17.74169999953301
fraud_subset_shift_v1,classical_cds,population,11,0.03283732571660559,12.111699999877601
fraud_subset_shift_v1,classical_cds,fraud,11,0.28546614004375626,2.4081999999907566
fraud_subset_shift_v1,quantum_angle,population,11,0.0,12.062000001606066
fraud_subset_shift_v1,quantum_angle,fraud,11,0.0,9.376900001370814
fraud_subset_shift_v1,quantum_zz,population,11,0.0,88.74680000008084
fraud_subset_shift_v1,quantum_zz,fraud,11,0.0,60.529399999722955
fraud_subset_shift_v1,quantum_reupload,population,11,0.0,32.36949999882199
fraud_subset_shift_v1,quantum_reupload,fraud,11,0.0,24.246099999800208
fraud_subset_shift_v1,mmd_rbf,population,11,0.001820002509445695,28.037699999913457
fraud_subset_shift_v1,mmd_rbf,fraud,11,0.0,9.570500000336324
fraud_subset_shift_v1,domain_classifier,population,11,0.0,22.493299999041483
fraud_subset_shift_v1,domain_classifier,fraud,11,0.0,15.17729999977746
fraud_subset_shift_v1,classical_cds,population,12,0.021797225365420413,8.687499999723514
fraud_subset_shift_v1,classical_cds,fraud,12,0.1321341124481127,2.5451000001339708
fraud_subset_shift_v1,quantum_angle,population,12,0.0,13.40629999867815
fraud_subset_shift_v1,quantum_angle,fraud,12,0.0,8.793700000751414
fraud_subset_shift_v1,quantum_zz,population,12,0.0,87.64659999906144
fraud_subset_shift_v1,quantum_zz,fraud,12,0.0,54.15200000061304
fraud_subset_shift_v1,quantum_reupload,population,12,0.0,32.30059999987134
fraud_subset_shift_v1,quantum_reupload,fraud,12,0.0,23.683100000198465
fraud_subset_shift_v1,mmd_rbf,population,12,0.0,33.98229999947944
fraud_subset_shift_v1,mmd_rbf,fraud,12,0.005670053723171975,11.906600000656908
fraud_subset_shift_v1,domain_classifier,population,12,0.01646666666666663,19.485899998471723
fraud_subset_shift_v1,domain_classifier,fraud,12,0.0,15.675499998906162
fraud_subset_shift_v1,classical_cds,population,13,0.027398835447195652,10.44489999912912
fraud_subset_shift_v1,classical_cds,fraud,13,0.20509883261106598,2.456700000038836
fraud_subset_shift_v1,quantum_angle,population,13,0.0051016138954563806,11.848600001030718
fraud_subset_shift_v1,quantum_angle,fraud,13,0.043945768846841426,8.505399999194196
fraud_subset_shift_v1,quantum_zz,population,13,0.001459709724311642,84.02589999968768
fraud_subset_shift_v1,quantum_zz,fraud,13,0.023532685366978168,57.6002999987395
fraud_subset_shift_v1,quantum_reupload,population,13,0.0,30.179800000041723
fraud_subset_shift_v1,quantum_reupload,fraud,13,0.06590725188890256,22.52990000124555
fraud_subset_shift_v1,mmd_rbf,population,13,0.0,25.928900000508293
fraud_subset_shift_v1,mmd_rbf,fraud,13,0.0,9.252800000467687
fraud_subset_shift_v1,domain_classifier,population,13,0.0,19.066300001213676
fraud_subset_shift_v1,domain_classifier,fraud,13,0.04259259259259274,14.648000000306638
fraud_subset_shift_v1,classical_cds,population,14,0.021713981256306206,10.050800001408788
fraud_subset_shift_v1,classical_cds,fraud,14,0.14852439560014924,2.4222000010922784
fraud_subset_shift_v1,quantum_angle,population,14,0.0,12.96850000107952
fraud_subset_shift_v1,quantum_angle,fraud,14,0.09628107265850216,8.775199999945471
fraud_subset_shift_v1,quantum_zz,population,14,0.0,86.33449999979348
fraud_subset_shift_v1,quantum_zz,fraud,14,0.07373389027819888,57.523499999661
fraud_subset_shift_v1,quantum_reupload,population,14,0.0,30.270600000221748
fraud_subset_shift_v1,quantum_reupload,fraud,14,0.06882090587746426,22.48700000018289
fraud_subset_shift_v1,mmd_rbf,population,14,0.0007929405913980059,26.9719999996596
fraud_subset_shift_v1,mmd_rbf,fraud,14,0.05121509491102594,8.781299999100156
fraud_subset_shift_v1,domain_classifier,population,14,0.0,19.154200001139543
fraud_subset_shift_v1,domain_classifier,fraud,14,0.0,15.933599999698345
fraud_subset_shift_v1,classical_cds,population,15,0.029815978262634026,10.762799998701666
fraud_subset_shift_v1,classical_cds,fraud,15,0.26820939843935476,2.3783999986335402
fraud_subset_shift_v1,quantum_angle,population,15,0.0,11.114899998574401
fraud_subset_shift_v1,quantum_angle,fraud,15,0.0,8.333199999469798
fraud_subset_shift_v1,quantum_zz,population,15,0.0,81.9271000000299
fraud_subset_shift_v1,quantum_zz,fraud,15,0.0,53.40529999921273
fraud_subset_shift_v1,quantum_reupload,population,15,0.0,30.608099999881233
fraud_subset_shift_v1,quantum_reupload,fraud,15,0.0,23.30190000066068
fraud_subset_shift_v1,mmd_rbf,population,15,0.004496799073599789,24.83070000016596
fraud_subset_shift_v1,mmd_rbf,fraud,15,0.03586715573531607,9.8426999993535
fraud_subset_shift_v1,domain_classifier,population,15,0.0,17.735999999786145
fraud_subset_shift_v1,domain_classifier,fraud,15,0.016416666666666746,15.246700000716373
fraud_subset_shift_v1,classical_cds,population,16,0.02892699659113457,8.469099999274476
fraud_subset_shift_v1,classical_cds,fraud,16,0.12518724388608587,2.394000001004315
fraud_subset_shift_v1,quantum_angle,population,16,0.028052628715013572,11.824400000477908
fraud_subset_shift_v1,quantum_angle,fraud,16,0.004929581684596673,9.99269999920216
fraud_subset_shift_v1,quantum_zz,population,16,0.01440733218696022,85.53669999855629
fraud_subset_shift_v1,quantum_zz,fraud,16,0.01886223519662089,53.29929999970773
fraud_subset_shift_v1,quantum_reupload,population,16,0.016019464644652204,29.591499998787185
fraud_subset_shift_v1,quantum_reupload,fraud,16,0.0011215730482361241,22.322599999824888
fraud_subset_shift_v1,mmd_rbf,population,16,0.0,27.392599999075173
fraud_subset_shift_v1,mmd_rbf,fraud,16,0.0,8.265499998742598
fraud_subset_shift_v1,domain_classifier,population,16,0.06397777777777769,18.188199999713106
fraud_subset_shift_v1,domain_classifier,fraud,16,0.1367543859649123,14.441499999520602
fraud_subset_shift_v1,classical_cds,population,17,0.02500243778580473,10.290500000337488
fraud_subset_shift_v1,classical_cds,fraud,17,0.21599682599371925,2.420499999061576
fraud_subset_shift_v1,quantum_angle,population,17,0.020472471818138605,11.888499999258784
fraud_subset_shift_v1,quantum_angle,fraud,17,0.0,8.173600001100567
fraud_subset_shift_v1,quantum_zz,population,17,0.019922428713149753,82.86450000014156
fraud_subset_shift_v1,quantum_zz,fraud,17,0.0,55.8469999996305
fraud_subset_shift_v1,quantum_reupload,population,17,0.025116599818268193,28.768199999831268
fraud_subset_shift_v1,quantum_reupload,fraud,17,0.0,22.761199999877135
fraud_subset_shift_v1,mmd_rbf,population,17,0.004233952110461292,24.668399999427493
fraud_subset_shift_v1,mmd_rbf,fraud,17,0.03708988448556716,9.544500000629341
fraud_subset_shift_v1,domain_classifier,population,17,0.05059999999999998,17.150800000308664
fraud_subset_shift_v1,domain_classifier,fraud,17,0.19992907801418447,17.23640000091109
fraud_subset_shift_v1,classical_cds,population,18,0.03166198985541621,9.648299999753362
fraud_subset_shift_v1,classical_cds,fraud,18,0.2413377025147161,3.04130000040459
fraud_subset_shift_v1,quantum_angle,population,18,0.0,11.340700000801007
fraud_subset_shift_v1,quantum_angle,fraud,18,0.0,9.743700000399258
fraud_subset_shift_v1,quantum_zz,population,18,0.0,84.11089999935939
fraud_subset_shift_v1,quantum_zz,fraud,18,0.0,60.34689999978582
fraud_subset_shift_v1,quantum_reupload,population,18,0.0,33.320200000162004
fraud_subset_shift_v1,quantum_reupload,fraud,18,0.0,24.55569999983709
fraud_subset_shift_v1,mmd_rbf,population,18,0.007972386058376468,29.378200000792276
fraud_subset_shift_v1,mmd_rbf,fraud,18,0.009572040655798641,8.647999999084277
fraud_subset_shift_v1,domain_classifier,population,18,0.0,21.251500000289525
fraud_subset_shift_v1,domain_classifier,fraud,18,0.0,19.439800000327523
fraud_subset_shift_v1,classical_cds,population,19,0.028012481066489292,9.294499999668915
fraud_subset_shift_v1,classical_cds,fraud,19,0.1459129519428481,2.6050999986182433
fraud_subset_shift_v1,quantum_angle,population,19,0.0,12.903599999845028
fraud_subset_shift_v1,quantum_angle,fraud,19,0.010795422828749901,11.355700000422075
fraud_subset_shift_v1,quantum_zz,population,19,0.0,84.4561000012618
fraud_subset_shift_v1,quantum_zz,fraud,19,0.0,53.22849999902246
fraud_subset_shift_v1,quantum_reupload,population,19,0.0,30.771499999900698
fraud_subset_shift_v1,quantum_reupload,fraud,19,0.0,31.12450000116951
fraud_subset_shift_v1,mmd_rbf,population,19,0.0,28.23569999964093
fraud_subset_shift_v1,mmd_rbf,fraud,19,0.02284212828061838,9.066599999641767
fraud_subset_shift_v1,domain_classifier,population,19,0.0,18.78509999914968
fraud_subset_shift_v1,domain_classifier,fraud,19,0.07870370370370372,16.516199999387027
fraud_subset_shift_v1,classical_cds,population,20,0.0334688662825364,11.689599999954225
fraud_subset_shift_v1,classical_cds,fraud,20,0.22510110130340955,2.438199999232893
fraud_subset_shift_v1,quantum_angle,population,20,0.04123457576285694,11.903500000698841
fraud_subset_shift_v1,quantum_angle,fraud,20,0.013089623174852849,8.193499999833875
fraud_subset_shift_v1,quantum_zz,population,20,0.03846809072777779,84.95109999967099
fraud_subset_shift_v1,quantum_zz,fraud,20,0.005341528765239967,54.021100000682054
fraud_subset_shift_v1,quantum_reupload,population,20,0.042334640553494784,29.005399999732617
fraud_subset_shift_v1,quantum_reupload,fraud,20,0.0,23.124600000301143
fraud_subset_shift_v1,mmd_rbf,population,20,0.0008137513645192218,24.53090000017255
fraud_subset_shift_v1,mmd_rbf,fraud,20,0.0,9.496200000285171
fraud_subset_shift_v1,domain_classifier,population,20,0.008399999999999963,19.125000000713044
fraud_subset_shift_v1,domain_classifier,fraud,20,0.0,15.292099998987396
fraud_subset_shift_v1,classical_cds,population,21,0.0403203527278554,11.264099999607424
fraud_subset_shift_v1,classical_cds,fraud,21,0.13338611171490616,2.6597000014589867
fraud_subset_shift_v1,quantum_angle,population,21,0.04705467076499514,10.254000000713859
fraud_subset_shift_v1,quantum_angle,fraud,21,0.12250323982109368,9.537399999317131
fraud_subset_shift_v1,quantum_zz,population,21,0.04265256826773278,82.56020000044373
fraud_subset_shift_v1,quantum_zz,fraud,21,0.1383724190881146,54.51410000023316
fraud_subset_shift_v1,quantum_reupload,population,21,0.04670083893899113,30.095199999777833
fraud_subset_shift_v1,quantum_reupload,fraud,21,0.15304734509773799,22.543199998835917
fraud_subset_shift_v1,mmd_rbf,population,21,0.0022870038297653217,26.068499999382766
fraud_subset_shift_v1,mmd_rbf,fraud,21,0.023118104895312186,8.448299999145092
fraud_subset_shift_v1,domain_classifier,population,21,0.0,16.05609999933222
fraud_subset_shift_v1,domain_classifier,fraud,21,0.16181818181818208,14.072800000576535
fraud_subset_shift_v1,classical_cds,population,22,0.025739769730848024,9.903800000756746
fraud_subset_shift_v1,classical_cds,fraud,22,0.16724680421268415,2.4351999982172856
fraud_subset_shift_v1,quantum_angle,population,22,0.0,11.107000000265543
fraud_subset_shift_v1,quantum_angle,fraud,22,0.0,8.257200001025922
fraud_subset_shift_v1,quantum_zz,population,22,0.0,84.21199999975215
fraud_subset_shift_v1,quantum_zz,fraud,22,0.0,54.23440000049595
fraud_subset_shift_v1,quantum_reupload,population,22,0.0,29.876700000386336
fraud_subset_shift_v1,quantum_reupload,fraud,22,0.0,22.75030000055267
fraud_subset_shift_v1,mmd_rbf,population,22,0.0,24.905399999624933
fraud_subset_shift_v1,mmd_rbf,fraud,22,0.007893661281803244,9.33660000009695
fraud_subset_shift_v1,domain_classifier,population,22,0.04815555555555573,18.600100000185193
fraud_subset_shift_v1,domain_classifier,fraud,22,0.05964912280701773,13.989799999762909
fraud_subset_shift_v1,classical_cds,population,23,0.027674866458115677,9.819499999139225
fraud_subset_shift_v1,classical_cds,fraud,23,0.3545412474545193,2.4081000010482967
fraud_subset_shift_v1,quantum_angle,population,23,0.02162170309302358,12.035699999614735
fraud_subset_shift_v1,quantum_angle,fraud,23,0.0,9.25939999979164
fraud_subset_shift_v1,quantum_zz,population,23,0.02272066764815517,84.35939999981201
fraud_subset_shift_v1,quantum_zz,fraud,23,0.0,58.23159999999916
fraud_subset_shift_v1,quantum_reupload,population,23,0.02630834286070094,30.96430000005057
fraud_subset_shift_v1,quantum_reupload,fraud,23,0.0,22.56640000086918
fraud_subset_shift_v1,mmd_rbf,population,23,0.0014785678907542898,26.040099999590893
fraud_subset_shift_v1,mmd_rbf,fraud,23,0.054480356989872414,9.484899999733898
fraud_subset_shift_v1,domain_classifier,population,23,0.044288888888889044,19.818500000837957
fraud_subset_shift_v1,domain_classifier,fraud,23,0.27356060606060595,13.305399999808287
fraud_subset_shift_v1,classical_cds,population,24,0.02779902009385958,8.900799999537412
fraud_subset_shift_v1,classical_cds,fraud,24,0.13048648632077997,2.359299998715869
fraud_subset_shift_v1,quantum_angle,population,24,0.0,12.61779999913415
fraud_subset_shift_v1,quantum_angle,fraud,24,0.0,9.120099999563536
fraud_subset_shift_v1,quantum_zz,population,24,0.0,85.35750000010012
fraud_subset_shift_v1,quantum_zz,fraud,24,0.0,52.8465999996115
fraud_subset_shift_v1,quantum_reupload,population,24,0.0,29.922800000349525
fraud_subset_shift_v1,quantum_reupload,fraud,24,0.0,21.576299999651383
fraud_subset_shift_v1,mmd_rbf,population,24,0.0,25.703200000862125
fraud_subset_shift_v1,mmd_rbf,fraud,24,0.0,8.956499999840162
fraud_subset_shift_v1,domain_classifier,population,24,0.049177777777777765,19.165499999871827
fraud_subset_shift_v1,domain_classifier,fraud,24,0.026486486486486438,15.596899998854497
fraud_subset_shift_v1,classical_cds,population,25,0.027928659756691412,11.759699998947326
fraud_subset_shift_v1,classical_cds,fraud,25,0.22684243094561946,2.394500001173583
fraud_subset_shift_v1,quantum_angle,population,25,0.0,10.949400000754395
fraud_subset_shift_v1,quantum_angle,fraud,25,0.0,8.233299999119481
fraud_subset_shift_v1,quantum_zz,population,25,0.0,87.56890000040585
fraud_subset_shift_v1,quantum_zz,fraud,25,0.0,56.27620000086608
fraud_subset_shift_v1,quantum_reupload,population,25,0.0,31.12700000019686
fraud_subset_shift_v1,quantum_reupload,fraud,25,0.0,22.442699999373872
fraud_subset_shift_v1,mmd_rbf,population,25,0.0023413201421991214,26.23899999889545
fraud_subset_shift_v1,mmd_rbf,fraud,25,0.019862304701394606,9.494599999015918
fraud_subset_shift_v1,domain_classifier,population,25,0.0,18.50149999881978
fraud_subset_shift_v1,domain_classifier,fraud,25,0.01826086956521733,15.487599999687518
fraud_subset_shift_v1,classical_cds,population,26,0.02587517183148206,9.639699999752338
fraud_subset_shift_v1,classical_cds,fraud,26,0.34365096600854367,2.373200000874931
fraud_subset_shift_v1,quantum_angle,population,26,0.009286604285587585,11.748699998861412
fraud_subset_shift_v1,quantum_angle,fraud,26,0.0,8.163500000591739
fraud_subset_shift_v1,quantum_zz,population,26,0.0023179809272747542,84.01989999947546
fraud_subset_shift_v1,quantum_zz,fraud,26,0.0,53.190799999356386
fraud_subset_shift_v1,quantum_reupload,population,26,0.0,30.822799999441486
fraud_subset_shift_v1,quantum_reupload,fraud,26,0.0,26.63570000004256
fraud_subset_shift_v1,mmd_rbf,population,26,0.003929555647211869,28.929000000061933
fraud_subset_shift_v1,mmd_rbf,fraud,26,0.0,9.261100000003353
fraud_subset_shift_v1,domain_classifier,population,26,0.0,18.58360000005632
fraud_subset_shift_v1,domain_classifier,fraud,26,0.0,15.14850000057777
fraud_subset_shift_v1,classical_cds,population,27,0.025901350098142456,10.400900000604452
fraud_subset_shift_v1,classical_cds,fraud,27,0.2701809399788294,2.526399999624118
fraud_subset_shift_v1,quantum_angle,population,27,0.04682395597287614,11.767800000598072
fraud_subset_shift_v1,quantum_angle,fraud,27,0.11378942631319999,8.197600000130478
fraud_subset_shift_v1,quantum_zz,population,27,0.04071721792955951,86.02070000051754
fraud_subset_shift_v1,quantum_zz,fraud,27,0.12135505680935044,60.333299999911105
fraud_subset_shift_v1,quantum_reupload,population,27,0.05541880619999773,30.977300000813557
fraud_subset_shift_v1,quantum_reupload,fraud,27,0.12288260480421054,22.287699999651522
fraud_subset_shift_v1,mmd_rbf,population,27,0.0,26.170699999056524
fraud_subset_shift_v1,mmd_rbf,fraud,27,0.0031676817131667256,8.571999998821411
fraud_subset_shift_v1,domain_classifier,population,27,0.0,19.56129999962286
fraud_subset_shift_v1,domain_classifier,fraud,27,0.0,16.879500000868575
fraud_subset_shift_v1,classical_cds,population,28,0.031038858760013534,10.85849999981292
fraud_subset_shift_v1,classical_cds,fraud,28,0.1448461982707133,2.4207000005844748
fraud_subset_shift_v1,quantum_angle,population,28,0.04060627813527773,12.11200000034296
fraud_subset_shift_v1,quantum_angle,fraud,28,0.0,8.655600000565755
fraud_subset_shift_v1,quantum_zz,population,28,0.035786548992895906,88.0630999999994
fraud_subset_shift_v1,quantum_zz,fraud,28,0.0,54.090999999971245
fraud_subset_shift_v1,quantum_reupload,population,28,0.03925828558157696,28.908599999340368
fraud_subset_shift_v1,quantum_reupload,fraud,28,0.0,22.5957999991806
fraud_subset_shift_v1,mmd_rbf,population,28,0.007966097018925256,25.959099999454338
fraud_subset_shift_v1,mmd_rbf,fraud,28,0.0,8.772499999395222
fraud_subset_shift_v1,domain_classifier,population,28,0.05411111111111122,16.826700000819983
fraud_subset_shift_v1,domain_classifier,fraud,28,0.017606837606837678,15.360299999883864
fraud_subset_shift_v1,classical_cds,population,29,0.03003395950603474,9.367999999085441
fraud_subset_shift_v1,classical_cds,fraud,29,0.11972296398411186,2.411499999652733
fraud_subset_shift_v1,quantum_angle,population,29,0.014451436292234887,12.471399999412824
fraud_subset_shift_v1,quantum_angle,fraud,29,0.11382339180058743,8.813800001007621
fraud_subset_shift_v1,quantum_zz,population,29,0.00224758765204891,83.98429999942891
fraud_subset_shift_v1,quantum_zz,fraud,29,0.13859170711675173,56.26980000124604
fraud_subset_shift_v1,quantum_reupload,population,29,0.0012401822136646201,29.613400000016554
fraud_subset_shift_v1,quantum_reupload,fraud,29,0.08598062862989053,22.069700000429293
fraud_subset_shift_v1,mmd_rbf,population,29,0.0,24.839900001097703
fraud_subset_shift_v1,mmd_rbf,fraud,29,0.029192233022515612,10.402199999589357
fraud_subset_shift_v1,domain_classifier,population,29,0.0,19.72139999998035
fraud_subset_shift_v1,domain_classifier,fraud,29,0.050232558139534866,16.089099999589962
fraud_subset_shift_v1,classical_cds,population,30,0.02428220196014554,8.067000000664848
fraud_subset_shift_v1,classical_cds,fraud,30,0.3534035290656237,4.102500000954024
fraud_subset_shift_v1,quantum_angle,population,30,0.0,10.49330000023474
fraud_subset_shift_v1,quantum_angle,fraud,30,0.0,9.467199999562581
fraud_subset_shift_v1,quantum_zz,population,30,0.0,82.90760000090813
fraud_subset_shift_v1,quantum_zz,fraud,30,0.0,53.55589999999211
fraud_subset_shift_v1,quantum_reupload,population,30,0.0,29.838000000381726
fraud_subset_shift_v1,quantum_reupload,fraud,30,0.0,22.256099999140133
fraud_subset_shift_v1,mmd_rbf,population,30,0.0,25.69459999904211
fraud_subset_shift_v1,mmd_rbf,fraud,30,0.006325800731882714,8.2868999998027
fraud_subset_shift_v1,domain_classifier,population,30,0.023666666666666725,17.19000000048254
fraud_subset_shift_v1,domain_classifier,fraud,30,0.20315789473684198,15.086600000358885
fraud_subset_shift_v1,classical_cds,population,31,0.023245109757024908,9.782699999050237
fraud_subset_shift_v1,classical_cds,fraud,31,0.13724274632970013,2.4174999998649582
fraud_subset_shift_v1,quantum_angle,population,31,0.019083736107044946,11.860500000693719
fraud_subset_shift_v1,quantum_angle,fraud,31,0.0,8.193800000299234
fraud_subset_shift_v1,quantum_zz,population,31,0.021347799851826,84.70289999968372
fraud_subset_shift_v1,quantum_zz,fraud,31,0.0,57.330700001330115
fraud_subset_shift_v1,quantum_reupload,population,31,0.027110278494025142,28.381200001604157
fraud_subset_shift_v1,quantum_reupload,fraud,31,0.0,23.417099999278435
fraud_subset_shift_v1,mmd_rbf,population,31,0.0,25.132200000371085
fraud_subset_shift_v1,mmd_rbf,fraud,31,0.005187067956519353,9.709099998872261
fraud_subset_shift_v1,domain_classifier,population,31,0.0,16.56820000061998
fraud_subset_shift_v1,domain_classifier,fraud,31,0.0,14.821099999608123
fraud_subset_shift_v1,classical_cds,population,32,0.02283903794493737,7.757299999866518
fraud_subset_shift_v1,classical_cds,fraud,32,0.17428656497782663,2.357999999730964
fraud_subset_shift_v1,quantum_angle,population,32,0.021547105096930808,11.99570000062522
fraud_subset_shift_v1,quantum_angle,fraud,32,0.0,9.532199999739532
fraud_subset_shift_v1,quantum_zz,population,32,0.015487887068511008,83.73170000049868
fraud_subset_shift_v1,quantum_zz,fraud,32,0.0,54.287299999487004
fraud_subset_shift_v1,quantum_reupload,population,32,0.01381850616913849,29.151300001103664
fraud_subset_shift_v1,quantum_reupload,fraud,32,0.0,23.21030000166502
fraud_subset_shift_v1,mmd_rbf,population,32,0.0,26.01409999988391
fraud_subset_shift_v1,mmd_rbf,fraud,32,0.0,8.109200000035344
fraud_subset_shift_v1,domain_classifier,population,32,0.03664444444444448,18.052299999908428
fraud_subset_shift_v1,domain_classifier,fraud,32,0.0,13.926300000093761
fraud_subset_shift_v1,classical_cds,population,33,0.027842713938652015,10.157599999729428
fraud_subset_shift_v1,classical_cds,fraud,33,0.14972519779295274,2.444600000671926
fraud_subset_shift_v1,quantum_angle,population,33,0.04009205571651542,11.591099999350263
fraud_subset_shift_v1,quantum_angle,fraud,33,0.0,8.737399999517947
fraud_subset_shift_v1,quantum_zz,population,33,0.03502090382634149,85.5706000002101
fraud_subset_shift_v1,quantum_zz,fraud,33,0.0,54.31500000122469
fraud_subset_shift_v1,quantum_reupload,population,33,0.047394625884745634,29.288699999597156
fraud_subset_shift_v1,quantum_reupload,fraud,33,0.0,32.04820000064501
fraud_subset_shift_v1,mmd_rbf,population,33,0.0,27.123199999550707
fraud_subset_shift_v1,mmd_rbf,fraud,33,0.0,9.514299999864306
fraud_subset_shift_v1,domain_classifier,population,33,0.004066666666666663,22.43339999949967
fraud_subset_shift_v1,domain_classifier,fraud,33,0.10853658536585353,15.151999999943655
fraud_subset_shift_v1,classical_cds,population,34,0.025114945110505098,8.212000000639819
fraud_subset_shift_v1,classical_cds,fraud,34,0.19454511894021342,2.378699999098899
fraud_subset_shift_v1,quantum_angle,population,34,0.0,12.246600001162733
fraud_subset_shift_v1,quantum_angle,fraud,34,0.1316227520101032,9.37549999980547
fraud_subset_shift_v1,quantum_zz,population,34,0.0,80.36150000043563
fraud_subset_shift_v1,quantum_zz,fraud,34,0.15389214937164097,55.143800000223564
fraud_subset_shift_v1,quantum_reupload,population,34,0.0,28.64620000036666
fraud_subset_shift_v1,quantum_reupload,fraud,34,0.14035977527156362,23.230300001159776
fraud_subset_shift_v1,mmd_rbf,population,34,0.0,24.87490000021353
fraud_subset_shift_v1,mmd_rbf,fraud,34,0.0,9.09719999981462
fraud_subset_shift_v1,domain_classifier,population,34,0.00535555555555578,16.092600000774837
fraud_subset_shift_v1,domain_classifier,fraud,34,0.14270833333333321,15.016399998785346
fraud_subset_shift_v1,classical_cds,population,35,0.019894697041199512,7.595999999466585
fraud_subset_shift_v1,classical_cds,fraud,35,0.23989631883629262,2.342700001463527
fraud_subset_shift_v1,quantum_angle,population,35,0.03893496452204903,11.848699999973178
fraud_subset_shift_v1,quantum_angle,fraud,35,0.07496088302316883,9.250999999494525
fraud_subset_shift_v1,quantum_zz,population,35,0.021505283629824068,83.13269999962358
fraud_subset_shift_v1,quantum_zz,fraud,35,0.0538253256857415,53.73229999895557
fraud_subset_shift_v1,quantum_reupload,population,35,0.023487747653738733,29.0605999998661
fraud_subset_shift_v1,quantum_reupload,fraud,35,0.024218716370117632,21.807600000101957
fraud_subset_shift_v1,mmd_rbf,population,35,0.0,25.471500001003733
fraud_subset_shift_v1,mmd_rbf,fraud,35,0.0,9.923499999786145
fraud_subset_shift_v1,domain_classifier,population,35,0.0,18.653699999049422
fraud_subset_shift_v1,domain_classifier,fraud,35,0.0,14.942199999495642
fraud_subset_shift_v1,classical_cds,population,36,0.025811440189075108,10.46170000154234
fraud_subset_shift_v1,classical_cds,fraud,36,0.13173212353791286,2.3738999989291187
fraud_subset_shift_v1,quantum_angle,population,36,0.0,11.207300000023679
fraud_subset_shift_v1,quantum_angle,fraud,36,0.059536901146934884,8.918700001231628
fraud_subset_shift_v1,quantum_zz,population,36,0.0,83.9429999996355
fraud_subset_shift_v1,quantum_zz,fraud,36,0.036120568862641145,52.99150000064401
fraud_subset_shift_v1,quantum_reupload,population,36,0.0,29.37489999931131
fraud_subset_shift_v1,quantum_reupload,fraud,36,0.06353868228520354,22.31710000160092
fraud_subset_shift_v1,mmd_rbf,population,36,0.0,25.570899999365793
fraud_subset_shift_v1,mmd_rbf,fraud,36,0.0,8.132100001603249
fraud_subset_shift_v1,domain_classifier,population,36,0.0,22.11889999853156
fraud_subset_shift_v1,domain_classifier,fraud,36,0.0,15.992100001312792
fraud_subset_shift_v1,classical_cds,population,37,0.025974933775520792,8.334100000865874
fraud_subset_shift_v1,classical_cds,fraud,37,0.15801641898507426,2.328700000362005
fraud_subset_shift_v1,quantum_angle,population,37,0.0,12.253299999429146
fraud_subset_shift_v1,quantum_angle,fraud,37,0.08859702436644534,9.914399999615853
fraud_subset_shift_v1,quantum_zz,population,37,0.0,82.00319999923522
fraud_subset_shift_v1,quantum_zz,fraud,37,0.11608873323651658,52.61849999988044
fraud_subset_shift_v1,quantum_reupload,population,37,0.0,29.045200000837212
fraud_subset_shift_v1,quantum_reupload,fraud,37,0.10605214311481626,22.851099998661084
fraud_subset_shift_v1,mmd_rbf,population,37,0.0,25.991599999542814
fraud_subset_shift_v1,mmd_rbf,fraud,37,0.0,9.469299999182113
fraud_subset_shift_v1,domain_classifier,population,37,0.1073777777777778,17.68679999986489
fraud_subset_shift_v1,domain_classifier,fraud,37,0.0,15.27410000016971
fraud_subset_shift_v1,classical_cds,population,38,0.02014694423714751,9.57370000105584
fraud_subset_shift_v1,classical_cds,fraud,38,0.3604245567999586,2.7289999998174608
fraud_subset_shift_v1,quantum_angle,population,38,0.011188931244434874,10.699799999201787
fraud_subset_shift_v1,quantum_angle,fraud,38,0.0,9.356999998999527
fraud_subset_shift_v1,quantum_zz,population,38,0.0027742083215755997,83.40639999914856
fraud_subset_shift_v1,quantum_zz,fraud,38,0.0,54.08229999920877
fraud_subset_shift_v1,quantum_reupload,population,38,0.004834379265633459,29.625700000906363
fraud_subset_shift_v1,quantum_reupload,fraud,38,0.0,22.15489999980491
fraud_subset_shift_v1,mmd_rbf,population,38,0.004058468267595261,27.108799999041366
fraud_subset_shift_v1,mmd_rbf,fraud,38,0.0028655761741824826,8.271099999547005
fraud_subset_shift_v1,domain_classifier,population,38,0.0269555555555554,21.406500000011874
fraud_subset_shift_v1,domain_classifier,fraud,38,0.05484126984126969,17.0429999998305
fraud_subset_shift_v1,classical_cds,population,39,0.028705940610593797,8.70510000095237
fraud_subset_shift_v1,classical_cds,fraud,39,0.10679362379789013,2.9130000002624
fraud_subset_shift_v1,quantum_angle,population,39,0.05286300666414956,11.59400000142341
fraud_subset_shift_v1,quantum_angle,fraud,39,0.015750041602564102,9.230600000591949
fraud_subset_shift_v1,quantum_zz,population,39,0.046002729308798784,82.5873000012507
fraud_subset_shift_v1,quantum_zz,fraud,39,0.01756751107650867,55.88340000031167
fraud_subset_shift_v1,quantum_reupload,population,39,0.062477333635933996,30.02089999972668
fraud_subset_shift_v1,quantum_reupload,fraud,39,0.0,22.47449999958917
fraud_subset_shift_v1,mmd_rbf,population,39,0.003807623803554261,25.572299999112147
fraud_subset_shift_v1,mmd_rbf,fraud,39,0.0,8.40750000133994
fraud_subset_shift_v1,domain_classifier,population,39,0.06479999999999997,17.24379999905068
fraud_subset_shift_v1,domain_classifier,fraud,39,0.043636363636363695,14.772700000321493
fraud_subset_shift_v1,classical_cds,population,40,0.03387644195778599,10.45200000044133
fraud_subset_shift_v1,classical_cds,fraud,40,0.18387410942472046,2.4651000003359513
fraud_subset_shift_v1,quantum_angle,population,40,0.0,11.847400000988273
fraud_subset_shift_v1,quantum_angle,fraud,40,0.0,8.311800000228686
fraud_subset_shift_v1,quantum_zz,population,40,0.0,84.13210000071558
fraud_subset_shift_v1,quantum_zz,fraud,40,0.0,57.02390000078594
fraud_subset_shift_v1,quantum_reupload,population,40,0.0,29.1402000002563
fraud_subset_shift_v1,quantum_reupload,fraud,40,0.0,23.84359999996377
fraud_subset_shift_v1,mmd_rbf,population,40,0.009673065872185305,32.20850000070641
fraud_subset_shift_v1,mmd_rbf,fraud,40,0.028688620254735397,9.246700001313002
fraud_subset_shift_v1,domain_classifier,population,40,0.0,23.949399999764864
fraud_subset_shift_v1,domain_classifier,fraud,40,0.1973809523809522,18.12930000050983
fraud_subset_shift_v1,classical_cds,population,41,0.02109191947479468,8.819500000754488
fraud_subset_shift_v1,classical_cds,fraud,41,0.11209137085593153,3.8004999987606425
fraud_subset_shift_v1,quantum_angle,population,41,0.04990337720859417,10.898299999098526
fraud_subset_shift_v1,quantum_angle,fraud,41,0.0,12.185300000055577
fraud_subset_shift_v1,quantum_zz,population,41,0.03255801615979459,86.65560000008554
fraud_subset_shift_v1,quantum_zz,fraud,41,0.0,56.416999999783
fraud_subset_shift_v1,quantum_reupload,population,41,0.0448939172735473,29.753099999652477
fraud_subset_shift_v1,quantum_reupload,fraud,41,0.0018740301889889066,24.933800001235795
fraud_subset_shift_v1,mmd_rbf,population,41,0.0029435797812591424,28.545600000143168
fraud_subset_shift_v1,mmd_rbf,fraud,41,0.0,9.104700000534649
fraud_subset_shift_v1,domain_classifier,population,41,0.0014222222222222136,19.768899999689893
fraud_subset_shift_v1,domain_classifier,fraud,41,0.0,15.718799999376643
fraud_subset_shift_v1,classical_cds,population,42,0.02203786206185271,9.430000000065775
fraud_subset_shift_v1,classical_cds,fraud,42,0.270107821515847,2.4439999997412087
fraud_subset_shift_v1,quantum_angle,population,42,0.016216203366067883,12.55229999878793
fraud_subset_shift_v1,quantum_angle,fraud,42,0.0,9.246100000382285
fraud_subset_shift_v1,quantum_zz,population,42,0.011369808135204162,93.83499999967171
fraud_subset_shift_v1,quantum_zz,fraud,42,0.0,57.367199999134755
fraud_subset_shift_v1,quantum_reupload,population,42,0.01595270218545386,32.811799999763025
fraud_subset_shift_v1,quantum_reupload,fraud,42,0.0,24.266700000225683
fraud_subset_shift_v1,mmd_rbf,population,42,0.0,25.947000000087428
fraud_subset_shift_v1,mmd_rbf,fraud,42,0.007234430278485471,10.003100000176346
fraud_subset_shift_v1,domain_classifier,population,42,0.0,17.547800000102143
fraud_subset_shift_v1,domain_classifier,fraud,42,0.0,14.300900000307593
fraud_subset_shift_v1,classical_cds,population,43,0.025543280924614897,8.254700000179582
fraud_subset_shift_v1,classical_cds,fraud,43,0.1111245848994652,3.9514999989478383
fraud_subset_shift_v1,quantum_angle,population,43,0.02280141790354373,10.409099999378668
fraud_subset_shift_v1,quantum_angle,fraud,43,0.0,10.083499999382184
fraud_subset_shift_v1,quantum_zz,population,43,0.020378569606862795,84.72830000027898
fraud_subset_shift_v1,quantum_zz,fraud,43,0.0,56.01840000053926
fraud_subset_shift_v1,quantum_reupload,population,43,0.022566091734463667,29.922100000476348
fraud_subset_shift_v1,quantum_reupload,fraud,43,0.0,24.402099999861093
fraud_subset_shift_v1,mmd_rbf,population,43,0.0,26.735900000858237
fraud_subset_shift_v1,mmd_rbf,fraud,43,0.0,10.414700000183075
fraud_subset_shift_v1,domain_classifier,population,43,0.0,19.42630000121426
fraud_subset_shift_v1,domain_classifier,fraud,43,0.0,14.489099999991595
fraud_subset_shift_v1,classical_cds,population,44,0.026031778544873443,9.722400000100606
fraud_subset_shift_v1,classical_cds,fraud,44,0.21729340613138753,3.420400000322843
fraud_subset_shift_v1,quantum_angle,population,44,0.0,11.084699999628356
fraud_subset_shift_v1,quantum_angle,fraud,44,0.0,10.518600000068545
fraud_subset_shift_v1,quantum_zz,population,44,0.0,110.2019999998447
fraud_subset_shift_v1,quantum_zz,fraud,44,0.0,63.11909999931231
fraud_subset_shift_v1,quantum_reupload,population,44,0.0,33.14250000039465
fraud_subset_shift_v1,quantum_reupload,fraud,44,0.0,24.98329999980342
fraud_subset_shift_v1,mmd_rbf,population,44,0.006801448699226054,25.32930000052147
fraud_subset_shift_v1,mmd_rbf,fraud,44,0.0,10.545600000114064
fraud_subset_shift_v1,domain_classifier,population,44,0.08515555555555565,20.14190000045346
fraud_subset_shift_v1,domain_classifier,fraud,44,0.05276422764227662,15.19410000037169
fraud_subset_shift_v1,classical_cds,population,45,0.029538819875436016,10.833899999852292
fraud_subset_shift_v1,classical_cds,fraud,45,0.3364764440558235,2.606000000014319
fraud_subset_shift_v1,quantum_angle,population,45,0.004048070921860436,11.553799999092007
fraud_subset_shift_v1,quantum_angle,fraud,45,0.0,9.676300000137417
fraud_subset_shift_v1,quantum_zz,population,45,0.008086742545596493,84.19020000110322
fraud_subset_shift_v1,quantum_zz,fraud,45,0.0,58.02570000014384
fraud_subset_shift_v1,quantum_reupload,population,45,0.007970008537827256,30.7226000004448
fraud_subset_shift_v1,quantum_reupload,fraud,45,0.0,22.540799998751027
fraud_subset_shift_v1,mmd_rbf,population,45,1.6010919180242666e-05,26.8008999992162
fraud_subset_shift_v1,mmd_rbf,fraud,45,0.03969454190464994,8.081800000582007
fraud_subset_shift_v1,domain_classifier,population,45,0.0,19.96030000009341
fraud_subset_shift_v1,domain_classifier,fraud,45,0.20771929824561397,15.231800000037765
fraud_subset_shift_v1,classical_cds,population,46,0.02809388333702722,9.439900000870693
fraud_subset_shift_v1,classical_cds,fraud,46,0.11282288271888376,2.4247000001196284
fraud_subset_shift_v1,quantum_angle,population,46,0.021445130494789688,12.815699999919161
fraud_subset_shift_v1,quantum_angle,fraud,46,0.11034450475486546,9.028700000271783
fraud_subset_shift_v1,quantum_zz,population,46,0.004285516005711698,86.27990000059071
fraud_subset_shift_v1,quantum_zz,fraud,46,0.09774322208859176,59.6239999995305
fraud_subset_shift_v1,quantum_reupload,population,46,0.008419965861917844,30.13439999995171
fraud_subset_shift_v1,quantum_reupload,fraud,46,0.09897532522384234,23.660600001676357
fraud_subset_shift_v1,mmd_rbf,population,46,0.0,27.48810000048252
fraud_subset_shift_v1,mmd_rbf,fraud,46,0.0,9.127600000283564
fraud_subset_shift_v1,domain_classifier,population,46,0.0,21.972900000037043
fraud_subset_shift_v1,domain_classifier,fraud,46,0.0,16.753500000049826
fraud_subset_shift_v1,classical_cds,population,47,0.02889064747752139,9.130399999776273
fraud_subset_shift_v1,classical_cds,fraud,47,0.16661325656081727,3.8944000007177237
fraud_subset_shift_v1,quantum_angle,population,47,0.0,11.59390000066196
fraud_subset_shift_v1,quantum_angle,fraud,47,0.0,10.155500000109896
fraud_subset_shift_v1,quantum_zz,population,47,0.0,84.5859000000928
fraud_subset_shift_v1,quantum_zz,fraud,47,0.0,67.62929999968037
fraud_subset_shift_v1,quantum_reupload,population,47,0.0,33.80290000131936
fraud_subset_shift_v1,quantum_reupload,fraud,47,0.0,23.13019999928656
fraud_subset_shift_v1,mmd_rbf,population,47,0.007856822304517452,26.45730000040203
fraud_subset_shift_v1,mmd_rbf,fraud,47,0.0056819661166411795,10.051799999928335
fraud_subset_shift_v1,domain_classifier,population,47,0.020577777777777806,19.0416000004916
fraud_subset_shift_v1,domain_classifier,fraud,47,0.0,13.395800000580493
fraud_subset_shift_v1,classical_cds,population,48,0.029630732560628308,10.683200000130455
fraud_subset_shift_v1,classical_cds,fraud,48,0.1533237521535958,2.4123000002873596
fraud_subset_shift_v1,quantum_angle,population,48,0.0,12.070800001311
fraud_subset_shift_v1,quantum_angle,fraud,48,0.0,9.936599999491591
fraud_subset_shift_v1,quantum_zz,population,48,0.0,87.57629999854544
fraud_subset_shift_v1,quantum_zz,fraud,48,0.0,54.313999999067164
fraud_subset_shift_v1,quantum_reupload,population,48,0.0,31.27189999941038
fraud_subset_shift_v1,quantum_reupload,fraud,48,0.0,24.55980000013369
fraud_subset_shift_v1,mmd_rbf,population,48,0.004362304104085668,25.862599999527447
fraud_subset_shift_v1,mmd_rbf,fraud,48,0.028208733878403836,9.87619999978051
fraud_subset_shift_v1,domain_classifier,population,48,0.0,18.53330000085407
fraud_subset_shift_v1,domain_classifier,fraud,48,0.1788235294117646,16.814500000691623
fraud_subset_shift_v1,classical_cds,population,49,0.030747778571021726,10.97970000046189
fraud_subset_shift_v1,classical_cds,fraud,49,0.3471821568444641,4.2358999999123625
fraud_subset_shift_v1,quantum_angle,population,49,0.0024423806123198277,13.431400000627036
fraud_subset_shift_v1,quantum_angle,fraud,49,0.0,10.373900000558933
fraud_subset_shift_v1,quantum_zz,population,49,0.003311053785013285,90.40420000019367
fraud_subset_shift_v1,quantum_zz,fraud,49,0.0,56.565900000350666
fraud_subset_shift_v1,quantum_reupload,population,49,0.0,33.01069999906758
fraud_subset_shift_v1,quantum_reupload,fraud,49,0.0,23.457999999664025
fraud_subset_shift_v1,mmd_rbf,population,49,0.0,26.591199999529636
fraud_subset_shift_v1,mmd_rbf,fraud,49,0.0,10.615900000630063
fraud_subset_shift_v1,domain_classifier,population,49,0.030822222222222306,18.87669999996433
fraud_subset_shift_v1,domain_classifier,fraud,49,0.0901587301587301,15.815500000826432
fraud_subset_shift_v1,classical_cds,population,50,0.03766433302651902,10.027399999671616
fraud_subset_shift_v1,classical_cds,fraud,50,,
fraud_subset_shift_v1,quantum_angle,population,50,0.036321689101745935,13.058800001090276
fraud_subset_shift_v1,quantum_angle,fraud,50,,
fraud_subset_shift_v1,quantum_zz,population,50,0.029440967379089966,175.33840000032797
fraud_subset_shift_v1,quantum_zz,fraud,50,,
fraud_subset_shift_v1,quantum_reupload,population,50,0.034787407479551447,36.66760000123759
fraud_subset_shift_v1,quantum_reupload,fraud,50,,
fraud_subset_shift_v1,mmd_rbf,population,50,0.0,59.387200000855955
fraud_subset_shift_v1,mmd_rbf,fraud,50,,
fraud_subset_shift_v1,domain_classifier,population,50,0.044333333333333336,42.939799999658135
fraud_subset_shift_v1,domain_classifier,fraud,50,,
fraud_subset_shift_v1,classical_cds,population,51,0.06044688229936077,37.4759999995149
fraud_subset_shift_v1,classical_cds,fraud,51,0.6273158845707593,3.9319999996223487
fraud_subset_shift_v1,quantum_angle,population,51,0.06743854754310608,11.97890000003099
fraud_subset_shift_v1,quantum_angle,fraud,51,0.9999220700332405,19.46959999986575
fraud_subset_shift_v1,quantum_zz,population,51,0.054893430474319715,171.48339999948803
fraud_subset_shift_v1,quantum_zz,fraud,51,0.8679629202759622,70.74119999924733
fraud_subset_shift_v1,quantum_reupload,population,51,0.06105137125314786,51.9603000011557
fraud_subset_shift_v1,quantum_reupload,fraud,51,0.9520667990285104,47.33140000098501
fraud_subset_shift_v1,mmd_rbf,population,51,0.004393812179910528,44.08780000085244
fraud_subset_shift_v1,mmd_rbf,fraud,51,1.0,24.51929999915592
fraud_subset_shift_v1,domain_classifier,population,51,0.08584444444444461,41.07250000015483
fraud_subset_shift_v1,domain_classifier,fraud,51,0.9796825396825397,41.82629999922938
fraud_subset_shift_v1,classical_cds,population,52,0.05139107836687869,29.69190000112576
fraud_subset_shift_v1,classical_cds,fraud,52,0.6076487500132353,7.818099998985417
fraud_subset_shift_v1,quantum_angle,population,52,0.06644916639857157,26.605600000038976
fraud_subset_shift_v1,quantum_angle,fraud,52,0.9999170721047665,19.608499998867046
fraud_subset_shift_v1,quantum_zz,population,52,0.054029039618563424,123.89810000058787
fraud_subset_shift_v1,quantum_zz,fraud,52,0.873458522557438,132.73409999965224
fraud_subset_shift_v1,quantum_reupload,population,52,0.05692495134296627,66.62219999998342
fraud_subset_shift_v1,quantum_reupload,fraud,52,0.957304543103864,50.06930000126886
fraud_subset_shift_v1,mmd_rbf,population,52,0.005276691586561855,53.28949999966426
fraud_subset_shift_v1,mmd_rbf,fraud,52,1.0,20.63810000072408
fraud_subset_shift_v1,domain_classifier,population,52,0.08344444444444443,48.16410000057658
fraud_subset_shift_v1,domain_classifier,fraud,52,0.9796747967479675,22.12400000098569
fraud_subset_shift_v1,classical_cds,population,53,0.04806479632843451,18.41460000105144
fraud_subset_shift_v1,classical_cds,fraud,53,0.6049008896697089,5.991099998936988
fraud_subset_shift_v1,quantum_angle,population,53,0.10831193669818295,18.911299999672337
fraud_subset_shift_v1,quantum_angle,fraud,53,0.9999243934688581,9.92200000109733
fraud_subset_shift_v1,quantum_zz,population,53,0.08892841676417229,98.96659999867552
fraud_subset_shift_v1,quantum_zz,fraud,53,0.8671690155039955,81.77170000089973
fraud_subset_shift_v1,quantum_reupload,population,53,0.10510100335704364,36.64129999924626
fraud_subset_shift_v1,quantum_reupload,fraud,53,0.952785657889233,36.42779999972845
fraud_subset_shift_v1,mmd_rbf,population,53,0.003488186365601109,68.49479999982577
fraud_subset_shift_v1,mmd_rbf,fraud,53,1.0,38.48099999959231
fraud_subset_shift_v1,domain_classifier,population,53,0.06942222222222227,71.97989999986021
fraud_subset_shift_v1,domain_classifier,fraud,53,0.9264864864864866,43.183899999348796
fraud_subset_shift_v1,classical_cds,population,54,0.043592388886540004,14.668300000266754
fraud_subset_shift_v1,classical_cds,fraud,54,0.6134042765883636,2.873000001272885
fraud_subset_shift_v1,quantum_angle,population,54,0.024062777211208197,13.80559999961406
fraud_subset_shift_v1,quantum_angle,fraud,54,0.9999197565891325,10.671500000171363
fraud_subset_shift_v1,quantum_zz,population,54,0.01621326694367764,103.47539999929722
fraud_subset_shift_v1,quantum_zz,fraud,54,0.8606283611710457,65.06009999975504
fraud_subset_shift_v1,quantum_reupload,population,54,0.01808919217143745,33.11220000068715
fraud_subset_shift_v1,quantum_reupload,fraud,54,0.9579886538477246,29.071900000417372
fraud_subset_shift_v1,mmd_rbf,population,54,0.0,29.31659999921976
fraud_subset_shift_v1,mmd_rbf,fraud,54,1.0,9.96609999856446
fraud_subset_shift_v1,domain_classifier,population,54,0.06059999999999999,28.908899999805726
fraud_subset_shift_v1,domain_classifier,fraud,54,0.9790990990990991,27.9422000003251
fraud_subset_shift_v1,classical_cds,population,55,0.03636742311398783,14.170500000545871
fraud_subset_shift_v1,classical_cds,fraud,55,0.6193719273376932,3.334799999720417
fraud_subset_shift_v1,quantum_angle,population,55,0.027202864707731478,14.018899999427958
fraud_subset_shift_v1,quantum_angle,fraud,55,0.9999076147922399,10.9770999988541
fraud_subset_shift_v1,quantum_zz,population,55,0.013110309963454192,99.36700000071141
fraud_subset_shift_v1,quantum_zz,fraud,55,0.8575239277120917,79.30130000022473
fraud_subset_shift_v1,quantum_reupload,population,55,0.024919031068980302,43.00340000008873
fraud_subset_shift_v1,quantum_reupload,fraud,55,0.9498009576448442,27.414399999543093
fraud_subset_shift_v1,mmd_rbf,population,55,0.0,33.992200000284356
fraud_subset_shift_v1,mmd_rbf,fraud,55,1.0,10.433900000862195
fraud_subset_shift_v1,domain_classifier,population,55,0.10462222222222217,30.160000000250875
fraud_subset_shift_v1,domain_classifier,fraud,55,0.9804301075268818,28.335299999525887
fraud_subset_shift_v1,classical_cds,population,56,0.04340585657913863,18.650300000444986
fraud_subset_shift_v1,classical_cds,fraud,56,0.6031753531839615,6.129999999757274
fraud_subset_shift_v1,quantum_angle,population,56,0.015682457128486704,15.025700000478537
fraud_subset_shift_v1,quantum_angle,fraud,56,0.9999105698906765,13.814399999318994
fraud_subset_shift_v1,quantum_zz,population,56,0.002111279123520271,169.9101000012888
fraud_subset_shift_v1,quantum_zz,fraud,56,0.864787445167996,95.77899999931105
fraud_subset_shift_v1,quantum_reupload,population,56,0.0,44.108399999458925
fraud_subset_shift_v1,quantum_reupload,fraud,56,0.9527879869612284,27.438099999926635
fraud_subset_shift_v1,mmd_rbf,population,56,0.0011385419816967168,28.507400000307825
fraud_subset_shift_v1,mmd_rbf,fraud,56,1.0,10.150099999009399
fraud_subset_shift_v1,domain_classifier,population,56,0.03853333333333331,21.98090000092634
fraud_subset_shift_v1,domain_classifier,fraud,56,0.9795348837209303,24.4896999993216
fraud_subset_shift_v1,classical_cds,population,57,0.04642281878545048,16.283900000416907
fraud_subset_shift_v1,classical_cds,fraud,57,0.6299293536058354,4.25580000046466
fraud_subset_shift_v1,quantum_angle,population,57,0.05970049175556713,20.25790000152483
fraud_subset_shift_v1,quantum_angle,fraud,57,0.9999281965169099,12.168100000053528
fraud_subset_shift_v1,quantum_zz,population,57,0.04552125852331912,116.32939999981318
fraud_subset_shift_v1,quantum_zz,fraud,57,0.7906090154931571,73.36440000108269
fraud_subset_shift_v1,quantum_reupload,population,57,0.05655540862861985,29.59499999997206
fraud_subset_shift_v1,quantum_reupload,fraud,57,0.9635540376281558,23.394400001052418
fraud_subset_shift_v1,mmd_rbf,population,57,0.0037975821173008573,25.1698000010947
fraud_subset_shift_v1,mmd_rbf,fraud,57,1.0,9.481600000071921
fraud_subset_shift_v1,domain_classifier,population,57,0.09482222222222214,20.329799999672105
fraud_subset_shift_v1,domain_classifier,fraud,57,0.9236036036036035,16.775299998698756
fraud_subset_shift_v1,classical_cds,population,58,0.03996881325629737,12.459400000807364
fraud_subset_shift_v1,classical_cds,fraud,58,0.6061393613648609,2.7661000003718073
fraud_subset_shift_v1,quantum_angle,population,58,0.09330647581052298,12.16260000001057
fraud_subset_shift_v1,quantum_angle,fraud,58,0.9999167810205241,10.777999999845633
fraud_subset_shift_v1,quantum_zz,population,58,0.06906160407473849,91.08479999849806
fraud_subset_shift_v1,quantum_zz,fraud,58,0.8547182358786317,63.82619999931194
fraud_subset_shift_v1,quantum_reupload,population,58,0.08782842800162916,33.169800000905525
fraud_subset_shift_v1,quantum_reupload,fraud,58,0.9519534874225357,28.574899999512127
fraud_subset_shift_v1,mmd_rbf,population,58,0.008806629804128718,27.812300000732648
fraud_subset_shift_v1,mmd_rbf,fraud,58,1.0,10.521199999857345
fraud_subset_shift_v1,domain_classifier,population,58,0.06337777777777776,24.915199999668403
fraud_subset_shift_v1,domain_classifier,fraud,58,0.9794074074074075,21.006400000260328
fraud_subset_shift_v1,classical_cds,population,59,0.04942699971841295,17.678199999863864
fraud_subset_shift_v1,classical_cds,fraud,59,0.6209769169094531,9.342800000013085
fraud_subset_shift_v1,quantum_angle,population,59,0.06239428442282935,38.96089999943797
fraud_subset_shift_v1,quantum_angle,fraud,59,0.9999085399209315,35.38260000095761
fraud_subset_shift_v1,quantum_zz,population,59,0.03822488500590626,183.27099999987695
fraud_subset_shift_v1,quantum_zz,fraud,59,0.8647935476126238,80.03009999993083
fraud_subset_shift_v1,quantum_reupload,population,59,0.05193818654343607,59.54109999947832
fraud_subset_shift_v1,quantum_reupload,fraud,59,0.9576562757841263,30.256500000177766
fraud_subset_shift_v1,mmd_rbf,population,59,0.008314901491459858,31.78190000107861
fraud_subset_shift_v1,mmd_rbf,fraud,59,1.0,11.232700000618934
fraud_subset_shift_v1,domain_classifier,population,59,0.12333333333333352,29.00460000091698
fraud_subset_shift_v1,domain_classifier,fraud,59,0.8870370370370371,24.849499999618274
fraud_subset_shift_v1,classical_cds,population,60,0.04261685112845603,16.860300000189454
fraud_subset_shift_v1,classical_cds,fraud,60,0.624574997392921,4.124100001718034
fraud_subset_shift_v1,quantum_angle,population,60,0.04687277397600187,15.877200001341407
fraud_subset_shift_v1,quantum_angle,fraud,60,0.9999254871608909,12.979400000403984
fraud_subset_shift_v1,quantum_zz,population,60,0.03014134963401205,125.50550000014482
fraud_subset_shift_v1,quantum_zz,fraud,60,0.8605800496632653,82.86680000128399
fraud_subset_shift_v1,quantum_reupload,population,60,0.03807663820996332,42.22719999961555
fraud_subset_shift_v1,quantum_reupload,fraud,60,0.9453330322931132,26.80760000112059
fraud_subset_shift_v1,mmd_rbf,population,60,0.007591420370556268,30.366400000275462
fraud_subset_shift_v1,mmd_rbf,fraud,60,1.0,9.59079999847745
fraud_subset_shift_v1,domain_classifier,population,60,0.08131111111111111,32.34159999919939
fraud_subset_shift_v1,domain_classifier,fraud,60,0.9226262626262625,19.62880000064615
fraud_subset_shift_v1,classical_cds,population,61,0.050753151964286605,15.048499999466003
fraud_subset_shift_v1,classical_cds,fraud,61,0.612843568430971,3.9914999997563427
fraud_subset_shift_v1,quantum_angle,population,61,0.05725739502819294,13.222800000221469
fraud_subset_shift_v1,quantum_angle,fraud,61,0.9999130304364311,12.656999999308027
fraud_subset_shift_v1,quantum_zz,population,61,0.048431822146318027,126.42820000110078
fraud_subset_shift_v1,quantum_zz,fraud,61,0.8508740056333568,91.88339999855089
fraud_subset_shift_v1,quantum_reupload,population,61,0.050791066954228636,57.689199999003904
fraud_subset_shift_v1,quantum_reupload,fraud,61,0.9573345685522172,48.98769999999786
fraud_subset_shift_v1,mmd_rbf,population,61,0.003563153681191533,29.738799999904586
fraud_subset_shift_v1,mmd_rbf,fraud,61,1.0,10.253100001136772
fraud_subset_shift_v1,domain_classifier,population,61,0.08086666666666664,33.165200000439654
fraud_subset_shift_v1,domain_classifier,fraud,61,0.9794074074074075,37.740199999461765
fraud_subset_shift_v1,classical_cds,population,62,0.04929074327108847,32.65289999944798
fraud_subset_shift_v1,classical_cds,fraud,62,0.6118992899358583,4.476799998883507
fraud_subset_shift_v1,quantum_angle,population,62,0.08206187019573885,20.264200000383426
fraud_subset_shift_v1,quantum_angle,fraud,62,0.9999110753957838,19.443799999862676
fraud_subset_shift_v1,quantum_zz,population,62,0.07288267808961557,124.5467999997345
fraud_subset_shift_v1,quantum_zz,fraud,62,0.8592719396719759,428.11230000006617
fraud_subset_shift_v1,quantum_reupload,population,62,0.08813800356271528,167.62960000050953
fraud_subset_shift_v1,quantum_reupload,fraud,62,0.9540917484729282,85.72439999989001
fraud_subset_shift_v1,mmd_rbf,population,62,0.0043571801477777505,71.56899999972666
fraud_subset_shift_v1,mmd_rbf,fraud,62,1.0,23.50309999928868
fraud_subset_shift_v1,domain_classifier,population,62,0.11277777777777809,72.96130000031553
fraud_subset_shift_v1,domain_classifier,fraud,62,0.9776068376068376,51.83650000071793
fraud_subset_shift_v1,classical_cds,population,63,0.04058532163863306,24.503300001015305
fraud_subset_shift_v1,classical_cds,fraud,63,0.6279935226294081,5.967499999314896
fraud_subset_shift_v1,quantum_angle,population,63,0.046471514166200545,17.386899999110028
fraud_subset_shift_v1,quantum_angle,fraud,63,0.9999159080573918,20.014199999423
fraud_subset_shift_v1,quantum_zz,population,63,0.03591221062505523,223.83090000039374
fraud_subset_shift_v1,quantum_zz,fraud,63,0.8542995910094731,157.39050000047428
fraud_subset_shift_v1,quantum_reupload,population,63,0.034119927876869904,83.49120000093535
fraud_subset_shift_v1,quantum_reupload,fraud,63,0.951111233460763,51.90349999975297
fraud_subset_shift_v1,mmd_rbf,population,63,0.0002517912285546764,64.55359999927168
fraud_subset_shift_v1,mmd_rbf,fraud,63,1.0,23.234800000864198
fraud_subset_shift_v1,domain_classifier,population,63,0.0,50.91580000043905
fraud_subset_shift_v1,domain_classifier,fraud,63,0.9793495934959351,46.52349999923899
fraud_subset_shift_v1,classical_cds,population,64,0.04952792843248004,31.591800001478987
fraud_subset_shift_v1,classical_cds,fraud,64,0.6222947372051509,7.459999998900457
fraud_subset_shift_v1,quantum_angle,population,64,0.02264372988884855,20.320599998740363
fraud_subset_shift_v1,quantum_angle,fraud,64,0.9999229086024087,24.450500000966713
fraud_subset_shift_v1,quantum_zz,population,64,0.01453956323198724,141.36409999991884
fraud_subset_shift_v1,quantum_zz,fraud,64,0.8634451979910469,141.55469999968773
fraud_subset_shift_v1,quantum_reupload,population,64,0.012129089876975696,87.95650000138266
fraud_subset_shift_v1,quantum_reupload,fraud,64,0.9536679281767507,65.76890000178537
fraud_subset_shift_v1,mmd_rbf,population,64,0.0,60.471499999039224
fraud_subset_shift_v1,mmd_rbf,fraud,64,1.0,22.984400000495953
fraud_subset_shift_v1,domain_classifier,population,64,0.0,48.068800000692136
fraud_subset_shift_v1,domain_classifier,fraud,64,0.9789473684210526,41.62690000157454
fraud_subset_shift_v1,classical_cds,population,65,0.045448463182643305,27.44859999984328
fraud_subset_shift_v1,classical_cds,fraud,65,0.6191622240166681,7.1090999990701675
fraud_subset_shift_v1,quantum_angle,population,65,0.05946404918356618,28.037899999617366
fraud_subset_shift_v1,quantum_angle,fraud,65,0.9999096374093035,18.389599999864004
fraud_subset_shift_v1,quantum_zz,population,65,0.0395245014381036,166.90920000110054
fraud_subset_shift_v1,quantum_zz,fraud,65,0.826152711569849,130.4562999994232
fraud_subset_shift_v1,quantum_reupload,population,65,0.04868933411452803,74.23409999864816
fraud_subset_shift_v1,quantum_reupload,fraud,65,0.9588291814731755,72.69029999952181
fraud_subset_shift_v1,mmd_rbf,population,65,0.008819846258965036,33.97380000023986
fraud_subset_shift_v1,mmd_rbf,fraud,65,1.0,18.514600000344217
fraud_subset_shift_v1,domain_classifier,population,65,0.09079999999999977,37.53409999990254
fraud_subset_shift_v1,domain_classifier,fraud,65,0.9795238095238097,28.1725999993796
fraud_subset_shift_v1,classical_cds,population,66,0.04695402204708741,15.850399999180809
fraud_subset_shift_v1,classical_cds,fraud,66,0.6129317765129718,3.7986999996064696
fraud_subset_shift_v1,quantum_angle,population,66,0.06854610409078943,13.521999999284162
fraud_subset_shift_v1,quantum_angle,fraud,66,0.9999211700209638,18.573600000308943
fraud_subset_shift_v1,quantum_zz,population,66,0.05995399284657088,118.7251000010292
fraud_subset_shift_v1,quantum_zz,fraud,66,0.8385316315605075,111.55150000013236
fraud_subset_shift_v1,quantum_reupload,population,66,0.06829124504610207,71.02760000088892
fraud_subset_shift_v1,quantum_reupload,fraud,66,0.956989233162584,57.63119999937771
fraud_subset_shift_v1,mmd_rbf,population,66,0.0026902427174582133,64.33309999920311
fraud_subset_shift_v1,mmd_rbf,fraud,66,1.0,20.26769999974931
fraud_subset_shift_v1,domain_classifier,population,66,0.13084444444444432,54.620700000668876
fraud_subset_shift_v1,domain_classifier,fraud,66,0.9803921568627452,42.818500000066706
fraud_subset_shift_v1,classical_cds,population,67,0.048786294936541026,37.297400000170455
fraud_subset_shift_v1,classical_cds,fraud,67,0.6089867505660469,5.243600000540027
fraud_subset_shift_v1,quantum_angle,population,67,0.05026710452241845,18.94489999904181
fraud_subset_shift_v1,quantum_angle,fraud,67,0.9999179720612695,20.876699998552795
fraud_subset_shift_v1,quantum_zz,population,67,0.031220109653334105,144.5270000003802
fraud_subset_shift_v1,quantum_zz,fraud,67,0.8527396433294873,105.29219999989436
fraud_subset_shift_v1,quantum_reupload,population,67,0.0449667468432855,74.21219999923778
fraud_subset_shift_v1,quantum_reupload,fraud,67,0.9579752587423808,39.453499999581254
fraud_subset_shift_v1,mmd_rbf,population,67,0.007275856863965702,38.591799999267096
fraud_subset_shift_v1,mmd_rbf,fraud,67,1.0,15.949900000123307
fraud_subset_shift_v1,domain_classifier,population,67,0.14364444444444446,25.949700000637677
fraud_subset_shift_v1,domain_classifier,fraud,67,0.9800000000000002,20.929000000251108
fraud_subset_shift_v1,classical_cds,population,68,0.056685858790187546,15.792300000612158
fraud_subset_shift_v1,classical_cds,fraud,68,0.6125326644100931,3.320099998745718
fraud_subset_shift_v1,quantum_angle,population,68,0.0623292492975307,14.079500000661938
fraud_subset_shift_v1,quantum_angle,fraud,68,0.9999194093127454,21.701899999243324
fraud_subset_shift_v1,quantum_zz,population,68,0.042493960542871134,147.651199999018
fraud_subset_shift_v1,quantum_zz,fraud,68,0.8226459785078816,117.22240000017337
fraud_subset_shift_v1,quantum_reupload,population,68,0.04793433516743928,58.92950000088604
fraud_subset_shift_v1,quantum_reupload,fraud,68,0.9612076937912077,26.550200000201585
fraud_subset_shift_v1,mmd_rbf,population,68,0.007152580160302513,33.43719999975292
fraud_subset_shift_v1,mmd_rbf,fraud,68,1.0,20.214000000123633
fraud_subset_shift_v1,domain_classifier,population,68,0.07546666666666679,38.061799999923096
fraud_subset_shift_v1,domain_classifier,fraud,68,0.9797435897435898,28.75270000004093
fraud_subset_shift_v1,classical_cds,population,69,0.06153259289336449,20.43480000065756
fraud_subset_shift_v1,classical_cds,fraud,69,0.6095628358942674,3.3660999997664476
fraud_subset_shift_v1,quantum_angle,population,69,0.09495188214453032,17.179700000269804
fraud_subset_shift_v1,quantum_angle,fraud,69,0.9999246858609353,9.474099999351893
fraud_subset_shift_v1,quantum_zz,population,69,0.07116944626707689,95.61510000094131
fraud_subset_shift_v1,quantum_zz,fraud,69,0.8387617917230692,61.89970000014
fraud_subset_shift_v1,quantum_reupload,population,69,0.08970040419756009,31.854200000452693
fraud_subset_shift_v1,quantum_reupload,fraud,69,0.956114736307435,24.408699999185046
fraud_subset_shift_v1,mmd_rbf,population,69,0.009261543342531375,27.813300001071184
fraud_subset_shift_v1,mmd_rbf,fraud,69,1.0,12.469700001020101
fraud_subset_shift_v1,domain_classifier,population,69,0.11728888888888878,21.943300000202726
fraud_subset_shift_v1,domain_classifier,fraud,69,0.9803636363636363,20.764599999893107
fraud_subset_shift_v1,classical_cds,population,70,0.04349220978086116,12.860200000432087
fraud_subset_shift_v1,classical_cds,fraud,70,0.618501369807956,2.6390000002720626
fraud_subset_shift_v1,quantum_angle,population,70,0.05603439018025391,12.704099999609753
fraud_subset_shift_v1,quantum_angle,fraud,70,0.999900434963089,9.383699998579687
fraud_subset_shift_v1,quantum_zz,population,70,0.045324544297563385,103.34859999966284
fraud_subset_shift_v1,quantum_zz,fraud,70,0.8693259743786641,61.62480000057258
fraud_subset_shift_v1,quantum_reupload,population,70,0.047239431863525305,35.13150000071619
fraud_subset_shift_v1,quantum_reupload,fraud,70,0.9528694211028512,24.334699999599252
fraud_subset_shift_v1,mmd_rbf,population,70,0.0026018168619474924,26.9774000007601
fraud_subset_shift_v1,mmd_rbf,fraud,70,1.0,9.293999999499647
fraud_subset_shift_v1,domain_classifier,population,70,0.13557777777777757,20.595299998603878
fraud_subset_shift_v1,domain_classifier,fraud,70,0.9795454545454545,18.812300000718096
fraud_subset_shift_v1,classical_cds,population,71,0.06934741483599578,15.952199999446748
fraud_subset_shift_v1,classical_cds,fraud,71,0.6175059806871812,3.3124000001407694
fraud_subset_shift_v1,quantum_angle,population,71,0.12070032594175062,13.027199998759897
fraud_subset_shift_v1,quantum_angle,fraud,71,0.9999179092198723,8.366099998966092
fraud_subset_shift_v1,quantum_zz,population,71,0.09333250985293706,94.65239999917685
fraud_subset_shift_v1,quantum_zz,fraud,71,0.8610181270533002,55.3632999999536
fraud_subset_shift_v1,quantum_reupload,population,71,0.11098431901517902,28.096899999582092
fraud_subset_shift_v1,quantum_reupload,fraud,71,0.9566730713555198,21.007299999837414
fraud_subset_shift_v1,mmd_rbf,population,71,0.01933229073553,26.41319999929692
fraud_subset_shift_v1,mmd_rbf,fraud,71,1.0,12.352800000371644
fraud_subset_shift_v1,domain_classifier,population,71,0.17877777777777792,36.530800000036834
fraud_subset_shift_v1,domain_classifier,fraud,71,0.980246913580247,29.962200000227313
fraud_subset_shift_v1,classical_cds,population,72,0.04262226746471012,16.168400001333794
fraud_subset_shift_v1,classical_cds,fraud,72,,
fraud_subset_shift_v1,quantum_angle,population,72,0.04096124480977714,11.647699999230099
fraud_subset_shift_v1,quantum_angle,fraud,72,,
fraud_subset_shift_v1,quantum_zz,population,72,0.026370821600420924,118.22290000054636
fraud_subset_shift_v1,quantum_zz,fraud,72,,
fraud_subset_shift_v1,quantum_reupload,population,72,0.021280667236450945,27.409099999204045
fraud_subset_shift_v1,quantum_reupload,fraud,72,,
fraud_subset_shift_v1,mmd_rbf,population,72,0.0013052202053165374,23.82910000051197
fraud_subset_shift_v1,mmd_rbf,fraud,72,,
fraud_subset_shift_v1,domain_classifier,population,72,0.04760000000000009,17.431000000215136
fraud_subset_shift_v1,domain_classifier,fraud,72,,
fraud_subset_shift_v1,classical_cds,population,73,0.03603883438119365,10.216099999524886
fraud_subset_shift_v1,classical_cds,fraud,73,0.6413530104338324,2.4996000011014985
fraud_subset_shift_v1,quantum_angle,population,73,0.05664802217435183,10.578499999610358
fraud_subset_shift_v1,quantum_angle,fraud,73,0.9999203483359056,7.872399999541813
fraud_subset_shift_v1,quantum_zz,population,73,0.033766014242216924,83.22460000090359
fraud_subset_shift_v1,quantum_zz,fraud,73,0.8518445991888398,54.99269999927492
fraud_subset_shift_v1,quantum_reupload,population,73,0.042806517403580435,41.24210000009043
fraud_subset_shift_v1,quantum_reupload,fraud,73,0.9613588446935322,32.04170000026352
fraud_subset_shift_v1,mmd_rbf,population,73,0.005937198609966554,30.16139999999723
fraud_subset_shift_v1,mmd_rbf,fraud,73,1.0,12.945200000103796
fraud_subset_shift_v1,domain_classifier,population,73,0.11246666666666671,23.884500000349362
fraud_subset_shift_v1,domain_classifier,fraud,73,0.9148888888888889,20.842300000367686
fraud_subset_shift_v1,classical_cds,population,74,0.059846130771598026,13.387400000283378
fraud_subset_shift_v1,classical_cds,fraud,74,0.6106368273743776,2.594100000351318
fraud_subset_shift_v1,quantum_angle,population,74,0.10618818388610918,10.88759999947797
fraud_subset_shift_v1,quantum_angle,fraud,74,0.9999233566602503,11.072100000092178
fraud_subset_shift_v1,quantum_zz,population,74,0.08450822141202041,77.61760000175855
fraud_subset_shift_v1,quantum_zz,fraud,74,0.84081485314106,53.11230000006617
fraud_subset_shift_v1,quantum_reupload,population,74,0.10031676012585922,27.0885999998427
fraud_subset_shift_v1,quantum_reupload,fraud,74,0.9574518783884427,21.086700000523706
fraud_subset_shift_v1,mmd_rbf,population,74,0.008263970332129666,23.74190000045928
fraud_subset_shift_v1,mmd_rbf,fraud,74,1.0,9.69500000064727
fraud_subset_shift_v1,domain_classifier,population,74,0.15073333333333316,20.133600000917795
fraud_subset_shift_v1,domain_classifier,fraud,74,0.9797222222222224,17.076000000088243
fraud_subset_shift_v1,classical_cds,population,75,0.05553939202334304,13.064899998425972
fraud_subset_shift_v1,classical_cds,fraud,75,0.6087489731431266,2.5700999995024176
fraud_subset_shift_v1,quantum_angle,population,75,0.07870763211165965,11.055400000259397
fraud_subset_shift_v1,quantum_angle,fraud,75,0.9999164114717896,7.955700000820798
fraud_subset_shift_v1,quantum_zz,population,75,0.05789565727506407,78.15320000008796
fraud_subset_shift_v1,quantum_zz,fraud,75,0.8553732752655638,52.09139999897161
fraud_subset_shift_v1,quantum_reupload,population,75,0.057537021590083115,26.946300000417978
fraud_subset_shift_v1,quantum_reupload,fraud,75,0.9563886930337603,21.383899998909328
fraud_subset_shift_v1,mmd_rbf,population,75,0.007783923483417388,24.851699999999255
fraud_subset_shift_v1,mmd_rbf,fraud,75,1.0,8.912299999792594
fraud_subset_shift_v1,domain_classifier,population,75,0.11620000000000008,17.545099999551894
fraud_subset_shift_v1,domain_classifier,fraud,75,0.9796825396825397,15.26420000118378
fraud_subset_shift_v1,classical_cds,population,76,0.062145726460275844,14.879099999234313
fraud_subset_shift_v1,classical_cds,fraud,76,0.5951801018098575,2.868999999918742
fraud_subset_shift_v1,quantum_angle,population,76,0.1043669447425406,11.191200001121615
fraud_subset_shift_v1,quantum_angle,fraud,76,0.9999145749813753,9.096800000406802
fraud_subset_shift_v1,quantum_zz,population,76,0.07540890341114737,93.27269999994314
fraud_subset_shift_v1,quantum_zz,fraud,76,0.832604817187021,61.700399999608635
fraud_subset_shift_v1,quantum_reupload,population,76,0.09399788588636449,31.103200000870856
fraud_subset_shift_v1,quantum_reupload,fraud,76,0.956252501899607,21.164199999475386
fraud_subset_shift_v1,mmd_rbf,population,76,0.013027929759282797,27.53590000065742
fraud_subset_shift_v1,mmd_rbf,fraud,76,1.0,9.405999999216874
fraud_subset_shift_v1,domain_classifier,population,76,0.16359999999999997,18.952999998873565
fraud_subset_shift_v1,domain_classifier,fraud,76,0.9802898550724637,17.15409999997064
fraud_subset_shift_v1,classical_cds,population,77,0.048960559878352516,12.432699999408214
fraud_subset_shift_v1,classical_cds,fraud,77,0.6222903365784276,2.7116999990539625
fraud_subset_shift_v1,quantum_angle,population,77,0.09002665668805354,11.355900000125985
fraud_subset_shift_v1,quantum_angle,fraud,77,0.9999094668102346,8.698499999809428
fraud_subset_shift_v1,quantum_zz,population,77,0.07745174646711261,81.05860000068787
fraud_subset_shift_v1,quantum_zz,fraud,77,0.8627294574749951,50.84499999975378
fraud_subset_shift_v1,quantum_reupload,population,77,0.08626690436845097,27.089800001704134
fraud_subset_shift_v1,quantum_reupload,fraud,77,0.9527206807400267,20.922800000334973
fraud_subset_shift_v1,mmd_rbf,population,77,0.0031967575249622904,24.79270000003453
fraud_subset_shift_v1,mmd_rbf,fraud,77,1.0,8.682800000315183
fraud_subset_shift_v1,domain_classifier,population,77,0.0974222222222223,19.022800001039286
fraud_subset_shift_v1,domain_classifier,fraud,77,0.9071794871794872,17.42790000025707
fraud_subset_shift_v1,classical_cds,population,78,0.04971863377097135,11.994199998298427
fraud_subset_shift_v1,classical_cds,fraud,78,0.6104170206342169,2.806800001053489
fraud_subset_shift_v1,quantum_angle,population,78,0.04506640871828138,12.156200000390527
fraud_subset_shift_v1,quantum_angle,fraud,78,0.9999224860134991,8.827100000416976
fraud_subset_shift_v1,quantum_zz,population,78,0.03017012769569194,87.39339999920048
fraud_subset_shift_v1,quantum_zz,fraud,78,0.8386377776772033,57.77029999990191
fraud_subset_shift_v1,quantum_reupload,population,78,0.02745577139400912,30.73210000002291
fraud_subset_shift_v1,quantum_reupload,fraud,78,0.9608877922132699,24.98560000094585
fraud_subset_shift_v1,mmd_rbf,population,78,0.003015862698811933,25.809400000071037
fraud_subset_shift_v1,mmd_rbf,fraud,78,1.0,8.915399999750662
fraud_subset_shift_v1,domain_classifier,population,78,0.05613333333333337,20.961500000339583
fraud_subset_shift_v1,domain_classifier,fraud,78,0.9801515151515152,17.66239999960817
fraud_subset_shift_v1,classical_cds,population,79,0.059362853047072596,14.734000000316883
fraud_subset_shift_v1,classical_cds,fraud,79,0.6239351467117019,2.6657999987946823
fraud_subset_shift_v1,quantum_angle,population,79,0.11355862305666664,11.47540000056324
fraud_subset_shift_v1,quantum_angle,fraud,79,0.9999082638787651,11.362600000211387
fraud_subset_shift_v1,quantum_zz,population,79,0.09492397616511483,81.51599999837345
fraud_subset_shift_v1,quantum_zz,fraud,79,0.8641660795237639,54.195099999560625
fraud_subset_shift_v1,quantum_reupload,population,79,0.11193342016770624,27.288799999951152
fraud_subset_shift_v1,quantum_reupload,fraud,79,0.9568178306640222,21.263500000713975
fraud_subset_shift_v1,mmd_rbf,population,79,0.00974938372430123,24.558400000387337
fraud_subset_shift_v1,mmd_rbf,fraud,79,1.0,8.694000000105007
fraud_subset_shift_v1,domain_classifier,population,79,0.08837777777777789,23.556500000267988
fraud_subset_shift_v1,domain_classifier,fraud,79,0.98,25.7168999996793
fraud_subset_shift_v1,classical_cds,population,80,0.045261825216612844,12.731999999232357
fraud_subset_shift_v1,classical_cds,fraud,80,0.6211884283998965,2.868300000045565
fraud_subset_shift_v1,quantum_angle,population,80,0.057350419571657985,10.618099999192054
fraud_subset_shift_v1,quantum_angle,fraud,80,0.9999210266380488,9.176000001389184
fraud_subset_shift_v1,quantum_zz,population,80,0.045752284405176535,101.0337999996409
fraud_subset_shift_v1,quantum_zz,fraud,80,0.8563513733641246,68.58139999894775
fraud_subset_shift_v1,quantum_reupload,population,80,0.05395071823088138,34.71510000053968
fraud_subset_shift_v1,quantum_reupload,fraud,80,0.9557836763547073,22.020599999450496
fraud_subset_shift_v1,mmd_rbf,population,80,0.009049063802091473,26.240899998811074
fraud_subset_shift_v1,mmd_rbf,fraud,80,1.0,8.978200001365622
fraud_subset_shift_v1,domain_classifier,population,80,0.07504444444444447,18.44110000092769
fraud_subset_shift_v1,domain_classifier,fraud,80,0.9750427350427351,17.530999999507912
fraud_subset_shift_v1,classical_cds,population,81,0.04932222933839267,13.288000000102329
fraud_subset_shift_v1,classical_cds,fraud,81,0.6229833894769041,2.5275999996665632
fraud_subset_shift_v1,quantum_angle,population,81,0.08861643762970883,12.256200001502293
fraud_subset_shift_v1,quantum_angle,fraud,81,0.999915975090291,9.316500001659733
fraud_subset_shift_v1,quantum_zz,population,81,0.06748912742908553,111.58510000132082
fraud_subset_shift_v1,quantum_zz,fraud,81,0.8434565877047893,106.03760000049078
fraud_subset_shift_v1,quantum_reupload,population,81,0.0789220773644792,50.85929999950167
fraud_subset_shift_v1,quantum_reupload,fraud,81,0.9591104842601847,25.96629999970901
fraud_subset_shift_v1,mmd_rbf,population,81,0.004729232453249743,38.16030000052706
fraud_subset_shift_v1,mmd_rbf,fraud,81,1.0,20.755699999426724
fraud_subset_shift_v1,domain_classifier,population,81,0.11877777777777787,34.21580000031099
fraud_subset_shift_v1,domain_classifier,fraud,81,0.9788235294117646,18.776900000375463
fraud_subset_shift_v1,classical_cds,population,82,0.043259918738372864,18.42699999906472
fraud_subset_shift_v1,classical_cds,fraud,82,0.6036250394504664,3.236599999581813
fraud_subset_shift_v1,quantum_angle,population,82,0.09293806172511399,12.254000001121312
fraud_subset_shift_v1,quantum_angle,fraud,82,0.9999245737332589,10.196799999903305
fraud_subset_shift_v1,quantum_zz,population,82,0.0861851944372396,175.8114000003843
fraud_subset_shift_v1,quantum_zz,fraud,82,0.8270247574897355,61.73310000122001
fraud_subset_shift_v1,quantum_reupload,population,82,0.08986455818582839,74.4180999990931
fraud_subset_shift_v1,quantum_reupload,fraud,82,0.9572469020464817,43.13739999997779
fraud_subset_shift_v1,mmd_rbf,population,82,0.006442515664948134,77.45440000144299
fraud_subset_shift_v1,mmd_rbf,fraud,82,1.0,18.024299999524374
fraud_subset_shift_v1,domain_classifier,population,82,0.09364444444444464,202.40519999970275
fraud_subset_shift_v1,domain_classifier,fraud,82,0.978494623655914,71.28129999910016
fraud_subset_shift_v1,classical_cds,population,83,0.037159191147287454,21.37600000060047
fraud_subset_shift_v1,classical_cds,fraud,83,0.6176092328875121,7.210399999166839
fraud_subset_shift_v1,quantum_angle,population,83,0.0025644969470796086,28.161499998532236
fraud_subset_shift_v1,quantum_angle,fraud,83,0.9999043766461186,20.769800001289696
fraud_subset_shift_v1,quantum_zz,population,83,0.0,183.59610000152315
fraud_subset_shift_v1,quantum_zz,fraud,83,0.852258209409928,128.80720000066503
fraud_subset_shift_v1,quantum_reupload,population,83,0.0,80.3899000002275
fraud_subset_shift_v1,quantum_reupload,fraud,83,0.9573639933585842,43.33000000042375
fraud_subset_shift_v1,mmd_rbf,population,83,0.00040230189686041307,66.43839999924239
fraud_subset_shift_v1,mmd_rbf,fraud,83,1.0,24.98600000035367
fraud_subset_shift_v1,domain_classifier,population,83,0.037555555555555786,53.37309999958961
fraud_subset_shift_v1,domain_classifier,fraud,83,0.9164444444444444,34.582700000100886
fraud_subset_shift_v1,classical_cds,population,84,0.045420733660245266,35.4243999991013
fraud_subset_shift_v1,classical_cds,fraud,84,0.6123579760941585,12.82809999975143
fraud_subset_shift_v1,quantum_angle,population,84,0.07900457080643986,28.12869999979739
fraud_subset_shift_v1,quantum_angle,fraud,84,0.9999291337371213,26.73780000077386
fraud_subset_shift_v1,quantum_zz,population,84,0.056644169208951545,165.85490000034042
fraud_subset_shift_v1,quantum_zz,fraud,84,0.87969760285983,72.58010000077775
fraud_subset_shift_v1,quantum_reupload,population,84,0.06427884898605174,53.62960000093153
fraud_subset_shift_v1,quantum_reupload,fraud,84,0.9521139945266193,56.80380000012519
fraud_subset_shift_v1,mmd_rbf,population,84,0.0023998158642943856,48.565299999609124
fraud_subset_shift_v1,mmd_rbf,fraud,84,1.0,19.618099999206606
fraud_subset_shift_v1,domain_classifier,population,84,0.1381555555555556,38.275000000794535
fraud_subset_shift_v1,domain_classifier,fraud,84,0.9791452991452991,37.290299998858245
fraud_subset_shift_v1,classical_cds,population,85,0.042909109426826714,17.905300001075375
fraud_subset_shift_v1,classical_cds,fraud,85,0.6094532274130076,3.5025000015593832
fraud_subset_shift_v1,quantum_angle,population,85,0.00713180838815497,13.107600001603714
fraud_subset_shift_v1,quantum_angle,fraud,85,0.9999254631491237,19.042300000364776
fraud_subset_shift_v1,quantum_zz,population,85,0.0,104.7061000008398
fraud_subset_shift_v1,quantum_zz,fraud,85,0.8168023292534737,69.41189999997732
fraud_subset_shift_v1,quantum_reupload,population,85,0.0,52.26760000005015
fraud_subset_shift_v1,quantum_reupload,fraud,85,0.956996940229562,30.34980000120413
fraud_subset_shift_v1,mmd_rbf,population,85,0.005149555483659585,43.58490000049642
fraud_subset_shift_v1,mmd_rbf,fraud,85,1.0,14.843099999779952
fraud_subset_shift_v1,domain_classifier,population,85,0.03535555555555536,33.59470000032161
fraud_subset_shift_v1,domain_classifier,fraud,85,0.9815686274509803,20.072500001333538
fraud_subset_shift_v1,classical_cds,population,86,0.04307289919180827,14.523199999530334
fraud_subset_shift_v1,classical_cds,fraud,86,0.6211394174455784,3.15020000016375
fraud_subset_shift_v1,quantum_angle,population,86,0.04310722748814211,13.794200000120327
fraud_subset_shift_v1,quantum_angle,fraud,86,0.9999168551106201,10.572199998932774
fraud_subset_shift_v1,quantum_zz,population,86,0.026934205674428946,116.73499999960768
fraud_subset_shift_v1,quantum_zz,fraud,86,0.8488980290428784,73.00989999930607
fraud_subset_shift_v1,quantum_reupload,population,86,0.030041535177750656,63.02470000082394
fraud_subset_shift_v1,quantum_reupload,fraud,86,0.9567793049135653,58.26390000038373
fraud_subset_shift_v1,mmd_rbf,population,86,0.0,47.03729999891948
fraud_subset_shift_v1,mmd_rbf,fraud,86,1.0,12.093900000763824
fraud_subset_shift_v1,domain_classifier,population,86,0.035466666666666535,35.623399999167304
fraud_subset_shift_v1,domain_classifier,fraud,86,0.979607843137255,23.018300000330782
fraud_subset_shift_v1,classical_cds,population,87,0.06726761067680265,37.88129999884404
fraud_subset_shift_v1,classical_cds,fraud,87,0.6347418590929801,9.979800001019612
fraud_subset_shift_v1,quantum_angle,population,87,0.05993924476155499,24.85300000080315
fraud_subset_shift_v1,quantum_angle,fraud,87,0.9999152019198929,20.507400000497
fraud_subset_shift_v1,quantum_zz,population,87,0.033632794129770716,153.23060000082478
fraud_subset_shift_v1,quantum_zz,fraud,87,0.8102536727026669,79.67550000103074
fraud_subset_shift_v1,quantum_reupload,population,87,0.044635994168709114,80.04780000010214
fraud_subset_shift_v1,quantum_reupload,fraud,87,0.9542291413968315,50.15600000115228
fraud_subset_shift_v1,mmd_rbf,population,87,0.016264536403550522,54.19330000040645
fraud_subset_shift_v1,mmd_rbf,fraud,87,1.0,12.560999999550404
fraud_subset_shift_v1,domain_classifier,population,87,0.19575555555555546,40.0234000007913
fraud_subset_shift_v1,domain_classifier,fraud,87,0.9803100775193798,31.901999998808606
fraud_subset_shift_v1,classical_cds,population,88,0.07410985966563488,23.269100000106846
fraud_subset_shift_v1,classical_cds,fraud,88,0.6130283221433789,7.239600001412327
fraud_subset_shift_v1,quantum_angle,population,88,0.11065727379800272,23.14020000085293
fraud_subset_shift_v1,quantum_angle,fraud,88,0.9999223154266291,20.02129999891622
fraud_subset_shift_v1,quantum_zz,population,88,0.08614260040555954,207.4735000005603
fraud_subset_shift_v1,quantum_zz,fraud,88,0.854013721615442,164.0372000001662
fraud_subset_shift_v1,quantum_reupload,population,88,0.09902960243818604,72.30690000142204
fraud_subset_shift_v1,quantum_reupload,fraud,88,0.9549639583110126,62.33129999964149
fraud_subset_shift_v1,mmd_rbf,population,88,0.011322673379258186,56.72020000019984
fraud_subset_shift_v1,mmd_rbf,fraud,88,1.0,18.520199999329634
fraud_subset_shift_v1,domain_classifier,population,88,0.1286666666666667,48.910899999100366
fraud_subset_shift_v1,domain_classifier,fraud,88,0.9802424242424244,41.30450000047858
fraud_subset_shift_v1,classical_cds,population,89,0.058211239064566704,40.87140000046929
fraud_subset_shift_v1,classical_cds,fraud,89,0.6169976417115353,8.887699999831966
fraud_subset_shift_v1,quantum_angle,population,89,0.09100910731151701,29.51290000055451
fraud_subset_shift_v1,quantum_angle,fraud,89,0.9999043723690437,18.54769999954442
fraud_subset_shift_v1,quantum_zz,population,89,0.07066667718409503,137.12420000047132
fraud_subset_shift_v1,quantum_zz,fraud,89,0.8444664814213815,60.63200000062352
fraud_subset_shift_v1,quantum_reupload,population,89,0.0802840242904691,65.66030000067258
fraud_subset_shift_v1,quantum_reupload,fraud,89,0.9561851878731522,62.01160000091477
fraud_subset_shift_v1,mmd_rbf,population,89,0.00513868287528596,56.43179999970016
fraud_subset_shift_v1,mmd_rbf,fraud,89,1.0,10.11329999892041
fraud_subset_shift_v1,domain_classifier,population,89,0.12317777777777783,40.90149999865389
fraud_subset_shift_v1,domain_classifier,fraud,89,0.9803174603174605,42.835899999772664
fraud_subset_shift_v1,classical_cds,population,90,0.056183434125469986,37.79729999951087
fraud_subset_shift_v1,classical_cds,fraud,90,0.6019360496483717,5.998000000545289
fraud_subset_shift_v1,quantum_angle,population,90,0.06263363039808445,15.315800001189928
fraud_subset_shift_v1,quantum_angle,fraud,90,0.9999087079678298,11.870299998918199
fraud_subset_shift_v1,quantum_zz,population,90,0.03269973689812111,120.08219999916037
fraud_subset_shift_v1,quantum_zz,fraud,90,0.8312384849791145,60.67299999995157
fraud_subset_shift_v1,quantum_reupload,population,90,0.04129579295588759,60.73349999860511
fraud_subset_shift_v1,quantum_reupload,fraud,90,0.9581970493612662,26.291500000297674
fraud_subset_shift_v1,mmd_rbf,population,90,0.015081687839414437,29.29740000035963
fraud_subset_shift_v1,mmd_rbf,fraud,90,1.0,10.739200000898563
fraud_subset_shift_v1,domain_classifier,population,90,0.1073333333333335,48.170499998377636
fraud_subset_shift_v1,domain_classifier,fraud,90,0.9802777777777778,29.327000000193948
fraud_subset_shift_v1,classical_cds,population,91,0.049699476561632414,21.817499999087886
fraud_subset_shift_v1,classical_cds,fraud,91,0.6014564594204402,8.79019999956654
fraud_subset_shift_v1,quantum_angle,population,91,0.07288144596880841,27.29379999982484
fraud_subset_shift_v1,quantum_angle,fraud,91,0.9999172397605282,21.03960000022198
fraud_subset_shift_v1,quantum_zz,population,91,0.05645674413812207,125.0369999997929
fraud_subset_shift_v1,quantum_zz,fraud,91,0.842639374335555,106.85800000101153
fraud_subset_shift_v1,quantum_reupload,population,91,0.06273605865656662,58.36289999933797
fraud_subset_shift_v1,quantum_reupload,fraud,91,0.9594308361909964,29.240799998660805
fraud_subset_shift_v1,mmd_rbf,population,91,0.005954037743453489,60.958699999901
fraud_subset_shift_v1,mmd_rbf,fraud,91,1.0,19.08750000075088
fraud_subset_shift_v1,domain_classifier,population,91,0.03191111111111122,43.40790000060224
fraud_subset_shift_v1,domain_classifier,fraud,91,0.9798333333333333,36.77840000091237
fraud_subset_shift_v1,classical_cds,population,92,0.0435679426154166,35.13340000063181
fraud_subset_shift_v1,classical_cds,fraud,92,0.6140100551275928,6.572299998879316
fraud_subset_shift_v1,quantum_angle,population,92,0.07575724526264116,15.44829999875219
fraud_subset_shift_v1,quantum_angle,fraud,92,0.9999139526838009,11.839799999506795
fraud_subset_shift_v1,quantum_zz,population,92,0.058822175337214455,124.93830000130401
fraud_subset_shift_v1,quantum_zz,fraud,92,0.8390459801750534,77.63300000078743
fraud_subset_shift_v1,quantum_reupload,population,92,0.06858250816032774,53.85519999981625
fraud_subset_shift_v1,quantum_reupload,fraud,92,0.9526346046438434,40.505500001017936
fraud_subset_shift_v1,mmd_rbf,population,92,0.006391321348653056,44.216899999810266
fraud_subset_shift_v1,mmd_rbf,fraud,92,1.0,14.939800001229742
fraud_subset_shift_v1,domain_classifier,population,92,0.07846666666666668,39.649000000281376
fraud_subset_shift_v1,domain_classifier,fraud,92,0.9797979797979799,26.327499999752035
fraud_subset_shift_v1,classical_cds,population,93,0.05744992281051529,23.727300000246032
fraud_subset_shift_v1,classical_cds,fraud,93,0.6183155674817146,5.307299999913084
fraud_subset_shift_v1,quantum_angle,population,93,0.06686021304300305,17.380600000251434
fraud_subset_shift_v1,quantum_angle,fraud,93,0.9999212270042827,18.400799999653827
fraud_subset_shift_v1,quantum_zz,population,93,0.0503315903750724,138.63579999997455
fraud_subset_shift_v1,quantum_zz,fraud,93,0.8693007032597964,78.36700000007113
fraud_subset_shift_v1,quantum_reupload,population,93,0.06077960387315462,58.88930000037362
fraud_subset_shift_v1,quantum_reupload,fraud,93,0.9572081115026989,51.37749999994412
fraud_subset_shift_v1,mmd_rbf,population,93,0.008786172604271947,38.68510000029346
fraud_subset_shift_v1,mmd_rbf,fraud,93,1.0,18.20190000034927
fraud_subset_shift_v1,domain_classifier,population,93,0.10253333333333337,38.28820000126143
fraud_subset_shift_v1,domain_classifier,fraud,93,0.98,28.119700000388548
fraud_subset_shift_v1,classical_cds,population,94,0.06827684755087074,24.075400000583613
fraud_subset_shift_v1,classical_cds,fraud,94,0.6177858925938166,4.010099999504746
fraud_subset_shift_v1,quantum_angle,population,94,0.09982096930902906,14.479699999355944
fraud_subset_shift_v1,quantum_angle,fraud,94,0.9999255226998256,16.334899999492336
fraud_subset_shift_v1,quantum_zz,population,94,0.08167416341446676,162.7293000001373
fraud_subset_shift_v1,quantum_zz,fraud,94,0.8736343602472241,99.2937000009988
fraud_subset_shift_v1,quantum_reupload,population,94,0.09472692334635557,34.80119999949238
fraud_subset_shift_v1,quantum_reupload,fraud,94,0.9543469966281556,28.592500000740984
fraud_subset_shift_v1,mmd_rbf,population,94,0.008446968828616619,28.971300000193878
fraud_subset_shift_v1,mmd_rbf,fraud,94,1.0,11.096199999883538
fraud_subset_shift_v1,domain_classifier,population,94,0.11126666666666685,23.070499999448657
fraud_subset_shift_v1,domain_classifier,fraud,94,0.9797101449275363,35.27050000047893
fraud_subset_shift_v1,classical_cds,population,95,0.05519473758459273,18.759799999315874
fraud_subset_shift_v1,classical_cds,fraud,95,0.6027385049025339,4.729399999632733
fraud_subset_shift_v1,quantum_angle,population,95,0.08355531060122123,18.034000000625383
fraud_subset_shift_v1,quantum_angle,fraud,95,0.9999217019913041,14.075099999899976
fraud_subset_shift_v1,quantum_zz,population,95,0.06540163646175434,136.94130000112636
fraud_subset_shift_v1,quantum_zz,fraud,95,0.8595958005501201,127.635900000314
fraud_subset_shift_v1,quantum_reupload,population,95,0.07492922520636847,75.37499999853026
fraud_subset_shift_v1,quantum_reupload,fraud,95,0.9577458416895546,62.16849999873375
fraud_subset_shift_v1,mmd_rbf,population,95,0.006263054779336308,68.55849999919883
fraud_subset_shift_v1,mmd_rbf,fraud,95,1.0,29.5587999989948
fraud_subset_shift_v1,domain_classifier,population,95,0.08512222222222232,53.35709999963001
fraud_subset_shift_v1,domain_classifier,fraud,95,0.9794557823129253,47.21089999839023
fraud_subset_shift_v1,classical_cds,population,96,0.04902367869351344,37.66689999974915
fraud_subset_shift_v1,classical_cds,fraud,96,0.6104013936558897,7.520900000599795
fraud_subset_shift_v1,quantum_angle,population,96,0.038512620220897964,22.470100000646198
fraud_subset_shift_v1,quantum_angle,fraud,96,0.9999277724372029,19.415199998547905
fraud_subset_shift_v1,quantum_zz,population,96,0.02235139811184761,181.1955000011949
fraud_subset_shift_v1,quantum_zz,fraud,96,0.8617687347862502,178.05580000094778
fraud_subset_shift_v1,quantum_reupload,population,96,0.023912335787363515,94.27380000124685
fraud_subset_shift_v1,quantum_reupload,fraud,96,0.9576378697621118,51.7186999986734
fraud_subset_shift_v1,mmd_rbf,population,96,0.00023229385109768685,73.43150000087917
fraud_subset_shift_v1,mmd_rbf,fraud,96,1.0,21.834399998624576
fraud_subset_shift_v1,domain_classifier,population,96,0.012777777777777777,53.737899999759975
fraud_subset_shift_v1,domain_classifier,fraud,96,0.9795959595959596,37.077599999975064
fraud_subset_shift_v1,classical_cds,population,97,0.048295517080781745,36.75699999985227
fraud_subset_shift_v1,classical_cds,fraud,97,0.6072070375945463,7.4116000014328165
fraud_subset_shift_v1,quantum_angle,population,97,0.07162171688981822,20.128299998759758
fraud_subset_shift_v1,quantum_angle,fraud,97,0.999905016764123,27.20970000154921
fraud_subset_shift_v1,quantum_zz,population,97,0.05709582763691179,249.02389999988372
fraud_subset_shift_v1,quantum_zz,fraud,97,0.8237144568135517,96.71270000035292
fraud_subset_shift_v1,quantum_reupload,population,97,0.05567081829067433,47.24990000067919
fraud_subset_shift_v1,quantum_reupload,fraud,97,0.9567446778715224,34.6014999995532
fraud_subset_shift_v1,mmd_rbf,population,97,0.01092095019663275,33.72350000063307
fraud_subset_shift_v1,mmd_rbf,fraud,97,1.0,13.449599999148631
fraud_subset_shift_v1,domain_classifier,population,97,0.1568666666666665,27.56769999905373
fraud_subset_shift_v1,domain_classifier,fraud,97,0.9588617886178863,26.700000000346336
fraud_subset_shift_v1,classical_cds,population,98,0.042984225773254385,14.650499999333988
fraud_subset_shift_v1,classical_cds,fraud,98,0.610092983304688,2.998199999638018
fraud_subset_shift_v1,quantum_angle,population,98,0.02861695760186933,18.498400000680704
fraud_subset_shift_v1,quantum_angle,fraud,98,0.9999174777887332,13.646900000821915
fraud_subset_shift_v1,quantum_zz,population,98,0.007693753514623314,141.45730000018375
fraud_subset_shift_v1,quantum_zz,fraud,98,0.8716912053441824,79.52420000037819
fraud_subset_shift_v1,quantum_reupload,population,98,0.011230450349675736,43.37940000004892
fraud_subset_shift_v1,quantum_reupload,fraud,98,0.9562563299741259,58.905600000798586
fraud_subset_shift_v1,mmd_rbf,population,98,0.003558077117457703,40.6449000001885
fraud_subset_shift_v1,mmd_rbf,fraud,98,1.0,14.63540000077046
fraud_subset_shift_v1,domain_classifier,population,98,0.10064444444444454,39.03790000003937
fraud_subset_shift_v1,domain_classifier,fraud,98,0.97982905982906,27.720599999156548
fraud_subset_shift_v1,classical_cds,population,99,0.049741948021967755,18.215100000816165
fraud_subset_shift_v1,classical_cds,fraud,99,0.6141805962645779,4.021700000521378
fraud_subset_shift_v1,quantum_angle,population,99,0.020961324145976845,15.990599998986
fraud_subset_shift_v1,quantum_angle,fraud,99,0.9999252961152207,9.729900000820635
fraud_subset_shift_v1,quantum_zz,population,99,0.0007277601763631125,120.5022000012832
fraud_subset_shift_v1,quantum_zz,fraud,99,0.8823459142427446,70.60559999990801
fraud_subset_shift_v1,quantum_reupload,population,99,0.007929360042319478,137.07419999991544
fraud_subset_shift_v1,quantum_reupload,fraud,99,0.9600060946727684,86.11460000065563
fraud_subset_shift_v1,mmd_rbf,population,99,0.002866339688723407,65.07580000106827
fraud_subset_shift_v1,mmd_rbf,fraud,99,1.0,25.47249999952328
fraud_subset_shift_v1,domain_classifier,population,99,0.09175555555555559,153.30180000091786
fraud_subset_shift_v1,domain_classifier,fraud,99,0.9794202898550726,48.54460000024119
no_drift_control_v1,classical_cds,population,0,0.018725904851025835,15.098699999725795
no_drift_control_v1,classical_cds,fraud,0,0.18490354832776135,5.6240999983856454
no_drift_control_v1,quantum_angle,population,0,0.0,23.764900000969646
no_drift_control_v1,quantum_angle,fraud,0,0.11897600472776682,20.604999999704887
no_drift_control_v1,quantum_zz,population,0,0.0,159.76580000096874
no_drift_control_v1,quantum_zz,fraud,0,0.07973175945051592,99.7986000002129
no_drift_control_v1,quantum_reupload,population,0,0.0,42.05720000027213
no_drift_control_v1,quantum_reupload,fraud,0,0.10285430134360052,34.09480000118492
no_drift_control_v1,mmd_rbf,population,0,0.0,37.77280000031169
no_drift_control_v1,mmd_rbf,fraud,0,0.005545248643724854,12.13370000004943
no_drift_control_v1,domain_classifier,population,0,0.0,30.98640000098385
no_drift_control_v1,domain_classifier,fraud,0,0.0,24.47829999982787
no_drift_control_v1,classical_cds,population,1,0.02071925220118798,12.244599998666672
no_drift_control_v1,classical_cds,fraud,1,0.1888083760615835,3.1836000016483013
no_drift_control_v1,quantum_angle,population,1,0.0,14.813199999480275
no_drift_control_v1,quantum_angle,fraud,1,0.0,9.270699998523924
no_drift_control_v1,quantum_zz,population,1,0.0,114.62810000011814
no_drift_control_v1,quantum_zz,fraud,1,0.0,74.16840000041702
no_drift_control_v1,quantum_reupload,population,1,0.0,68.98159999946074
no_drift_control_v1,quantum_reupload,fraud,1,0.0,36.49840000070981
no_drift_control_v1,mmd_rbf,population,1,0.0,92.19189999930677
no_drift_control_v1,mmd_rbf,fraud,1,0.0,16.642099999444326
no_drift_control_v1,domain_classifier,population,1,0.0,39.71759999876667
no_drift_control_v1,domain_classifier,fraud,1,0.13783783783783776,25.18219999910798
no_drift_control_v1,classical_cds,population,2,0.017565551517705433,11.078399998950772
no_drift_control_v1,classical_cds,fraud,2,0.18047454148598255,2.8406000001268694
no_drift_control_v1,quantum_angle,population,2,0.008205619484748738,14.56279999911203
no_drift_control_v1,quantum_angle,fraud,2,0.0,14.571300000170595
no_drift_control_v1,quantum_zz,population,2,0.005318765639689138,217.65760000016598
no_drift_control_v1,quantum_zz,fraud,2,0.0,106.24639999878127
no_drift_control_v1,quantum_reupload,population,2,0.008240345705168517,58.87299999994866
no_drift_control_v1,quantum_reupload,fraud,2,0.0,39.160299998911796
no_drift_control_v1,mmd_rbf,population,2,0.0,41.03170000053069
no_drift_control_v1,mmd_rbf,fraud,2,0.0,12.048299999150913
no_drift_control_v1,domain_classifier,population,2,0.0,26.07510000052571
no_drift_control_v1,domain_classifier,fraud,2,0.0,23.395799998979783
no_drift_control_v1,classical_cds,population,3,0.026214592071466744,24.824699999953737
no_drift_control_v1,classical_cds,fraud,3,0.276769314678255,6.923000000824686
no_drift_control_v1,quantum_angle,population,3,0.0316505198763386,30.429200000071432
no_drift_control_v1,quantum_angle,fraud,3,0.0,20.02619999984745
no_drift_control_v1,quantum_zz,population,3,0.022260351476190432,161.8466999989323
no_drift_control_v1,quantum_zz,fraud,3,0.0,127.99380000069505
no_drift_control_v1,quantum_reupload,population,3,0.03456228933189309,101.2007999997877
no_drift_control_v1,quantum_reupload,fraud,3,0.007396015058758532,70.9447999997792
no_drift_control_v1,mmd_rbf,population,3,0.0,74.92490000004182
no_drift_control_v1,mmd_rbf,fraud,3,0.0,29.0406999993138
no_drift_control_v1,domain_classifier,population,3,0.0,56.31820000053267
no_drift_control_v1,domain_classifier,fraud,3,0.0,42.7042999999685
no_drift_control_v1,classical_cds,population,4,0.026387529596920575,22.245699999984936
no_drift_control_v1,classical_cds,fraud,4,0.13668661843111393,5.9559999990597134
no_drift_control_v1,quantum_angle,population,4,0.0,20.522599999821978
no_drift_control_v1,quantum_angle,fraud,4,0.0,19.91240000097605
no_drift_control_v1,quantum_zz,population,4,0.0,168.00530000000435
no_drift_control_v1,quantum_zz,fraud,4,0.0,177.51729999872623
no_drift_control_v1,quantum_reupload,population,4,0.0,105.34580000057758
no_drift_control_v1,quantum_reupload,fraud,4,0.0,54.31279999902472
no_drift_control_v1,mmd_rbf,population,4,0.0,47.16990000088117
no_drift_control_v1,mmd_rbf,fraud,4,0.009505235348571173,17.901000001074863
no_drift_control_v1,domain_classifier,population,4,0.0,50.19650000031106
no_drift_control_v1,domain_classifier,fraud,4,0.028484848484848557,60.34120000003895
no_drift_control_v1,classical_cds,population,5,0.025067893614280575,26.35990000089805
no_drift_control_v1,classical_cds,fraud,5,0.2945351417664528,10.18359999943641
no_drift_control_v1,quantum_angle,population,5,0.0,42.28839999996126
no_drift_control_v1,quantum_angle,fraud,5,0.05185304572235283,30.89639999961946
no_drift_control_v1,quantum_zz,population,5,0.0,239.23459999969054
no_drift_control_v1,quantum_zz,fraud,5,0.04550770022175221,84.90410000013071
no_drift_control_v1,quantum_reupload,population,5,0.0,71.38699999995879
no_drift_control_v1,quantum_reupload,fraud,5,0.04087834024863113,47.69609999857494
no_drift_control_v1,mmd_rbf,population,5,0.0,39.968700000827084
no_drift_control_v1,mmd_rbf,fraud,5,0.0,10.301000000254135
no_drift_control_v1,domain_classifier,population,5,0.0,42.62949999974808
no_drift_control_v1,domain_classifier,fraud,5,0.0,42.01970000030997
no_drift_control_v1,classical_cds,population,6,0.020807878777407297,26.623400000971742
no_drift_control_v1,classical_cds,fraud,6,0.24876214965583807,4.565900000670808
no_drift_control_v1,quantum_angle,population,6,0.018197414464699246,14.777500000491273
no_drift_control_v1,quantum_angle,fraud,6,0.05837021537183895,30.437600000368548
no_drift_control_v1,quantum_zz,population,6,0.012252910118968674,189.61979999949108
no_drift_control_v1,quantum_zz,fraud,6,0.01341730460820112,125.20799999947485
no_drift_control_v1,quantum_reupload,population,6,0.01497445977167744,48.37959999895247
no_drift_control_v1,quantum_reupload,fraud,6,0.040619611007602474,62.782299999526
no_drift_control_v1,mmd_rbf,population,6,0.0,60.553299999810406
no_drift_control_v1,mmd_rbf,fraud,6,0.013726191396483012,15.481100001125014
no_drift_control_v1,domain_classifier,population,6,0.0,31.033600000228034
no_drift_control_v1,domain_classifier,fraud,6,0.16495238095238096,44.53079999984766
no_drift_control_v1,classical_cds,population,7,0.03136749091970876,34.459799999240204
no_drift_control_v1,classical_cds,fraud,7,0.155168676922349,9.911899998769513
no_drift_control_v1,quantum_angle,population,7,0.015671526257018287,23.852000000260887
no_drift_control_v1,quantum_angle,fraud,7,0.03394926878281035,35.39230000023963
no_drift_control_v1,quantum_zz,population,7,0.002160028492933952,218.72280000025057
no_drift_control_v1,quantum_zz,fraud,7,0.01014487925515073,191.9307000007393
no_drift_control_v1,quantum_reupload,population,7,0.0022598090935960213,86.44180000010238
no_drift_control_v1,quantum_reupload,fraud,7,0.024462595156811595,46.174699999028235
no_drift_control_v1,mmd_rbf,population,7,0.0,50.096599999960745
no_drift_control_v1,mmd_rbf,fraud,7,0.013162177422563648,17.625399999815272
no_drift_control_v1,domain_classifier,population,7,0.0,54.00700000063807
no_drift_control_v1,domain_classifier,fraud,7,0.06586666666666652,34.548800000266056
no_drift_control_v1,classical_cds,population,8,0.02704220094399594,11.34740000088641
no_drift_control_v1,classical_cds,fraud,8,0.11532520921952219,2.974299999550567
no_drift_control_v1,quantum_angle,population,8,0.012876993712655271,19.18630000000121
no_drift_control_v1,quantum_angle,fraud,8,0.03295989823545087,18.83540000017092
no_drift_control_v1,quantum_zz,population,8,0.006588268742522829,217.03269999852637
no_drift_control_v1,quantum_zz,fraud,8,0.023795130909527562,162.591499998598
no_drift_control_v1,quantum_reupload,population,8,0.006139614668800086,93.80550000059884
no_drift_control_v1,quantum_reupload,fraud,8,0.009797491983485673,70.10059999993246
no_drift_control_v1,mmd_rbf,population,8,0.0,78.631200000018
no_drift_control_v1,mmd_rbf,fraud,8,0.0,18.453900000167778
no_drift_control_v1,domain_classifier,population,8,0.0,42.50769999998738
no_drift_control_v1,domain_classifier,fraud,8,0.0,52.45680000007269
no_drift_control_v1,classical_cds,population,9,0.026542195172771645,32.31930000038119
no_drift_control_v1,classical_cds,fraud,9,0.367333308562064,8.561500000723754
no_drift_control_v1,quantum_angle,population,9,0.0,32.44439999980386
no_drift_control_v1,quantum_angle,fraud,9,0.0,24.822199999107397
no_drift_control_v1,quantum_zz,population,9,0.0,306.8206999996619
no_drift_control_v1,quantum_zz,fraud,9,0.0,170.27799999959825
no_drift_control_v1,quantum_reupload,population,9,0.0,89.14180000101624
no_drift_control_v1,quantum_reupload,fraud,9,0.0,53.17819999982021
no_drift_control_v1,mmd_rbf,population,9,0.0,53.58629999864206
no_drift_control_v1,mmd_rbf,fraud,9,0.019349659559126486,22.369500000422704
no_drift_control_v1,domain_classifier,population,9,0.0,64.1061999995145
no_drift_control_v1,domain_classifier,fraud,9,0.0,55.56989999968209
no_drift_control_v1,classical_cds,population,10,0.026138089567222064,31.442800000149873
no_drift_control_v1,classical_cds,fraud,10,0.25742893341876705,13.744500000029802
no_drift_control_v1,quantum_angle,population,10,0.048038200415299714,39.605900001333794
no_drift_control_v1,quantum_angle,fraud,10,0.031151831254143003,30.48799999851326
no_drift_control_v1,quantum_zz,population,10,0.046903238569989014,239.01810000097612
no_drift_control_v1,quantum_zz,fraud,10,0.026359428980250232,133.23440000021947
no_drift_control_v1,quantum_reupload,population,10,0.043914874948441374,68.84180000088236
no_drift_control_v1,quantum_reupload,fraud,10,0.04925389427706828,43.49460000048566
no_drift_control_v1,mmd_rbf,population,10,0.0,54.570000000239816
no_drift_control_v1,mmd_rbf,fraud,10,0.0,24.244700000053854
no_drift_control_v1,domain_classifier,population,10,0.0,55.15600000035192
no_drift_control_v1,domain_classifier,fraud,10,0.0,48.13500000091153
no_drift_control_v1,classical_cds,population,11,0.026561387456587968,20.37200000086159
no_drift_control_v1,classical_cds,fraud,11,0.10285230221172385,6.882400000904454
no_drift_control_v1,quantum_angle,population,11,0.0265205164848058,26.723999999376247
no_drift_control_v1,quantum_angle,fraud,11,0.002608802174912883,21.178599999984726
no_drift_control_v1,quantum_zz,population,11,0.018599643774770303,155.92590000051132
no_drift_control_v1,quantum_zz,fraud,11,0.0,89.19740000055754
no_drift_control_v1,quantum_reupload,population,11,0.01968293053365533,55.939300000318326
no_drift_control_v1,quantum_reupload,fraud,11,0.005060645889005233,31.447100000150385
no_drift_control_v1,mmd_rbf,population,11,0.0,42.53269999935583
no_drift_control_v1,mmd_rbf,fraud,11,0.0,10.566999999355176
no_drift_control_v1,domain_classifier,population,11,0.001100000000000101,25.478499999735504
no_drift_control_v1,domain_classifier,fraud,11,0.0,17.38619999923685
no_drift_control_v1,classical_cds,population,12,0.02801146699000555,11.864999998579151
no_drift_control_v1,classical_cds,fraud,12,0.2240720600182602,6.695699999909266
no_drift_control_v1,quantum_angle,population,12,0.0323576759389802,19.473000000289176
no_drift_control_v1,quantum_angle,fraud,12,0.0003663960479708406,15.160700000706129
no_drift_control_v1,quantum_zz,population,12,0.025521394600704128,141.79589999912423
no_drift_control_v1,quantum_zz,fraud,12,0.0,99.27419999985432
no_drift_control_v1,quantum_reupload,population,12,0.02363392193800984,55.79729999953997
no_drift_control_v1,quantum_reupload,fraud,12,0.0,46.82169999978214
no_drift_control_v1,mmd_rbf,population,12,0.0,49.13649999980407
no_drift_control_v1,mmd_rbf,fraud,12,0.04879276209328798,25.556000000506174
no_drift_control_v1,domain_classifier,population,12,0.002088888888888807,38.54520000095363
no_drift_control_v1,domain_classifier,fraud,12,0.14291666666666658,37.60760000113805
no_drift_control_v1,classical_cds,population,13,0.02708264044707393,25.863400000162073
no_drift_control_v1,classical_cds,fraud,13,0.08459854513114051,4.292800000257557
no_drift_control_v1,quantum_angle,population,13,0.0,18.643200000951765
no_drift_control_v1,quantum_angle,fraud,13,0.0,13.001299999814364
no_drift_control_v1,quantum_zz,population,13,0.0,153.591399999641
no_drift_control_v1,quantum_zz,fraud,13,0.0,114.54049999883864
no_drift_control_v1,quantum_reupload,population,13,0.0,70.93589999931282
no_drift_control_v1,quantum_reupload,fraud,13,0.0,45.830700000806246
no_drift_control_v1,mmd_rbf,population,13,0.0,66.59750000108033
no_drift_control_v1,mmd_rbf,fraud,13,0.0,20.68909999979951
no_drift_control_v1,domain_classifier,population,13,0.0,40.370299999267445
no_drift_control_v1,domain_classifier,fraud,13,0.0,26.910999999017804
no_drift_control_v1,classical_cds,population,14,0.04167488230714026,23.97209999980987
no_drift_control_v1,classical_cds,fraud,14,0.1820689951954353,3.9300999997067265
no_drift_control_v1,quantum_angle,population,14,0.0,16.182299999854877
no_drift_control_v1,quantum_angle,fraud,14,0.0,12.151700000686105
no_drift_control_v1,quantum_zz,population,14,0.0,126.95770000027551
no_drift_control_v1,quantum_zz,fraud,14,0.0,69.47080000099959
no_drift_control_v1,quantum_reupload,population,14,0.0,58.31580000085523
no_drift_control_v1,quantum_reupload,fraud,14,0.0,37.93270000096527
no_drift_control_v1,mmd_rbf,population,14,0.004470355906864842,35.613599999123835
no_drift_control_v1,mmd_rbf,fraud,14,0.029204168757112736,15.217399999528425
no_drift_control_v1,domain_classifier,population,14,0.0,33.01880000071833
no_drift_control_v1,domain_classifier,fraud,14,0.0,26.626099999703
no_drift_control_v1,classical_cds,population,15,0.028330406825140396,20.20009999978356
no_drift_control_v1,classical_cds,fraud,15,0.11544673731819499,5.357700001695775
no_drift_control_v1,quantum_angle,population,15,0.0,16.52019999892218
no_drift_control_v1,quantum_angle,fraud,15,0.10832005249505205,11.036699999749544
no_drift_control_v1,quantum_zz,population,15,0.0,175.50979999941774
no_drift_control_v1,quantum_zz,fraud,15,0.06361453385002147,109.85439999967639
no_drift_control_v1,quantum_reupload,population,15,0.0,43.72979999970994
no_drift_control_v1,quantum_reupload,fraud,15,0.08219734579753013,35.3612000017165
no_drift_control_v1,mmd_rbf,population,15,0.006829011269481544,50.00409999956901
no_drift_control_v1,mmd_rbf,fraud,15,0.0,15.63470000110101
no_drift_control_v1,domain_classifier,population,15,0.0,31.300099999498343
no_drift_control_v1,domain_classifier,fraud,15,0.06324324324324326,33.71799999877112
no_drift_control_v1,classical_cds,population,16,0.02492100316335282,14.528799998515751
no_drift_control_v1,classical_cds,fraud,16,0.1603381693499995,4.956400000082795
no_drift_control_v1,quantum_angle,population,16,0.04366614978562389,19.119599999612547
no_drift_control_v1,quantum_angle,fraud,16,0.07398882254864392,14.014000000315718
no_drift_control_v1,quantum_zz,population,16,0.03810626096465364,123.84779999956663
no_drift_control_v1,quantum_zz,fraud,16,0.06650388708680854,83.35140000053798
no_drift_control_v1,quantum_reupload,population,16,0.03491479170508194,67.90929999988293
no_drift_control_v1,quantum_reupload,fraud,16,0.07258317855046814,34.46059999987483
no_drift_control_v1,mmd_rbf,population,16,0.0,48.155899999983376
no_drift_control_v1,mmd_rbf,fraud,16,0.0,25.083200000153738
no_drift_control_v1,domain_classifier,population,16,0.0,43.050899999798276
no_drift_control_v1,domain_classifier,fraud,16,0.0,39.19610000048124
no_drift_control_v1,classical_cds,population,17,0.022633496512463387,19.09689999956754
no_drift_control_v1,classical_cds,fraud,17,0.19554566792333203,3.4773999996104976
no_drift_control_v1,quantum_angle,population,17,0.028825705623684805,13.483300001098542
no_drift_control_v1,quantum_angle,fraud,17,0.08893234285484786,14.2773000006855
no_drift_control_v1,quantum_zz,population,17,0.020165622049675314,131.1714999992546
no_drift_control_v1,quantum_zz,fraud,17,0.057536506449940905,170.76189999897906
no_drift_control_v1,quantum_reupload,population,17,0.016737133673290217,63.13889999910316
no_drift_control_v1,quantum_reupload,fraud,17,0.0643537597777184,53.353299999798764
no_drift_control_v1,mmd_rbf,population,17,0.0,29.00679999947897
no_drift_control_v1,mmd_rbf,fraud,17,0.017945890669829323,10.675300000002608
no_drift_control_v1,domain_classifier,population,17,0.020444444444444487,24.062899999989895
no_drift_control_v1,domain_classifier,fraud,17,0.04006289308176103,30.783599999267608
no_drift_control_v1,classical_cds,population,18,0.026595177482576955,13.896700000259443
no_drift_control_v1,classical_cds,fraud,18,0.14381309986065072,3.020000000105938
no_drift_control_v1,quantum_angle,population,18,0.0013955019405812452,13.218599999163416
no_drift_control_v1,quantum_angle,fraud,18,0.02894465782843003,16.589700000622543
no_drift_control_v1,quantum_zz,population,18,0.001134968615886911,213.7282999992749
no_drift_control_v1,quantum_zz,fraud,18,0.0031844641590030864,143.10830000067654
no_drift_control_v1,quantum_reupload,population,18,0.0,68.04480000027979
no_drift_control_v1,quantum_reupload,fraud,18,0.018771211577707447,47.32060000060301
no_drift_control_v1,mmd_rbf,population,18,0.0,46.56729999987874
no_drift_control_v1,mmd_rbf,fraud,18,0.0,11.893699998836382
no_drift_control_v1,domain_classifier,population,18,0.0,23.731999999654363
no_drift_control_v1,domain_classifier,fraud,18,0.0,21.87720000074478
no_drift_control_v1,classical_cds,population,19,0.019912447467086487,20.14189999863447
no_drift_control_v1,classical_cds,fraud,19,0.16961914411632328,5.288600001222221
no_drift_control_v1,quantum_angle,population,19,0.0,20.845799999733572
no_drift_control_v1,quantum_angle,fraud,19,0.034185726718436116,16.87579999997979
no_drift_control_v1,quantum_zz,population,19,0.0,144.8078000012174
no_drift_control_v1,quantum_zz,fraud,19,0.006835833275882441,106.03500000070198
no_drift_control_v1,quantum_reupload,population,19,0.0,48.301599999831524
no_drift_control_v1,quantum_reupload,fraud,19,0.024335931686109147,42.93449999931909
no_drift_control_v1,mmd_rbf,population,19,0.0,51.77650000041467
no_drift_control_v1,mmd_rbf,fraud,19,0.0,19.99960000102874
no_drift_control_v1,domain_classifier,population,19,0.0,23.572199999762233
no_drift_control_v1,domain_classifier,fraud,19,0.0,20.20049999919138
no_drift_control_v1,classical_cds,population,20,0.023021831366339292,24.38810000057856
no_drift_control_v1,classical_cds,fraud,20,0.1449759213533945,6.979100000535254
no_drift_control_v1,quantum_angle,population,20,0.0003751898612081028,16.81989999997313
no_drift_control_v1,quantum_angle,fraud,20,0.0,14.58479999928386
no_drift_control_v1,quantum_zz,population,20,0.0010507995689270633,123.20069999987027
no_drift_control_v1,quantum_zz,fraud,20,0.0,61.81509999987611
no_drift_control_v1,quantum_reupload,population,20,0.0,49.177399998370674
no_drift_control_v1,quantum_reupload,fraud,20,0.0,45.361899999988964
no_drift_control_v1,mmd_rbf,population,20,0.0,35.163300000931486
no_drift_control_v1,mmd_rbf,fraud,20,0.0,12.334999999438878
no_drift_control_v1,domain_classifier,population,20,0.0,24.040799999056617
no_drift_control_v1,domain_classifier,fraud,20,0.0,26.930500000162283
no_drift_control_v1,classical_cds,population,21,0.022088012121490724,12.581900000441237
no_drift_control_v1,classical_cds,fraud,21,0.11262288667756654,9.632600000259117
no_drift_control_v1,quantum_angle,population,21,0.0075043826310391415,20.806500000617234
no_drift_control_v1,quantum_angle,fraud,21,0.0070578294589919155,11.102399999799673
no_drift_control_v1,quantum_zz,population,21,0.0017346175846787437,147.80590000009397
no_drift_control_v1,quantum_zz,fraud,21,0.0,85.44719999918016
no_drift_control_v1,quantum_reupload,population,21,0.0,35.412699999142205
no_drift_control_v1,quantum_reupload,fraud,21,0.0007966643714358845,33.533099998749094
no_drift_control_v1,mmd_rbf,population,21,0.0,33.07680000034452
no_drift_control_v1,mmd_rbf,fraud,21,0.010113276915466374,12.155999998867628
no_drift_control_v1,domain_classifier,population,21,0.0008444444444446475,30.703800000992487
no_drift_control_v1,domain_classifier,fraud,21,0.0040000000000000036,33.915499998329324
no_drift_control_v1,classical_cds,population,22,0.03319430616622747,15.576299998429022
no_drift_control_v1,classical_cds,fraud,22,0.3466650982684942,5.334700001185411
no_drift_control_v1,quantum_angle,population,22,0.0,18.723199998930795
no_drift_control_v1,quantum_angle,fraud,22,0.0024406523994371376,18.103800000972115
no_drift_control_v1,quantum_zz,population,22,0.0,205.15770000019984
no_drift_control_v1,quantum_zz,fraud,22,0.0,103.27400000096532
no_drift_control_v1,quantum_reupload,population,22,0.0,42.46389999934763
no_drift_control_v1,quantum_reupload,fraud,22,0.0,52.063600000110455
no_drift_control_v1,mmd_rbf,population,22,0.0,56.910100000095554
no_drift_control_v1,mmd_rbf,fraud,22,0.0,13.914700000896119
no_drift_control_v1,domain_classifier,population,22,0.0,30.397700000321493
no_drift_control_v1,domain_classifier,fraud,22,0.0,17.825000000811997
no_drift_control_v1,classical_cds,population,23,0.02653067841621464,11.861699998917175
no_drift_control_v1,classical_cds,fraud,23,0.32519367598728177,3.6954000006517163
no_drift_control_v1,quantum_angle,population,23,0.0,12.778100001014536
no_drift_control_v1,quantum_angle,fraud,23,0.0588894692339017,15.417599999636877
no_drift_control_v1,quantum_zz,population,23,0.0,187.20589999975346
no_drift_control_v1,quantum_zz,fraud,23,0.03455490144883566,124.89110000024084
no_drift_control_v1,quantum_reupload,population,23,0.0,45.05070000050182
no_drift_control_v1,quantum_reupload,fraud,23,0.06175713574274644,31.072199999471195
no_drift_control_v1,mmd_rbf,population,23,0.0,45.32350000044971
no_drift_control_v1,mmd_rbf,fraud,23,0.0,11.94000000032247
no_drift_control_v1,domain_classifier,population,23,0.0,21.648199999617646
no_drift_control_v1,domain_classifier,fraud,23,0.0,21.622199999910663
no_drift_control_v1,classical_cds,population,24,0.028116573425223994,20.359099999041064
no_drift_control_v1,classical_cds,fraud,24,0.13134120734151944,2.8477000014390796
no_drift_control_v1,quantum_angle,population,24,0.0585269908747964,14.873000000079628
no_drift_control_v1,quantum_angle,fraud,24,0.09217696346396964,17.757100000380888
no_drift_control_v1,quantum_zz,population,24,0.048618660533043756,128.5991999993712
no_drift_control_v1,quantum_zz,fraud,24,0.08167028336283244,87.58309999939229
no_drift_control_v1,quantum_reupload,population,24,0.043354027227579084,44.585100000404054
no_drift_control_v1,quantum_reupload,fraud,24,0.11206381355178463,46.414299999014474
no_drift_control_v1,mmd_rbf,population,24,0.0024758620399258913,70.24840000121912
no_drift_control_v1,mmd_rbf,fraud,24,0.0,16.478499999720952
no_drift_control_v1,domain_classifier,population,24,0.031466666666666754,48.75240000001213
no_drift_control_v1,domain_classifier,fraud,24,0.08513333333333328,30.075800001213793
no_drift_control_v1,classical_cds,population,25,0.027173913215753645,11.872600000060629
no_drift_control_v1,classical_cds,fraud,25,0.35830010358853315,3.4464000000298256
no_drift_control_v1,quantum_angle,population,25,0.0,14.205399998900248
no_drift_control_v1,quantum_angle,fraud,25,0.0,11.095199999545002
no_drift_control_v1,quantum_zz,population,25,0.0,155.77159999884316
no_drift_control_v1,quantum_zz,fraud,25,0.0,156.57920000012382
no_drift_control_v1,quantum_reupload,population,25,0.0,64.81259999964095
no_drift_control_v1,quantum_reupload,fraud,25,0.0,51.70449999968696
no_drift_control_v1,mmd_rbf,population,25,0.0,46.07829999986279
no_drift_control_v1,mmd_rbf,fraud,25,0.008334584759452923,9.761699999216944
no_drift_control_v1,domain_classifier,population,25,0.023866666666666703,26.818899999852874
no_drift_control_v1,domain_classifier,fraud,25,0.0620952380952382,23.51230000022042
no_drift_control_v1,classical_cds,population,26,0.026200933818617225,14.48789999994915
no_drift_control_v1,classical_cds,fraud,26,0.22261850511218423,4.3827000008604955
no_drift_control_v1,quantum_angle,population,26,0.0,18.60090000081982
no_drift_control_v1,quantum_angle,fraud,26,0.0,12.214300000778167
no_drift_control_v1,quantum_zz,population,26,0.0,157.72029999970982
no_drift_control_v1,quantum_zz,fraud,26,0.0,81.69979999911448
no_drift_control_v1,quantum_reupload,population,26,0.0,50.994100000025355
no_drift_control_v1,quantum_reupload,fraud,26,0.0,38.99189999901864
no_drift_control_v1,mmd_rbf,population,26,0.0,57.37800000133575
no_drift_control_v1,mmd_rbf,fraud,26,0.0,11.615399998845533
no_drift_control_v1,domain_classifier,population,26,0.0,30.21690000059607
no_drift_control_v1,domain_classifier,fraud,26,0.06400000000000006,19.996499999251682
no_drift_control_v1,classical_cds,population,27,0.02792258661608565,11.809199999333941
no_drift_control_v1,classical_cds,fraud,27,0.28162020348927885,3.9845000010245712
no_drift_control_v1,quantum_angle,population,27,0.005066245261308611,18.674699998882716
no_drift_control_v1,quantum_angle,fraud,27,0.16190295423227108,12.871000000814092
no_drift_control_v1,quantum_zz,population,27,0.002887515254533679,129.0417999989586
no_drift_control_v1,quantum_zz,fraud,27,0.09891250349108549,86.52209999854676
no_drift_control_v1,quantum_reupload,population,27,0.0010061377654299042,72.26510000145936
no_drift_control_v1,quantum_reupload,fraud,27,0.143470013959468,53.61369999991439
no_drift_control_v1,mmd_rbf,population,27,0.0,30.28910000102769
no_drift_control_v1,mmd_rbf,fraud,27,0.022141351913938623,13.691000000108033
no_drift_control_v1,domain_classifier,population,27,0.0,24.49239999987185
no_drift_control_v1,domain_classifier,fraud,27,0.032612612612612724,22.235800000999006
no_drift_control_v1,classical_cds,population,28,0.023717586871615917,11.984799999481766
no_drift_control_v1,classical_cds,fraud,28,0.3517151974189451,5.044499999712571
no_drift_control_v1,quantum_angle,population,28,0.0,16.760100001192768
no_drift_control_v1,quantum_angle,fraud,28,0.0,13.096100001348532
no_drift_control_v1,quantum_zz,population,28,0.0,119.99640000067302
no_drift_control_v1,quantum_zz,fraud,28,0.0,78.79719999982626
no_drift_control_v1,quantum_reupload,population,28,0.0,65.08200000098441
no_drift_control_v1,quantum_reupload,fraud,28,0.0,39.44890000093437
no_drift_control_v1,mmd_rbf,population,28,0.0,46.23949999950128
no_drift_control_v1,mmd_rbf,fraud,28,0.022977297038907274,21.25079999859736
no_drift_control_v1,domain_classifier,population,28,0.0,38.60119999990275
no_drift_control_v1,domain_classifier,fraud,28,0.12303921568627452,21.149899999727495
no_drift_control_v1,classical_cds,population,29,0.040457741008992396,18.18939999975555
no_drift_control_v1,classical_cds,fraud,29,0.3506145831784689,3.503600000840379
no_drift_control_v1,quantum_angle,population,29,0.07665079648170825,18.3006999995996
no_drift_control_v1,quantum_angle,fraud,29,0.1340675488460017,14.165200000206823
no_drift_control_v1,quantum_zz,population,29,0.0715151522055616,103.50580000158516
no_drift_control_v1,quantum_zz,fraud,29,0.1137773492275782,84.9067000017385
no_drift_control_v1,quantum_reupload,population,29,0.07361222705518211,71.73640000110026
no_drift_control_v1,quantum_reupload,fraud,29,0.15217760662136293,34.87870000026305
no_drift_control_v1,mmd_rbf,population,29,0.003126941979531672,49.470199999632314
no_drift_control_v1,mmd_rbf,fraud,29,0.012627456603651055,10.195900000326219
no_drift_control_v1,domain_classifier,population,29,0.03795555555555552,40.48340000008466
no_drift_control_v1,domain_classifier,fraud,29,0.11659090909090919,34.39789999902132
no_drift_control_v1,classical_cds,population,30,0.023871747388767427,18.378900000243448
no_drift_control_v1,classical_cds,fraud,30,0.1930815513252986,3.1643999991501914
no_drift_control_v1,quantum_angle,population,30,0.0,18.00830000138376
no_drift_control_v1,quantum_angle,fraud,30,0.09775924056774388,14.054400000532041
no_drift_control_v1,quantum_zz,population,30,0.0,125.21639999977197
no_drift_control_v1,quantum_zz,fraud,30,0.08041489127639856,151.36440000060247
no_drift_control_v1,quantum_reupload,population,30,0.0,73.70300000002317
no_drift_control_v1,quantum_reupload,fraud,30,0.1175924698384212,42.15199999998731
no_drift_control_v1,mmd_rbf,population,30,0.0,42.78160000103526
no_drift_control_v1,mmd_rbf,fraud,30,0.0,11.569799999051611
no_drift_control_v1,domain_classifier,population,30,0.0,31.99019999919983
no_drift_control_v1,domain_classifier,fraud,30,0.0,27.130899999974645
no_drift_control_v1,classical_cds,population,31,0.03354847276771016,32.40600000026461
no_drift_control_v1,classical_cds,fraud,31,0.10584076977754324,5.836700000145356
no_drift_control_v1,quantum_angle,population,31,0.00010953762395993216,62.42560000100639
no_drift_control_v1,quantum_angle,fraud,31,0.0693601089627005,29.945300000690622
no_drift_control_v1,quantum_zz,population,31,0.0,107.28839999865158
no_drift_control_v1,quantum_zz,fraud,31,0.019923055957288716,85.70210000107181
no_drift_control_v1,quantum_reupload,population,31,0.0,75.27649999974528
no_drift_control_v1,quantum_reupload,fraud,31,0.0470873876120087,26.959799999531242
no_drift_control_v1,mmd_rbf,population,31,0.0,37.5400000011723
no_drift_control_v1,mmd_rbf,fraud,31,0.0,21.6588999992382
no_drift_control_v1,domain_classifier,population,31,0.0,38.27439999986382
no_drift_control_v1,domain_classifier,fraud,31,0.014962962962962845,25.59320000000298
no_drift_control_v1,classical_cds,population,32,0.03036500250626952,13.822199998685392
no_drift_control_v1,classical_cds,fraud,32,0.12850872131858443,2.9961999989609467
no_drift_control_v1,quantum_angle,population,32,0.0011799884349730227,17.10349999848404
no_drift_control_v1,quantum_angle,fraud,32,0.015903976371512196,10.646500000802916
no_drift_control_v1,quantum_zz,population,32,0.0,140.9951000005094
no_drift_control_v1,quantum_zz,fraud,32,0.0038388844951428025,100.05509999973583
no_drift_control_v1,quantum_reupload,population,32,0.0,63.4314999988419
no_drift_control_v1,quantum_reupload,fraud,32,0.009022471497034834,42.7384999984497
no_drift_control_v1,mmd_rbf,population,32,0.0,43.15909999968426
no_drift_control_v1,mmd_rbf,fraud,32,0.0,13.423599999441649
no_drift_control_v1,domain_classifier,population,32,0.0,39.08679999949527
no_drift_control_v1,domain_classifier,fraud,32,0.0,26.646800000889925
no_drift_control_v1,classical_cds,population,33,0.02438611844129073,14.611500000683009
no_drift_control_v1,classical_cds,fraud,33,0.2558826849023943,4.512999999860767
no_drift_control_v1,quantum_angle,population,33,0.0,14.664700000139419
no_drift_control_v1,quantum_angle,fraud,33,0.0877924926151259,17.252699999517063
no_drift_control_v1,quantum_zz,population,33,0.0,151.67070000097738
no_drift_control_v1,quantum_zz,fraud,33,0.07266330027616208,77.93209999908868
no_drift_control_v1,quantum_reupload,population,33,0.0,68.0300999993051
no_drift_control_v1,quantum_reupload,fraud,33,0.07814690296413807,49.992600001132814
no_drift_control_v1,mmd_rbf,population,33,0.0,36.286099999415455
no_drift_control_v1,mmd_rbf,fraud,33,0.0,12.430500000846223
no_drift_control_v1,domain_classifier,population,33,0.0,32.526099999813596
no_drift_control_v1,domain_classifier,fraud,33,0.0,27.56240000053367
no_drift_control_v1,classical_cds,population,34,0.02547494100626723,14.517800000248826
no_drift_control_v1,classical_cds,fraud,34,0.2574447041386934,3.8955999989411794
no_drift_control_v1,quantum_angle,population,34,0.0,19.55459999953746
no_drift_control_v1,quantum_angle,fraud,34,0.0,15.556099999230355
no_drift_control_v1,quantum_zz,population,34,0.0,199.97690000127477
no_drift_control_v1,quantum_zz,fraud,34,0.0,131.36440000016592
no_drift_control_v1,quantum_reupload,population,34,0.0,44.12670000056096
no_drift_control_v1,quantum_reupload,fraud,34,0.0,41.031099999599974
no_drift_control_v1,mmd_rbf,population,34,0.0,36.75139999904786
no_drift_control_v1,mmd_rbf,fraud,34,0.0,11.384499999621767
no_drift_control_v1,domain_classifier,population,34,0.0,26.198600000498118
no_drift_control_v1,domain_classifier,fraud,34,0.0,24.937000000136322
no_drift_control_v1,classical_cds,population,35,0.027278977228298817,18.196099999840953
no_drift_control_v1,classical_cds,fraud,35,0.3959977539159584,3.3155999990412965
no_drift_control_v1,quantum_angle,population,35,0.0,13.392100001510698
no_drift_control_v1,quantum_angle,fraud,35,0.0,10.405600000012782
no_drift_control_v1,quantum_zz,population,35,0.0,137.85099999950035
no_drift_control_v1,quantum_zz,fraud,35,0.0,83.67019999968761
no_drift_control_v1,quantum_reupload,population,35,0.0,77.37330000054499
no_drift_control_v1,quantum_reupload,fraud,35,0.0,42.753199999424396
no_drift_control_v1,mmd_rbf,population,35,0.0,35.109200000079
no_drift_control_v1,mmd_rbf,fraud,35,0.014994680146560802,10.007300001234398
no_drift_control_v1,domain_classifier,population,35,0.0067777777777777715,31.88179999960994
no_drift_control_v1,domain_classifier,fraud,35,0.2925490196078433,25.199499999871477
no_drift_control_v1,classical_cds,population,36,0.026825419571660562,21.318500001143548
no_drift_control_v1,classical_cds,fraud,36,0.08339800966001144,7.716400001299917
no_drift_control_v1,quantum_angle,population,36,0.016072957219093853,31.379400001242175
no_drift_control_v1,quantum_angle,fraud,36,0.0,23.50529999966966
no_drift_control_v1,quantum_zz,population,36,0.01948371804933724,154.2437999996764
no_drift_control_v1,quantum_zz,fraud,36,0.0,64.20249999973748
no_drift_control_v1,quantum_reupload,population,36,0.0234237416068378,67.25890000052459
no_drift_control_v1,quantum_reupload,fraud,36,0.0,59.861200001250836
no_drift_control_v1,mmd_rbf,population,36,0.0,64.18130000020028
no_drift_control_v1,mmd_rbf,fraud,36,0.0,23.301400000491412
no_drift_control_v1,domain_classifier,population,36,0.0,44.77960000076564
no_drift_control_v1,domain_classifier,fraud,36,0.0,28.74309999970137
no_drift_control_v1,classical_cds,population,37,0.026366512473658357,24.54049999869312
no_drift_control_v1,classical_cds,fraud,37,0.17266097730069685,6.107200000769808
no_drift_control_v1,quantum_angle,population,37,0.0,24.95170000111102
no_drift_control_v1,quantum_angle,fraud,37,0.0,19.235700001445366
no_drift_control_v1,quantum_zz,population,37,0.0,134.40189999892027
no_drift_control_v1,quantum_zz,fraud,37,0.0,78.95170000119833
no_drift_control_v1,quantum_reupload,population,37,0.0,46.28409999895666
no_drift_control_v1,quantum_reupload,fraud,37,0.0,30.699200000526616
no_drift_control_v1,mmd_rbf,population,37,0.0,42.063700000653625
no_drift_control_v1,mmd_rbf,fraud,37,0.030702940612692853,13.037700000495533
no_drift_control_v1,domain_classifier,population,37,0.0,29.893700000684476
no_drift_control_v1,domain_classifier,fraud,37,0.17050505050505071,24.808299998767325
no_drift_control_v1,classical_cds,population,38,0.03432887572203627,15.852099999392522
no_drift_control_v1,classical_cds,fraud,38,0.13079279960650833,3.0309000012493925
no_drift_control_v1,quantum_angle,population,38,0.0,14.959399999497691
no_drift_control_v1,quantum_angle,fraud,38,0.047224280328299395,18.319099999644095
no_drift_control_v1,quantum_zz,population,38,0.0,139.21490000029735
no_drift_control_v1,quantum_zz,fraud,38,0.033521768073141,115.53389999971841
no_drift_control_v1,quantum_reupload,population,38,0.0,55.34960000113642
no_drift_control_v1,quantum_reupload,fraud,38,0.03596755289559417,39.58450000027369
no_drift_control_v1,mmd_rbf,population,38,0.0,36.97379999903205
no_drift_control_v1,mmd_rbf,fraud,38,0.0,10.42290000077628
no_drift_control_v1,domain_classifier,population,38,0.0,28.272900000956724
no_drift_control_v1,domain_classifier,fraud,38,0.0,33.50529999988794
no_drift_control_v1,classical_cds,population,39,0.022470297443566004,23.554999999760184
no_drift_control_v1,classical_cds,fraud,39,0.11553985107247153,8.017000000108965
no_drift_control_v1,quantum_angle,population,39,0.020716182330140387,19.433700001172838
no_drift_control_v1,quantum_angle,fraud,39,0.09508722327992836,17.023000000335742
no_drift_control_v1,quantum_zz,population,39,0.020761889692722746,165.19609999886598
no_drift_control_v1,quantum_zz,fraud,39,0.08922240484772959,120.05909999970754
no_drift_control_v1,quantum_reupload,population,39,0.01888535514874712,81.57990000108839
no_drift_control_v1,quantum_reupload,fraud,39,0.10070805780660042,74.9589000006381
no_drift_control_v1,mmd_rbf,population,39,0.0,42.789799999809475
no_drift_control_v1,mmd_rbf,fraud,39,0.0,11.629399999947054
no_drift_control_v1,domain_classifier,population,39,0.0,24.731200001042453
no_drift_control_v1,domain_classifier,fraud,39,0.0,21.091099999466678
no_drift_control_v1,classical_cds,population,40,0.030029746614386815,16.05830000153219
no_drift_control_v1,classical_cds,fraud,40,0.1829570749170566,3.0433000010816613
no_drift_control_v1,quantum_angle,population,40,0.019306130867536075,12.683999999353546
no_drift_control_v1,quantum_angle,fraud,40,0.0,11.367999999492895
no_drift_control_v1,quantum_zz,population,40,0.012239470039821287,144.9176999994961
no_drift_control_v1,quantum_zz,fraud,40,0.0,105.11190000033821
no_drift_control_v1,quantum_reupload,population,40,0.01602421935193865,34.795999999914784
no_drift_control_v1,quantum_reupload,fraud,40,0.0,35.63949999988836
no_drift_control_v1,mmd_rbf,population,40,0.0,35.7772000006662
no_drift_control_v1,mmd_rbf,fraud,40,0.0,11.443700001109391
no_drift_control_v1,domain_classifier,population,40,0.04331111111111108,36.3521999988734
no_drift_control_v1,domain_classifier,fraud,40,0.0,41.72959999959858
no_drift_control_v1,classical_cds,population,41,0.027769175583733097,14.93560000017169
no_drift_control_v1,classical_cds,fraud,41,0.21269787815141847,3.6208000001352048
no_drift_control_v1,quantum_angle,population,41,0.01679620277512983,14.330100000734092
no_drift_control_v1,quantum_angle,fraud,41,0.028643301323626913,22.027600000001257
no_drift_control_v1,quantum_zz,population,41,0.016112150277682646,170.53479999958654
no_drift_control_v1,quantum_zz,fraud,41,0.010268490418663623,127.55640000068524
no_drift_control_v1,quantum_reupload,population,41,0.010575912114598518,46.73449999972945
no_drift_control_v1,quantum_reupload,fraud,41,0.015838803232659626,29.075499998725718
no_drift_control_v1,mmd_rbf,population,41,0.0,52.49720000028901
no_drift_control_v1,mmd_rbf,fraud,41,0.0,13.357600000745151
no_drift_control_v1,domain_classifier,population,41,0.0,25.057200000446755
no_drift_control_v1,domain_classifier,fraud,41,0.0,23.707199999989825
no_drift_control_v1,classical_cds,population,42,0.021187117670827135,19.949800000176765
no_drift_control_v1,classical_cds,fraud,42,0.19464140191751536,7.295999999769265
no_drift_control_v1,quantum_angle,population,42,0.02090681658680693,22.98470000096131
no_drift_control_v1,quantum_angle,fraud,42,0.046285446573052,16.06039999933273
no_drift_control_v1,quantum_zz,population,42,0.02236358845418429,155.53600000021106
no_drift_control_v1,quantum_zz,fraud,42,0.02402800831918006,139.89330000003974
no_drift_control_v1,quantum_reupload,population,42,0.017144155114024007,78.40009999927133
no_drift_control_v1,quantum_reupload,fraud,42,0.03069859517419482,51.98680000103195
no_drift_control_v1,mmd_rbf,population,42,0.0,53.883099999438855
no_drift_control_v1,mmd_rbf,fraud,42,0.016950431194463267,10.456199999680393
no_drift_control_v1,domain_classifier,population,42,0.026977777777777767,16.813500000353088
no_drift_control_v1,domain_classifier,fraud,42,0.0014583333333333393,13.790400000289083
no_drift_control_v1,classical_cds,population,43,0.029364674633878755,11.880100000780658
no_drift_control_v1,classical_cds,fraud,43,0.3543413252835015,7.44249999843305
no_drift_control_v1,quantum_angle,population,43,0.027121963263614268,27.897199999642908
no_drift_control_v1,quantum_angle,fraud,43,0.07664775830394122,19.521599999279715
no_drift_control_v1,quantum_zz,population,43,0.022617698537349296,159.61419999985083
no_drift_control_v1,quantum_zz,fraud,43,0.04600108354422017,89.82420000029379
no_drift_control_v1,quantum_reupload,population,43,0.022150875877450793,45.063999999911175
no_drift_control_v1,quantum_reupload,fraud,43,0.06524972226335013,46.67150000022957
no_drift_control_v1,mmd_rbf,population,43,0.0,44.340600001305575
no_drift_control_v1,mmd_rbf,fraud,43,0.002191452121563353,18.88159999907657
no_drift_control_v1,domain_classifier,population,43,0.0480666666666667,31.016199998703087
no_drift_control_v1,domain_classifier,fraud,43,0.0,31.195300000035786
no_drift_control_v1,classical_cds,population,44,0.025851136269890395,16.2441000011313
no_drift_control_v1,classical_cds,fraud,44,0.17888579056879705,7.366699999693083
no_drift_control_v1,quantum_angle,population,44,0.0,25.923999999577063
no_drift_control_v1,quantum_angle,fraud,44,0.0,27.752999998483574
no_drift_control_v1,quantum_zz,population,44,0.0,232.85299999952258
no_drift_control_v1,quantum_zz,fraud,44,0.0,139.69660000111617
no_drift_control_v1,quantum_reupload,population,44,0.0,62.89160000051197
no_drift_control_v1,quantum_reupload,fraud,44,0.0,39.26859999955923
no_drift_control_v1,mmd_rbf,population,44,0.0,47.90870000033465
no_drift_control_v1,mmd_rbf,fraud,44,0.0,18.29150000048685
no_drift_control_v1,domain_classifier,population,44,0.0,34.98559999934514
no_drift_control_v1,domain_classifier,fraud,44,0.03985507246376807,24.51660000042466
no_drift_control_v1,classical_cds,population,45,0.027790047279361053,11.761300000216579
no_drift_control_v1,classical_cds,fraud,45,0.4188434493792579,2.9988000005687354
no_drift_control_v1,quantum_angle,population,45,0.0,18.849500000214903
no_drift_control_v1,quantum_angle,fraud,45,0.0,23.436499999661464
no_drift_control_v1,quantum_zz,population,45,0.0,135.5941999991046
no_drift_control_v1,quantum_zz,fraud,45,0.0,82.100999999966
no_drift_control_v1,quantum_reupload,population,45,0.0,62.59610000051907
no_drift_control_v1,quantum_reupload,fraud,45,0.0,34.19420000136597
no_drift_control_v1,mmd_rbf,population,45,0.0,53.52780000066559
no_drift_control_v1,mmd_rbf,fraud,45,0.0348517559800241,13.216099998317077
no_drift_control_v1,domain_classifier,population,45,0.032200000000000006,45.25399999874935
no_drift_control_v1,domain_classifier,fraud,45,0.1928682170542635,46.47769999974116
no_drift_control_v1,classical_cds,population,46,0.02764722007414272,32.94789999927161
no_drift_control_v1,classical_cds,fraud,46,0.19672002402300345,6.207200000062585
no_drift_control_v1,quantum_angle,population,46,0.047592431384593126,39.78830000050948
no_drift_control_v1,quantum_angle,fraud,46,0.007371562253515984,18.463799999153707
no_drift_control_v1,quantum_zz,population,46,0.04061654157870931,207.5660999998945
no_drift_control_v1,quantum_zz,fraud,46,0.009199601503138699,133.917900000597
no_drift_control_v1,quantum_reupload,population,46,0.04635147227744396,58.21339999965858
no_drift_control_v1,quantum_reupload,fraud,46,0.020073697630553333,52.53489999995509
no_drift_control_v1,mmd_rbf,population,46,0.0,35.52359999957844
no_drift_control_v1,mmd_rbf,fraud,46,0.0,28.855200000180048
no_drift_control_v1,domain_classifier,population,46,0.0,28.152299999419483
no_drift_control_v1,domain_classifier,fraud,46,0.0,21.198000000367756
no_drift_control_v1,classical_cds,population,47,0.026155626327856785,18.872500000725267
no_drift_control_v1,classical_cds,fraud,47,0.20748017451417833,6.252400000448688
no_drift_control_v1,quantum_angle,population,47,0.0,23.262400000021444
no_drift_control_v1,quantum_angle,fraud,47,0.1401497519348841,18.658300001334283
no_drift_control_v1,quantum_zz,population,47,0.0,163.80439999920782
no_drift_control_v1,quantum_zz,fraud,47,0.11526483135998178,142.46249999996508
no_drift_control_v1,quantum_reupload,population,47,0.0,40.665500000613974
no_drift_control_v1,quantum_reupload,fraud,47,0.1676340075631355,28.470799999922747
no_drift_control_v1,mmd_rbf,population,47,0.0,44.64650000045367
no_drift_control_v1,mmd_rbf,fraud,47,0.025820423748096566,9.709900001325877
no_drift_control_v1,domain_classifier,population,47,0.0,20.170199999483884
no_drift_control_v1,domain_classifier,fraud,47,0.0886842105263157,16.330000000380096
no_drift_control_v1,classical_cds,population,48,0.02334384823899322,22.04899999924237
no_drift_control_v1,classical_cds,fraud,48,0.3353254541355328,8.177100000466453
no_drift_control_v1,quantum_angle,population,48,0.031044787878333535,27.43460000056075
no_drift_control_v1,quantum_angle,fraud,48,0.0,22.321300000839983
no_drift_control_v1,quantum_zz,population,48,0.023470681449904607,114.36909999974887
no_drift_control_v1,quantum_zz,fraud,48,0.0,116.93909999848984
no_drift_control_v1,quantum_reupload,population,48,0.019671511288873234,32.84359999997832
no_drift_control_v1,quantum_reupload,fraud,48,0.00491105794976654,58.731500001158565
no_drift_control_v1,mmd_rbf,population,48,0.0,61.90919999971811
no_drift_control_v1,mmd_rbf,fraud,48,0.045559046805629944,21.448400000736
no_drift_control_v1,domain_classifier,population,48,0.0,50.03049999868381
no_drift_control_v1,domain_classifier,fraud,48,0.15102564102564098,39.41370000029565
no_drift_control_v1,classical_cds,population,49,0.028252494095091188,24.459500000375556
no_drift_control_v1,classical_cds,fraud,49,0.4059508484528969,4.652700001315679
no_drift_control_v1,quantum_angle,population,49,0.0,12.53290000022389
no_drift_control_v1,quantum_angle,fraud,49,0.0,10.296699998434633
no_drift_control_v1,quantum_zz,population,49,0.0,170.81549999966228
no_drift_control_v1,quantum_zz,fraud,49,0.0,84.9158000000898
no_drift_control_v1,quantum_reupload,population,49,0.0,55.179900000439375
no_drift_control_v1,quantum_reupload,fraud,49,0.0,56.32340000011027
no_drift_control_v1,mmd_rbf,population,49,0.0,57.26450000111072
no_drift_control_v1,mmd_rbf,fraud,49,0.0,9.495799999058363
no_drift_control_v1,domain_classifier,population,49,0.0,35.60450000077253
no_drift_control_v1,domain_classifier,fraud,49,0.0,20.18799999859766
no_drift_control_v1,classical_cds,population,50,0.02883302209122779,20.14909999888914
no_drift_control_v1,classical_cds,fraud,50,0.303996429508636,4.0662999999767635
no_drift_control_v1,quantum_angle,population,50,0.0,21.55990000028396
no_drift_control_v1,quantum_angle,fraud,50,0.008389518376641814,20.69349999874248
no_drift_control_v1,quantum_zz,population,50,0.0,115.2392999993026
no_drift_control_v1,quantum_zz,fraud,50,0.0,109.58350000146311
no_drift_control_v1,quantum_reupload,population,50,0.0,52.52370000016526
no_drift_control_v1,quantum_reupload,fraud,50,0.0,41.16539999995439
no_drift_control_v1,mmd_rbf,population,50,0.0,68.05069999973057
no_drift_control_v1,mmd_rbf,fraud,50,0.0,23.489899998821784
no_drift_control_v1,domain_classifier,population,50,0.0,50.57680000027176
no_drift_control_v1,domain_classifier,fraud,50,0.0,41.38989999955811
no_drift_control_v1,classical_cds,population,51,0.02978946489410847,15.621700000338024
no_drift_control_v1,classical_cds,fraud,51,0.14884244605685865,2.8913000005559297
no_drift_control_v1,quantum_angle,population,51,0.0,12.953499999639462
no_drift_control_v1,quantum_angle,fraud,51,0.0,11.802799999713898
no_drift_control_v1,quantum_zz,population,51,0.0,134.9848000008933
no_drift_control_v1,quantum_zz,fraud,51,0.0,110.03209999944374
no_drift_control_v1,quantum_reupload,population,51,0.0,43.01069999928586
no_drift_control_v1,quantum_reupload,fraud,51,0.0,28.912199999467703
no_drift_control_v1,mmd_rbf,population,51,0.0,54.94200000066485
no_drift_control_v1,mmd_rbf,fraud,51,0.028422414281676023,23.791599998730817
no_drift_control_v1,domain_classifier,population,51,0.0,39.312900000368245
no_drift_control_v1,domain_classifier,fraud,51,0.11039682539682527,28.330500001175096
no_drift_control_v1,classical_cds,population,52,0.026087763836794974,20.030300000144052
no_drift_control_v1,classical_cds,fraud,52,0.15474534137933696,3.378299999894807
no_drift_control_v1,quantum_angle,population,52,0.028824423592731296,13.549400000556489
no_drift_control_v1,quantum_angle,fraud,52,0.10233714651033032,16.864299999724608
no_drift_control_v1,quantum_zz,population,52,0.016195532149580583,140.0848000012047
no_drift_control_v1,quantum_zz,fraud,52,0.10011034628115933,83.59360000031302
no_drift_control_v1,quantum_reupload,population,52,0.00853515669806193,80.98179999979038
no_drift_control_v1,quantum_reupload,fraud,52,0.12066415252269813,57.79339999935473
no_drift_control_v1,mmd_rbf,population,52,0.0,56.83790000148292
no_drift_control_v1,mmd_rbf,fraud,52,0.009463179319691095,9.599799999705283
no_drift_control_v1,domain_classifier,population,52,0.0,23.61199999904784
no_drift_control_v1,domain_classifier,fraud,52,0.06914285714285717,32.82209999997576
no_drift_control_v1,classical_cds,population,53,0.030322722280509418,31.747099999847705
no_drift_control_v1,classical_cds,fraud,53,0.35034804432012845,4.219799999191309
no_drift_control_v1,quantum_angle,population,53,0.0,15.567700000246987
no_drift_control_v1,quantum_angle,fraud,53,0.00839358299607773,15.491199999814853
no_drift_control_v1,quantum_zz,population,53,0.0,177.1195000001171
no_drift_control_v1,quantum_zz,fraud,53,0.015665442529213758,112.94360000101733
no_drift_control_v1,quantum_reupload,population,53,0.0,76.46290000047884
no_drift_control_v1,quantum_reupload,fraud,53,0.019902493724983206,46.808200000668876
no_drift_control_v1,mmd_rbf,population,53,0.0,68.37890000133484
no_drift_control_v1,mmd_rbf,fraud,53,0.0,15.03450000018347
no_drift_control_v1,domain_classifier,population,53,0.0,33.109500000136904
no_drift_control_v1,domain_classifier,fraud,53,0.2284848484848485,22.979200000918354
no_drift_control_v1,classical_cds,population,54,0.030284051445988253,12.705999999525375
no_drift_control_v1,classical_cds,fraud,54,0.38562560777868116,3.05109999862907
no_drift_control_v1,quantum_angle,population,54,0.0,12.695299999904819
no_drift_control_v1,quantum_angle,fraud,54,0.0,14.299500000561238
no_drift_control_v1,quantum_zz,population,54,0.0,97.43639999942388
no_drift_control_v1,quantum_zz,fraud,54,0.0,81.92609999969136
no_drift_control_v1,quantum_reupload,population,54,0.0,33.980199999859906
no_drift_control_v1,quantum_reupload,fraud,54,0.0,58.6726000001363
no_drift_control_v1,mmd_rbf,population,54,0.0,32.954300000710646
no_drift_control_v1,mmd_rbf,fraud,54,0.011185929182103704,9.877000000415137
no_drift_control_v1,domain_classifier,population,54,0.0,41.79699999986042
no_drift_control_v1,domain_classifier,fraud,54,0.05400000000000005,45.79889999877196
no_drift_control_v1,classical_cds,population,55,0.02616122647931501,25.199600000632927
no_drift_control_v1,classical_cds,fraud,55,0.16483777788477497,5.970600001091952
no_drift_control_v1,quantum_angle,population,55,0.03365812063217999,26.002000000517
no_drift_control_v1,quantum_angle,fraud,55,0.010105864427325861,20.861999999397085
no_drift_control_v1,quantum_zz,population,55,0.030289969380609016,121.7493000003742
no_drift_control_v1,quantum_zz,fraud,55,0.0,70.23490000028687
no_drift_control_v1,quantum_reupload,population,55,0.04622500352704395,53.91600000075414
no_drift_control_v1,quantum_reupload,fraud,55,0.03861978038371494,24.178300000130548
no_drift_control_v1,mmd_rbf,population,55,0.0,54.836100000102306
no_drift_control_v1,mmd_rbf,fraud,55,0.0,10.18350000049395
no_drift_control_v1,domain_classifier,population,55,0.0,18.51619999979448
no_drift_control_v1,domain_classifier,fraud,55,0.0,16.039699999964796
no_drift_control_v1,classical_cds,population,56,0.02535688750331732,10.383800001363852
no_drift_control_v1,classical_cds,fraud,56,0.3173104363530728,2.9676999984076247
no_drift_control_v1,quantum_angle,population,56,0.0,13.042599999607773
no_drift_control_v1,quantum_angle,fraud,56,0.025280870898634067,16.581500000029337
no_drift_control_v1,quantum_zz,population,56,0.0,129.42889999976614
no_drift_control_v1,quantum_zz,fraud,56,0.029435146023990666,105.19400000157475
no_drift_control_v1,quantum_reupload,population,56,0.0,65.12310000107391
no_drift_control_v1,quantum_reupload,fraud,56,0.017024276091894053,24.979200001325808
no_drift_control_v1,mmd_rbf,population,56,0.0,41.045300000405405
no_drift_control_v1,mmd_rbf,fraud,56,0.0,22.008699999787495
no_drift_control_v1,domain_classifier,population,56,0.0,44.13059999933466
no_drift_control_v1,domain_classifier,fraud,56,0.13028571428571434,38.74259999975038
no_drift_control_v1,classical_cds,population,57,0.03437759522382413,16.028199999709614
no_drift_control_v1,classical_cds,fraud,57,0.3483264056643015,4.345100000136881
no_drift_control_v1,quantum_angle,population,57,0.014446266894552529,19.53759999923932
no_drift_control_v1,quantum_angle,fraud,57,0.06483944768104188,18.33019999867247
no_drift_control_v1,quantum_zz,population,57,0.006077041652402304,143.42990000113787
no_drift_control_v1,quantum_zz,fraud,57,0.01948472563641146,91.23240000008082
no_drift_control_v1,quantum_reupload,population,57,0.009175458507341139,64.71499999861408
no_drift_control_v1,quantum_reupload,fraud,57,0.04395999824913521,32.12370000073861
no_drift_control_v1,mmd_rbf,population,57,0.0,36.35000000031141
no_drift_control_v1,mmd_rbf,fraud,57,0.038028283889245174,9.977499999877182
no_drift_control_v1,domain_classifier,population,57,0.0,28.111300000091433
no_drift_control_v1,domain_classifier,fraud,57,0.03769230769230769,33.19299999930081
no_drift_control_v1,classical_cds,population,58,0.03394275353494752,12.543299999379087
no_drift_control_v1,classical_cds,fraud,58,0.09773950679538056,2.946399999927962
no_drift_control_v1,quantum_angle,population,58,0.025628156842248062,14.70300000073621
no_drift_control_v1,quantum_angle,fraud,58,0.06722032740349893,12.239800000315881
no_drift_control_v1,quantum_zz,population,58,0.018458637784195098,125.69359999906737
no_drift_control_v1,quantum_zz,fraud,58,0.05592696562382271,63.22870000076364
no_drift_control_v1,quantum_reupload,population,58,0.0109435743387859,50.18750000090222
no_drift_control_v1,quantum_reupload,fraud,58,0.07939467004221068,27.022099999157945
no_drift_control_v1,mmd_rbf,population,58,0.0,56.179199998950935
no_drift_control_v1,mmd_rbf,fraud,58,0.0,10.142099999939092
no_drift_control_v1,domain_classifier,population,58,0.013311111111111051,18.56680000128108
no_drift_control_v1,domain_classifier,fraud,58,0.0,16.003699998691445
no_drift_control_v1,classical_cds,population,59,0.0281716531714298,10.668599999917205
no_drift_control_v1,classical_cds,fraud,59,0.12244294562965376,2.938099998573307
no_drift_control_v1,quantum_angle,population,59,0.02355994199865663,13.94609999988461
no_drift_control_v1,quantum_angle,fraud,59,0.03422805335762802,22.32959999855666
no_drift_control_v1,quantum_zz,population,59,0.00977203373023694,124.38140000085696
no_drift_control_v1,quantum_zz,fraud,59,0.0024959395444279497,105.1127999999153
no_drift_control_v1,quantum_reupload,population,59,0.00106498844111802,80.92150000084075
no_drift_control_v1,quantum_reupload,fraud,59,0.0,29.119400000126916
no_drift_control_v1,mmd_rbf,population,59,0.0,54.292299999360694
no_drift_control_v1,mmd_rbf,fraud,59,0.006825993887707105,14.214899998478359
no_drift_control_v1,domain_classifier,population,59,0.039377777777777734,32.59830000024522
no_drift_control_v1,domain_classifier,fraud,59,0.0,28.304200001002755
no_drift_control_v1,classical_cds,population,60,0.028660647394113593,19.07279999977618
no_drift_control_v1,classical_cds,fraud,60,0.222459859784033,7.541900000433088
no_drift_control_v1,quantum_angle,population,60,0.0265448340243718,19.53999999932421
no_drift_control_v1,quantum_angle,fraud,60,0.06621617742148289,15.59610000003886
no_drift_control_v1,quantum_zz,population,60,0.017196339677292394,148.99859999968612
no_drift_control_v1,quantum_zz,fraud,60,0.027238287683197693,106.65639999933774
no_drift_control_v1,quantum_reupload,population,60,0.016494086856628343,95.37249999993946
no_drift_control_v1,quantum_reupload,fraud,60,0.04959046121822497,56.68829999922309
no_drift_control_v1,mmd_rbf,population,60,0.0,37.1724999986327
no_drift_control_v1,mmd_rbf,fraud,60,0.01509942281863319,9.40699999955541
no_drift_control_v1,domain_classifier,population,60,0.0,46.522799999365816
no_drift_control_v1,domain_classifier,fraud,60,0.03735294117647059,38.10710000107065
no_drift_control_v1,classical_cds,population,61,0.025155296913894242,11.544500001036795
no_drift_control_v1,classical_cds,fraud,61,0.11266960882744344,3.0649000000266824
no_drift_control_v1,quantum_angle,population,61,0.02628026282668472,12.037300000883988
no_drift_control_v1,quantum_angle,fraud,61,0.005085615643324215,14.10319999922649
no_drift_control_v1,quantum_zz,population,61,0.028402973686827204,97.57320000062464
no_drift_control_v1,quantum_zz,fraud,61,0.0,199.1160999987187
no_drift_control_v1,quantum_reupload,population,61,0.024381948103234796,62.353799999982584
no_drift_control_v1,quantum_reupload,fraud,61,0.0,48.40200000035111
no_drift_control_v1,mmd_rbf,population,61,0.0,56.16329999975278
no_drift_control_v1,mmd_rbf,fraud,61,0.011760043932736997,15.927099999316852
no_drift_control_v1,domain_classifier,population,61,0.0,24.198299999625306
no_drift_control_v1,domain_classifier,fraud,61,0.11962121212121213,26.831499999389052
no_drift_control_v1,classical_cds,population,62,0.02528077457018498,22.2860000012588
no_drift_control_v1,classical_cds,fraud,62,0.21096922851578842,4.395599999043043
no_drift_control_v1,quantum_angle,population,62,0.0,13.966599999548635
no_drift_control_v1,quantum_angle,fraud,62,0.013071536245831239,15.048899998873821
no_drift_control_v1,quantum_zz,population,62,0.0,111.32499999985157
no_drift_control_v1,quantum_zz,fraud,62,0.013768132704318092,93.64880000066478
no_drift_control_v1,quantum_reupload,population,62,0.0,70.91319999926782
no_drift_control_v1,quantum_reupload,fraud,62,0.01405440517568779,66.17270000060671
no_drift_control_v1,mmd_rbf,population,62,0.0,65.7188999994105
no_drift_control_v1,mmd_rbf,fraud,62,0.0,11.177399999724003
no_drift_control_v1,domain_classifier,population,62,0.0,38.582200000746525
no_drift_control_v1,domain_classifier,fraud,62,0.0,27.28240000033111
no_drift_control_v1,classical_cds,population,63,0.02491101120008571,13.225999999121996
no_drift_control_v1,classical_cds,fraud,63,0.12299998273261958,2.989099999467726
no_drift_control_v1,quantum_angle,population,63,0.012965390828323708,13.548100001571584
no_drift_control_v1,quantum_angle,fraud,63,0.0,23.203599999760627
no_drift_control_v1,quantum_zz,population,63,0.005466165752209706,117.52429999978631
no_drift_control_v1,quantum_zz,fraud,63,0.0,84.65719999912835
no_drift_control_v1,quantum_reupload,population,63,0.008712441075733102,59.079799999381066
no_drift_control_v1,quantum_reupload,fraud,63,0.0,57.13169999944512
no_drift_control_v1,mmd_rbf,population,63,0.0,34.29870000036317
no_drift_control_v1,mmd_rbf,fraud,63,0.0,9.952700000212644
no_drift_control_v1,domain_classifier,population,63,0.0,22.934799999347888
no_drift_control_v1,domain_classifier,fraud,63,0.1612195121951221,16.73029999983555
no_drift_control_v1,classical_cds,population,64,0.026027844384839106,10.395100000096136
no_drift_control_v1,classical_cds,fraud,64,0.15771490768175447,2.9460000005201437
no_drift_control_v1,quantum_angle,population,64,0.04798901895832164,12.599699999555014
no_drift_control_v1,quantum_angle,fraud,64,0.0,9.442900000067311
no_drift_control_v1,quantum_zz,population,64,0.04182769970960487,124.8873000004096
no_drift_control_v1,quantum_zz,fraud,64,0.0,89.19069999865314
no_drift_control_v1,quantum_reupload,population,64,0.041153175380509666,56.91330000081507
no_drift_control_v1,quantum_reupload,fraud,64,0.0,60.61480000062147
no_drift_control_v1,mmd_rbf,population,64,0.0,63.132799999948475
no_drift_control_v1,mmd_rbf,fraud,64,0.04748715140614035,17.50270000047749
no_drift_control_v1,domain_classifier,population,64,0.0,25.10430000074848
no_drift_control_v1,domain_classifier,fraud,64,0.16260000000000008,17.22179999887885
no_drift_control_v1,classical_cds,population,65,0.027589317946170134,24.341099999219296
no_drift_control_v1,classical_cds,fraud,65,0.1529552568914675,8.392499999899883
no_drift_control_v1,quantum_angle,population,65,0.0,28.50869999929273
no_drift_control_v1,quantum_angle,fraud,65,0.13948711490862864,26.272499999322463
no_drift_control_v1,quantum_zz,population,65,0.0,130.9212000014668
no_drift_control_v1,quantum_zz,fraud,65,0.12476703606132777,99.91269999954966
no_drift_control_v1,quantum_reupload,population,65,0.0,74.43489999968733
no_drift_control_v1,quantum_reupload,fraud,65,0.15170765529448615,27.35220000067784
no_drift_control_v1,mmd_rbf,population,65,0.0,48.03660000106902
no_drift_control_v1,mmd_rbf,fraud,65,0.008223043492520343,21.936799999821233
no_drift_control_v1,domain_classifier,population,65,0.0,49.02899999979127
no_drift_control_v1,domain_classifier,fraud,65,0.008240740740740549,44.27450000002864
no_drift_control_v1,classical_cds,population,66,0.03522945489047897,16.513700000359677
no_drift_control_v1,classical_cds,fraud,66,0.28478040558312384,5.129099999976461
no_drift_control_v1,quantum_angle,population,66,0.0,23.08169999923848
no_drift_control_v1,quantum_angle,fraud,66,0.0,13.677900000402587
no_drift_control_v1,quantum_zz,population,66,0.0,107.15419999905862
no_drift_control_v1,quantum_zz,fraud,66,0.0,79.88589999877149
no_drift_control_v1,quantum_reupload,population,66,0.0,33.51699999984703
no_drift_control_v1,quantum_reupload,fraud,66,0.0,42.334899999332265
no_drift_control_v1,mmd_rbf,population,66,0.0,58.62450000131503
no_drift_control_v1,mmd_rbf,fraud,66,0.0,12.313799999901676
no_drift_control_v1,domain_classifier,population,66,0.0,42.320500000641914
no_drift_control_v1,domain_classifier,fraud,66,0.0,43.6649999992369
no_drift_control_v1,classical_cds,population,67,0.03193949145054428,30.28009999979986
no_drift_control_v1,classical_cds,fraud,67,0.13793386620959736,5.789200000435812
no_drift_control_v1,quantum_angle,population,67,0.014888375710719548,14.512399999148329
no_drift_control_v1,quantum_angle,fraud,67,0.0,13.777400001345086
no_drift_control_v1,quantum_zz,population,67,0.013248618623810215,99.5928999982425
no_drift_control_v1,quantum_zz,fraud,67,0.0,88.9975999998569
no_drift_control_v1,quantum_reupload,population,67,0.010735878099530916,53.689500000473345
no_drift_control_v1,quantum_reupload,fraud,67,0.0026905589547630004,49.96960000062245
no_drift_control_v1,mmd_rbf,population,67,0.0,42.318199999499484
no_drift_control_v1,mmd_rbf,fraud,67,0.0,9.408399999301764
no_drift_control_v1,domain_classifier,population,67,0.0,18.714199999521952
no_drift_control_v1,domain_classifier,fraud,67,0.0,23.540700000012293
no_drift_control_v1,classical_cds,population,68,0.039184085585449696,35.68540000014764
no_drift_control_v1,classical_cds,fraud,68,0.1409178354416321,4.665099999328959
no_drift_control_v1,quantum_angle,population,68,0.036348620949909316,14.771199999813689
no_drift_control_v1,quantum_angle,fraud,68,0.06149872038711979,20.86750000125903
no_drift_control_v1,quantum_zz,population,68,0.03332752064592981,152.47529999942344
no_drift_control_v1,quantum_zz,fraud,68,0.015425700823473387,133.27900000149384
no_drift_control_v1,quantum_reupload,population,68,0.0403505024156493,50.16339999929187
no_drift_control_v1,quantum_reupload,fraud,68,0.05672704010894991,54.03490000026068
no_drift_control_v1,mmd_rbf,population,68,0.0,38.633399999525864
no_drift_control_v1,mmd_rbf,fraud,68,0.0,17.05260000017006
no_drift_control_v1,domain_classifier,population,68,0.0,30.03270000044722
no_drift_control_v1,domain_classifier,fraud,68,0.0,43.38329999882262
no_drift_control_v1,classical_cds,population,69,0.026889606940120186,38.52600000027451
no_drift_control_v1,classical_cds,fraud,69,0.16243550462486556,7.020800001555472
no_drift_control_v1,quantum_angle,population,69,0.032765540735678944,19.23709999937273
no_drift_control_v1,quantum_angle,fraud,69,0.004487370774049371,18.137099999876227
no_drift_control_v1,quantum_zz,population,69,0.021382277999753008,115.57389999870793
no_drift_control_v1,quantum_zz,fraud,69,0.0,92.15120000044408
no_drift_control_v1,quantum_reupload,population,69,0.025848788773185083,41.671500001029926
no_drift_control_v1,quantum_reupload,fraud,69,0.0,48.27300000033574
no_drift_control_v1,mmd_rbf,population,69,0.0,60.016399998858105
no_drift_control_v1,mmd_rbf,fraud,69,0.0,15.969799998856615
no_drift_control_v1,domain_classifier,population,69,0.014866666666666584,22.280200000750483
no_drift_control_v1,domain_classifier,fraud,69,0.014308943089430759,19.586399999752757
no_drift_control_v1,classical_cds,population,70,0.02901692112407522,11.867299999721581
no_drift_control_v1,classical_cds,fraud,70,0.13265532814081105,3.0525000001944136
no_drift_control_v1,quantum_angle,population,70,0.0,12.932800000271527
no_drift_control_v1,quantum_angle,fraud,70,0.0,13.383699999394594
no_drift_control_v1,quantum_zz,population,70,0.0,96.27520000140066
no_drift_control_v1,quantum_zz,fraud,70,0.0,129.68289999844274
no_drift_control_v1,quantum_reupload,population,70,0.0,73.53209999928367
no_drift_control_v1,quantum_reupload,fraud,70,0.0,48.27809999915189
no_drift_control_v1,mmd_rbf,population,70,0.0,28.289200001381687
no_drift_control_v1,mmd_rbf,fraud,70,0.0,9.364699999423465
no_drift_control_v1,domain_classifier,population,70,0.0,18.621799999891664
no_drift_control_v1,domain_classifier,fraud,70,0.0,18.208100000265404
no_drift_control_v1,classical_cds,population,71,0.03360353344900011,30.907600001228275
no_drift_control_v1,classical_cds,fraud,71,0.2513576962574964,6.812399999034824
no_drift_control_v1,quantum_angle,population,71,0.0017930149453597721,18.30060000065714
no_drift_control_v1,quantum_angle,fraud,71,0.11183178127549753,15.391499999168445
no_drift_control_v1,quantum_zz,population,71,0.0016405636360146136,129.11809999968682
no_drift_control_v1,quantum_zz,fraud,71,0.09832160128316714,118.71120000068913
no_drift_control_v1,quantum_reupload,population,71,0.0,62.605500001154724
no_drift_control_v1,quantum_reupload,fraud,71,0.08147532570253002,53.97219999940717
no_drift_control_v1,mmd_rbf,population,71,0.0,66.25680000070133
no_drift_control_v1,mmd_rbf,fraud,71,0.0,23.149099999500322
no_drift_control_v1,domain_classifier,population,71,0.005399999999999849,51.183199999286444
no_drift_control_v1,domain_classifier,fraud,71,0.0011666666666667602,43.80490000039572
no_drift_control_v1,classical_cds,population,72,0.027587275796375516,30.35490000002028
no_drift_control_v1,classical_cds,fraud,72,0.14737873967484338,8.149200000843848
no_drift_control_v1,quantum_angle,population,72,0.0,28.035200000886107
no_drift_control_v1,quantum_angle,fraud,72,0.010748712003198269,24.399299998549395
no_drift_control_v1,quantum_zz,population,72,0.0,109.87720000048284
no_drift_control_v1,quantum_zz,fraud,72,0.03751996441457106,114.86150000018824
no_drift_control_v1,quantum_reupload,population,72,0.0,86.95819999957166
no_drift_control_v1,quantum_reupload,fraud,72,0.04895403925512121,43.96489999999176
no_drift_control_v1,mmd_rbf,population,72,0.0,38.82849999899918
no_drift_control_v1,mmd_rbf,fraud,72,0.0,14.336100000946317
no_drift_control_v1,domain_classifier,population,72,0.0,39.082900000721565
no_drift_control_v1,domain_classifier,fraud,72,0.0,28.043100001013954
no_drift_control_v1,classical_cds,population,73,0.02365859965961889,15.628699999069795
no_drift_control_v1,classical_cds,fraud,73,0.190947123077833,5.6452000007993774
no_drift_control_v1,quantum_angle,population,73,0.0,28.17750000031083
no_drift_control_v1,quantum_angle,fraud,73,0.0,22.355400000378722
no_drift_control_v1,quantum_zz,population,73,0.0,174.03849999936938
no_drift_control_v1,quantum_zz,fraud,73,0.0,104.34530000020459
no_drift_control_v1,quantum_reupload,population,73,0.0,79.98889999907988
no_drift_control_v1,quantum_reupload,fraud,73,0.0,34.88870000001043
no_drift_control_v1,mmd_rbf,population,73,0.0,32.775199999377946
no_drift_control_v1,mmd_rbf,fraud,73,0.027345914933396553,10.537899999690126
no_drift_control_v1,domain_classifier,population,73,0.0,52.72940000031667
no_drift_control_v1,domain_classifier,fraud,73,0.0,41.33460000048217
no_drift_control_v1,classical_cds,population,74,0.029287330426201262,18.463799999153707
no_drift_control_v1,classical_cds,fraud,74,0.14665247807052004,3.1698000002506888
no_drift_control_v1,quantum_angle,population,74,0.0,13.968800001748605
no_drift_control_v1,quantum_angle,fraud,74,0.005392244164950877,11.86730000154057
no_drift_control_v1,quantum_zz,population,74,0.0,124.92550000024494
no_drift_control_v1,quantum_zz,fraud,74,0.0,86.68300000135787
no_drift_control_v1,quantum_reupload,population,74,0.0,63.580500000171014
no_drift_control_v1,quantum_reupload,fraud,74,0.0,54.650100000799284
no_drift_control_v1,mmd_rbf,population,74,0.0,58.862299998509116
no_drift_control_v1,mmd_rbf,fraud,74,0.0,10.599100000035833
no_drift_control_v1,domain_classifier,population,74,0.0,36.49140000015905
no_drift_control_v1,domain_classifier,fraud,74,0.0,39.65489999973215
no_drift_control_v1,classical_cds,population,75,0.02440343161319262,26.400599999760743
no_drift_control_v1,classical_cds,fraud,75,0.34622992367825667,7.889000000432134
no_drift_control_v1,quantum_angle,population,75,0.03210773838467351,18.986200000654208
no_drift_control_v1,quantum_angle,fraud,75,0.0500851904880113,13.089000000036322
no_drift_control_v1,quantum_zz,population,75,0.03526377925696356,173.88559999926656
no_drift_control_v1,quantum_zz,fraud,75,0.061997601021435256,105.16259999894828
no_drift_control_v1,quantum_reupload,population,75,0.03341549423791934,46.51409999860334
no_drift_control_v1,quantum_reupload,fraud,75,0.08622022948497354,38.92710000036459
no_drift_control_v1,mmd_rbf,population,75,0.0,36.34559999954945
no_drift_control_v1,mmd_rbf,fraud,75,0.0,11.013999999704538
no_drift_control_v1,domain_classifier,population,75,0.0,32.21360000134155
no_drift_control_v1,domain_classifier,fraud,75,0.08761904761904771,27.743300001020543
no_drift_control_v1,classical_cds,population,76,0.03366287085289754,16.880199998922762
no_drift_control_v1,classical_cds,fraud,76,0.2105415307187854,5.701500000213855
no_drift_control_v1,quantum_angle,population,76,0.0,20.442900000489317
no_drift_control_v1,quantum_angle,fraud,76,0.018105045111293627,16.611300001386553
no_drift_control_v1,quantum_zz,population,76,0.0,144.81359999990673
no_drift_control_v1,quantum_zz,fraud,76,0.005274395645555208,84.88519999991695
no_drift_control_v1,quantum_reupload,population,76,0.0,61.889000000519445
no_drift_control_v1,quantum_reupload,fraud,76,0.014581835100419993,39.44729999966512
no_drift_control_v1,mmd_rbf,population,76,0.0,45.9192999987863
no_drift_control_v1,mmd_rbf,fraud,76,0.0,15.074900000399793
no_drift_control_v1,domain_classifier,population,76,0.0,37.077500001032604
no_drift_control_v1,domain_classifier,fraud,76,0.0,25.913700001183315
no_drift_control_v1,classical_cds,population,77,0.029416297408523348,19.494600001053186
no_drift_control_v1,classical_cds,fraud,77,0.20991087435467135,3.495999999358901
no_drift_control_v1,quantum_angle,population,77,0.0,28.516800000943476
no_drift_control_v1,quantum_angle,fraud,77,0.0,20.269999999072752
no_drift_control_v1,quantum_zz,population,77,0.0,223.92709999985527
no_drift_control_v1,quantum_zz,fraud,77,0.0,124.52060000032361
no_drift_control_v1,quantum_reupload,population,77,0.0,61.45900000046822
no_drift_control_v1,quantum_reupload,fraud,77,0.0,32.97910000037518
no_drift_control_v1,mmd_rbf,population,77,0.0013560613399572485,44.6007999998983
no_drift_control_v1,mmd_rbf,fraud,77,0.0,9.631099999751314
no_drift_control_v1,domain_classifier,population,77,0.0370666666666668,41.67059999963385
no_drift_control_v1,domain_classifier,fraud,77,0.009593495934959506,31.410800000230665
no_drift_control_v1,classical_cds,population,78,0.03167345790349746,14.965200000006007
no_drift_control_v1,classical_cds,fraud,78,0.07514501575337512,2.916600000389735
no_drift_control_v1,quantum_angle,population,78,0.0,13.938000000052853
no_drift_control_v1,quantum_angle,fraud,78,0.0,22.959699999773875
no_drift_control_v1,quantum_zz,population,78,0.00034088653390373924,116.78799999936018
no_drift_control_v1,quantum_zz,fraud,78,0.0,97.10439999980736
no_drift_control_v1,quantum_reupload,population,78,0.0,48.3395000010205
no_drift_control_v1,quantum_reupload,fraud,78,0.0,33.82960000089952
no_drift_control_v1,mmd_rbf,population,78,0.0,51.391099999818834
no_drift_control_v1,mmd_rbf,fraud,78,0.0,14.617699998780154
no_drift_control_v1,domain_classifier,population,78,0.0,30.666200000268873
no_drift_control_v1,domain_classifier,fraud,78,0.0,17.52680000026885
no_drift_control_v1,classical_cds,population,79,0.027553661651822388,12.950799999089213
no_drift_control_v1,classical_cds,fraud,79,0.2047344690594687,3.2862999996723374
no_drift_control_v1,quantum_angle,population,79,0.0,20.03100000001723
no_drift_control_v1,quantum_angle,fraud,79,0.019988404878387822,11.249200000747805
no_drift_control_v1,quantum_zz,population,79,0.0,130.93900000058056
no_drift_control_v1,quantum_zz,fraud,79,0.0,102.42529999959515
no_drift_control_v1,quantum_reupload,population,79,0.0,72.85210000009101
no_drift_control_v1,quantum_reupload,fraud,79,0.026236902668077988,57.60259999988193
no_drift_control_v1,mmd_rbf,population,79,0.0,53.621799999746145
no_drift_control_v1,mmd_rbf,fraud,79,0.0,10.602500000459258
no_drift_control_v1,domain_classifier,population,79,0.0,23.369200000161072
no_drift_control_v1,domain_classifier,fraud,79,0.02578431372549006,18.465999999534688
no_drift_control_v1,classical_cds,population,80,0.024958544095027624,12.89580000047863
no_drift_control_v1,classical_cds,fraud,80,0.24540798794791266,3.9259999994101236
no_drift_control_v1,quantum_angle,population,80,0.0,12.90089999929478
no_drift_control_v1,quantum_angle,fraud,80,0.0,11.455999998361222
no_drift_control_v1,quantum_zz,population,80,0.0,116.6150999997626
no_drift_control_v1,quantum_zz,fraud,80,0.0,65.26400000075228
no_drift_control_v1,quantum_reupload,population,80,0.0,63.91860000076122
no_drift_control_v1,quantum_reupload,fraud,80,0.0,37.04769999967539
no_drift_control_v1,mmd_rbf,population,80,0.0,51.374000000578235
no_drift_control_v1,mmd_rbf,fraud,80,0.0,20.36690000022645
no_drift_control_v1,domain_classifier,population,80,0.0,39.10790000009001
no_drift_control_v1,domain_classifier,fraud,80,0.018249999999999877,32.601400000203284
no_drift_control_v1,classical_cds,population,81,0.026599197285441523,14.880400000038208
no_drift_control_v1,classical_cds,fraud,81,0.19094596225688573,3.203899999789428
no_drift_control_v1,quantum_angle,population,81,0.03729155665390449,22.099099998740712
no_drift_control_v1,quantum_angle,fraud,81,0.08638499573061154,15.9323999996559
no_drift_control_v1,quantum_zz,population,81,0.032180465696173055,113.74049999903946
no_drift_control_v1,quantum_zz,fraud,81,0.07721430957257125,97.27300000122341
no_drift_control_v1,quantum_reupload,population,81,0.028273243338734377,55.944300000192015
no_drift_control_v1,quantum_reupload,fraud,81,0.0748301655945317,29.884400000810274
no_drift_control_v1,mmd_rbf,population,81,0.0,47.78640000040468
no_drift_control_v1,mmd_rbf,fraud,81,0.029557243777344366,12.245600000824197
no_drift_control_v1,domain_classifier,population,81,0.0,21.549300001424854
no_drift_control_v1,domain_classifier,fraud,81,0.05290780141843987,31.735000000480795
no_drift_control_v1,classical_cds,population,82,0.019664824837165522,22.73129999957746
no_drift_control_v1,classical_cds,fraud,82,0.35201836359385974,6.900999998833868
no_drift_control_v1,quantum_angle,population,82,0.007735334365515545,17.654200000833953
no_drift_control_v1,quantum_angle,fraud,82,0.04462140782109314,10.002900000472437
no_drift_control_v1,quantum_zz,population,82,0.004359407481616895,113.12080000061542
no_drift_control_v1,quantum_zz,fraud,82,0.03534035612419972,74.49860000087938
no_drift_control_v1,quantum_reupload,population,82,0.0,55.34269999952812
no_drift_control_v1,quantum_reupload,fraud,82,0.022658020080399077,26.19810000032885
no_drift_control_v1,mmd_rbf,population,82,0.0,44.24660000040603
no_drift_control_v1,mmd_rbf,fraud,82,0.012399028055139594,10.720399999627261
no_drift_control_v1,domain_classifier,population,82,0.0,37.290399999619694
no_drift_control_v1,domain_classifier,fraud,82,0.0764912280701755,35.34159999981057
no_drift_control_v1,classical_cds,population,83,0.0280503902284197,21.27420000033453
no_drift_control_v1,classical_cds,fraud,83,0.1555952208858723,6.888800000524498
no_drift_control_v1,quantum_angle,population,83,0.0,28.2692999990104
no_drift_control_v1,quantum_angle,fraud,83,0.009569403625986794,22.100399999544607
no_drift_control_v1,quantum_zz,population,83,0.0,116.6006000003108
no_drift_control_v1,quantum_zz,fraud,83,0.019912519497753522,104.50040000068839
no_drift_control_v1,quantum_reupload,population,83,0.0,75.40460000018356
no_drift_control_v1,quantum_reupload,fraud,83,0.03744075071981656,54.19079999956011
no_drift_control_v1,mmd_rbf,population,83,0.0,46.801000000414206
no_drift_control_v1,mmd_rbf,fraud,83,0.0,10.143299999981537
no_drift_control_v1,domain_classifier,population,83,0.0,19.971399999121786
no_drift_control_v1,domain_classifier,fraud,83,0.0,14.786600000661565
no_drift_control_v1,classical_cds,population,84,0.03312994846823793,11.32569999936095
no_drift_control_v1,classical_cds,fraud,84,0.14677659472179322,2.9930999990028795
no_drift_control_v1,quantum_angle,population,84,0.0,12.962700000571203
no_drift_control_v1,quantum_angle,fraud,84,0.05445738379537168,10.065899999972316
no_drift_control_v1,quantum_zz,population,84,0.0,136.82390000030864
no_drift_control_v1,quantum_zz,fraud,84,0.0511282119862525,113.70960000022023
no_drift_control_v1,quantum_reupload,population,84,0.0,54.279500000120606
no_drift_control_v1,quantum_reupload,fraud,84,0.060650018392151894,46.24049999983981
no_drift_control_v1,mmd_rbf,population,84,0.0,47.71009999967646
no_drift_control_v1,mmd_rbf,fraud,84,0.010507521192983704,10.482000001502456
no_drift_control_v1,domain_classifier,population,84,0.0,20.671000000220374
no_drift_control_v1,domain_classifier,fraud,84,0.0,29.63599999930011
no_drift_control_v1,classical_cds,population,85,0.03683543803338672,27.41470000000845
no_drift_control_v1,classical_cds,fraud,85,0.374084023962035,7.665600000109407
no_drift_control_v1,quantum_angle,population,85,0.0,18.938000001071487
no_drift_control_v1,quantum_angle,fraud,85,0.0,14.37420000002021
no_drift_control_v1,quantum_zz,population,85,0.0,167.41019999972195
no_drift_control_v1,quantum_zz,fraud,85,0.0,62.99909999870579
no_drift_control_v1,quantum_reupload,population,85,0.0,53.60880000080215
no_drift_control_v1,quantum_reupload,fraud,85,0.0,56.66249999922002
no_drift_control_v1,mmd_rbf,population,85,0.0,62.93829999958689
no_drift_control_v1,mmd_rbf,fraud,85,0.04449527007075238,16.13060000090627
no_drift_control_v1,domain_classifier,population,85,0.0,27.17839999968419
no_drift_control_v1,domain_classifier,fraud,85,0.13711711711711727,34.69839999888791
no_drift_control_v1,classical_cds,population,86,0.027760025587110618,27.53370000027644
no_drift_control_v1,classical_cds,fraud,86,0.3681467406374834,7.662300000447431
no_drift_control_v1,quantum_angle,population,86,0.0,20.588800000041374
no_drift_control_v1,quantum_angle,fraud,86,0.0,17.413900000974536
no_drift_control_v1,quantum_zz,population,86,0.0,193.21919999856618
no_drift_control_v1,quantum_zz,fraud,86,0.0,69.73669999933918
no_drift_control_v1,quantum_reupload,population,86,0.0,40.788700000121025
no_drift_control_v1,quantum_reupload,fraud,86,0.0,49.16550000052666
no_drift_control_v1,mmd_rbf,population,86,0.0,50.00420000033046
no_drift_control_v1,mmd_rbf,fraud,86,0.0,15.418299999510054
no_drift_control_v1,domain_classifier,population,86,0.0,32.36769999966782
no_drift_control_v1,domain_classifier,fraud,86,0.12252525252525248,18.633800000316114
no_drift_control_v1,classical_cds,population,87,0.026663936578912112,10.85619999867049
no_drift_control_v1,classical_cds,fraud,87,0.1270395778026364,2.911199999289238
no_drift_control_v1,quantum_angle,population,87,0.011377264860486735,19.480499999190215
no_drift_control_v1,quantum_angle,fraud,87,0.0,19.825999999738997
no_drift_control_v1,quantum_zz,population,87,0.013103315615207611,190.8923999999388
no_drift_control_v1,quantum_zz,fraud,87,0.0,104.19529999853694
no_drift_control_v1,quantum_reupload,population,87,0.0,49.0577000000485
no_drift_control_v1,quantum_reupload,fraud,87,0.0,36.080600000786944
no_drift_control_v1,mmd_rbf,population,87,0.0,37.781099999847356
no_drift_control_v1,mmd_rbf,fraud,87,0.054289892548152974,15.463300000192248
no_drift_control_v1,domain_classifier,population,87,0.0,32.129400000485475
no_drift_control_v1,domain_classifier,fraud,87,0.19904761904761914,32.76180000102613
no_drift_control_v1,classical_cds,population,88,0.02656743798715317,16.60930000070948
no_drift_control_v1,classical_cds,fraud,88,0.1535951816812758,6.257600000026287
no_drift_control_v1,quantum_angle,population,88,0.012241254524419376,24.29619999929855
no_drift_control_v1,quantum_angle,fraud,88,0.04008097557241741,15.54740000028687
no_drift_control_v1,quantum_zz,population,88,0.0158423832944814,166.75630000099773
no_drift_control_v1,quantum_zz,fraud,88,0.011875660567908453,122.71099999998114
no_drift_control_v1,quantum_reupload,population,88,0.0005771918712980106,37.923700001556426
no_drift_control_v1,quantum_reupload,fraud,88,0.010423362938760228,40.49250000025495
no_drift_control_v1,mmd_rbf,population,88,0.0,41.797600000791135
no_drift_control_v1,mmd_rbf,fraud,88,0.041958350632478325,19.36790000036126
no_drift_control_v1,domain_classifier,population,88,0.0,39.15240000060294
no_drift_control_v1,domain_classifier,fraud,88,0.0,34.420599999066326
no_drift_control_v1,classical_cds,population,89,0.02938331117869842,38.933399999223184
no_drift_control_v1,classical_cds,fraud,89,,
no_drift_control_v1,quantum_angle,population,89,0.0,27.849199999764096
no_drift_control_v1,quantum_angle,fraud,89,,
no_drift_control_v1,quantum_zz,population,89,0.0,127.37000000015541
no_drift_control_v1,quantum_zz,fraud,89,,
no_drift_control_v1,quantum_reupload,population,89,0.0,51.792700000078185
no_drift_control_v1,quantum_reupload,fraud,89,,
no_drift_control_v1,mmd_rbf,population,89,0.0,44.098500000472995
no_drift_control_v1,mmd_rbf,fraud,89,,
no_drift_control_v1,domain_classifier,population,89,0.0,44.253400001252885
no_drift_control_v1,domain_classifier,fraud,89,,
no_drift_control_v1,classical_cds,population,90,0.028067295962830058,20.638600000893348
no_drift_control_v1,classical_cds,fraud,90,0.1718765413979342,3.3142000011139316
no_drift_control_v1,quantum_angle,population,90,0.015814059938723424,13.038299999607261
no_drift_control_v1,quantum_angle,fraud,90,0.14917816847434306,16.018299998904695
no_drift_control_v1,quantum_zz,population,90,0.010948652424220051,113.0260999998427
no_drift_control_v1,quantum_zz,fraud,90,0.1353718752594908,139.8590000007971
no_drift_control_v1,quantum_reupload,population,90,0.008955216799081067,72.27959999909217
no_drift_control_v1,quantum_reupload,fraud,90,0.12115008339234312,52.828299998509465
no_drift_control_v1,mmd_rbf,population,90,0.0,41.12170000007609
no_drift_control_v1,mmd_rbf,fraud,90,0.004023600649142756,16.300799999953597
no_drift_control_v1,domain_classifier,population,90,0.03537777777777773,41.12069999973755
no_drift_control_v1,domain_classifier,fraud,90,0.024901960784313948,39.497100000517094
no_drift_control_v1,classical_cds,population,91,0.024469791819154735,21.725900000092224
no_drift_control_v1,classical_cds,fraud,91,0.09984280653915635,5.927999998675659
no_drift_control_v1,quantum_angle,population,91,0.03130521643033757,14.16360000075656
no_drift_control_v1,quantum_angle,fraud,91,0.05685224004392808,15.270599998984835
no_drift_control_v1,quantum_zz,population,91,0.020764960340518668,113.73980000098527
no_drift_control_v1,quantum_zz,fraud,91,0.03729810236985942,148.7037999995664
no_drift_control_v1,quantum_reupload,population,91,0.010149039092599565,37.02489999886893
no_drift_control_v1,quantum_reupload,fraud,91,0.03147792043802666,55.15949999971781
no_drift_control_v1,mmd_rbf,population,91,0.0,64.53680000049644
no_drift_control_v1,mmd_rbf,fraud,91,0.0,24.246599999969476
no_drift_control_v1,domain_classifier,population,91,0.0,28.05850000004284
no_drift_control_v1,domain_classifier,fraud,91,0.07000000000000006,23.598800000399933
no_drift_control_v1,classical_cds,population,92,0.02572068164222919,17.08409999992
no_drift_control_v1,classical_cds,fraud,92,0.24109073267048284,3.80820000100357
no_drift_control_v1,quantum_angle,population,92,0.05606962929713799,15.884899999946356
no_drift_control_v1,quantum_angle,fraud,92,0.0,22.296000001006178
no_drift_control_v1,quantum_zz,population,92,0.0517897558417556,109.70089999864285
no_drift_control_v1,quantum_zz,fraud,92,0.015113254507376328,120.81729999954405
no_drift_control_v1,quantum_reupload,population,92,0.06504877716577973,90.87890000046173
no_drift_control_v1,quantum_reupload,fraud,92,0.0,59.79999999908614
no_drift_control_v1,mmd_rbf,population,92,0.0,57.72070000057283
no_drift_control_v1,mmd_rbf,fraud,92,0.047609747720636975,23.438199999873177
no_drift_control_v1,domain_classifier,population,92,0.0,27.880199999344768
no_drift_control_v1,domain_classifier,fraud,92,0.21292682926829265,21.800199998324388
no_drift_control_v1,classical_cds,population,93,0.031106422445122742,15.160099999775412
no_drift_control_v1,classical_cds,fraud,93,0.13503391409945673,2.972300000692485
no_drift_control_v1,quantum_angle,population,93,0.08896208247396542,14.13210000100662
no_drift_control_v1,quantum_angle,fraud,93,0.07991862562255181,23.968100000274717
no_drift_control_v1,quantum_zz,population,93,0.07981251729559014,173.10399999951187
no_drift_control_v1,quantum_zz,fraud,93,0.06391541567644787,138.63010000022769
no_drift_control_v1,quantum_reupload,population,93,0.09178433654656504,96.06589999930293
no_drift_control_v1,quantum_reupload,fraud,93,0.08041995226622423,61.00449999939883
no_drift_control_v1,mmd_rbf,population,93,0.0028495631886902295,53.66129999856639
no_drift_control_v1,mmd_rbf,fraud,93,0.003042302714707956,23.747900000671507
no_drift_control_v1,domain_classifier,population,93,0.0005777777777777882,33.058299999538576
no_drift_control_v1,domain_classifier,fraud,93,0.07038461538461527,24.498299999322626
no_drift_control_v1,classical_cds,population,94,0.02279083272083325,15.814099999261089
no_drift_control_v1,classical_cds,fraud,94,0.127404106443228,7.041099999696598
no_drift_control_v1,quantum_angle,population,94,0.0,24.835399999574292
no_drift_control_v1,quantum_angle,fraud,94,0.0,18.164799999794923
no_drift_control_v1,quantum_zz,population,94,0.0,124.60099999952945
no_drift_control_v1,quantum_zz,fraud,94,0.0,104.27049999998417
no_drift_control_v1,quantum_reupload,population,94,0.0,43.24269999960961
no_drift_control_v1,quantum_reupload,fraud,94,0.0,44.55409999900439
no_drift_control_v1,mmd_rbf,population,94,0.0012497795680725954,54.185400000278605
no_drift_control_v1,mmd_rbf,fraud,94,0.0,13.12580000012531
no_drift_control_v1,domain_classifier,population,94,0.0,31.623699998817756
no_drift_control_v1,domain_classifier,fraud,94,0.0,20.157399998424808
no_drift_control_v1,classical_cds,population,95,0.029354466871657166,15.818399999261601
no_drift_control_v1,classical_cds,fraud,95,0.15594639300757346,6.446999999752734
no_drift_control_v1,quantum_angle,population,95,0.0,24.191900000005262
no_drift_control_v1,quantum_angle,fraud,95,0.0,19.412399999055197
no_drift_control_v1,quantum_zz,population,95,0.0,117.8712999990239
no_drift_control_v1,quantum_zz,fraud,95,0.0,133.8090999997803
no_drift_control_v1,quantum_reupload,population,95,0.0,73.05919999998878
no_drift_control_v1,quantum_reupload,fraud,95,0.0,53.11019999862765
no_drift_control_v1,mmd_rbf,population,95,0.0,56.42210000041814
no_drift_control_v1,mmd_rbf,fraud,95,0.0,14.767100001336075
no_drift_control_v1,domain_classifier,population,95,0.0,34.996600001250044
no_drift_control_v1,domain_classifier,fraud,95,0.0,22.74359999864828
no_drift_control_v1,classical_cds,population,96,0.02825783050185675,14.296400000603171
no_drift_control_v1,classical_cds,fraud,96,0.2767033828491202,3.644200000053388
no_drift_control_v1,quantum_angle,population,96,0.0463384097058982,13.70400000087102
no_drift_control_v1,quantum_angle,fraud,96,0.10092427573119811,11.49029999942286
no_drift_control_v1,quantum_zz,population,96,0.04547075664688305,131.03969999974652
no_drift_control_v1,quantum_zz,fraud,96,0.042031228114262076,97.74019999895245
no_drift_control_v1,quantum_reupload,population,96,0.052736515309451226,59.31380000038189
no_drift_control_v1,quantum_reupload,fraud,96,0.06536485918988533,37.77310000077705
no_drift_control_v1,mmd_rbf,population,96,0.0,45.8106999994925
no_drift_control_v1,mmd_rbf,fraud,96,0.17178162202899872,17.80020000114746
no_drift_control_v1,domain_classifier,population,96,0.0,33.91169999849808
no_drift_control_v1,domain_classifier,fraud,96,0.2222522522522521,27.432799999587587
no_drift_control_v1,classical_cds,population,97,0.02342257576757472,17.678200001682853
no_drift_control_v1,classical_cds,fraud,97,0.14846337926990244,7.458299998688744
no_drift_control_v1,quantum_angle,population,97,0.03455841311641572,18.026100000497536
no_drift_control_v1,quantum_angle,fraud,97,0.13789181991787036,13.37749999947846
no_drift_control_v1,quantum_zz,population,97,0.032429615962782155,171.33329999887792
no_drift_control_v1,quantum_zz,fraud,97,0.16496036734173958,197.02659999893513
no_drift_control_v1,quantum_reupload,population,97,0.039611631611601195,72.34040000003006
no_drift_control_v1,quantum_reupload,fraud,97,0.17493579909226142,41.86459999982617
no_drift_control_v1,mmd_rbf,population,97,0.0,45.533700000305544
no_drift_control_v1,mmd_rbf,fraud,97,0.0006772950657309984,18.58139999967534
no_drift_control_v1,domain_classifier,population,97,0.021600000000000064,38.202699999601464
no_drift_control_v1,domain_classifier,fraud,97,0.08198198198198203,31.500299999606796
no_drift_control_v1,classical_cds,population,98,0.03578604961943982,19.204899999749614
no_drift_control_v1,classical_cds,fraud,98,0.36739262143734486,4.572699999698671
no_drift_control_v1,quantum_angle,population,98,0.0,63.4503000001132
no_drift_control_v1,quantum_angle,fraud,98,0.05380585274945182,19.87329999974463
no_drift_control_v1,quantum_zz,population,98,0.00214144080382328,161.86080000079528
no_drift_control_v1,quantum_zz,fraud,98,0.03046608678441398,76.51400000031572
no_drift_control_v1,quantum_reupload,population,98,0.0,69.58860000122513
no_drift_control_v1,quantum_reupload,fraud,98,0.06488972961907091,42.69410000051721
no_drift_control_v1,mmd_rbf,population,98,0.0,47.720499998831656
no_drift_control_v1,mmd_rbf,fraud,98,0.0,11.418000000048778
no_drift_control_v1,domain_classifier,population,98,0.02846666666666664,26.19290000075125
no_drift_control_v1,domain_classifier,fraud,98,0.0,27.318899999954738
no_drift_control_v1,classical_cds,population,99,0.025373132114231,18.7458999989758
no_drift_control_v1,classical_cds,fraud,99,,
no_drift_control_v1,quantum_angle,population,99,0.0,23.557900000014342
no_drift_control_v1,quantum_angle,fraud,99,,
no_drift_control_v1,quantum_zz,population,99,0.0,157.20619999956398
no_drift_control_v1,quantum_zz,fraud,99,,
no_drift_control_v1,quantum_reupload,population,99,0.0,46.157599999787635
no_drift_control_v1,quantum_reupload,fraud,99,,
no_drift_control_v1,mmd_rbf,population,99,0.0,69.9428000007174
no_drift_control_v1,mmd_rbf,fraud,99,,
no_drift_control_v1,domain_classifier,population,99,0.017777777777777892,22.914099999979953
no_drift_control_v1,domain_classifier,fraud,99,,
