window_id,type,step,amount,oldbalanceOrg,newbalanceOrig,oldbalanceDest,newbalanceDest,isFraud
0,CASH_IN,238,4584.15,525728.35,530312.5,80855.85,76271.69,0
0,CASH_OUT,256,37313.95,0.0,0.0,361731.53,399045.48,0
0,CASH_IN,260,272443.99,148570.24,421014.23,289612.22,17168.24,0
0,PAYMENT,41,5857.51,15878.0,10020.49,0.0,0.0,0
0,CASH_OUT,187,247301.75,405.0,0.0,1772797.67,2180796.51,0
0,TRANSFER,31,587031.2,587031.2,0.0,0.0,0.0,1
0,CASH_OUT,255,348628.8,43891.0,0.0,0.0,348628.8,0
0,CASH_OUT,188,161378.22,102.0,0.0,1225546.88,1386925.1,0
0,CASH_OUT,402,40851.21,0.0,0.0,79499.65,120350.86,0
0,PAYMENT,323,17630.72,5079.0,0.0,0.0,0.0,0
0,CASH_IN,305,95797.4,6852347.83,6948145.23,454315.58,358518.19,0
0,CASH_OUT,14,498051.57,2682.0,0.0,3405780.34,3903831.91,0
0,CASH_IN,162,353231.27,10709.0,363940.27,206427.17,0.0,0
0,CASH_IN,250,162892.23,10331.0,173223.23,906825.59,619327.73,0
0,CASH_OUT,390,638693.49,638693.49,0.0,328882.51,967576.0,1
0,CASH_OUT,571,40527.63,37710.0,0.0,248773.51,289301.14,0
0,CASH_OUT,251,247919.81,0.0,0.0,1939280.0,2187199.82,0
0,PAYMENT,550,15360.05,52119.0,36758.95,0.0,0.0,0
0,TRANSFER,400,155933.08,0.0,0.0,6247091.93,6403025.01,0
0,PAYMENT,405,2083.01,412.0,0.0,0.0,0.0,0
0,CASH_OUT,328,6497.42,0.0,0.0,219644.07,226141.49,0
0,CASH_IN,227,92224.75,4707070.19,4799294.94,305102.85,212878.09,0
0,CASH_OUT,379,124217.84,16030.0,0.0,0.0,124217.84,0
0,PAYMENT,21,4527.16,0.0,0.0,0.0,0.0,0
0,CASH_IN,44,29023.84,140.0,29163.84,0.0,0.0,0
0,CASH_OUT,396,404882.79,31909.0,0.0,108530.13,513412.92,0
0,CASH_OUT,277,161855.12,0.0,0.0,1347191.18,1509046.3,0
0,PAYMENT,323,89435.99,10048.0,0.0,0.0,0.0,0
0,TRANSFER,257,170779.76,0.0,0.0,751092.06,921871.82,0
0,PAYMENT,259,13660.06,41213.0,27552.94,0.0,0.0,0
0,CASH_OUT,37,157241.34,0.0,0.0,333370.04,490611.38,0
0,CASH_IN,11,490210.28,24797.0,515007.28,121895.0,0.0,0
0,CASH_IN,324,264660.88,9577.0,274237.88,0.0,0.0,0
0,CASH_IN,301,132498.03,50870.0,183368.03,1270281.0,1137782.98,0
0,CASH_IN,273,43297.65,1610727.99,1654025.64,128978.42,85680.77,0
0,CASH_OUT,15,24325.96,60730.0,36404.04,234941.89,816310.91,0
0,CASH_IN,348,143591.07,2990822.51,3134413.59,569403.08,425812.01,0
0,CASH_IN,182,370611.95,8249015.66,8619627.61,519708.45,241392.22,0
0,PAYMENT,347,16643.04,21173.0,4529.96,0.0,0.0,0
0,CASH_OUT,403,109006.37,10017.0,0.0,0.0,109006.37,0
0,CASH_OUT,187,15840.16,0.0,0.0,1448571.07,1464411.23,0
0,CASH_OUT,396,205398.83,20398.0,0.0,0.0,205398.83,0
0,PAYMENT,42,6158.59,97211.0,91052.41,0.0,0.0,0
0,PAYMENT,406,8951.01,200292.0,191340.99,0.0,0.0,0
0,TRANSFER,475,11424.36,11424.36,0.0,0.0,0.0,1
0,CASH_OUT,205,154356.25,41653.0,0.0,614343.03,768699.28,0
0,CASH_OUT,256,147498.4,0.0,0.0,338007.66,485506.06,0
0,PAYMENT,596,11800.26,26650.82,14850.56,0.0,0.0,0
0,PAYMENT,259,1028.67,13579.69,12551.02,0.0,0.0,0
0,CASH_IN,45,147337.03,6823910.48,6971247.51,2345568.52,2198231.49,0
0,CASH_OUT,354,218349.28,30161.0,0.0,35570.96,253920.24,0
0,CASH_OUT,183,334478.02,100564.0,0.0,1141963.11,1476441.13,0
0,CASH_OUT,18,57515.2,80663.0,23147.8,1209080.84,1483460.56,0
0,CASH_OUT,356,155485.94,1136.0,0.0,744689.42,1232078.77,0
0,PAYMENT,305,20663.31,180002.92,159339.61,0.0,0.0,0
0,TRANSFER,582,1270565.77,1270565.77,0.0,0.0,0.0,1
0,CASH_OUT,637,246280.14,246280.14,0.0,2176735.28,2423015.43,1
0,PAYMENT,43,32.18,225717.8,225685.62,0.0,0.0,0
0,CASH_OUT,15,164694.47,0.0,0.0,2371845.64,2536540.11,0
0,PAYMENT,397,10168.6,30918.0,20749.4,0.0,0.0,0
0,CASH_OUT,21,220948.56,43180.0,0.0,1288605.02,1441747.79,0
0,PAYMENT,10,11760.13,10810.0,0.0,0.0,0.0,0
0,TRANSFER,326,5634847.2,0.0,0.0,9879634.27,15514481.47,0
0,PAYMENT,380,9403.35,0.0,0.0,0.0,0.0,0
0,CASH_OUT,235,133806.79,0.0,0.0,3359109.42,3492916.21,0
0,CASH_IN,41,76057.4,4922572.35,4998629.75,7020145.02,6944087.62,0
0,CASH_OUT,278,376461.76,120846.0,0.0,0.0,376461.76,0
0,PAYMENT,240,1411.6,31914.0,30502.4,0.0,0.0,0
0,CASH_IN,20,61418.73,2281711.57,2343130.3,259290.43,197871.7,0
0,CASH_OUT,326,230914.14,0.0,0.0,5125394.61,5356308.75,0
0,CASH_IN,160,191206.76,85570.0,276776.76,72433.5,0.0,0
0,TRANSFER,167,264140.4,0.0,0.0,628499.46,892639.86,0
0,CASH_OUT,211,11378.91,385084.0,373705.09,58253.88,69632.79,0
0,CASH_IN,227,74573.3,166253.63,240826.93,1705798.8,1631225.51,0
0,PAYMENT,331,28110.59,30462.21,2351.62,0.0,0.0,0
0,PAYMENT,323,63250.93,22795.0,0.0,0.0,0.0,0
0,TRANSFER,617,10000000.0,22542664.27,12542664.27,0.0,0.0,1
0,TRANSFER,533,3439121.37,3439121.37,0.0,0.0,0.0,1
0,CASH_OUT,505,133462.4,0.0,0.0,228034.41,361496.81,0
0,PAYMENT,405,1854.1,35508.0,33653.9,0.0,0.0,0
0,CASH_OUT,209,145402.36,0.0,0.0,5163187.41,5308589.77,0
0,CASH_IN,396,265947.96,256759.0,522706.96,263506.42,0.0,0
0,TRANSFER,690,343429.34,343429.34,0.0,0.0,0.0,1
0,TRANSFER,370,563149.41,563149.41,0.0,0.0,0.0,1
0,CASH_IN,378,235134.57,4103483.72,4338618.3,2124845.48,1889710.9,0
0,PAYMENT,215,21241.86,75.0,0.0,0.0,0.0,0
0,CASH_OUT,164,32110.06,15175.0,0.0,4322493.07,4354603.13,0
0,CASH_OUT,43,41919.97,3043.0,0.0,258261.19,300181.16,0
0,CASH_OUT,179,271574.64,102474.0,0.0,0.0,271574.64,0
0,CASH_OUT,372,160414.57,0.0,0.0,321251.1,481665.67,0
0,CASH_IN,185,272862.67,1923791.58,2196654.25,1004016.23,731153.57,0
0,CASH_OUT,279,231161.48,231161.48,0.0,0.0,231161.48,1
0,CASH_OUT,305,199092.33,0.0,0.0,325605.46,524697.79,0
0,CASH_IN,164,44111.76,9011390.7,9055502.45,4725893.01,4681781.25,0
0,TRANSFER,113,1636403.22,1636403.22,0.0,0.0,0.0,1
0,PAYMENT,132,47502.25,260403.51,212901.26,0.0,0.0,0
0,CASH_OUT,225,93259.58,203497.0,110237.42,0.0,93259.58,0
0,CASH_IN,302,105140.21,5656548.97,5761689.18,404009.63,298869.42,0
0,PAYMENT,44,3198.34,21186.0,17987.66,0.0,0.0,0
0,CASH_OUT,251,78476.68,3095.0,0.0,0.0,78476.68,0
0,TRANSFER,207,178396.77,0.0,0.0,2332976.62,2511373.39,0
0,CASH_IN,298,198718.37,884458.37,1083176.74,1189718.42,991000.06,0
0,CASH_OUT,254,75271.63,0.0,0.0,966505.0,1041776.63,0
0,CASH_IN,403,262163.09,4334374.05,4596537.15,695443.5,433280.41,0
0,CASH_OUT,692,82477.09,31230.0,0.0,5727896.81,5810373.89,0
0,CASH_OUT,8,38390.65,11226.96,0.0,743712.51,392132.46,0
0,PAYMENT,11,6446.37,59755.0,53308.63,0.0,0.0,0
0,CASH_OUT,36,763975.41,163095.85,0.0,1181220.57,1945195.98,0
0,PAYMENT,19,2377.67,14940.0,12562.33,0.0,0.0,0
0,PAYMENT,204,7175.2,0.0,0.0,0.0,0.0,0
0,PAYMENT,283,18986.73,0.0,0.0,0.0,0.0,0
0,PAYMENT,661,24238.84,0.0,0.0,0.0,0.0,0
0,PAYMENT,14,9009.57,0.0,0.0,0.0,0.0,0
0,CASH_OUT,274,5052211.09,5052211.09,0.0,6890050.56,11942261.64,1
0,PAYMENT,323,1675.65,21354.0,19678.35,0.0,0.0,0
0,CASH_OUT,234,243241.69,16749.0,0.0,462813.43,1209497.06,0
0,TRANSFER,333,442039.68,0.0,0.0,3770699.8,4212739.48,0
0,CASH_OUT,347,44687.29,70820.0,26132.71,124041.41,168728.7,0
0,PAYMENT,398,13470.02,6043.0,0.0,0.0,0.0,0
0,CASH_OUT,17,159289.45,588.0,0.0,1158381.83,1332770.55,0
0,PAYMENT,136,194.69,274125.32,273930.64,0.0,0.0,0
0,CASH_OUT,42,150742.17,0.0,0.0,405989.23,556731.41,0
0,TRANSFER,401,65365.11,65365.11,0.0,0.0,0.0,1
0,CASH_OUT,227,22462.46,438.0,0.0,0.0,22462.46,0
0,PAYMENT,8,8453.68,37304.87,28851.18,0.0,0.0,0
0,CASH_OUT,404,55133.55,144657.0,89523.45,304317.14,359450.69,0
0,CASH_OUT,406,255034.88,11411.0,0.0,194181.57,449216.46,0
0,CASH_OUT,255,13024.19,0.0,0.0,2055810.53,2396239.2,0
0,PAYMENT,400,20438.47,30614.0,10175.53,0.0,0.0,0
0,PAYMENT,280,3345.09,0.0,0.0,0.0,0.0,0
0,PAYMENT,328,6634.35,1511.46,0.0,0.0,0.0,0
0,PAYMENT,166,22733.56,0.0,0.0,0.0,0.0,0
0,PAYMENT,380,7077.77,10511.52,3433.75,0.0,0.0,0
0,CASH_OUT,261,2241630.36,2241630.36,0.0,5951537.54,8193167.9,1
0,DEBIT,282,3808.74,943.0,0.0,167392.56,171201.29,0
0,TRANSFER,38,75288.76,0.0,0.0,337658.98,412947.74,0
0,PAYMENT,158,1637.43,0.0,0.0,0.0,0.0,0
0,CASH_OUT,36,183510.45,1184.0,0.0,1463085.27,2234631.32,0
0,TRANSFER,399,3002953.14,0.0,0.0,9338463.63,12341416.76,0
0,DEBIT,251,2543.58,0.0,0.0,50292.2,52835.79,0
0,CASH_OUT,297,581336.07,260.0,0.0,2247611.03,2828947.1,0
0,TRANSFER,228,1323909.85,1323909.85,0.0,0.0,0.0,1
0,CASH_OUT,15,233090.46,206901.0,0.0,2093.18,235183.64,0
0,PAYMENT,331,39335.86,0.0,0.0,0.0,0.0,0
0,CASH_OUT,287,115929.87,0.0,0.0,1609275.5,1725205.37,0
0,CASH_IN,43,117862.0,26986341.26,27104203.26,13050550.33,12932688.33,0
0,CASH_OUT,402,124847.41,108710.0,0.0,2486984.8,2611832.21,0
0,CASH_IN,400,186674.27,3870332.46,4057006.73,4335267.43,4148593.16,0
0,TRANSFER,129,232023.42,413932.0,181908.58,1902899.05,2134922.47,0
0,PAYMENT,692,13357.04,11035.0,0.0,0.0,0.0,0
0,TRANSFER,95,33676.59,33676.59,0.0,0.0,0.0,1
0,CASH_IN,18,90562.37,1502302.19,1592864.56,241594.51,151032.14,0
0,PAYMENT,587,8839.32,157.0,0.0,0.0,0.0,0
0,PAYMENT,15,11868.83,0.0,0.0,0.0,0.0,0
0,TRANSFER,259,248071.56,248071.56,0.0,0.0,0.0,1
0,PAYMENT,263,3929.73,25439.28,21509.56,0.0,0.0,0
0,PAYMENT,373,2023.92,0.0,0.0,0.0,0.0,0
0,PAYMENT,401,12548.41,0.0,0.0,0.0,0.0,0
0,PAYMENT,212,2030.76,15914.0,13883.24,0.0,0.0,0
0,TRANSFER,305,508287.03,0.0,0.0,9744266.26,10252553.29,0
0,CASH_OUT,369,295523.84,0.0,0.0,4567808.53,4863332.37,0
0,CASH_OUT,309,3565.89,0.0,0.0,230346.53,233912.42,0
0,TRANSFER,525,181256.61,0.0,0.0,593587.12,774843.74,0
0,PAYMENT,33,30178.18,38605.79,8427.61,0.0,0.0,0
0,PAYMENT,160,12855.4,0.0,0.0,0.0,0.0,0
0,PAYMENT,349,19479.8,183529.0,164049.2,0.0,0.0,0
0,CASH_IN,42,169918.42,18.0,169936.42,0.0,0.0,0
0,PAYMENT,350,15065.66,146467.0,131401.34,0.0,0.0,0
0,CASH_OUT,694,10000000.0,10000000.0,0.0,0.0,10000000.0,1
0,CASH_IN,276,108245.34,3972660.84,4080906.18,128399.1,20153.76,0
0,PAYMENT,285,7006.02,0.0,0.0,0.0,0.0,0
0,PAYMENT,12,1419.8,71683.51,70263.7,0.0,0.0,0
0,PAYMENT,12,2654.18,14850.0,12195.82,0.0,0.0,0
0,PAYMENT,250,19312.5,89403.31,70090.81,0.0,0.0,0
0,PAYMENT,203,8236.17,402905.97,394669.8,0.0,0.0,0
0,CASH_OUT,183,109059.65,0.0,0.0,674266.97,783326.62,0
0,TRANSFER,229,2370165.03,34809.87,0.0,2837738.18,5207903.21,0
0,CASH_OUT,211,73599.57,73599.57,0.0,0.0,73599.57,1
0,PAYMENT,186,4734.84,20495.0,15760.16,0.0,0.0,0
0,CASH_OUT,527,249224.46,0.0,0.0,776650.68,1025875.13,0
0,TRANSFER,327,7704585.37,10381.0,0.0,1093118.49,8797703.85,0
0,CASH_OUT,305,206955.97,26716.0,0.0,0.0,206955.97,0
0,CASH_OUT,179,3958.15,0.0,0.0,3395291.48,3399249.64,0
0,CASH_IN,22,120313.5,478.0,120791.5,1942308.04,1821994.54,0
0,PAYMENT,346,14863.38,182736.48,167873.1,0.0,0.0,0
0,CASH_IN,333,343605.29,4366392.11,4709997.4,22634316.6,22290711.31,0
0,PAYMENT,397,45002.34,239457.0,194454.66,0.0,0.0,0
0,PAYMENT,226,1028.67,0.0,0.0,0.0,0.0,0
0,PAYMENT,94,3463.24,41668.0,38204.76,0.0,0.0,0
0,CASH_OUT,688,42404.07,0.0,0.0,63242.82,105646.9,0
0,DEBIT,305,1601.76,20386.0,18784.24,2010477.59,2012079.35,0
0,TRANSFER,166,315945.83,64326.84,0.0,942212.77,1258158.6,0
0,CASH_OUT,352,22599.39,0.0,0.0,119970.77,142570.16,0
0,CASH_IN,571,133384.41,2971777.89,3105162.29,1198178.1,1064793.7,0
0,CASH_OUT,234,111638.24,0.0,0.0,2883748.74,2995386.98,0
0,CASH_OUT,33,125646.57,0.0,0.0,169413.07,295059.64,0
0,CASH_OUT,372,106951.74,0.0,0.0,971128.57,1078080.31,0
0,CASH_IN,286,223459.82,7775923.89,7999383.71,431380.67,207920.85,0
0,CASH_IN,182,282303.83,29627.0,311930.83,58569.42,0.0,0
0,CASH_OUT,189,94496.33,358687.0,264190.67,670901.98,765398.31,0
0,TRANSFER,66,107188.41,107188.41,0.0,0.0,0.0,1
0,PAYMENT,207,15227.26,10265.0,0.0,0.0,0.0,0
0,CASH_IN,157,165760.32,7094.0,172854.32,0.0,0.0,0
0,PAYMENT,181,32367.65,0.0,0.0,0.0,0.0,0
0,CASH_OUT,181,12278.0,12278.0,0.0,853058.02,865336.02,1
0,CASH_IN,19,58723.73,147853.0,206576.73,0.0,171932.25,0
0,CASH_OUT,352,96480.78,0.0,0.0,348144.15,444624.93,0
0,CASH_OUT,165,25550.33,0.0,0.0,856135.6,881685.93,0
0,CASH_OUT,311,2479691.37,2479691.37,0.0,16351.96,2496043.32,1
0,CASH_IN,213,122412.34,21677.0,144089.34,0.0,0.0,0
0,CASH_OUT,351,151137.52,3001.0,0.0,0.0,151137.52,0
0,TRANSFER,71,1871553.73,1871553.73,0.0,0.0,0.0,1
0,TRANSFER,356,88986.46,236618.85,147632.39,1223725.32,1312711.78,0
0,CASH_OUT,234,262688.44,830.0,0.0,0.0,262688.44,0
0,PAYMENT,349,14112.41,102252.0,88139.59,0.0,0.0,0
0,PAYMENT,15,3244.22,7131.0,3886.78,0.0,0.0,0
0,PAYMENT,36,9631.16,0.0,0.0,0.0,0.0,0
0,TRANSFER,208,1128579.71,1128579.71,0.0,0.0,0.0,1
0,PAYMENT,183,20701.83,0.0,0.0,0.0,0.0,0
0,CASH_IN,544,69276.59,14717299.94,14786576.53,846841.65,777565.06,0
0,CASH_OUT,275,152480.42,0.0,0.0,2336133.5,2488613.92,0
0,PAYMENT,347,15728.49,0.0,0.0,0.0,0.0,0
0,CASH_IN,1,475857.13,476831.86,952688.99,5400641.87,4619798.56,0
0,CASH_IN,34,454787.48,7462948.38,7917735.86,2416844.86,1962057.38,0
0,CASH_IN,309,192498.4,20130.0,212628.4,0.0,0.0,0
0,CASH_IN,182,123427.46,10796.0,134223.46,0.0,0.0,0
0,CASH_OUT,207,222747.3,307719.0,84971.7,360879.89,583627.19,0
0,PAYMENT,186,14100.81,0.0,0.0,0.0,0.0,0
0,CASH_OUT,345,138884.56,0.0,0.0,3265779.77,3404664.33,0
0,TRANSFER,353,1610339.99,20471.0,0.0,45914.37,1656254.36,0
0,CASH_OUT,635,438394.67,438394.67,0.0,0.0,438394.67,1
0,PAYMENT,141,6601.69,501964.0,495362.31,0.0,0.0,0
0,PAYMENT,350,14024.17,49956.0,35931.83,0.0,0.0,0
0,PAYMENT,210,4811.84,0.0,0.0,0.0,0.0,0
0,CASH_OUT,496,110661.7,131277.0,20615.3,0.0,110661.7,0
0,CASH_IN,306,310021.41,8467383.35,8777404.76,3150854.84,2840833.44,0
0,CASH_OUT,132,55690.07,16041.0,0.0,905939.95,958670.34,0
0,PAYMENT,419,20562.5,0.0,0.0,0.0,0.0,0
0,CASH_OUT,235,17584.85,135696.07,118111.22,486174.23,503759.08,0
0,CASH_OUT,182,167071.33,351360.0,184288.67,361564.48,528635.8,0
0,CASH_OUT,137,178459.72,0.0,0.0,2729559.89,2764821.47,0
0,PAYMENT,231,889.93,0.0,0.0,0.0,0.0,0
0,CASH_IN,227,20931.1,4828961.71,4849892.81,5685734.21,5664803.11,0
0,CASH_OUT,46,82971.91,82971.91,0.0,39316.96,122288.87,1
0,CASH_IN,274,164279.95,5584995.87,5749275.82,1168208.74,1003928.79,0
0,CASH_IN,401,269291.76,30359.0,299650.76,0.0,0.0,0
0,CASH_OUT,163,62192.03,70795.0,8602.97,11473827.47,11536019.5,0
0,PAYMENT,186,31168.76,1104.0,0.0,0.0,0.0,0
0,CASH_OUT,36,886592.76,886592.76,0.0,112531.06,999123.82,1
0,PAYMENT,280,3130.67,0.0,0.0,0.0,0.0,0
0,PAYMENT,250,5895.62,252435.0,246539.38,0.0,0.0,0
0,CASH_IN,139,403348.12,4390698.88,4794047.01,6156802.04,5753453.92,0
0,CASH_IN,185,119811.41,3490270.76,3610082.17,587454.24,467642.83,0
0,CASH_OUT,8,113943.55,0.0,0.0,1105982.61,1694020.5,0
0,CASH_OUT,306,314865.23,7043.0,0.0,0.0,314865.23,0
0,CASH_IN,283,144511.01,3990260.28,4134771.3,722926.07,578415.06,0
0,PAYMENT,357,11380.74,0.0,0.0,0.0,0.0,0
0,CASH_OUT,284,91842.78,250125.0,158282.22,262685.55,354528.33,0
0,CASH_OUT,11,343576.53,241.0,0.0,70471.0,233255.25,0
0,PAYMENT,252,30778.18,56310.0,25531.82,0.0,0.0,0
0,CASH_IN,285,202950.98,12625533.59,12828484.57,649615.2,446664.21,0
0,PAYMENT,371,6370.76,0.0,0.0,0.0,0.0,0
0,CASH_OUT,518,207854.51,29860.0,0.0,2011335.03,2219189.54,0
0,CASH_OUT,404,71553.23,0.0,0.0,15589943.47,15661496.7,0
0,PAYMENT,404,10477.23,60704.27,50227.04,0.0,0.0,0
0,CASH_IN,588,185775.06,2286339.92,2472114.99,15366223.64,15531946.31,0
0,CASH_OUT,208,17256.41,1070.0,0.0,261774.75,279031.16,0
0,CASH_IN,131,356296.73,20568.0,376864.73,0.0,0.0,0
0,CASH_OUT,674,6250438.78,6250438.78,0.0,0.0,6250438.78,1
0,TRANSFER,208,843532.01,0.0,0.0,1321677.36,2165209.37,0
0,CASH_IN,166,20789.18,55212.0,76001.18,199261.13,178471.96,0
0,CASH_IN,303,321719.35,7235390.68,7557110.03,4209508.55,3887789.19,0
0,TRANSFER,350,5963850.34,5963850.34,0.0,0.0,0.0,1
0,CASH_OUT,251,7536.62,0.0,0.0,1906447.21,1913983.83,0
0,CASH_IN,305,65129.78,11166.0,76295.78,237794.59,172664.82,0
0,PAYMENT,259,9933.33,67053.13,57119.8,0.0,0.0,0
0,CASH_IN,325,62091.71,5384540.8,5446632.5,125221.31,63129.6,0
0,CASH_IN,180,194218.84,22403.0,216621.84,86625.08,0.0,0
0,CASH_OUT,253,464112.65,127844.0,0.0,518722.12,982834.77,0
0,CASH_OUT,403,92335.99,0.0,0.0,896991.46,989327.45,0
0,PAYMENT,380,8199.05,0.0,0.0,0.0,0.0,0
0,CASH_OUT,394,208432.73,0.0,0.0,218965.59,427398.32,0
0,PAYMENT,297,39225.76,348012.55,308786.79,0.0,0.0,0
0,CASH_OUT,259,97891.08,2453.0,0.0,46896.73,144787.81,0
0,CASH_OUT,404,126275.86,0.0,0.0,5934843.09,6061118.94,0
0,PAYMENT,24,19572.43,25263.0,5690.57,0.0,0.0,0
0,TRANSFER,377,529606.32,0.0,0.0,3971406.68,4501013.0,0
0,CASH_OUT,311,226684.99,0.0,0.0,819661.02,1046346.01,0
0,CASH_OUT,133,423771.75,45217.0,0.0,0.0,619937.78,0
0,TRANSFER,34,339846.1,45651.0,0.0,0.0,339846.1,0
0,PAYMENT,397,39308.74,282.0,0.0,0.0,0.0,0
0,CASH_OUT,372,127845.45,14112.0,0.0,1697593.03,1861261.1,0
0,CASH_IN,130,202618.6,11543.0,214161.6,238132.14,35513.53,0
0,CASH_IN,394,30681.58,3194739.83,3225421.41,1599186.17,1568504.59,0
0,CASH_IN,280,50751.25,140.0,50891.25,286934.95,236183.69,0
0,CASH_OUT,256,278777.77,779744.0,500966.23,1695973.47,1974751.24,0
0,CASH_OUT,186,152048.92,20053.0,0.0,0.0,57751.04,0
0,TRANSFER,479,799517.33,799517.33,0.0,0.0,0.0,1
0,CASH_IN,140,89281.5,82219.0,171500.5,0.0,0.0,0
0,CASH_OUT,17,160961.12,0.0,0.0,261186.0,422147.12,0
0,CASH_IN,235,173946.27,20407.0,194353.27,12188.18,0.0,0
0,PAYMENT,16,26103.99,19224.0,0.0,0.0,0.0,0
0,CASH_OUT,140,24580.82,119529.0,94948.18,250104.93,274685.76,0
0,CASH_OUT,590,222162.08,0.0,0.0,456709.7,678871.78,0
0,CASH_IN,155,44901.65,15228.0,60129.65,521323.86,476422.21,0
0,CASH_IN,311,188441.6,510666.18,699107.78,3163341.99,2974900.39,0
0,CASH_IN,285,267260.14,10179682.02,10446942.17,540495.03,273234.89,0
0,CASH_OUT,355,312763.55,0.0,0.0,2385216.38,2697979.93,0
0,PAYMENT,325,53382.77,0.0,0.0,0.0,0.0,0
0,TRANSFER,135,1356744.61,0.0,0.0,5396227.77,6752972.39,0
0,CASH_IN,403,80192.28,512079.0,592271.28,10237.0,0.0,0
0,PAYMENT,335,9229.81,157602.0,148372.19,0.0,0.0,0
0,TRANSFER,415,3242183.64,3242183.64,0.0,0.0,0.0,1
0,CASH_OUT,401,154329.39,9583.0,0.0,1006788.48,1161117.87,0
0,CASH_OUT,274,25813.26,10860.0,0.0,0.0,25813.26,0
0,CASH_IN,178,227457.3,631.0,228088.3,0.0,0.0,0
0,CASH_OUT,236,192503.35,0.0,0.0,993379.03,1185882.38,0
0,TRANSFER,11,122196.19,0.0,0.0,309057.68,440621.03,0
0,TRANSFER,339,1532281.61,1532281.61,0.0,0.0,0.0,1
0,PAYMENT,166,13723.89,0.0,0.0,0.0,0.0,0
0,PAYMENT,154,12458.26,0.0,0.0,0.0,0.0,0
0,CASH_OUT,277,44484.01,0.0,0.0,65608.99,110093.0,0
0,CASH_IN,355,14813.3,10775459.85,10790273.16,58879.34,44066.04,0
0,CASH_IN,130,23733.04,105368.0,129101.04,0.0,0.0,0
0,PAYMENT,202,11700.12,0.0,0.0,0.0,0.0,0
0,CASH_IN,345,105616.34,1504536.91,1610153.25,4055362.78,3949746.44,0
0,CASH_IN,395,77706.12,19556021.77,19633727.9,1424580.69,1346874.57,0
0,CASH_IN,182,420577.58,101761.83,522339.41,3899032.91,3478455.33,0
0,CASH_IN,690,148977.93,462713.39,611691.32,838266.65,689288.73,0
0,CASH_OUT,277,242678.33,242678.33,0.0,812517.66,1055196.0,1
0,PAYMENT,207,1965.55,182764.04,180798.49,0.0,0.0,0
0,PAYMENT,335,38029.05,2709.08,0.0,0.0,0.0,0
0,PAYMENT,349,7183.59,0.0,0.0,0.0,0.0,0
0,CASH_OUT,404,123445.85,0.0,0.0,221972.52,345418.37,0
0,CASH_IN,187,486026.68,29848.0,515874.68,0.0,0.0,0
0,CASH_IN,179,39079.96,5837287.18,5876367.14,1163043.57,1123963.61,0
0,CASH_OUT,354,501559.74,0.0,0.0,6146550.87,6648110.61,0
0,CASH_OUT,373,172325.93,0.0,0.0,503181.21,675507.15,0
0,PAYMENT,405,5305.85,6638.0,1332.15,0.0,0.0,0
0,CASH_OUT,533,878034.02,878034.02,0.0,1531593.58,2409627.6,1
0,CASH_IN,132,341054.83,270.0,341324.83,159682.18,130276.59,0
0,TRANSFER,354,717522.06,0.0,0.0,7405054.41,8122576.48,0
0,CASH_IN,18,140704.96,14206385.46,14347090.42,3763468.61,3622763.65,0
0,CASH_OUT,17,130962.54,341936.12,210973.58,572281.76,826547.05,0
0,CASH_OUT,17,70444.41,0.0,0.0,279430.47,959345.35,0
0,PAYMENT,153,3187.69,391827.0,388639.31,0.0,0.0,0
0,TRANSFER,131,359542.97,16968.0,0.0,886424.59,1245967.55,0
0,TRANSFER,180,947292.65,271422.36,0.0,8594552.88,9541845.52,0
0,CASH_IN,184,51676.41,2142975.75,2194652.16,1573550.02,1521873.6,0
0,TRANSFER,311,2479691.37,2479691.37,0.0,0.0,0.0,1
0,CASH_IN,278,307404.27,516445.0,823849.27,236587.27,0.0,0
0,CASH_IN,12,510605.89,6791454.99,7302060.88,1287865.82,777259.93,0
0,CASH_IN,254,267657.59,2732678.35,3000335.95,841798.9,574141.3,0
0,CASH_OUT,235,327218.25,21389.0,0.0,93150.83,420369.08,0
0,PAYMENT,209,12216.73,70970.0,58753.27,0.0,0.0,0
0,CASH_IN,378,418203.67,7002.0,425205.67,176957.66,0.0,0
0,PAYMENT,241,25910.95,0.0,0.0,0.0,0.0,0
0,TRANSFER,304,56459.97,0.0,0.0,396042.8,452502.77,0
0,CASH_OUT,227,438865.38,0.0,0.0,558975.74,997841.12,0
0,CASH_OUT,665,866712.19,866712.19,0.0,2284736.59,3151448.78,1
0,PAYMENT,96,7859.4,1004.0,0.0,0.0,0.0,0
0,CASH_IN,131,110333.33,351484.04,461817.37,762725.83,652392.5,0
0,PAYMENT,229,18525.9,0.0,0.0,0.0,0.0,0
0,CASH_OUT,185,28977.4,0.0,0.0,37816.3,66793.7,0
0,PAYMENT,401,720.05,107951.66,107231.61,0.0,0.0,0
0,CASH_OUT,42,270573.63,143.0,0.0,12166.75,282740.37,0
0,CASH_OUT,331,453650.88,0.0,0.0,598274.38,1051925.26,0
0,CASH_OUT,181,145844.35,297846.0,152001.65,97189.3,243033.65,0
0,PAYMENT,431,11296.82,99822.0,88525.18,0.0,0.0,0
0,CASH_OUT,284,80833.49,0.0,0.0,906350.52,987184.01,0
0,CASH_OUT,356,199155.43,22215.0,0.0,701511.17,900666.6,0
0,PAYMENT,327,4886.05,0.0,0.0,0.0,0.0,0
0,CASH_IN,16,13232.94,12446776.82,12460009.76,161987.26,148754.33,0
0,CASH_OUT,373,78051.98,219.0,0.0,752482.41,830534.39,0
0,PAYMENT,134,18700.73,16586.0,0.0,0.0,0.0,0
0,CASH_OUT,330,205486.71,0.0,0.0,588538.37,794025.08,0
0,CASH_OUT,212,94261.84,94261.84,0.0,112303.11,206564.95,1
0,CASH_OUT,162,389644.32,0.0,0.0,4993797.25,5383441.57,0
0,TRANSFER,231,498025.28,0.0,0.0,1062982.97,1639447.38,0
0,CASH_OUT,249,69096.96,0.0,0.0,133886.4,202983.36,0
0,CASH_OUT,186,3286.24,0.0,0.0,1117197.89,1120484.13,0
0,CASH_OUT,282,124103.45,133174.0,9070.55,154339.63,278443.09,0
0,CASH_IN,163,41267.71,11458.0,52725.71,432465.07,391197.36,0
0,CASH_IN,146,282148.89,2336444.93,2618593.82,1653566.3,1371417.41,0
0,PAYMENT,205,13251.73,68596.17,55344.45,0.0,0.0,0
0,TRANSFER,40,834117.7,153.0,0.0,162257.35,996375.04,0
0,CASH_OUT,13,70066.62,0.0,0.0,4457469.47,5253063.05,0
0,PAYMENT,212,43849.95,0.0,0.0,0.0,0.0,0
0,CASH_IN,229,29886.08,1757282.18,1787168.26,321388.08,291502.0,0
0,CASH_IN,323,7207.58,20938074.34,20945281.93,1538531.19,1531323.6,0
0,CASH_OUT,9,12086.71,0.0,0.0,105911.51,117998.22,0
0,PAYMENT,192,2953.64,0.0,0.0,0.0,0.0,0
0,CASH_OUT,301,19744.74,0.0,0.0,140087.95,159832.69,0
0,CASH_OUT,637,107246.03,107246.03,0.0,0.0,107246.03,1
0,PAYMENT,379,9528.48,0.0,0.0,0.0,0.0,0
0,PAYMENT,233,24048.54,190.0,0.0,0.0,0.0,0
0,CASH_IN,280,198221.33,22598709.88,22796931.21,424206.71,225985.37,0
0,PAYMENT,375,3864.17,224008.0,220143.83,0.0,0.0,0
0,PAYMENT,347,9097.72,2162.0,0.0,0.0,0.0,0
0,CASH_IN,349,486649.99,24924.52,511574.51,204843.44,0.0,0
0,PAYMENT,253,3304.02,9977.0,6672.98,0.0,0.0,0
0,TRANSFER,132,2435317.45,191610.0,0.0,912345.25,3347662.7,0
0,PAYMENT,306,9135.93,107793.0,98657.07,0.0,0.0,0
0,CASH_OUT,352,46030.63,589.0,0.0,0.0,46030.63,0
0,TRANSFER,84,351912.04,351912.04,0.0,0.0,0.0,1
0,PAYMENT,23,32200.2,127452.68,95252.48,0.0,0.0,0
0,CASH_OUT,691,120329.9,0.0,0.0,773064.92,893394.82,0
0,PAYMENT,332,21925.19,1751.0,0.0,0.0,0.0,0
0,TRANSFER,229,368189.75,0.0,0.0,649695.02,1017884.77,0
0,CASH_IN,596,52470.4,9897790.06,9950260.46,390937.21,338466.8,0
0,CASH_OUT,139,20925.33,0.0,0.0,242749.09,263674.41,0
0,CASH_OUT,332,54625.05,0.0,0.0,1339206.04,1393831.1,0
0,CASH_IN,177,429491.32,11489.0,440980.32,536746.18,107254.86,0
0,TRANSFER,307,1749325.14,1749325.14,0.0,0.0,0.0,1
0,CASH_OUT,401,164893.1,19996.0,0.0,854170.32,1019063.43,0
0,CASH_IN,690,105302.34,30790.0,136092.34,579440.91,474138.57,0
0,CASH_OUT,33,340915.02,351852.0,10936.98,1345201.69,1686116.71,0
0,PAYMENT,164,5272.25,35652.0,30379.75,0.0,0.0,0
0,CASH_IN,38,83713.82,10428223.31,10511937.13,1942834.21,1859120.4,0
0,TRANSFER,42,834066.01,37512.0,0.0,0.0,834066.01,0
0,PAYMENT,185,30085.86,21988.85,0.0,0.0,0.0,0
0,CASH_OUT,43,215790.88,0.0,0.0,242174.62,826475.9,0
0,PAYMENT,42,1740.86,85493.0,83752.14,0.0,0.0,0
0,CASH_OUT,355,183380.01,21957.0,0.0,7445.44,190825.45,0
0,PAYMENT,134,29945.3,0.0,0.0,0.0,0.0,0
0,PAYMENT,203,301.56,395262.58,394961.02,0.0,0.0,0
0,CASH_IN,322,92630.6,15880.0,108510.6,0.0,0.0,0
0,TRANSFER,206,64006.97,407341.0,343334.03,1089998.77,1154005.74,0
0,CASH_IN,379,295500.43,11088247.33,11383747.76,2946415.41,2650914.98,0
0,PAYMENT,503,4056.97,64722.0,60665.03,0.0,0.0,0
0,CASH_IN,162,410711.74,7349607.99,7760319.73,741933.61,331221.87,0
0,CASH_OUT,405,24339.06,1967.0,0.0,0.0,24339.06,0
0,PAYMENT,401,8658.94,649785.85,641126.92,0.0,0.0,0
0,PAYMENT,19,3301.01,138876.0,135574.99,0.0,0.0,0
0,PAYMENT,202,93.6,81025.0,80931.4,0.0,0.0,0
0,PAYMENT,10,14070.01,95388.07,81318.06,0.0,0.0,0
0,TRANSFER,375,331734.77,0.0,0.0,7528183.67,8095561.51,0
0,CASH_OUT,428,306448.15,0.0,0.0,378471.62,684919.77,0
0,CASH_IN,303,216687.52,8416034.77,8632722.29,1217310.97,1000623.46,0
0,PAYMENT,236,10853.16,61835.68,50982.52,0.0,0.0,0
0,DEBIT,192,1189.06,16473.0,15283.94,71130.98,72320.03,0
0,PAYMENT,41,15793.69,0.0,0.0,0.0,0.0,0
0,CASH_OUT,397,406273.7,20108.0,0.0,2134150.98,2560831.82,0
0,TRANSFER,252,936263.93,0.0,0.0,1548377.64,2484641.57,0
0,PAYMENT,382,14464.58,12329.0,0.0,0.0,0.0,0
0,CASH_OUT,350,382122.82,109788.0,0.0,1115984.51,1498107.32,0
0,PAYMENT,43,6241.05,33476.0,27234.95,0.0,0.0,0
0,PAYMENT,14,1931.74,438068.08,436136.35,0.0,0.0,0
0,PAYMENT,359,4635.33,78992.0,74356.67,0.0,0.0,0
0,CASH_OUT,347,316267.17,41349.0,0.0,4734954.96,5051222.12,0
0,CASH_IN,597,338823.05,1296163.6,1634986.66,7076899.0,6738075.95,0
0,PAYMENT,138,27218.32,53234.0,26015.68,0.0,0.0,0
0,PAYMENT,282,12403.49,0.0,0.0,0.0,0.0,0
0,CASH_OUT,183,8658.98,62304.0,53645.02,28016.28,36675.26,0
0,CASH_OUT,133,271685.98,0.0,0.0,414666.47,750907.02,0
0,PAYMENT,353,10133.06,10903.0,769.94,0.0,0.0,0
0,CASH_IN,228,101206.72,5880830.95,5982037.67,6865392.89,6764186.17,0
0,CASH_IN,180,290966.52,5676419.71,5967386.23,353835.47,62868.94,0
0,PAYMENT,263,2997.33,20142.0,17144.67,0.0,0.0,0
0,PAYMENT,38,10465.69,31175.0,20709.31,0.0,0.0,0
0,CASH_OUT,345,212518.82,11415.0,0.0,0.0,212518.82,0
0,PAYMENT,236,16305.63,0.0,0.0,0.0,0.0,0
0,PAYMENT,190,6169.57,105995.0,99825.43,0.0,0.0,0
0,CASH_IN,44,40792.03,15563412.61,15604204.64,69334.0,0.0,0
0,CASH_OUT,228,39076.27,91572.0,52495.73,0.0,39076.27,0
0,PAYMENT,35,19073.78,322179.68,303105.9,0.0,0.0,0
0,PAYMENT,431,28020.88,0.0,0.0,0.0,0.0,0
0,PAYMENT,181,12422.75,0.0,0.0,0.0,0.0,0
0,TRANSFER,304,9243761.32,0.0,0.0,10225701.09,19469462.41,0
0,CASH_OUT,140,220947.75,0.0,0.0,3062148.5,3283096.26,0
0,PAYMENT,371,31734.5,4790.0,0.0,0.0,0.0,0
0,PAYMENT,251,14169.07,0.0,0.0,0.0,0.0,0
0,CASH_OUT,355,12105.3,0.0,0.0,77706.54,89811.84,0
0,TRANSFER,456,10000000.0,10585396.14,585396.14,0.0,0.0,1
0,PAYMENT,184,76217.96,0.0,0.0,0.0,0.0,0
0,TRANSFER,356,252323.75,4676.81,0.0,67161532.15,67413855.9,0
0,CASH_OUT,21,87153.93,0.0,0.0,153722.89,240876.82,0
0,PAYMENT,227,1476.16,196452.29,194976.12,0.0,0.0,0
0,PAYMENT,179,2100.84,333997.34,331896.5,0.0,0.0,0
0,TRANSFER,531,834203.65,834203.65,0.0,0.0,0.0,1
0,CASH_OUT,322,132294.22,0.0,0.0,3676992.74,3809286.96,0
0,CASH_IN,19,194671.32,20227.0,214898.32,435472.79,455220.78,0
0,PAYMENT,240,2120.17,0.0,0.0,0.0,0.0,0
0,TRANSFER,738,114490.39,114490.39,0.0,0.0,0.0,1
0,CASH_OUT,211,162954.89,211671.81,48716.92,3276449.13,3439404.01,0
0,PAYMENT,383,15542.91,0.0,0.0,0.0,0.0,0
0,CASH_OUT,371,362571.53,0.0,0.0,1251087.45,1613658.98,0
0,TRANSFER,328,629703.4,0.0,0.0,802412.07,1432115.47,0
0,TRANSFER,406,120631.98,0.0,0.0,420458.74,541090.72,0
0,CASH_OUT,675,950766.15,950766.15,0.0,0.0,950766.15,1
0,CASH_OUT,370,508385.32,233471.0,0.0,0.0,508385.32,0
0,TRANSFER,34,72837.97,39101.0,0.0,0.0,72837.97,0
0,PAYMENT,228,10000.06,609913.0,599912.94,0.0,0.0,0
0,PAYMENT,309,12998.69,14796.83,1798.14,0.0,0.0,0
0,CASH_OUT,278,200785.32,3279.0,0.0,23879.16,224664.48,0
0,PAYMENT,308,571.43,5056.0,4484.57,0.0,0.0,0
0,CASH_OUT,188,66104.71,50566.0,0.0,31925533.38,31991638.1,0
0,CASH_OUT,351,143975.94,0.0,0.0,7013227.35,7157203.29,0
0,PAYMENT,262,2798.67,117501.41,114702.74,0.0,0.0,0
0,CASH_OUT,305,472447.89,234.0,0.0,704583.58,1177031.47,0
1,TRANSFER,440,1102791.66,1102791.66,0.0,0.0,0.0,1
1,PAYMENT,354,3390.52,0.0,0.0,0.0,0.0,0
1,CASH_OUT,13,447405.65,16160.0,0.0,773261.17,1220666.82,0
1,CASH_OUT,331,2495.53,0.0,0.0,19632.86,22128.39,0
1,CASH_OUT,179,132604.52,11557.0,0.0,809198.42,941802.95,0
1,CASH_OUT,372,264383.55,12991.0,0.0,430891.77,695275.32,0
1,PAYMENT,139,3517.26,707.0,0.0,0.0,0.0,0
1,CASH_OUT,20,118450.13,21440.0,0.0,9206368.45,9584378.32,0
1,TRANSFER,229,760825.3,0.0,0.0,2148479.42,2909304.72,0
1,CASH_OUT,379,67731.2,122567.0,54835.8,1028839.93,1096571.12,0
1,CASH_OUT,36,311856.69,13557.0,0.0,477574.81,1046878.59,0
1,PAYMENT,139,13702.36,20278.0,6575.64,0.0,0.0,0
1,PAYMENT,15,5409.37,144930.49,139521.13,0.0,0.0,0
1,PAYMENT,399,42577.77,4515.0,0.0,0.0,0.0,0
1,CASH_IN,370,189283.11,8821.0,198104.11,125282.96,0.0,0
1,PAYMENT,260,3291.06,0.0,0.0,0.0,0.0,0
1,CASH_IN,137,332449.05,170975.0,503424.05,4095352.02,3762902.98,0
1,CASH_OUT,255,98669.3,0.0,0.0,1496204.35,1594873.65,0
1,CASH_OUT,166,205919.21,726.26,0.0,4633468.42,4839387.63,0
1,PAYMENT,43,30745.21,67666.61,36921.39,0.0,0.0,0
1,CASH_IN,184,118303.77,84210.14,202513.91,1101748.44,983444.67,0
1,CASH_OUT,154,360605.88,0.0,0.0,4168075.8,4528681.67,0
1,PAYMENT,323,31749.42,27244.0,0.0,0.0,0.0,0
1,CASH_OUT,36,44480.31,0.0,0.0,946158.0,990638.31,0
1,CASH_OUT,141,63661.29,0.0,0.0,339364.14,403025.43,0
1,PAYMENT,41,3694.58,67944.37,64249.79,0.0,0.0,0
1,CASH_IN,306,300887.01,235207.0,536094.01,0.0,0.0,0
1,CASH_OUT,306,24513.59,0.0,0.0,2140848.31,2165361.9,0
1,CASH_OUT,20,140653.02,0.0,0.0,414930.57,555583.59,0
1,CASH_OUT,298,51413.37,142.0,0.0,130709.54,182122.9,0
1,DEBIT,19,1428.48,410.0,0.0,514718.03,625029.0,0
1,PAYMENT,371,20940.89,613731.0,592790.11,0.0,0.0,0
1,CASH_IN,204,106349.55,8225146.43,8331495.97,662465.47,556115.92,0
1,PAYMENT,236,454.5,28612.0,28157.5,0.0,0.0,0
1,CASH_OUT,182,238565.45,0.0,0.0,1205504.06,1444069.51,0
1,PAYMENT,261,1098.06,20201.0,19102.94,0.0,0.0,0
1,TRANSFER,371,441124.84,0.0,0.0,1019973.16,1461098.01,0
1,CASH_OUT,404,105940.44,6306.0,0.0,0.0,105940.44,0
1,TRANSFER,410,1232013.7,1232013.7,0.0,0.0,0.0,1
1,PAYMENT,259,5446.56,91890.94,86444.38,0.0,0.0,0
1,TRANSFER,10,1431513.85,0.0,0.0,1966758.51,3435147.36,0
1,CASH_OUT,15,126275.29,59182.0,0.0,2897.0,0.0,0
1,CASH_OUT,301,68809.04,0.0,0.0,589852.43,658661.47,0
1,CASH_IN,211,645442.59,20068280.7,20713723.29,2249310.39,1603867.8,0
1,PAYMENT,43,2225.26,1629.82,0.0,0.0,0.0,0
1,CASH_IN,356,232174.32,7225645.98,7457820.3,4444180.68,4212006.36,0
1,PAYMENT,323,8556.24,504522.0,495965.76,0.0,0.0,0
1,CASH_OUT,19,55443.87,475091.49,419647.62,372085.85,427529.72,0
1,CASH_OUT,232,133194.97,0.0,0.0,1818701.58,1951896.55,0
1,PAYMENT,156,1777.87,0.0,0.0,0.0,0.0,0
1,PAYMENT,185,9490.63,0.0,0.0,0.0,0.0,0
1,CASH_IN,332,35919.55,30559269.38,30595188.93,589475.09,553555.54,0
1,TRANSFER,139,41119.77,0.0,0.0,195768.25,236888.02,0
1,CASH_IN,14,113733.64,8359166.17,8472899.81,4353679.5,4522384.62,0
1,PAYMENT,284,10800.59,41696.0,30895.41,0.0,0.0,0
1,PAYMENT,133,19266.29,0.0,0.0,0.0,0.0,0
1,PAYMENT,349,16314.63,844199.0,827884.37,0.0,0.0,0
1,PAYMENT,381,2269.02,8984.49,6715.47,0.0,0.0,0
1,PAYMENT,309,5851.52,0.0,0.0,0.0,0.0,0
1,CASH_OUT,262,206407.45,11367.0,0.0,168615.35,375022.79,0
1,PAYMENT,299,61964.63,204602.0,142637.37,0.0,0.0,0
1,CASH_OUT,43,77679.78,1550.0,0.0,1463897.72,1541577.5,0
1,TRANSFER,42,908208.78,11119.95,0.0,6658657.06,7756572.07,0
1,CASH_OUT,155,39483.84,0.0,0.0,110334.36,149818.19,0
1,PAYMENT,18,2596.0,0.0,0.0,0.0,0.0,0
1,CASH_IN,694,222697.21,2629854.46,2852551.67,4923962.49,4701265.27,0
1,CASH_IN,39,21818.48,1485148.66,1506967.14,197380.17,442154.43,0
1,CASH_IN,378,104863.58,2579148.47,2684012.05,180361.22,75497.64,0
1,CASH_IN,134,258029.22,518520.8,776550.03,2665883.17,2407853.94,0
1,CASH_OUT,263,102267.15,0.0,0.0,6696116.6,6798383.75,0
1,TRANSFER,178,85017.99,85017.99,0.0,0.0,0.0,1
1,CASH_IN,130,327047.6,2780997.78,3108045.38,9279929.45,8952881.84,0
1,CASH_IN,137,83396.81,683152.06,766548.87,922933.01,839536.2,0
1,PAYMENT,235,1063.34,0.0,0.0,0.0,0.0,0
1,PAYMENT,253,4501.71,300652.3,296150.58,0.0,0.0,0
1,CASH_OUT,223,2308798.26,2308798.26,0.0,771002.6,3079800.87,1
1,PAYMENT,9,2368.77,51122.0,48753.23,0.0,0.0,0
1,PAYMENT,156,15348.21,11332.0,0.0,0.0,0.0,0
1,TRANSFER,236,152193.84,90858.84,0.0,639557.58,791751.42,0
1,CASH_OUT,239,71867.47,71867.47,0.0,71658.84,143526.32,1
1,CASH_IN,302,182838.25,15303190.3,15486028.55,223157.51,40319.26,0
1,PAYMENT,203,8246.85,0.0,0.0,0.0,0.0,0
1,PAYMENT,186,9418.16,9312.8,0.0,0.0,0.0,0
1,PAYMENT,20,274.12,201.0,0.0,0.0,0.0,0
1,CASH_OUT,15,36235.93,0.0,0.0,240545.79,746552.19,0
1,PAYMENT,394,15803.21,0.0,0.0,0.0,0.0,0
1,PAYMENT,514,3405.52,0.0,0.0,0.0,0.0,0
1,CASH_OUT,546,61749.9,0.0,0.0,1330661.57,1392411.47,0
1,PAYMENT,8,1802.23,27561.52,25759.29,0.0,0.0,0
1,CASH_OUT,306,369948.17,11637.0,0.0,103184.26,473132.44,0
1,CASH_IN,330,40782.41,1260463.68,1301246.08,3430797.98,3390015.57,0
1,PAYMENT,252,20337.7,29.0,0.0,0.0,0.0,0
1,CASH_OUT,173,2232667.51,2232667.51,0.0,205027.36,2437694.87,1
1,CASH_OUT,188,180470.76,271.0,0.0,0.0,492677.09,0
1,CASH_IN,11,44184.27,3304159.53,3348343.8,265872.14,221687.88,0
1,CASH_IN,401,314075.46,6545657.98,6859733.44,652259.26,338183.8,0
1,PAYMENT,206,15839.67,8434.0,0.0,0.0,0.0,0
1,PAYMENT,311,8867.6,1257.0,0.0,0.0,0.0,0
1,CASH_OUT,349,95040.86,0.0,0.0,1424271.55,1519312.41,0
1,TRANSFER,159,1246857.91,0.0,0.0,2079024.55,3325882.46,0
1,CASH_OUT,308,5268.3,0.0,0.0,528609.76,533878.06,0
1,CASH_OUT,335,254339.39,0.0,0.0,7671952.48,7926291.87,0
1,PAYMENT,7,6881.53,6681.0,0.0,0.0,0.0,0
1,CASH_IN,232,21757.8,18018128.25,18039886.04,9404081.95,9382324.15,0
1,TRANSFER,306,24421.87,0.0,0.0,5119925.34,5144347.21,0
1,PAYMENT,43,12843.37,416.0,0.0,0.0,0.0,0
1,TRANSFER,403,134796.22,95683.0,0.0,6338.74,141134.95,0
1,TRANSFER,209,579509.22,0.0,0.0,2707827.88,3287337.1,0
1,PAYMENT,379,2821.01,374784.36,371963.36,0.0,0.0,0
1,PAYMENT,374,35298.04,116038.0,80739.96,0.0,0.0,0
1,PAYMENT,135,633.66,724746.17,724112.51,0.0,0.0,0
1,CASH_OUT,44,178502.18,147504.0,0.0,1870674.4,2049176.58,0
1,TRANSFER,153,650191.68,0.0,0.0,4658450.33,5308642.0,0
1,PAYMENT,370,8928.34,22080.0,13151.66,0.0,0.0,0
1,CASH_OUT,330,228913.76,0.0,0.0,718706.03,947619.79,0
1,TRANSFER,351,2613078.6,0.0,0.0,2649930.54,5263009.14,0
1,CASH_IN,384,93644.52,32310.0,125954.52,0.0,0.0,0
1,CASH_OUT,324,380059.2,11226.0,0.0,1489522.36,1869581.56,0
1,CASH_OUT,252,101138.29,109622.0,8483.71,0.0,101138.29,0
1,CASH_IN,350,328689.36,569154.48,897843.84,4082924.27,3754234.91,0
1,TRANSFER,389,1090527.71,1090527.71,0.0,0.0,0.0,1
1,CASH_OUT,234,158635.14,19689.0,0.0,45482.7,204117.84,0
1,CASH_OUT,42,173855.18,25448.0,0.0,0.0,173855.18,0
1,CASH_OUT,326,111017.99,9089.0,0.0,849092.82,960110.81,0
1,PAYMENT,14,22507.16,0.0,0.0,0.0,0.0,0
1,CASH_OUT,297,521959.18,0.0,0.0,1878737.32,2400696.5,0
1,PAYMENT,258,599.56,213301.91,212702.34,0.0,0.0,0
1,PAYMENT,16,36.04,0.0,0.0,0.0,0.0,0
1,CASH_OUT,308,513427.34,0.0,0.0,582698.81,1096126.15,0
1,CASH_OUT,188,91522.06,145555.79,54033.73,2674242.78,2765764.84,0
1,CASH_OUT,306,60016.2,58246.0,0.0,418307.9,478324.09,0
1,CASH_IN,181,74602.66,4233501.09,4308103.75,1545174.37,1470571.71,0
1,TRANSFER,135,146877.66,97453.21,0.0,1517680.98,1664558.64,0
1,PAYMENT,348,649.19,0.0,0.0,0.0,0.0,0
1,CASH_OUT,135,335451.66,20169.0,0.0,536845.28,872296.94,0
1,CASH_IN,156,382460.16,4096.0,386556.16,0.0,0.0,0
1,CASH_IN,253,257118.54,7436378.68,7693497.23,390701.69,133583.14,0
1,TRANSFER,198,152961.49,152961.49,0.0,0.0,0.0,1
1,CASH_OUT,277,79911.4,414632.0,334720.6,1630470.28,1710381.68,0
1,CASH_OUT,377,149331.33,0.0,0.0,3161269.51,3310600.85,0
1,PAYMENT,358,24512.54,0.0,0.0,0.0,0.0,0
1,CASH_OUT,276,211477.21,0.0,0.0,596324.6,807801.81,0
1,TRANSFER,139,936060.19,30717.0,0.0,0.0,936060.19,0
1,CASH_IN,403,265952.61,3691526.56,3957479.18,1064050.88,798098.27,0
1,TRANSFER,208,23031.26,23031.26,0.0,0.0,0.0,1
1,TRANSFER,331,4753854.09,0.0,0.0,4940895.55,9694749.64,0
1,CASH_OUT,210,35566.09,11114.0,0.0,0.0,35566.09,0
1,PAYMENT,407,11123.99,0.0,0.0,0.0,0.0,0
1,PAYMENT,255,657.0,0.0,0.0,0.0,0.0,0
1,CASH_OUT,187,270484.24,16516.0,0.0,2680526.56,4356342.6,0
1,CASH_IN,309,75219.39,3768.0,78987.39,1997034.97,1921815.58,0
1,CASH_OUT,373,326838.3,0.0,0.0,449589.98,948858.69,0
1,TRANSFER,415,461369.99,461369.99,0.0,0.0,0.0,1
1,CASH_IN,21,291860.12,2146370.48,2438230.6,2751423.65,2610016.47,0
1,CASH_IN,324,113456.85,5091.0,118547.85,0.0,0.0,0
1,CASH_IN,184,127875.83,3885711.4,4013587.23,604342.9,476467.07,0
1,PAYMENT,180,9340.26,0.0,0.0,0.0,0.0,0
1,CASH_OUT,212,59317.53,22039.0,0.0,1046066.29,1105383.83,0
1,DEBIT,181,699.14,183.0,0.0,314893.29,315592.43,0
1,CASH_OUT,226,137047.79,0.0,0.0,6926365.0,7063412.79,0
1,PAYMENT,322,42324.86,0.0,0.0,0.0,0.0,0
1,CASH_OUT,398,3580542.06,3580542.06,0.0,0.0,3580542.06,1
1,CASH_OUT,131,240119.87,218443.79,0.0,2713644.3,3713805.17,0
1,CASH_IN,205,100722.36,125.0,100847.36,32093.02,0.0,0
1,CASH_IN,305,360510.26,2279069.27,2639579.53,1851396.64,1490886.38,0
1,CASH_OUT,21,121638.05,63831.0,0.0,1347932.42,1469570.46,0
1,PAYMENT,287,6609.2,250783.0,244173.8,0.0,0.0,0
1,PAYMENT,180,9887.02,107941.0,98053.98,0.0,0.0,0
1,CASH_OUT,297,100116.25,0.0,0.0,361628.01,461744.26,0
1,CASH_OUT,356,67867.07,15726.0,0.0,414116.18,481983.25,0
1,CASH_OUT,403,63330.07,0.0,0.0,433384.31,496714.39,0
1,TRANSFER,13,372341.09,0.0,0.0,2622013.14,2994354.24,0
1,CASH_IN,133,11964.68,143.0,12107.68,1080405.52,1068440.84,0
1,PAYMENT,273,2579.84,14421.0,11841.16,0.0,0.0,0
1,CASH_OUT,157,154031.35,30562.0,0.0,1572046.22,2586361.1,0
1,CASH_OUT,41,601332.78,0.0,0.0,2698647.84,3299980.62,0
1,PAYMENT,324,7027.86,9319.0,2291.14,0.0,0.0,0
1,CASH_IN,379,20108.86,29438.0,49546.86,1169162.64,1149053.78,0
1,TRANSFER,255,667257.72,667257.72,0.0,0.0,0.0,1
1,CASH_OUT,736,53315.31,53315.31,0.0,0.0,53315.31,1
1,CASH_OUT,403,100416.61,0.0,0.0,685335.72,785752.33,0
1,PAYMENT,289,36508.31,0.0,0.0,0.0,0.0,0
1,TRANSFER,305,10000000.0,72588.0,0.0,0.0,15994616.39,0
1,PAYMENT,141,4252.66,45147.0,40894.34,0.0,0.0,0
1,CASH_IN,372,58411.92,2234494.73,2292906.65,6623068.43,6564656.51,0
1,TRANSFER,375,492713.58,0.0,0.0,603725.37,1096438.96,0
1,PAYMENT,202,5099.66,240046.0,234946.34,0.0,0.0,0
1,CASH_IN,15,69386.57,3829782.88,3899169.45,89407.7,290378.16,0
1,CASH_OUT,182,243741.54,0.0,0.0,2924551.87,3315899.7,0
1,CASH_OUT,356,50578.09,0.0,0.0,411626.49,462204.58,0
1,PAYMENT,251,9584.98,0.0,0.0,0.0,0.0,0
1,CASH_OUT,351,226454.85,28943.0,0.0,0.0,226454.85,0
1,CASH_OUT,703,6498297.7,6498297.7,0.0,103810.91,6602108.61,1
1,TRANSFER,8,2145086.77,251454.42,0.0,14138082.49,13688613.94,0
1,PAYMENT,41,5550.02,0.0,0.0,0.0,0.0,0
1,CASH_OUT,680,2651994.1,2651994.1,0.0,0.0,2651994.1,1
1,CASH_OUT,278,13870.78,0.0,0.0,4431361.53,4445232.31,0
1,CASH_OUT,277,142266.87,0.0,0.0,398078.38,540345.25,0
1,TRANSFER,163,1569712.16,10493.0,0.0,0.0,1569712.16,0
1,CASH_OUT,536,624686.04,624686.04,0.0,162545.17,787231.2,1
1,TRANSFER,190,65522.54,0.0,0.0,103887.32,169409.86,0
1,CASH_OUT,227,157583.22,0.0,0.0,2912485.35,3070068.57,0
1,CASH_OUT,19,290832.7,36327.0,0.0,1797197.59,2088030.29,0
1,CASH_OUT,33,245682.88,41331.0,0.0,0.0,245682.88,0
1,TRANSFER,160,379640.92,0.0,0.0,2039236.16,2418877.08,0
1,CASH_OUT,347,113300.86,406977.0,293676.14,0.0,113300.86,0
1,PAYMENT,281,3584.71,204917.0,201332.29,0.0,0.0,0
1,CASH_IN,164,300319.58,4373934.73,4674254.31,2211500.29,1911180.71,0
1,PAYMENT,233,271.57,0.0,0.0,0.0,0.0,0
1,PAYMENT,286,4547.87,11119.0,6571.13,0.0,0.0,0
1,CASH_IN,138,42071.62,20448.0,62519.62,597813.67,555742.06,0
1,CASH_OUT,323,174146.52,0.0,0.0,3340452.36,3514598.88,0
1,PAYMENT,34,13015.15,0.0,0.0,0.0,0.0,0
1,TRANSFER,96,10000000.0,18267760.5,8267760.5,0.0,0.0,1
1,TRANSFER,193,660746.19,660746.19,0.0,0.0,0.0,1
1,CASH_IN,681,216856.65,101913.0,318769.65,0.0,0.0,0
1,CASH_IN,15,85954.05,557212.18,643166.24,145025.24,59071.19,0
1,TRANSFER,658,619824.64,619824.64,0.0,0.0,0.0,1
1,TRANSFER,12,1784696.26,0.0,0.0,5445454.7,7230150.96,0
1,CASH_IN,299,328354.38,39973.0,368327.38,1860883.85,1571000.55,0
1,CASH_IN,129,154717.96,1391111.71,1545829.68,210175.26,55457.3,0
1,PAYMENT,19,6254.22,120950.23,114696.01,0.0,0.0,0
1,CASH_OUT,140,22550.28,42546.34,19996.06,529875.97,552426.25,0
1,PAYMENT,355,4160.58,80168.0,76007.42,0.0,0.0,0
1,PAYMENT,44,3278.0,412920.0,409642.0,0.0,0.0,0
1,PAYMENT,232,7400.98,0.0,0.0,0.0,0.0,0
1,CASH_IN,369,450811.08,7988582.75,8439393.84,825352.74,374541.66,0
1,CASH_OUT,330,151723.01,0.0,0.0,191859.39,343582.4,0
1,CASH_OUT,229,138359.47,149278.0,10918.53,88039.77,226399.24,0
1,PAYMENT,186,9264.15,0.0,0.0,0.0,0.0,0
1,CASH_OUT,476,650909.93,0.0,0.0,826639.01,1477548.93,0
1,PAYMENT,46,1118.29,11718.96,10600.67,0.0,0.0,0
1,PAYMENT,383,14813.86,0.0,0.0,0.0,0.0,0
1,TRANSFER,351,4129482.96,4129482.96,0.0,0.0,0.0,1
1,PAYMENT,250,2513.43,0.0,0.0,0.0,0.0,0
1,PAYMENT,139,4414.44,11083.0,6668.56,0.0,0.0,0
1,CASH_OUT,180,17606.58,0.0,0.0,225265.15,242871.73,0
1,PAYMENT,404,13198.62,1286.0,0.0,0.0,0.0,0
1,CASH_OUT,160,97265.46,0.0,0.0,105542.45,202807.9,0
1,PAYMENT,10,18926.58,0.0,0.0,0.0,0.0,0
1,CASH_OUT,278,118154.86,950082.0,831927.14,477040.92,595195.79,0
1,CASH_OUT,283,111743.2,0.0,0.0,1097567.77,1209310.97,0
1,CASH_IN,139,22139.05,326712.43,348851.48,152548.93,130409.88,0
1,CASH_IN,203,106546.7,2218519.53,2325066.23,2617857.38,2511310.68,0
1,PAYMENT,236,16471.96,0.0,0.0,0.0,0.0,0
1,CASH_OUT,546,61766.67,130418.0,68651.33,426678.62,488445.28,0
1,CASH_OUT,328,43814.15,43814.15,0.0,4177401.35,4221215.5,1
1,PAYMENT,154,14030.27,303517.66,289487.38,0.0,0.0,0
1,CASH_OUT,373,278891.3,0.0,0.0,723284.53,1002175.83,0
1,TRANSFER,298,196293.34,8062.0,0.0,0.0,196293.34,0
1,TRANSFER,160,644099.13,27076.0,0.0,80648.0,724747.13,0
1,TRANSFER,25,217231.0,217231.0,0.0,0.0,0.0,1
1,TRANSFER,577,141730.2,141730.2,0.0,0.0,0.0,1
1,CASH_OUT,259,58943.92,40197.0,0.0,0.0,58943.92,0
1,CASH_IN,400,124206.02,106889.0,231095.02,0.0,0.0,0
1,PAYMENT,264,1066.55,80.0,0.0,0.0,0.0,0
1,CASH_IN,590,13560.6,1552153.52,1565714.12,192847.1,179286.51,0
1,PAYMENT,167,16057.57,40513.0,24455.43,0.0,0.0,0
1,PAYMENT,285,9056.0,257058.0,248002.0,0.0,0.0,0
1,CASH_OUT,178,136389.45,168911.0,32521.55,67852.37,204241.82,0
1,CASH_OUT,235,372577.02,0.0,0.0,1180060.23,1552637.25,0
1,CASH_OUT,325,118558.72,0.0,0.0,184171.34,302730.06,0
1,CASH_OUT,14,196494.47,0.0,0.0,1036730.98,1233225.44,0
1,CASH_OUT,382,6085.3,6085.3,0.0,1219255.67,1225340.97,1
1,CASH_OUT,401,456655.49,376.0,0.0,696460.99,1153116.48,0
1,CASH_OUT,393,7323.92,0.0,0.0,2915712.64,2923036.56,0
1,PAYMENT,355,6569.02,21047.06,14478.05,0.0,0.0,0
1,TRANSFER,19,1740890.99,0.0,0.0,4274829.57,6015720.55,0
1,CASH_OUT,131,179731.44,13.0,0.0,713249.67,892981.11,0
1,CASH_IN,187,189500.14,10278.0,199778.14,0.0,0.0,0
1,PAYMENT,42,23794.39,0.0,0.0,0.0,0.0,0
1,CASH_IN,183,315825.61,20823.0,336648.61,762907.41,447081.81,0
1,PAYMENT,282,3213.7,149077.0,145863.3,0.0,0.0,0
1,PAYMENT,34,15312.52,0.0,0.0,0.0,0.0,0
1,CASH_OUT,352,7454553.06,7454553.06,0.0,0.0,7454553.06,1
1,PAYMENT,308,63128.02,13854.55,0.0,0.0,0.0,0
1,CASH_OUT,225,22564.46,42938.06,20373.61,118467.14,141031.6,0
1,TRANSFER,162,314366.86,20868.0,0.0,1180030.82,1494397.68,0
1,PAYMENT,164,23457.92,0.0,0.0,0.0,0.0,0
1,TRANSFER,212,4953893.08,4953893.08,4953893.08,0.0,0.0,1
1,CASH_OUT,134,122417.43,0.0,0.0,2034314.18,2156731.6,0
1,CASH_OUT,251,156748.93,0.0,0.0,229954.98,386703.91,0
1,CASH_IN,359,241409.32,13544613.29,13786022.61,19902327.18,19660917.86,0
1,CASH_OUT,402,94045.11,0.0,0.0,284360.29,378405.4,0
1,CASH_OUT,36,393163.67,24408.0,0.0,1480229.29,1873392.96,0
1,TRANSFER,7,1919855.45,0.0,0.0,9803563.12,14048634.13,0
1,CASH_OUT,402,103824.7,40538.0,0.0,46272.01,150096.71,0
1,CASH_IN,284,36483.56,45568.0,82051.56,90752.69,54269.13,0
1,TRANSFER,287,1796406.6,1796406.6,0.0,0.0,0.0,1
1,PAYMENT,251,18731.98,106582.0,87850.02,0.0,0.0,0
1,CASH_OUT,304,334245.87,0.0,0.0,4086015.94,4420261.82,0
1,CASH_OUT,421,1501341.87,1501341.87,0.0,0.0,1501341.87,1
1,PAYMENT,237,10364.39,82049.0,71684.61,0.0,0.0,0
1,CASH_OUT,211,160730.33,0.0,0.0,8139917.9,8300648.23,0
1,PAYMENT,19,1463.26,738618.12,737154.86,0.0,0.0,0
1,CASH_OUT,393,364039.8,437733.85,73694.06,1443849.81,1807889.6,0
1,CASH_OUT,141,160078.83,0.0,0.0,1315918.33,1475997.16,0
1,CASH_IN,369,41685.42,259080.72,300766.15,2050672.11,2008986.69,0
1,CASH_OUT,45,126318.44,49284.0,0.0,0.0,126318.44,0
1,PAYMENT,37,30100.13,199795.0,169694.87,0.0,0.0,0
1,CASH_IN,302,278699.15,11140560.21,11419259.36,3775480.94,3496781.79,0
1,PAYMENT,590,13089.65,51075.0,37985.35,0.0,0.0,0
1,CASH_OUT,353,225190.05,11735.0,0.0,19873.06,245063.11,0
1,CASH_IN,323,50435.5,21438710.36,21489145.86,228756.82,178321.32,0
1,PAYMENT,403,10394.77,10396.0,1.23,0.0,0.0,0
1,CASH_IN,372,230521.07,3196052.23,3426573.3,3464784.24,3234263.17,0
1,TRANSFER,165,1869237.83,1869237.83,0.0,0.0,0.0,1
1,PAYMENT,258,11603.93,0.0,0.0,0.0,0.0,0
1,TRANSFER,203,372854.77,0.0,0.0,429111.1,801965.87,0
1,CASH_OUT,307,23199.16,1932.0,0.0,276827.31,300026.48,0
1,PAYMENT,251,747.9,0.0,0.0,0.0,0.0,0
1,PAYMENT,323,22996.4,25578.01,2581.61,0.0,0.0,0
1,CASH_IN,303,169518.41,5024.0,174542.41,0.0,0.0,0
1,PAYMENT,234,315.22,71420.0,71104.78,0.0,0.0,0
1,CASH_OUT,185,278355.12,0.0,0.0,1235455.7,1588068.82,0
1,CASH_IN,8,111418.25,186.0,111604.25,654110.61,542692.36,0
1,CASH_IN,34,93956.85,14891487.43,14985444.29,1120592.02,1026635.16,0
1,CASH_OUT,206,281296.47,21844.0,0.0,108004.64,389301.11,0
1,PAYMENT,141,7121.17,101951.0,94829.83,0.0,0.0,0
1,CASH_OUT,516,10000000.0,10000000.0,0.0,195275.73,10195275.73,1
1,TRANSFER,157,335969.18,41856.0,0.0,665462.93,1001432.11,0
1,CASH_OUT,355,241592.92,0.0,0.0,4036786.61,4278379.54,0
1,CASH_IN,141,269091.69,31796.0,300887.69,0.0,0.0,0
1,CASH_OUT,185,342866.2,31660.0,0.0,91226.26,434092.46,0
1,TRANSFER,281,233000.91,0.0,0.0,412947.68,645948.59,0
1,CASH_IN,14,37259.06,129809.73,167068.79,4639467.62,4837025.88,0
1,CASH_IN,177,209636.41,6697403.2,6907039.61,1021266.12,811629.71,0
1,CASH_IN,216,382345.18,4321511.29,4703856.47,935719.74,553374.56,0
1,PAYMENT,10,16256.8,20842.0,4585.2,0.0,0.0,0
1,CASH_OUT,179,88310.67,78164.43,0.0,369005.8,457316.47,0
1,CASH_IN,186,93937.35,2636157.11,2730094.46,135954.0,0.0,0
1,CASH_OUT,541,2629417.41,2629417.41,0.0,0.0,2629417.41,1
1,CASH_OUT,222,1388774.78,1388774.78,0.0,411942.91,1800717.69,1
1,CASH_OUT,14,75770.96,606.0,0.0,2417508.01,2792401.46,0
1,CASH_IN,212,468606.61,2758027.63,3226634.24,904893.49,436286.89,0
1,CASH_OUT,154,332326.3,61992.0,0.0,0.0,75403.35,0
1,PAYMENT,408,12663.94,310.0,0.0,0.0,0.0,0
1,PAYMENT,347,9502.68,80513.0,71010.32,0.0,0.0,0
1,CASH_IN,177,8621.88,4025155.08,4033776.96,85461.75,76839.87,0
1,CASH_OUT,259,59502.61,17041.0,0.0,0.0,59502.61,0
1,PAYMENT,348,1519.91,11295.79,9775.88,0.0,0.0,0
1,CASH_IN,683,73615.11,7036.0,80651.11,0.0,0.0,0
1,PAYMENT,185,9545.22,60523.85,50978.64,0.0,0.0,0
1,CASH_OUT,39,89234.05,0.0,0.0,299344.15,388578.2,0
1,CASH_IN,253,207566.18,9504515.01,9712081.19,553367.67,345801.5,0
1,PAYMENT,408,32920.53,98526.93,65606.4,0.0,0.0,0
1,CASH_IN,355,33067.67,107292.0,140359.67,5777845.06,5744777.38,0
1,CASH_OUT,209,233555.1,259010.0,25454.9,524217.75,757772.85,0
1,CASH_OUT,404,2683.28,0.0,0.0,115415.59,118098.87,0
1,CASH_OUT,548,81504.81,0.0,0.0,489319.88,570824.69,0
1,PAYMENT,288,20219.35,205625.0,185405.65,0.0,0.0,0
1,CASH_OUT,303,11928.32,5782.0,0.0,640687.9,652616.22,0
1,DEBIT,284,175339.0,0.0,0.0,272523.2,447862.2,0
1,CASH_OUT,179,121646.67,0.0,0.0,918788.29,1040434.96,0
1,PAYMENT,280,7741.41,8505.37,763.96,0.0,0.0,0
1,CASH_IN,139,166576.63,10757.0,177333.63,46880.43,0.0,0
1,TRANSFER,309,541520.48,0.0,0.0,1099836.93,1641357.41,0
1,PAYMENT,404,21674.17,32338.0,10663.83,0.0,0.0,0
1,PAYMENT,17,21624.49,41657.0,20032.51,0.0,0.0,0
1,CASH_IN,162,239254.66,975234.81,1214489.47,1208799.46,969544.8,0
1,TRANSFER,329,339160.87,236304.24,0.0,500527.09,839687.96,0
1,PAYMENT,307,15453.58,4709.97,0.0,0.0,0.0,0
1,CASH_OUT,283,24783.6,25493.68,710.09,414549.44,439333.03,0
1,TRANSFER,305,10000000.0,0.0,0.0,20237394.68,34015386.86,0
1,CASH_OUT,490,246791.45,51425.0,0.0,1655626.25,1902417.7,0
1,PAYMENT,376,682.59,6553.78,5871.18,0.0,0.0,0
1,CASH_OUT,356,91138.87,88529.59,0.0,148551.51,239690.38,0
1,CASH_OUT,284,102695.5,0.0,0.0,251495.74,354191.24,0
1,CASH_IN,164,16932.18,19904.0,36836.18,201532.06,184599.88,0
1,PAYMENT,284,17356.01,90538.0,73181.99,0.0,0.0,0
1,CASH_IN,11,253330.15,121227.0,374557.15,0.0,0.0,0
1,CASH_OUT,376,259270.21,0.0,0.0,337307.86,596578.06,0
1,CASH_OUT,303,81400.27,170849.55,89449.28,8298677.5,8380077.77,0
1,PAYMENT,41,17307.04,41331.05,24024.01,0.0,0.0,0
1,PAYMENT,374,4856.51,797.0,0.0,0.0,0.0,0
1,CASH_OUT,547,82764.07,82764.07,0.0,99601.89,182365.96,1
1,PAYMENT,324,23432.31,299458.0,276025.69,0.0,0.0,0
1,CASH_IN,36,236254.51,31700.0,267954.51,3166870.33,3337768.1,0
1,CASH_IN,14,243552.93,1593105.38,1836658.32,1699535.19,1455982.25,0
1,PAYMENT,209,9619.9,0.0,0.0,0.0,0.0,0
1,CASH_OUT,346,261754.14,0.0,0.0,8349933.61,8611687.76,0
1,CASH_OUT,297,368769.29,54947.0,0.0,357137.21,725906.5,0
1,TRANSFER,134,841478.16,51208.0,0.0,324382.72,1165860.88,0
1,PAYMENT,204,1267.71,104697.0,103429.29,0.0,0.0,0
1,CASH_IN,12,147437.22,16331539.89,16478977.11,167008.86,19571.64,0
1,PAYMENT,328,51672.16,203539.6,151867.44,0.0,0.0,0
1,CASH_IN,205,1220.9,71909.0,73129.9,75640.48,74419.58,0
1,CASH_IN,231,316758.03,19384734.74,19701492.77,1345081.4,1028323.37,0
1,TRANSFER,227,1387987.24,0.0,0.0,10260136.41,11648123.64,0
1,CASH_IN,398,171332.41,2470202.73,2641535.15,2135783.19,1964450.78,0
1,CASH_IN,397,69983.03,6186721.46,6256704.49,3594527.92,3524544.89,0
1,CASH_OUT,233,370367.8,7455.0,0.0,237890.75,608258.55,0
1,PAYMENT,178,11905.24,0.0,0.0,0.0,0.0,0
1,CASH_OUT,222,1338487.47,1338487.47,0.0,0.0,1338487.47,1
1,PAYMENT,42,13823.84,0.0,0.0,0.0,0.0,0
1,PAYMENT,180,67416.81,0.0,0.0,0.0,0.0,0
1,CASH_IN,202,46003.17,18877285.68,18923288.85,3797078.83,3456250.84,0
1,CASH_IN,208,35756.86,55681.0,91437.86,0.0,0.0,0
1,CASH_IN,39,358572.9,11029261.95,11387834.85,17550276.21,17191703.31,0
1,CASH_IN,332,239625.89,5572.0,245197.89,87618.46,0.0,0
1,CASH_OUT,252,65129.51,0.0,0.0,680223.24,745352.75,0
1,PAYMENT,43,1587.09,66186.17,64599.09,0.0,0.0,0
1,PAYMENT,40,11906.74,0.0,0.0,0.0,0.0,0
1,PAYMENT,399,27072.42,727077.0,700004.58,0.0,0.0,0
1,CASH_IN,256,100840.26,4707063.89,4807904.15,3617116.25,3516275.98,0
1,CASH_OUT,259,132596.0,440278.0,307682.0,209936.32,342532.32,0
1,TRANSFER,460,440962.56,440962.56,0.0,0.0,0.0,1
1,CASH_OUT,332,178805.7,0.0,0.0,324459.7,503265.41,0
1,PAYMENT,212,7836.52,0.0,0.0,0.0,0.0,0
1,TRANSFER,369,324756.76,11234.0,0.0,1284741.94,1609498.7,0
1,CASH_OUT,14,208378.02,165361.55,0.0,683324.86,1180078.67,0
1,CASH_OUT,327,408536.06,34427.0,0.0,160854.18,569390.24,0
1,CASH_IN,332,198175.24,3123573.25,3321748.49,1512387.55,1314212.31,0
1,CASH_OUT,136,339536.38,81273.0,0.0,0.0,339536.38,0
1,CASH_IN,34,95051.69,13879160.72,13974212.4,236658.59,141606.9,0
1,CASH_IN,403,93014.32,25854354.4,25947368.72,4216890.06,4123875.74,0
1,CASH_IN,332,135431.0,2648074.75,2783505.75,760647.82,625216.82,0
1,PAYMENT,211,579.64,0.0,0.0,0.0,0.0,0
1,CASH_OUT,18,102439.66,300.0,0.0,24195.0,126634.66,0
1,DEBIT,408,5345.56,106409.0,101063.44,235108.82,240454.38,0
1,PAYMENT,403,537.57,21044.0,20506.43,0.0,0.0,0
1,CASH_OUT,178,84005.67,26769.55,0.0,585458.52,669464.19,0
1,CASH_OUT,159,10920.76,8158.0,0.0,0.0,10920.76,0
1,CASH_OUT,329,176243.88,0.0,0.0,461549.71,637793.6,0
1,PAYMENT,359,867.83,553.0,0.0,0.0,0.0,0
1,CASH_OUT,323,150155.35,0.0,0.0,2501467.6,2651622.95,0
1,CASH_OUT,721,23639.56,23639.56,0.0,140063.53,163703.1,1
1,PAYMENT,10,1178.29,63.0,0.0,0.0,0.0,0
1,PAYMENT,202,16268.88,0.0,0.0,0.0,0.0,0
1,PAYMENT,355,14925.78,17504.0,2578.22,0.0,0.0,0
1,PAYMENT,11,709.03,0.0,0.0,0.0,0.0,0
1,PAYMENT,369,19853.4,80098.0,60244.6,0.0,0.0,0
1,CASH_IN,230,28022.33,8016.0,36038.33,0.0,0.0,0
1,PAYMENT,257,18117.77,167790.95,149673.18,0.0,0.0,0
1,CASH_OUT,371,88958.09,0.0,0.0,330240.38,419198.47,0
1,CASH_IN,326,129231.95,788740.77,917972.72,338311.89,209079.93,0
1,CASH_IN,239,219636.47,2320798.06,2540434.53,538908.31,319271.84,0
1,PAYMENT,45,2493.43,0.0,0.0,0.0,0.0,0
1,CASH_IN,692,92608.86,5577429.81,5670038.67,745386.42,652777.56,0
1,CASH_IN,212,432242.61,3615540.04,4047782.65,2296642.08,1864399.47,0
1,PAYMENT,212,8304.91,11652.0,3347.09,0.0,0.0,0
1,PAYMENT,186,4672.14,0.0,0.0,0.0,0.0,0
1,CASH_OUT,210,39724.07,0.0,0.0,45562.65,85286.72,0
1,CASH_OUT,188,212775.95,0.0,0.0,1177650.6,1390426.55,0
1,CASH_IN,280,168975.82,495.0,169470.82,0.0,0.0,0
1,CASH_OUT,210,333965.28,0.0,0.0,4876430.81,5210396.09,0
1,CASH_OUT,397,111959.62,11605.0,0.0,1488429.31,1600388.93,0
1,CASH_OUT,179,565518.01,14411.0,0.0,0.0,565518.01,0
1,CASH_OUT,186,230788.88,0.0,0.0,1689574.75,2018961.61,0
1,CASH_OUT,403,118274.84,9065.43,0.0,485470.56,603745.41,0
1,CASH_OUT,188,115930.15,0.0,0.0,1245058.7,1360988.85,0
1,TRANSFER,289,27759.73,27759.73,0.0,0.0,0.0,1
1,PAYMENT,156,59895.22,102276.0,42380.78,0.0,0.0,0
1,CASH_IN,358,82829.0,99125.0,181954.0,385.79,0.0,0
1,CASH_OUT,153,224065.67,36598.0,0.0,1319343.19,1543408.86,0
1,CASH_IN,235,58537.0,265215.57,323752.58,550111.55,491574.55,0
1,CASH_OUT,258,155060.68,0.0,0.0,362496.61,517557.29,0
1,CASH_OUT,369,424621.36,0.0,0.0,740484.99,1165106.35,0
1,PAYMENT,157,7371.01,0.0,0.0,0.0,0.0,0
1,CASH_IN,525,49221.82,8247150.41,8296372.23,214943.6,165721.78,0
1,PAYMENT,327,31767.31,0.0,0.0,0.0,0.0,0
1,PAYMENT,163,3378.58,10919.0,7540.42,0.0,0.0,0
1,PAYMENT,286,4916.68,24703.0,19786.32,0.0,0.0,0
1,CASH_OUT,281,1462.74,40188.0,38725.26,68145.87,69608.61,0
1,TRANSFER,204,81244.31,81244.31,0.0,0.0,0.0,1
1,TRANSFER,301,878901.12,14831.0,0.0,413062.75,1291963.87,0
1,CASH_OUT,275,320559.08,0.0,0.0,978133.13,1298692.21,0
1,PAYMENT,184,5653.46,0.0,0.0,0.0,0.0,0
1,PAYMENT,180,17716.96,141078.0,123361.04,0.0,0.0,0
1,PAYMENT,44,8851.24,0.0,0.0,0.0,0.0,0
1,CASH_OUT,374,77538.85,42024.0,0.0,233082.79,310621.63,0
1,CASH_OUT,352,244820.62,118796.0,0.0,0.0,244820.62,0
1,PAYMENT,181,15853.73,21253.0,5399.27,0.0,0.0,0
1,PAYMENT,237,3427.25,0.0,0.0,0.0,0.0,0
1,PAYMENT,138,3148.52,172966.85,169818.33,0.0,0.0,0
1,CASH_OUT,163,19544.31,0.0,0.0,19682.6,39226.9,0
1,CASH_OUT,13,296045.29,30683.0,0.0,0.0,296045.29,0
1,CASH_OUT,34,170362.79,0.0,0.0,944119.22,1114482.02,0
1,CASH_OUT,212,52980.66,20381.0,0.0,616874.03,669854.7,0
1,PAYMENT,548,12604.66,5835.0,0.0,0.0,0.0,0
1,TRANSFER,401,81335.92,0.0,0.0,103604.54,184940.45,0
1,CASH_OUT,538,61607.92,0.0,0.0,247108.47,308716.38,0
1,CASH_OUT,322,259282.5,109794.33,0.0,3015172.29,3274454.79,0
1,PAYMENT,47,7857.94,502101.0,494243.06,0.0,0.0,0
1,CASH_IN,17,22246.94,6772137.04,6794383.98,1279250.08,1257003.15,0
1,TRANSFER,131,616654.65,71866.0,0.0,2865575.45,3482230.11,0
1,CASH_OUT,657,1619313.55,1619313.55,0.0,0.0,1619313.55,1
1,TRANSFER,41,964572.29,0.0,0.0,3781733.79,4746306.09,0
1,TRANSFER,400,4598089.88,4598089.88,0.0,0.0,0.0,1
1,CASH_OUT,160,127627.63,0.0,0.0,2425790.88,2553418.52,0
1,CASH_OUT,14,312268.55,9946.0,0.0,716439.51,2011045.62,0
1,CASH_OUT,186,50207.21,12.0,0.0,1250840.2,1301047.41,0
1,CASH_OUT,43,126204.43,51515.0,0.0,95599.09,221803.52,0
1,PAYMENT,355,9526.95,2945.0,0.0,0.0,0.0,0
1,CASH_OUT,162,153665.31,5552.0,0.0,696724.18,850389.49,0
1,CASH_IN,162,130868.53,6122211.4,6253079.94,856665.61,725797.08,0
1,CASH_OUT,131,174972.27,0.0,0.0,511853.27,686825.54,0
1,CASH_OUT,718,39975.14,891.0,0.0,273480.86,313456.0,0
1,TRANSFER,518,95105.01,95105.01,0.0,0.0,0.0,1
1,PAYMENT,544,3676.99,107336.28,103659.29,0.0,0.0,0
2,PAYMENT,39,19037.31,0.0,0.0,0.0,0.0,0
2,CASH_OUT,310,721872.36,0.0,0.0,184633994.07,185355866.43,0
2,CASH_OUT,140,28539.36,0.0,0.0,145306.19,173845.54,0
2,CASH_OUT,640,49871.73,49871.73,0.0,500871.89,550743.62,1
2,PAYMENT,229,23234.02,99485.0,76250.98,0.0,0.0,0
2,CASH_OUT,637,179406.55,0.0,0.0,1230737.62,1410144.17,0
2,CASH_OUT,202,40501.23,0.0,0.0,106171.34,146672.58,0
2,CASH_OUT,258,165484.88,0.0,0.0,479417.3,644902.18,0
2,CASH_OUT,391,4559921.56,4559921.56,0.0,2781040.95,7340962.51,1
2,CASH_IN,298,95691.24,1870119.06,1965810.3,192151.39,96460.15,0
2,CASH_OUT,378,69971.66,0.0,0.0,453138.4,523110.06,0
2,PAYMENT,21,9186.29,50341.0,41154.71,0.0,0.0,0
2,CASH_IN,177,133089.92,62298.0,195387.92,1596524.89,1463434.97,0
2,CASH_IN,130,507410.62,10091.0,517501.62,2801903.43,2294492.81,0
2,CASH_OUT,40,541244.72,206.0,0.0,121942.87,509931.51,0
2,PAYMENT,333,20708.0,0.0,0.0,0.0,0.0,0
2,PAYMENT,329,51090.48,20479.0,0.0,0.0,0.0,0
2,CASH_OUT,379,108637.5,0.0,0.0,699956.16,808593.66,0
2,PAYMENT,129,61722.61,0.0,0.0,0.0,0.0,0
2,PAYMENT,280,15877.27,0.0,0.0,0.0,0.0,0
2,CASH_OUT,157,341277.31,3805.0,0.0,0.0,439845.47,0
2,CASH_IN,375,346849.06,38739.0,385588.06,0.0,0.0,0
2,CASH_IN,257,98879.38,5770259.24,5869138.62,922049.21,823169.83,0
2,CASH_OUT,557,3332748.16,3332748.16,0.0,5578716.58,8911464.74,1
2,CASH_OUT,210,26446.98,740.0,0.0,0.0,26446.98,0
2,CASH_OUT,160,158142.11,404.0,0.0,0.0,158142.11,0
2,CASH_OUT,209,214428.44,1035.0,0.0,12454363.71,12668792.15,0
2,PAYMENT,210,3940.42,0.0,0.0,0.0,0.0,0
2,PAYMENT,9,29995.07,42585.29,12590.23,0.0,0.0,0
2,CASH_IN,184,15941.71,2054924.28,2070866.0,4138071.1,4122129.39,0
2,PAYMENT,210,3356.36,0.0,0.0,0.0,0.0,0
2,CASH_IN,250,322368.98,16975.0,339343.98,0.0,0.0,0
2,TRANSFER,162,555913.39,10904.0,0.0,243341.27,799254.65,0
2,CASH_OUT,133,74432.27,687.0,0.0,6019500.48,6093932.75,0
2,CASH_OUT,481,548677.33,548677.33,0.0,139582.33,688259.65,1
2,PAYMENT,36,756.13,9998.0,9241.87,0.0,0.0,0
2,PAYMENT,17,44778.47,13144.0,0.0,0.0,0.0,0
2,CASH_OUT,15,262925.24,77011.76,0.0,3618388.54,3945083.36,0
2,CASH_OUT,10,14809.08,0.0,0.0,44174.85,0.0,0
2,PAYMENT,262,1156.27,10288.0,9131.73,0.0,0.0,0
2,CASH_IN,156,178991.32,3499377.62,3678368.94,288094.51,109103.19,0
2,CASH_OUT,323,224272.73,0.0,0.0,940929.98,1165202.71,0
2,CASH_IN,401,167905.55,132262.0,300167.55,27282491.88,27114586.33,0
2,CASH_IN,236,111251.32,21110.0,132361.32,125170.17,13918.85,0
2,CASH_IN,41,571993.44,196.0,572189.44,23805946.87,23233953.42,0
2,PAYMENT,263,2648.37,16460.38,13812.0,0.0,0.0,0
2,CASH_OUT,228,453332.91,80148.0,0.0,645741.0,1099073.91,0
2,CASH_OUT,250,92219.06,20695.0,0.0,1222132.91,1314351.97,0
2,CASH_OUT,234,54482.27,79377.0,24894.73,275326.95,329809.23,0
2,PAYMENT,349,6306.61,0.0,0.0,0.0,0.0,0
2,CASH_OUT,94,363378.75,363378.75,0.0,3609871.44,3973250.18,1
2,CASH_OUT,155,518087.97,0.0,0.0,1310602.33,1828690.3,0
2,CASH_IN,161,218148.43,7422507.94,7640656.38,3374684.0,3156535.57,0
2,PAYMENT,46,3563.0,0.0,0.0,0.0,0.0,0
2,PAYMENT,281,6763.72,845.0,0.0,0.0,0.0,0
2,CASH_IN,347,96466.75,1710.0,98176.75,0.0,0.0,0
2,CASH_IN,250,331298.76,5046.0,336344.76,253.0,0.0,0
2,PAYMENT,233,10987.18,358131.0,347143.82,0.0,0.0,0
2,PAYMENT,206,31003.03,0.0,0.0,0.0,0.0,0
2,TRANSFER,201,225158.03,148413.0,0.0,5420828.44,5645986.47,0
2,CASH_OUT,403,197749.15,297422.0,99672.85,176495.38,374244.54,0
2,CASH_OUT,681,136843.04,0.0,0.0,933003.69,1069846.72,0
2,CASH_OUT,209,23756.77,206370.0,182613.23,93612.66,117369.43,0
2,CASH_IN,138,66291.65,12278.0,78569.65,5266351.91,5200060.26,0
2,CASH_OUT,20,48362.27,77089.0,28726.73,301193.08,349555.35,0
2,CASH_IN,17,180014.41,4046207.65,4226222.05,632167.66,452153.26,0
2,PAYMENT,250,9076.08,0.0,0.0,0.0,0.0,0
2,CASH_OUT,187,29235.76,105459.77,76224.01,712195.27,741431.03,0
2,CASH_IN,353,98284.59,1116.0,99400.59,0.0,0.0,0
2,PAYMENT,334,17598.47,24574.0,6975.53,0.0,0.0,0
2,CASH_OUT,323,180498.85,30880.0,0.0,1652012.17,1832511.02,0
2,CASH_OUT,160,366576.48,202182.0,0.0,29431.69,396008.17,0
2,TRANSFER,203,911066.95,0.0,0.0,1534042.71,2445109.66,0
2,CASH_OUT,249,3879669.76,3879669.76,0.0,621931.51,4501601.27,1
2,PAYMENT,182,10154.68,0.0,0.0,0.0,0.0,0
2,CASH_IN,211,216231.91,265.0,216496.91,4502380.01,4286148.1,0
2,TRANSFER,217,92057.19,92057.19,0.0,0.0,0.0,1
2,PAYMENT,309,19027.59,434.0,0.0,0.0,0.0,0
2,PAYMENT,449,28123.14,0.0,0.0,0.0,0.0,0
2,PAYMENT,177,4447.96,0.0,0.0,0.0,0.0,0
2,CASH_OUT,234,293730.42,327.0,0.0,2523059.65,2816790.07,0
2,CASH_OUT,239,198818.64,0.0,0.0,2475675.49,2674494.13,0
2,CASH_OUT,403,168375.86,13909.0,0.0,2116100.26,2284476.12,0
2,PAYMENT,304,22822.54,0.0,0.0,0.0,0.0,0
2,PAYMENT,402,960.07,0.0,0.0,0.0,0.0,0
2,CASH_OUT,238,439628.72,0.0,0.0,2768675.08,3208303.8,0
2,TRANSFER,596,204721.27,204721.27,0.0,0.0,0.0,1
2,PAYMENT,209,4304.05,0.0,0.0,0.0,0.0,0
2,TRANSFER,130,1494432.21,1494432.21,0.0,0.0,0.0,1
2,CASH_OUT,79,432254.84,432254.84,0.0,1300115.81,1732370.65,1
2,CASH_IN,599,103693.1,1853604.46,1957297.56,149376.78,45683.67,0
2,PAYMENT,263,1885.14,267540.0,265654.86,0.0,0.0,0
2,CASH_IN,257,41930.41,2641609.93,2683540.34,398667.55,356737.15,0
2,CASH_OUT,210,54622.88,0.0,0.0,298112.63,352735.51,0
2,CASH_OUT,400,129646.0,0.0,0.0,1103599.52,1331551.38,0
2,CASH_IN,301,206462.16,2534558.1,2741020.26,824833.29,618371.13,0
2,CASH_IN,325,417725.98,1564589.65,1982315.63,459531.79,41805.81,0
2,CASH_IN,17,299371.71,25664841.92,25964213.63,1016448.87,717077.16,0
2,CASH_IN,35,21083.18,53735.0,74818.18,0.0,0.0,0
2,PAYMENT,230,23549.44,49725.0,26175.56,0.0,0.0,0
2,CASH_IN,153,121517.47,94417.0,215934.47,1396951.26,1275433.78,0
2,CASH_IN,130,59224.36,5619803.49,5679027.85,413788.39,354564.02,0
2,CASH_OUT,476,132122.75,20152.0,0.0,547610.83,679733.57,0
2,PAYMENT,10,33587.72,10889.74,0.0,0.0,0.0,0
2,PAYMENT,305,22249.54,0.0,0.0,0.0,0.0,0
2,TRANSFER,139,226839.14,0.0,0.0,965002.71,1191841.85,0
2,PAYMENT,396,30804.42,0.0,0.0,0.0,0.0,0
2,CASH_OUT,111,98692.72,98692.72,0.0,67599.16,166291.88,1
2,PAYMENT,187,8207.04,166709.0,158501.96,0.0,0.0,0
2,PAYMENT,374,14481.44,43820.0,29338.56,0.0,0.0,0
2,CASH_OUT,395,158399.74,1064.0,0.0,0.0,158399.74,0
2,CASH_OUT,379,10957.02,30021.0,19063.98,0.0,10957.02,0
2,PAYMENT,659,10520.66,5544.0,0.0,0.0,0.0,0
2,CASH_IN,381,253123.1,2741267.38,2994390.48,410856.01,157732.91,0
2,CASH_OUT,399,117978.69,0.0,0.0,781483.7,899462.39,0
2,CASH_OUT,329,160596.04,27.0,0.0,29249.31,189845.35,0
2,CASH_OUT,9,228587.35,69712.0,0.0,4052.0,5394.88,0
2,PAYMENT,251,25949.59,49768.0,23818.41,0.0,0.0,0
2,CASH_IN,159,61904.06,25512327.76,25574231.81,1349916.48,1288012.42,0
2,PAYMENT,33,5364.44,117726.0,112361.56,0.0,0.0,0
2,CASH_OUT,402,28140.2,0.0,0.0,605951.27,1017852.02,0
2,CASH_OUT,36,5647.43,0.0,0.0,128915.16,134562.59,0
2,CASH_OUT,232,304838.12,0.0,0.0,329338.74,634176.85,0
2,PAYMENT,163,3886.58,0.0,0.0,0.0,0.0,0
2,CASH_IN,20,48507.52,4888770.8,4937278.32,122540.21,74032.69,0
2,CASH_OUT,185,493337.44,0.0,0.0,4004020.44,4497357.88,0
2,CASH_OUT,42,172180.82,0.0,0.0,947834.36,1120015.18,0
2,CASH_OUT,249,148070.13,0.0,0.0,197995.83,346065.96,0
2,CASH_OUT,469,18661.99,458783.0,440121.01,207801.38,226463.38,0
2,PAYMENT,278,24273.04,0.0,0.0,0.0,0.0,0
2,CASH_IN,353,193272.77,29777.0,223049.77,509361.41,316088.65,0
2,PAYMENT,202,9680.93,205806.96,196126.03,0.0,0.0,0
2,CASH_OUT,236,584149.24,0.0,0.0,1684549.45,2268698.69,0
2,CASH_OUT,18,149934.49,195758.0,45823.51,281707.9,781586.43,0
2,CASH_IN,34,239896.81,3360700.08,3600596.89,325349.67,85452.85,0
2,CASH_IN,163,195418.75,10788.0,206206.75,0.0,0.0,0
2,CASH_OUT,554,353785.26,353785.26,0.0,0.0,353785.26,1
2,CASH_IN,323,193485.82,4458528.99,4652014.81,3279152.87,3085667.06,0
2,CASH_OUT,325,328658.91,11481.0,0.0,25171.79,353830.71,0
2,TRANSFER,396,233699.25,233699.25,0.0,0.0,0.0,1
2,CASH_OUT,162,67637.94,23937.0,0.0,416748.25,734675.48,0
2,CASH_OUT,376,28008.27,0.0,0.0,238713.33,266721.61,0
2,TRANSFER,259,386482.12,212159.0,0.0,585855.7,972337.83,0
2,PAYMENT,348,62167.33,36680.64,0.0,0.0,0.0,0
2,CASH_OUT,11,12461.0,12461.0,0.0,27964.11,40425.11,1
2,TRANSFER,595,15452.75,0.0,0.0,6204753.58,6220206.33,0
2,DEBIT,407,2695.32,39428.0,36732.68,88848.18,91543.5,0
2,PAYMENT,371,13010.9,28477.0,15466.1,0.0,0.0,0
2,PAYMENT,374,3438.98,9989.0,6550.02,0.0,0.0,0
2,CASH_IN,15,569943.19,10246393.46,10816336.65,589437.29,19494.1,0
2,CASH_OUT,396,219779.4,0.0,0.0,771558.29,991337.69,0
2,CASH_OUT,277,81980.17,0.0,0.0,324796.22,406776.39,0
2,PAYMENT,43,3071.89,476.0,0.0,0.0,0.0,0
2,CASH_IN,235,281905.24,4037686.71,4319591.95,369435.8,87530.57,0
2,PAYMENT,402,2649.31,1019.0,0.0,0.0,0.0,0
2,TRANSFER,231,474977.71,0.0,0.0,961797.23,1436774.94,0
2,DEBIT,8,3145.4,40331.0,37185.6,19620.0,22765.4,0
2,PAYMENT,36,7025.76,213162.33,206136.58,0.0,0.0,0
2,PAYMENT,134,23333.58,0.0,0.0,0.0,0.0,0
2,CASH_IN,359,130303.65,1082079.79,1212383.44,299312.06,169008.42,0
2,CASH_OUT,328,34367.98,132327.31,97959.32,37098.61,71466.6,0
2,TRANSFER,308,116929.23,5359.96,0.0,969910.88,1086840.11,0
2,CASH_OUT,252,201801.12,1278.0,0.0,60395.68,262196.8,0
2,CASH_OUT,373,81006.03,0.0,0.0,88456.81,169462.84,0
2,PAYMENT,39,9393.74,0.0,0.0,0.0,0.0,0
2,CASH_OUT,15,319323.25,0.0,0.0,2486951.97,2806275.22,0
2,PAYMENT,330,4264.71,0.0,0.0,0.0,0.0,0
2,PAYMENT,24,7403.97,10398.0,2994.03,0.0,0.0,0
2,CASH_OUT,16,156529.65,0.0,0.0,3509835.3,3666364.95,0
2,CASH_IN,372,250243.86,1220029.76,1470273.62,3988586.62,3738342.76,0
2,TRANSFER,402,480688.67,0.0,0.0,23798881.95,24279570.62,0
2,CASH_OUT,305,113219.7,0.0,0.0,326952.66,440172.36,0
2,CASH_IN,158,41417.96,1541302.08,1582720.04,2185052.39,2143634.43,0
2,CASH_OUT,164,210403.32,0.0,0.0,0.0,0.0,0
2,PAYMENT,139,57127.76,51381.0,0.0,0.0,0.0,0
2,CASH_OUT,188,194520.61,503.0,0.0,822005.55,1016526.16,0
2,CASH_OUT,19,93952.06,7002.0,0.0,203385.82,234572.72,0
2,PAYMENT,373,51046.66,0.0,0.0,0.0,0.0,0
2,CASH_OUT,154,111485.76,41257.0,0.0,80565.43,192051.19,0
2,PAYMENT,37,62280.28,70690.0,8409.72,0.0,0.0,0
2,CASH_OUT,522,131739.57,37482.9,0.0,1651571.49,1783311.06,0
2,PAYMENT,178,7077.15,0.0,0.0,0.0,0.0,0
2,CASH_IN,308,296109.3,14896014.81,15192124.12,1289455.23,993345.93,0
2,CASH_OUT,264,158879.4,3043.0,0.0,942794.45,1101673.86,0
2,CASH_OUT,298,152066.63,10964.0,0.0,0.0,152066.63,0
2,CASH_OUT,652,762782.66,762782.66,0.0,0.0,762782.66,1
2,PAYMENT,189,11409.92,0.0,0.0,0.0,0.0,0
2,CASH_OUT,395,134297.68,134297.68,0.0,419490.33,553788.01,1
2,CASH_OUT,95,283661.41,153844.19,0.0,1108621.67,1392283.08,0
2,CASH_IN,228,43648.91,607.0,44255.91,1663346.87,1619697.96,0
2,PAYMENT,135,4138.2,0.0,0.0,0.0,0.0,0
2,CASH_IN,377,467550.08,10425437.49,10892987.57,12160986.81,11693436.73,0
2,CASH_OUT,404,40359.75,40359.75,0.0,37684.35,78044.1,1
2,CASH_OUT,159,306687.38,226572.41,0.0,4520300.48,4826987.86,0
2,CASH_IN,179,135716.55,827176.79,962893.34,371254.91,235538.36,0
2,CASH_OUT,52,7484125.12,7484125.12,0.0,62896.23,7547021.36,1
2,CASH_OUT,130,442410.08,67508.52,0.0,527465.92,969876.0,0
2,CASH_IN,189,145383.91,6753141.27,6898525.18,877293.63,731909.73,0
2,CASH_OUT,275,137977.4,0.0,0.0,9414983.95,9552961.34,0
2,CASH_OUT,204,270689.72,25760.0,0.0,2793030.47,3063720.19,0
2,PAYMENT,276,25888.95,0.0,0.0,0.0,0.0,0
2,PAYMENT,306,20963.06,374434.0,353470.94,0.0,0.0,0
2,CASH_OUT,238,9597.55,0.0,0.0,60707.57,70305.13,0
2,PAYMENT,394,33688.0,1057.0,0.0,0.0,0.0,0
2,CASH_IN,514,185955.71,13896533.37,14082489.08,517240.23,331284.52,0
2,CASH_IN,179,270667.93,6454820.58,6725488.51,2554249.94,2283582.01,0
2,PAYMENT,249,11787.57,22082.0,10294.43,0.0,0.0,0
2,PAYMENT,251,9450.27,0.0,0.0,0.0,0.0,0
2,PAYMENT,139,14387.79,374671.69,360283.9,0.0,0.0,0
2,PAYMENT,18,13094.36,0.0,0.0,0.0,0.0,0
2,CASH_OUT,184,221012.35,344447.57,123435.22,1659122.85,1880135.2,0
2,CASH_OUT,305,6181.89,0.0,0.0,745572.11,751754.01,0
2,CASH_IN,258,24638.92,23404825.45,23429464.36,33245.94,8607.02,0
2,CASH_OUT,419,445197.81,0.0,0.0,605130.8,1050328.61,0
2,CASH_IN,15,190343.57,1164467.77,1354811.34,3735803.28,3545459.71,0
2,PAYMENT,431,1164.53,10229.0,9064.47,0.0,0.0,0
2,TRANSFER,680,1819405.69,1819405.69,0.0,0.0,0.0,1
2,CASH_IN,179,219249.92,65441.0,284690.92,319443.19,100193.27,0
2,CASH_IN,407,21645.97,1299597.89,1321243.86,145545.79,123899.82,0
2,PAYMENT,139,21122.07,19583.31,0.0,0.0,0.0,0
2,CASH_IN,393,233555.62,252952.81,486508.43,1472587.34,1239031.72,0
2,CASH_OUT,403,268626.96,0.0,0.0,695194.61,963821.57,0
2,PAYMENT,207,12381.06,205704.0,193322.94,0.0,0.0,0
2,CASH_IN,306,215519.46,1626938.87,1842458.34,4716991.46,4501472.0,0
2,PAYMENT,164,18690.37,15619.0,0.0,0.0,0.0,0
2,CASH_IN,373,92751.51,24066.0,116817.51,0.0,0.0,0
2,PAYMENT,258,5232.68,0.0,0.0,0.0,0.0,0
2,TRANSFER,33,841237.38,0.0,0.0,1347322.1,2188559.48,0
2,CASH_OUT,355,301708.44,11771.0,0.0,0.0,301708.44,0
2,CASH_OUT,595,2209035.37,2209035.37,0.0,124117.1,2333152.48,1
2,PAYMENT,395,1027.56,87710.35,86682.79,0.0,0.0,0
2,TRANSFER,283,857669.52,0.0,0.0,903865.64,1364596.77,0
2,CASH_OUT,349,1023356.77,1023356.77,0.0,2938478.24,3961835.01,1
2,CASH_OUT,14,273007.67,0.0,0.0,335531.63,595309.79,0
2,PAYMENT,397,24025.65,0.0,0.0,0.0,0.0,0
2,PAYMENT,20,34855.02,255609.57,220754.55,0.0,0.0,0
2,CASH_IN,211,78411.88,995500.18,1073912.06,153462.84,75050.96,0
2,PAYMENT,355,26933.9,49974.0,23040.1,0.0,0.0,0
2,PAYMENT,372,26177.34,0.0,0.0,0.0,0.0,0
2,PAYMENT,545,21732.24,0.0,0.0,0.0,0.0,0
2,TRANSFER,400,879091.78,70660.0,0.0,3571958.88,4451050.66,0
2,CASH_IN,203,101294.76,3789783.86,3891078.62,1862886.13,1761591.38,0
2,CASH_IN,330,181804.23,2166.0,183970.23,84524.95,0.0,0
2,CASH_OUT,402,132192.75,76182.0,0.0,968685.12,1100877.87,0
2,PAYMENT,398,1276.99,0.0,0.0,0.0,0.0,0
2,TRANSFER,379,292372.11,109028.48,0.0,348120.39,640492.5,0
2,PAYMENT,40,4170.07,161033.61,156863.54,0.0,0.0,0
2,CASH_OUT,133,149844.51,0.0,0.0,3936782.72,4086627.23,0
2,PAYMENT,163,5441.66,5337.0,0.0,0.0,0.0,0
2,CASH_IN,43,17472.7,667611.2,685083.9,196313.77,178841.07,0
2,PAYMENT,300,40835.4,50113.0,9277.6,0.0,0.0,0
2,CASH_IN,376,30165.75,6315154.47,6345320.22,2282482.17,2252316.42,0
2,CASH_OUT,304,34174.35,128239.0,94064.65,0.0,34174.35,0
2,PAYMENT,551,4195.95,0.0,0.0,0.0,0.0,0
2,TRANSFER,350,5940830.98,0.0,0.0,7885665.44,13826496.42,0
2,TRANSFER,278,156529.74,31379.0,0.0,1503939.02,1660468.76,0
2,PAYMENT,154,34744.36,0.0,0.0,0.0,0.0,0
2,PAYMENT,329,3792.01,0.0,0.0,0.0,0.0,0
2,CASH_IN,596,48876.9,5209108.96,5257985.86,1328170.47,1279293.57,0
2,TRANSFER,624,932304.24,932304.24,0.0,0.0,0.0,1
2,TRANSFER,18,239725.05,280942.28,41217.23,556298.18,796023.22,0
2,CASH_OUT,22,124733.43,0.0,0.0,1599948.28,1724681.71,0
2,PAYMENT,355,6704.51,1145.0,0.0,0.0,0.0,0
2,CASH_OUT,375,67226.18,218648.0,151421.82,454257.7,521483.88,0
2,CASH_OUT,353,69124.44,448.0,0.0,72252.51,141376.95,0
2,CASH_OUT,326,56532.04,1003.0,0.0,155533.59,212065.63,0
2,PAYMENT,309,24713.33,0.0,0.0,0.0,0.0,0
2,DEBIT,346,4962.31,31591.0,26628.69,1083527.66,1088489.98,0
2,CASH_OUT,189,32830.82,32830.82,0.0,1064994.15,1097824.97,1
2,PAYMENT,377,30239.07,157114.0,126874.93,0.0,0.0,0
2,PAYMENT,227,4985.41,316527.84,311542.43,0.0,0.0,0
2,CASH_IN,253,48985.52,1068224.24,1117209.76,689010.19,640024.67,0
2,CASH_OUT,181,483662.5,148470.0,0.0,852882.28,1740733.96,0
2,CASH_OUT,209,58085.41,0.0,0.0,94719.99,152805.4,0
2,CASH_OUT,45,145943.62,0.0,0.0,159159.1,305102.72,0
2,PAYMENT,258,4279.38,0.0,0.0,0.0,0.0,0
2,PAYMENT,234,27199.72,0.0,0.0,0.0,0.0,0
2,CASH_OUT,129,208802.01,8475.0,0.0,847968.94,1056770.95,0
2,CASH_OUT,159,14097.24,0.0,0.0,586545.16,600642.4,0
2,CASH_OUT,15,190658.76,175.0,0.0,177923.0,421785.74,0
2,CASH_OUT,254,542065.36,157.0,0.0,2924312.45,3466377.81,0
2,CASH_OUT,18,327551.72,123.0,0.0,175241.16,996566.22,0
2,CASH_OUT,206,81620.29,34577.0,0.0,0.0,81620.29,0
2,PAYMENT,96,33134.24,55088.42,21954.17,0.0,0.0,0
2,CASH_IN,154,51460.65,4470819.05,4522279.7,511011.29,459550.64,0
2,CASH_OUT,137,187215.59,10661.0,0.0,14381509.8,14568725.39,0
2,CASH_IN,165,304229.58,465370.46,769600.04,1460305.63,1156076.05,0
2,PAYMENT,249,5433.62,30742.0,25308.38,0.0,0.0,0
2,CASH_OUT,212,50640.36,34841.0,0.0,456638.45,507278.81,0
2,PAYMENT,301,16179.48,0.0,0.0,0.0,0.0,0
2,PAYMENT,383,2106.73,28958.0,26851.27,0.0,0.0,0
2,CASH_OUT,42,59278.07,0.0,0.0,361417.49,420695.55,0
2,CASH_OUT,184,280994.01,7092.0,0.0,962722.51,1243716.52,0
2,TRANSFER,135,844176.22,196364.0,0.0,8883871.06,9728047.28,0
2,CASH_IN,22,46320.67,55051.0,101371.67,443475.97,397155.3,0
2,CASH_IN,36,279929.8,4554523.33,4834453.14,1468589.31,1188659.51,0
2,CASH_OUT,151,258103.59,258103.59,0.0,244362.91,502466.5,1
2,PAYMENT,11,763.66,104378.0,103614.34,0.0,0.0,0
2,CASH_IN,370,188673.92,81.0,188754.92,0.0,0.0,0
2,CASH_OUT,35,160531.63,0.0,0.0,1258931.96,1419463.58,0
2,PAYMENT,279,5478.2,10916.53,5438.33,0.0,0.0,0
2,CASH_OUT,235,82395.19,11027.0,0.0,543603.88,625999.07,0
2,CASH_IN,137,117065.1,0.0,117065.1,304976.65,187911.54,0
2,CASH_OUT,309,90009.09,22998.0,0.0,0.0,90009.09,0
2,CASH_OUT,250,33089.37,0.0,0.0,1801909.42,1628689.38,0
2,CASH_OUT,133,487375.7,0.0,0.0,809542.01,1296917.72,0
2,CASH_OUT,20,15891.01,144.0,0.0,128953.92,144844.93,0
2,PAYMENT,236,23940.61,735.0,0.0,0.0,0.0,0
2,PAYMENT,130,28062.62,15670.0,0.0,0.0,0.0,0
2,CASH_OUT,18,565274.49,0.0,0.0,643492.23,1254033.01,0
2,CASH_IN,95,40298.8,4480041.05,4520339.86,188021.52,147722.72,0
2,CASH_OUT,301,37090.62,3854.0,0.0,0.0,37090.62,0
2,PAYMENT,476,9186.21,66959.0,57772.79,0.0,0.0,0
2,PAYMENT,312,1955.12,11442.0,9486.88,0.0,0.0,0
2,CASH_IN,138,101862.62,1196540.21,1298402.83,207082.05,105219.43,0
2,TRANSFER,12,2066467.64,2066467.64,0.0,0.0,81209.81,1
2,CASH_OUT,22,112346.92,60166.0,0.0,1550855.29,1663202.21,0
2,TRANSFER,182,155240.47,20204.0,0.0,369119.87,524360.34,0
2,PAYMENT,214,16895.29,0.0,0.0,0.0,0.0,0
2,CASH_IN,163,98239.41,754.0,98993.41,16790.22,0.0,0
2,PAYMENT,211,11712.79,12522.0,809.21,0.0,0.0,0
2,PAYMENT,208,4942.17,0.0,0.0,0.0,0.0,0
2,CASH_IN,138,54170.08,150169.0,204339.08,1325318.72,2124076.7,0
2,CASH_OUT,133,397175.34,11610.0,0.0,0.0,397175.34,0
2,CASH_IN,37,159765.76,42083.0,201848.76,2143889.01,1984123.25,0
2,PAYMENT,596,11136.47,170124.0,158987.53,0.0,0.0,0
2,TRANSFER,51,1398946.33,1398946.33,0.0,0.0,0.0,1
2,CASH_OUT,283,5372.02,230531.0,225158.98,0.0,5372.02,0
2,PAYMENT,404,13855.82,0.0,0.0,0.0,0.0,0
2,PAYMENT,14,2484.74,39820.0,37335.26,0.0,0.0,0
2,CASH_OUT,206,55128.5,0.0,0.0,452377.42,507505.93,0
2,PAYMENT,216,4318.33,37025.29,32706.97,0.0,0.0,0
2,CASH_OUT,280,186095.6,266.0,0.0,635111.37,821206.96,0
2,PAYMENT,16,4020.11,0.0,0.0,0.0,0.0,0
2,CASH_OUT,284,110256.17,0.0,0.0,110402.0,74680.28,0
2,PAYMENT,185,5111.24,0.0,0.0,0.0,0.0,0
2,PAYMENT,327,1630.95,0.0,0.0,0.0,0.0,0
2,CASH_OUT,376,259350.56,0.0,0.0,1294560.9,1553911.46,0
2,CASH_OUT,141,2706.45,0.0,0.0,2349289.07,2351995.52,0
2,PAYMENT,183,1441.59,856.0,0.0,0.0,0.0,0
2,TRANSFER,308,108557.64,19819.0,0.0,0.0,108557.64,0
2,PAYMENT,178,22192.84,54252.1,32059.27,0.0,0.0,0
2,CASH_OUT,322,279831.4,9138.0,0.0,912421.38,1192252.79,0
2,CASH_IN,273,168528.69,1279538.25,1448066.94,183238.42,14709.73,0
2,CASH_OUT,40,147182.37,0.0,0.0,1483498.53,1630680.9,0
2,CASH_IN,252,281928.51,328532.39,610460.9,452531.37,170602.86,0
2,DEBIT,328,1668.22,0.0,0.0,1460620.39,1462288.61,0
2,PAYMENT,34,7015.83,0.0,0.0,0.0,0.0,0
2,CASH_OUT,702,573266.42,573266.42,0.0,0.0,573266.42,1
2,CASH_OUT,683,87069.93,0.0,0.0,165131.17,252201.09,0
2,CASH_IN,204,29380.87,215575.0,244955.87,200116.33,170735.46,0
2,CASH_OUT,345,361094.87,19877.0,0.0,8172215.21,8533310.08,0
2,PAYMENT,303,52921.46,5225.0,0.0,0.0,0.0,0
2,PAYMENT,381,7865.52,54989.0,47123.48,0.0,0.0,0
2,PAYMENT,207,3098.89,0.0,0.0,0.0,0.0,0
2,CASH_IN,155,208607.33,24456.0,233063.33,146.0,0.0,0
2,CASH_IN,297,210302.35,40533.0,250835.35,0.0,0.0,0
2,PAYMENT,11,17100.84,393008.48,375907.64,0.0,0.0,0
2,CASH_IN,588,283804.78,20477.0,304281.78,0.0,0.0,0
2,CASH_IN,33,233482.58,7637376.06,7870858.64,8946902.03,8847944.88,0
2,CASH_IN,160,223488.83,3696612.93,3920101.76,433745.77,210256.94,0
2,CASH_OUT,259,59069.38,428135.0,369065.62,252998.84,312068.22,0
2,CASH_IN,44,144524.66,10304.0,154828.66,21021.0,0.0,0
2,CASH_OUT,255,140395.14,194.0,0.0,0.0,140395.14,0
2,PAYMENT,306,10757.88,6544.0,0.0,0.0,0.0,0
2,CASH_OUT,307,101644.36,7053.0,0.0,0.0,101644.36,0
2,CASH_OUT,353,123020.85,42.0,0.0,0.0,123020.85,0
2,CASH_OUT,14,299869.97,24040.57,0.0,403866.62,746226.54,0
2,CASH_IN,371,497327.78,25217.02,522544.8,1213764.44,716436.66,0
2,PAYMENT,356,7718.94,6614.0,0.0,0.0,0.0,0
2,PAYMENT,310,4969.37,2300.0,0.0,0.0,0.0,0
2,CASH_IN,163,301557.44,17630191.24,17931748.68,5458365.76,5156808.32,0
2,PAYMENT,331,30525.77,0.0,0.0,0.0,0.0,0
2,PAYMENT,382,5560.38,19750.0,14189.62,0.0,0.0,0
2,TRANSFER,404,9159.61,0.0,0.0,166367.57,175527.17,0
2,CASH_OUT,263,336871.79,0.0,0.0,4359388.48,4696260.27,0
2,CASH_OUT,139,230590.15,0.0,0.0,253904.91,484495.06,0
2,CASH_OUT,400,85700.23,0.0,0.0,837365.08,923065.32,0
2,PAYMENT,301,12893.35,0.0,0.0,0.0,0.0,0
2,PAYMENT,281,22974.25,0.0,0.0,0.0,0.0,0
2,CASH_OUT,403,163063.82,21658.0,0.0,8708.29,171772.11,0
2,CASH_OUT,11,395387.63,140.0,0.0,453.0,308860.71,0
2,CASH_OUT,306,151563.11,200464.0,48900.89,567864.48,719427.59,0
2,PAYMENT,374,49277.96,626.0,0.0,0.0,0.0,0
2,TRANSFER,397,1079667.57,0.0,0.0,2366914.1,3446581.67,0
2,CASH_IN,369,80731.72,7050189.27,7130920.99,137278.67,56546.95,0
2,PAYMENT,143,2748.16,84358.0,81609.84,0.0,0.0,0
2,CASH_OUT,190,184318.44,35600.11,0.0,2181789.39,2366107.83,0
2,PAYMENT,182,14665.77,93066.0,78400.23,0.0,0.0,0
2,CASH_IN,297,82871.33,1072464.25,1155335.58,150110.81,67239.48,0
2,PAYMENT,189,11491.22,24898.0,13406.78,0.0,0.0,0
2,CASH_IN,18,10308.1,10227.0,20535.1,129713.23,320976.18,0
2,CASH_OUT,473,70239.81,70239.81,0.0,255444.42,325684.23,1
2,PAYMENT,40,4015.18,0.0,0.0,0.0,0.0,0
2,PAYMENT,359,7246.99,59517.0,52270.01,0.0,0.0,0
2,CASH_OUT,138,65940.34,20653.0,0.0,29750892.06,31034554.52,0
2,PAYMENT,355,7056.16,7681.69,625.53,0.0,0.0,0
2,CASH_IN,307,179531.82,605.0,180136.82,0.0,0.0,0
2,PAYMENT,213,27446.51,43306.6,15860.09,0.0,0.0,0
2,CASH_IN,299,442833.75,4636477.36,5079311.11,2905349.73,2462515.98,0
2,PAYMENT,16,2000.99,0.0,0.0,0.0,0.0,0
2,CASH_OUT,9,161164.32,0.0,0.0,517779.48,269484.02,0
2,PAYMENT,356,35130.41,52238.79,17108.38,0.0,0.0,0
2,CASH_IN,202,114274.96,4723209.04,4837483.99,542179.82,427904.87,0
2,CASH_OUT,183,205264.93,0.0,0.0,2154642.68,2359907.61,0
2,PAYMENT,333,38289.68,257894.9,219605.22,0.0,0.0,0
2,PAYMENT,235,20162.99,0.0,0.0,0.0,0.0,0
2,PAYMENT,349,55735.64,154744.0,99008.36,0.0,0.0,0
2,PAYMENT,251,1356.38,34.0,0.0,0.0,0.0,0
2,PAYMENT,43,4847.44,0.0,0.0,0.0,0.0,0
2,CASH_OUT,356,232657.07,0.0,0.0,532047.06,764704.13,0
2,PAYMENT,298,67841.03,917339.0,849497.97,0.0,0.0,0
2,CASH_OUT,134,244346.68,224.0,0.0,4841.31,249187.99,0
2,CASH_IN,396,217456.0,110911.0,328367.0,67384.63,0.0,0
2,PAYMENT,540,2674.57,0.0,0.0,0.0,0.0,0
2,CASH_OUT,139,91327.94,22940.0,0.0,43916.19,135244.13,0
2,PAYMENT,206,3482.9,186662.3,183179.39,0.0,0.0,0
2,PAYMENT,273,221.83,291980.57,291758.74,0.0,0.0,0
2,PAYMENT,18,4371.75,111672.7,107300.95,0.0,0.0,0
2,PAYMENT,164,9605.74,0.0,0.0,0.0,0.0,0
2,CASH_IN,202,227132.5,478035.23,705167.73,588036.02,360903.52,0
2,CASH_IN,234,49325.97,69641.0,118966.97,59826.64,10500.67,0
2,PAYMENT,250,29793.28,40692.0,10898.72,0.0,0.0,0
2,TRANSFER,132,94767.6,0.0,0.0,1433025.42,1527793.02,0
2,CASH_OUT,376,15799.67,11247.0,0.0,1573334.62,1589134.29,0
2,CASH_IN,687,195959.9,644895.77,840855.67,315710.09,119750.19,0
2,CASH_OUT,683,146468.39,510456.0,363987.61,61297.63,207766.02,0
2,TRANSFER,41,337796.84,0.0,0.0,1172861.33,1510658.17,0
2,TRANSFER,317,487276.8,487276.8,0.0,0.0,0.0,1
2,CASH_OUT,147,522343.83,522343.83,0.0,3135268.16,3657611.99,1
2,CASH_IN,154,306825.9,1890093.23,2196919.13,502475.96,195650.06,0
2,CASH_OUT,307,223724.29,32427.0,0.0,0.0,223724.29,0
2,CASH_OUT,282,218799.11,9332.0,0.0,2211201.66,2430000.76,0
2,CASH_OUT,27,329937.88,329937.88,0.0,349407.23,679345.1,1
2,CASH_IN,348,108009.27,40086.0,148095.27,9291597.07,9183587.8,0
2,CASH_OUT,376,248258.93,630280.73,382021.8,654593.98,902852.91,0
2,CASH_IN,350,292117.34,4857.0,296974.34,337811.28,45693.94,0
2,PAYMENT,375,6170.46,20724.0,14553.54,0.0,0.0,0
2,PAYMENT,381,8010.63,177458.0,169447.37,0.0,0.0,0
2,TRANSFER,560,912117.82,912117.82,0.0,0.0,0.0,1
2,CASH_IN,283,802.89,3519894.49,3520697.38,3829357.02,3828554.13,0
2,TRANSFER,397,249984.75,249984.75,0.0,0.0,0.0,1
2,CASH_OUT,189,243573.7,108143.0,0.0,2005711.31,2249285.01,0
2,CASH_OUT,403,165167.42,99034.0,0.0,237371.88,402539.31,0
2,PAYMENT,225,61977.0,109282.0,47305.0,0.0,0.0,0
2,PAYMENT,140,11388.58,17671.77,6283.2,0.0,0.0,0
2,PAYMENT,15,20645.27,341213.4,320568.13,0.0,0.0,0
2,CASH_IN,282,86897.17,71161.09,158058.26,17503461.52,17416564.35,0
2,PAYMENT,203,18076.27,9071.0,0.0,0.0,0.0,0
2,CASH_IN,323,3939.3,29825.0,33764.3,0.0,0.0,0
2,CASH_OUT,385,100514.4,0.0,0.0,585447.98,685962.38,0
2,PAYMENT,336,21609.23,105847.91,84238.68,0.0,0.0,0
2,PAYMENT,236,11208.14,0.0,0.0,0.0,0.0,0
2,CASH_OUT,131,268881.91,5553.0,0.0,0.0,268881.91,0
2,CASH_OUT,283,177133.65,6386.0,0.0,0.0,177133.65,0
2,CASH_IN,230,55427.14,9255595.14,9311022.28,1791892.71,1736465.57,0
2,CASH_OUT,133,152001.88,24797.0,0.0,0.0,152001.88,0
2,PAYMENT,330,37753.51,0.0,0.0,0.0,0.0,0
2,CASH_IN,187,17516.53,8741470.75,8758987.27,133993.59,116477.06,0
2,CASH_OUT,275,76663.39,62988.0,0.0,91486.43,168149.82,0
2,CASH_IN,492,159910.53,21876.0,181786.53,65686.86,0.0,0
2,CASH_OUT,548,67598.77,136116.0,68517.23,0.0,67598.77,0
2,CASH_OUT,330,335105.02,0.0,0.0,374901.87,710006.89,0
2,PAYMENT,227,37640.88,1030.0,0.0,0.0,0.0,0
2,CASH_OUT,325,141038.85,21664.0,0.0,563542.28,704581.13,0
2,PAYMENT,214,13356.05,20064.0,6707.95,0.0,0.0,0
2,CASH_OUT,326,35693.94,0.0,0.0,42150.52,77844.46,0
2,TRANSFER,17,625308.34,425997.34,0.0,4006394.22,4631702.55,0
2,CASH_OUT,37,238407.88,0.0,0.0,238904.0,477311.88,0
2,CASH_IN,210,143644.84,3137222.95,3280867.78,652732.88,509088.04,0
2,CASH_OUT,331,336664.68,5098.0,0.0,0.0,336664.68,0
2,TRANSFER,42,1212915.81,14436.0,0.0,0.0,1212915.81,0
2,CASH_IN,304,102578.81,20712362.46,20814941.27,1554647.23,1452068.42,0
2,PAYMENT,189,4876.03,3859.86,0.0,0.0,0.0,0
2,CASH_OUT,374,102443.69,14872.0,0.0,461961.19,564404.88,0
2,CASH_OUT,139,401117.7,0.0,0.0,635485.77,1036603.47,0
2,CASH_OUT,306,250318.07,341997.33,91679.26,8449009.55,8699327.62,0
2,CASH_IN,133,79030.76,20379.0,99409.76,6005.0,0.0,0
2,CASH_OUT,33,166031.59,0.0,0.0,658843.07,824874.66,0
2,CASH_IN,228,581249.96,12802996.63,13384246.59,1172001.51,590751.55,0
2,CASH_IN,323,209222.85,4793806.03,5003028.89,6063222.9,5854000.05,0
2,PAYMENT,16,10022.25,0.0,0.0,0.0,0.0,0
2,PAYMENT,212,8675.03,202700.0,194024.97,0.0,0.0,0
2,TRANSFER,403,93969.97,0.0,0.0,389447.92,483417.88,0
2,PAYMENT,687,15714.44,2161.0,0.0,0.0,0.0,0
2,CASH_OUT,403,20913.44,0.0,0.0,466724.13,487637.57,0
2,PAYMENT,234,2237.21,0.0,0.0,0.0,0.0,0
2,CASH_IN,187,316443.81,15108651.67,15425095.48,2121505.18,1805061.37,0
2,CASH_OUT,19,57682.55,0.0,0.0,909211.96,966894.51,0
2,CASH_IN,400,351399.99,783.0,352182.99,0.0,0.0,0
2,CASH_OUT,9,294755.79,0.0,0.0,450175.02,85234.95,0
2,CASH_OUT,374,243747.83,243747.83,0.0,972569.6,1216317.42,1
2,CASH_OUT,33,111188.77,0.0,0.0,3704210.71,3815399.48,0
2,CASH_IN,212,135620.03,1188152.44,1323772.47,216511.39,80891.36,0
2,CASH_IN,133,194509.28,13013705.32,13208214.6,2144630.97,1950121.69,0
2,PAYMENT,186,4927.12,85821.0,80893.88,0.0,0.0,0
2,CASH_OUT,352,191183.3,0.0,0.0,2118652.74,2309836.04,0
2,PAYMENT,308,2890.56,50832.0,47941.44,0.0,0.0,0
2,PAYMENT,325,21841.45,3012.0,0.0,0.0,0.0,0
2,CASH_OUT,324,388385.9,0.0,0.0,571316.72,959702.62,0
3,PAYMENT,528,1411.73,11830.0,10418.27,0.0,0.0,0
3,CASH_OUT,136,437075.44,0.0,0.0,618153.92,1055229.36,0
3,PAYMENT,35,2057.02,0.0,0.0,0.0,0.0,0
3,CASH_IN,154,46657.52,161995.0,208652.52,461000.21,414342.69,0
3,CASH_OUT,483,526119.49,526119.49,0.0,340510.43,866629.92,1
3,PAYMENT,275,26677.86,0.0,0.0,0.0,0.0,0
3,CASH_OUT,307,224481.38,53981.0,0.0,2033743.34,2258224.72,0
3,CASH_OUT,394,592171.69,0.0,0.0,854715.13,1446886.82,0
3,CASH_OUT,203,112732.93,0.0,0.0,396326.21,509059.14,0
3,CASH_OUT,332,129455.99,102519.0,0.0,0.0,129455.99,0
3,CASH_OUT,201,43176.54,38146.0,0.0,665063.57,708240.11,0
3,PAYMENT,228,58044.72,20429.0,0.0,0.0,0.0,0
3,TRANSFER,307,502786.93,94539.0,0.0,2116593.49,2729315.73,0
3,PAYMENT,305,2974.82,613.0,0.0,0.0,0.0,0
3,CASH_IN,19,89292.87,252990.05,342282.93,534651.12,445358.24,0
3,PAYMENT,621,5437.66,4081.0,0.0,0.0,0.0,0
3,CASH_IN,9,72468.2,49567.0,122035.2,2245464.59,2547132.27,0
3,TRANSFER,228,4526748.52,4526748.52,0.0,0.0,0.0,1
3,CASH_IN,375,95280.35,3058625.17,3153905.52,383825.84,288545.49,0
3,CASH_IN,155,11482.52,13192362.45,13203844.97,573334.5,561851.98,0
3,PAYMENT,40,3374.94,22599.63,19224.69,0.0,0.0,0
3,TRANSFER,120,157117.34,14486.0,0.0,717405.84,874523.19,0
3,PAYMENT,131,5978.95,24801.0,18822.05,0.0,0.0,0
3,CASH_IN,137,193314.55,746489.38,939803.93,722373.58,529059.03,0
3,PAYMENT,133,3751.17,81943.0,78191.83,0.0,0.0,0
3,CASH_IN,257,25208.09,21909745.14,21934953.22,51620.97,26412.88,0
3,CASH_IN,19,292762.5,20883.0,313645.5,70206.23,0.0,0
3,CASH_OUT,374,7466.12,7466.12,0.0,0.0,7466.12,1
3,PAYMENT,169,5590.48,0.0,0.0,0.0,0.0,0
3,CASH_OUT,180,88813.63,73.0,0.0,0.0,347235.28,0
3,CASH_IN,132,112890.82,14235911.37,14348802.19,207446.26,94555.44,0
3,CASH_OUT,228,326149.75,0.0,0.0,553304.63,879454.38,0
3,CASH_OUT,19,38067.93,23198.0,0.0,301386.71,339454.65,0
3,CASH_OUT,307,47651.51,0.0,0.0,116692.0,164343.51,0
3,CASH_IN,376,69331.73,14577783.5,14647115.24,284002.67,214670.93,0
3,CASH_OUT,324,108938.12,0.0,0.0,500701.0,345958.41,0
3,CASH_OUT,235,229557.63,9513.0,0.0,0.0,229557.63,0
3,CASH_OUT,251,196094.93,0.0,0.0,1505098.06,1701192.99,0
3,CASH_OUT,211,376172.39,0.0,0.0,620123.57,996295.96,0
3,CASH_OUT,322,63058.8,0.0,0.0,557726.83,620785.63,0
3,TRANSFER,347,154876.98,51048.0,0.0,0.0,154876.98,0
3,PAYMENT,514,12599.2,19927.0,7327.8,0.0,0.0,0
3,PAYMENT,158,2035.06,0.0,0.0,0.0,0.0,0
3,TRANSFER,349,910765.11,0.0,0.0,6023634.23,6934399.33,0
3,CASH_IN,399,310343.91,3859492.78,4169836.69,1108579.05,798235.13,0
3,PAYMENT,323,72185.6,13976.0,0.0,0.0,0.0,0
3,TRANSFER,530,148680.12,148680.12,0.0,0.0,0.0,1
3,PAYMENT,184,5171.45,127067.22,121895.77,0.0,0.0,0
3,TRANSFER,22,1258956.71,1258956.71,0.0,0.0,0.0,1
3,PAYMENT,260,3504.21,384413.1,380908.89,0.0,0.0,0
3,CASH_IN,42,307663.75,54644.0,362307.75,4452693.92,4145030.17,0
3,CASH_IN,160,27401.63,3491.0,30892.63,2832.62,0.0,0
3,CASH_OUT,129,213029.67,645258.0,432228.33,109386.64,322416.31,0
3,CASH_IN,11,310836.21,82850.0,393686.21,1745.0,0.0,0
3,PAYMENT,42,20816.59,52660.0,31843.41,0.0,0.0,0
3,PAYMENT,350,27603.48,28244.0,640.52,0.0,0.0,0
3,CASH_OUT,255,78038.51,272330.0,194291.49,0.0,78038.51,0
3,CASH_OUT,185,65071.6,25119.0,0.0,4185673.62,4250745.22,0
3,PAYMENT,355,10699.08,5048.0,0.0,0.0,0.0,0
3,PAYMENT,166,1921.67,0.0,0.0,0.0,0.0,0
3,CASH_OUT,376,178679.79,11035.0,0.0,0.0,178679.79,0
3,CASH_OUT,19,187948.43,0.0,0.0,1197431.6,1385380.04,0
3,CASH_IN,403,227363.89,596257.0,823620.89,6477373.83,6250009.94,0
3,PAYMENT,186,39.95,0.0,0.0,0.0,0.0,0
3,CASH_IN,252,222027.24,113874.91,335902.16,789425.61,567398.36,0
3,PAYMENT,329,28397.56,157886.0,129488.44,0.0,0.0,0
3,CASH_OUT,140,221075.54,0.0,0.0,242363.45,463438.99,0
3,CASH_IN,251,349161.62,927089.58,1276251.2,4148616.18,3799454.57,0
3,PAYMENT,332,7550.41,484.0,0.0,0.0,0.0,0
3,PAYMENT,160,4992.9,0.0,0.0,0.0,0.0,0
3,CASH_IN,38,350103.98,318963.45,669067.43,5635547.19,5438808.55,0
3,CASH_OUT,207,290319.3,20316.0,0.0,0.0,290319.3,0
3,CASH_OUT,153,329645.05,0.0,0.0,3299163.9,3628808.95,0
3,CASH_OUT,227,92166.97,0.0,0.0,3122607.08,3214774.05,0
3,CASH_OUT,231,158728.4,0.0,0.0,654519.18,813247.58,0
3,PAYMENT,522,15818.13,0.0,0.0,0.0,0.0,0
3,TRANSFER,14,72127.25,0.0,0.0,265837.4,545744.83,0
3,CASH_OUT,301,41559.04,0.0,0.0,10392772.24,10434331.28,0
3,CASH_OUT,355,30593.26,11872.0,0.0,0.0,30593.26,0
3,CASH_OUT,278,112674.1,0.0,0.0,293107.6,405781.7,0
3,PAYMENT,298,82503.66,0.0,0.0,0.0,0.0,0
3,CASH_OUT,379,185815.54,0.0,0.0,264860.54,450676.08,0
3,PAYMENT,357,16116.43,106.0,0.0,0.0,0.0,0
3,CASH_OUT,46,1518.81,54641.0,53122.19,253252.23,254771.04,0
3,CASH_IN,258,306550.96,106436.0,412986.96,197186.44,0.0,0
3,PAYMENT,352,10980.49,0.0,0.0,0.0,0.0,0
3,CASH_IN,161,254428.25,825197.59,1079625.84,384945.47,130517.22,0
3,CASH_IN,251,288642.95,5647.0,294289.95,1856219.92,1567576.96,0
3,CASH_OUT,416,189693.13,7103.0,0.0,897655.61,1087348.74,0
3,CASH_OUT,17,125525.86,68658.0,0.0,2685808.97,2811334.84,0
3,CASH_OUT,188,207099.33,115029.0,0.0,0.0,207099.33,0
3,PAYMENT,395,34704.75,5326.15,0.0,0.0,0.0,0
3,CASH_IN,235,210674.54,15349.0,226023.54,2534445.73,2323771.19,0
3,PAYMENT,252,15398.39,43068.99,27670.61,0.0,0.0,0
3,CASH_OUT,187,6188.29,196817.0,190628.71,0.0,6188.29,0
3,PAYMENT,276,17704.66,497875.0,480170.34,0.0,0.0,0
3,CASH_OUT,280,22528.6,0.0,0.0,705617.06,728145.65,0
3,CASH_OUT,307,443106.13,0.0,0.0,731979.59,1175085.72,0
3,CASH_IN,201,86651.52,4794235.15,4880886.67,112625.3,25973.78,0
3,CASH_IN,165,54244.65,30941.0,85185.65,23871.7,0.0,0
3,CASH_OUT,326,317144.24,0.0,0.0,5542776.77,5859921.01,0
3,CASH_OUT,372,33818.24,314.47,0.0,1218253.58,1252071.82,0
3,CASH_OUT,379,146099.95,0.0,0.0,554987.19,701087.14,0
3,PAYMENT,331,7062.48,49596.0,42533.52,0.0,0.0,0
3,PAYMENT,284,5291.43,21482.0,16190.57,0.0,0.0,0
3,CASH_IN,349,55398.83,1382592.01,1437990.84,986597.33,931198.5,0
3,TRANSFER,352,990678.75,0.0,0.0,2236824.75,3227503.49,0
3,CASH_IN,129,10326.08,13940.0,24266.08,0.0,0.0,0
3,CASH_OUT,17,102207.44,0.0,0.0,2839384.73,2941592.17,0
3,TRANSFER,20,1578792.85,99908.0,0.0,57232.63,1636025.48,0
3,TRANSFER,203,466580.69,466580.69,0.0,0.0,0.0,1
3,PAYMENT,178,17778.21,0.0,0.0,0.0,0.0,0
3,TRANSFER,473,417620.07,417620.07,0.0,0.0,0.0,1
3,CASH_IN,257,98208.19,82995.0,181203.19,0.0,0.0,0
3,TRANSFER,164,98884.41,0.0,0.0,162300.59,420067.0,0
3,CASH_OUT,372,112339.53,0.0,0.0,2482221.58,2594561.11,0
3,CASH_IN,520,92040.05,7210562.5,7302602.56,9184438.27,9092398.22,0
3,CASH_OUT,267,1654055.02,1654055.02,0.0,2165407.21,3819462.24,1
3,TRANSFER,309,608604.7,9039.0,0.0,0.0,608604.7,0
3,CASH_IN,351,152957.32,4286775.89,4439733.2,5095771.79,4942814.48,0
3,CASH_OUT,379,100459.98,0.0,0.0,251441.55,351901.53,0
3,CASH_OUT,227,319669.81,0.0,0.0,1038092.5,1357762.31,0
3,CASH_OUT,136,208079.97,4535.0,0.0,1431993.63,1822853.49,0
3,CASH_OUT,283,322794.12,30237.0,0.0,73969.58,396763.7,0
3,CASH_OUT,258,145066.73,13019.0,0.0,2323.0,147389.73,0
3,CASH_OUT,380,107398.56,0.0,0.0,204164.8,311563.36,0
3,PAYMENT,226,4413.84,100286.0,95872.16,0.0,0.0,0
3,PAYMENT,259,8590.94,6060.0,0.0,0.0,0.0,0
3,CASH_OUT,38,503345.87,37186.0,0.0,6765.74,510111.61,0
3,CASH_OUT,304,76389.21,0.0,0.0,819700.61,896089.83,0
3,TRANSFER,522,164338.59,0.0,0.0,173093.36,337431.94,0
3,PAYMENT,569,1531.08,0.0,0.0,0.0,0.0,0
3,CASH_OUT,259,213210.41,508259.0,295048.59,0.0,213210.41,0
3,CASH_OUT,234,107193.83,59235.0,0.0,826194.9,933388.73,0
3,PAYMENT,129,49979.97,215667.16,165687.19,0.0,0.0,0
3,PAYMENT,40,9558.49,10660.66,1102.17,0.0,0.0,0
3,PAYMENT,255,3508.89,51574.0,48065.11,0.0,0.0,0
3,PAYMENT,234,11640.89,0.0,0.0,0.0,0.0,0
3,CASH_OUT,519,1558.46,1558.46,0.0,1090398.04,1091956.51,1
3,CASH_IN,589,551822.58,40904.0,592726.58,7611.69,0.0,0
3,CASH_OUT,404,448364.32,0.0,0.0,1965651.22,2414015.54,0
3,CASH_IN,352,82284.82,3166859.41,3249144.23,141260.55,58975.73,0
3,CASH_OUT,130,342093.72,86985.0,0.0,195681.17,537774.89,0
3,PAYMENT,402,16105.94,0.0,0.0,0.0,0.0,0
3,CASH_OUT,148,3733104.07,3733104.07,0.0,452523.69,4185627.77,1
3,PAYMENT,155,5480.69,0.0,0.0,0.0,0.0,0
3,PAYMENT,286,9158.57,54464.0,45305.43,0.0,0.0,0
3,PAYMENT,375,26566.69,6575.0,0.0,0.0,0.0,0
3,CASH_OUT,189,116001.08,0.0,0.0,2177044.5,2293045.57,0
3,CASH_OUT,18,71371.11,522224.97,450853.86,256102.53,327473.64,0
3,CASH_IN,276,25441.48,15720365.98,15745807.45,81808.0,56366.52,0
3,CASH_OUT,139,204805.59,535.0,0.0,109890.01,416114.32,0
3,CASH_IN,181,44570.8,1579380.04,1623950.85,1693334.37,1648763.57,0
3,PAYMENT,153,11504.23,0.0,0.0,0.0,0.0,0
3,CASH_OUT,355,58998.73,0.0,0.0,4306541.06,4365539.79,0
3,PAYMENT,355,5471.18,43971.52,38500.34,0.0,0.0,0
3,TRANSFER,136,240582.7,0.0,0.0,794497.32,1035080.02,0
3,TRANSFER,355,97064.8,0.0,0.0,861681.71,958746.51,0
3,CASH_OUT,188,238578.35,30923.0,0.0,6502299.49,6740877.84,0
3,CASH_OUT,298,167882.57,15240.0,0.0,1289705.68,1457588.25,0
3,PAYMENT,393,2130.91,295.0,0.0,0.0,0.0,0
3,TRANSFER,141,34064.47,0.0,0.0,549416.85,583481.31,0
3,CASH_IN,307,119262.72,41693.0,160955.72,5065053.83,4945791.11,0
3,CASH_IN,275,219470.73,124613.0,344083.73,1017936.02,798465.28,0
3,PAYMENT,201,2943.76,731.0,0.0,0.0,0.0,0
3,CASH_OUT,284,246638.05,0.0,0.0,247728.73,494366.78,0
3,CASH_OUT,500,70161.66,21285.0,0.0,0.0,70161.66,0
3,CASH_OUT,692,163490.28,163490.28,0.0,0.0,163490.28,1
3,PAYMENT,179,817.72,0.0,0.0,0.0,0.0,0
3,CASH_OUT,273,336672.21,0.0,0.0,1337168.65,1673840.86,0
3,PAYMENT,353,151.36,52672.0,52520.64,0.0,0.0,0
3,CASH_IN,164,25224.54,1005338.28,1030562.82,3240505.63,3215281.09,0
3,CASH_OUT,39,127329.54,3086.0,0.0,400077.92,527407.46,0
3,TRANSFER,227,423954.47,29704.0,0.0,151899.14,575853.61,0
3,CASH_OUT,398,245759.77,0.0,0.0,318282.83,564042.6,0
3,PAYMENT,500,8535.57,0.0,0.0,0.0,0.0,0
3,CASH_OUT,352,254166.41,57.0,0.0,350415.93,604582.34,0
3,PAYMENT,375,17354.62,276.0,0.0,0.0,0.0,0
3,PAYMENT,208,5493.27,0.0,0.0,0.0,0.0,0
3,CASH_OUT,141,170869.58,0.0,0.0,449843.82,620713.4,0
3,CASH_OUT,39,137719.0,502387.0,364668.0,0.0,137719.0,0
3,PAYMENT,259,4703.13,0.0,0.0,0.0,0.0,0
3,CASH_IN,330,379519.18,313932.76,693451.93,7788264.28,7408745.11,0
3,CASH_IN,274,86530.84,8609311.77,8695842.61,968054.71,881523.87,0
3,CASH_OUT,317,7535.58,7535.58,0.0,44609.54,52145.11,1
3,PAYMENT,14,4260.51,10247.0,5986.49,0.0,0.0,0
3,CASH_OUT,236,189978.49,0.0,0.0,2501907.1,2691885.58,0
3,CASH_OUT,182,450562.69,51689.0,0.0,6470068.77,6920631.46,0
3,CASH_OUT,329,621787.56,757347.0,135559.44,0.0,621787.56,0
3,CASH_IN,308,90577.71,14143926.7,14234504.41,437635.52,347057.81,0
3,CASH_OUT,206,116837.46,70991.0,0.0,350152.5,466989.96,0
3,CASH_OUT,19,382000.02,0.0,0.0,1295754.62,1677754.64,0
3,CASH_OUT,369,2886.29,0.0,0.0,16143.32,19029.6,0
3,CASH_OUT,322,125714.89,0.0,0.0,8019620.68,8145335.57,0
3,CASH_IN,352,483612.53,1797483.38,2281095.91,3444538.26,2960925.73,0
3,PAYMENT,189,8916.67,84285.0,75368.33,0.0,0.0,0
3,PAYMENT,232,3282.55,0.0,0.0,0.0,0.0,0
3,PAYMENT,352,29001.84,0.0,0.0,0.0,0.0,0
3,CASH_OUT,307,427144.96,0.0,0.0,600048.03,1027192.99,0
3,PAYMENT,259,2466.21,21351.0,18884.79,0.0,0.0,0
3,CASH_OUT,34,126609.78,0.0,0.0,1699412.36,2006678.38,0
3,CASH_OUT,595,236914.77,236914.77,0.0,175716.84,412631.61,1
3,CASH_OUT,297,239995.72,0.0,0.0,2856597.18,3096592.89,0
3,PAYMENT,178,23183.98,1009.0,0.0,0.0,0.0,0
3,TRANSFER,637,447474.67,447474.67,0.0,0.0,0.0,1
3,CASH_IN,332,226025.1,1598123.86,1824148.96,5844261.17,5618236.08,0
3,CASH_OUT,35,308428.52,21583.0,0.0,0.0,215896.16,0
3,PAYMENT,141,16695.05,5410.36,0.0,0.0,0.0,0
3,TRANSFER,310,5239429.19,5239429.19,0.0,0.0,0.0,1
3,CASH_IN,141,121270.95,52984.0,174254.95,0.0,0.0,0
3,CASH_IN,35,139927.43,319.0,140246.43,54314.62,0.0,0
3,CASH_IN,253,128027.14,24256305.08,24384332.22,5931461.99,5803434.86,0
3,PAYMENT,282,846.88,10475.0,9628.12,0.0,0.0,0
3,CASH_IN,211,180761.38,247659.2,428420.58,1946733.02,1765971.64,0
3,TRANSFER,174,1244224.16,1244224.16,0.0,0.0,0.0,1
3,PAYMENT,331,2618.64,9610.0,6991.36,0.0,0.0,0
3,PAYMENT,348,7593.75,167063.3,159469.55,0.0,0.0,0
3,PAYMENT,301,6876.84,0.0,0.0,0.0,0.0,0
3,CASH_IN,261,183872.18,17008721.04,17192593.22,1879889.04,1696016.86,0
3,CASH_OUT,162,146282.62,33192.0,0.0,1432403.78,1578686.4,0
3,PAYMENT,162,9345.03,1140.0,0.0,0.0,0.0,0
3,CASH_OUT,281,16767.29,0.0,0.0,1842017.73,1858785.03,0
3,PAYMENT,42,14676.53,0.0,0.0,0.0,0.0,0
3,TRANSFER,485,1425802.24,1425802.24,0.0,0.0,0.0,1
3,CASH_OUT,403,87154.36,64463.0,0.0,0.0,87154.36,0
3,CASH_OUT,355,74583.84,144031.0,69447.16,1179973.88,1254557.72,0
3,CASH_OUT,9,295774.11,0.0,0.0,795829.65,1091603.77,0
3,PAYMENT,33,45761.2,0.0,0.0,0.0,0.0,0
3,TRANSFER,403,245345.11,67638.0,0.0,309330.0,554675.11,0
3,CASH_OUT,345,397441.0,82925.0,0.0,22771.82,420212.81,0
3,CASH_OUT,379,69928.66,19955.0,0.0,343970.12,413898.77,0
3,CASH_OUT,16,203986.9,225732.0,21745.1,0.0,203986.9,0
3,PAYMENT,297,22047.52,5181.49,0.0,0.0,0.0,0
3,CASH_IN,347,357431.97,20092.0,377523.97,0.0,0.0,0
3,TRANSFER,281,184.16,39597.0,39412.84,0.0,184.16,0
3,CASH_IN,379,330946.65,29662512.42,29993459.07,794949.57,464002.92,0
3,CASH_OUT,309,119110.81,0.0,0.0,256225.34,375336.14,0
3,CASH_OUT,303,83746.97,0.0,0.0,101053.56,184800.53,0
3,PAYMENT,255,580.72,12031.53,11450.8,0.0,0.0,0
3,PAYMENT,131,47012.73,0.0,0.0,0.0,0.0,0
3,CASH_OUT,333,436509.61,0.0,0.0,4019288.6,4455798.21,0
3,CASH_OUT,9,9836.79,165308.19,155471.41,40760.75,50597.54,0
3,PAYMENT,276,5651.63,0.0,0.0,0.0,0.0,0
3,CASH_IN,46,104583.44,5013.0,109596.44,6333738.49,6229155.05,0
3,CASH_IN,7,196034.13,261792.55,457826.68,13143471.5,12947437.37,0
3,PAYMENT,140,19534.65,245.0,0.0,0.0,0.0,0
3,PAYMENT,7,9023.63,159253.0,150229.37,0.0,0.0,0
3,PAYMENT,352,27824.4,0.0,0.0,0.0,0.0,0
3,CASH_OUT,131,31313.08,15998.0,0.0,369683.37,400996.45,0
3,PAYMENT,236,2839.86,0.0,0.0,0.0,0.0,0
3,CASH_IN,7,341269.92,542765.76,884035.68,662284.06,321014.14,0
3,CASH_OUT,18,176955.02,0.0,0.0,456819.99,633775.0,0
3,PAYMENT,17,19853.72,21518.0,1664.28,0.0,0.0,0
3,PAYMENT,47,9782.48,508.0,0.0,0.0,0.0,0
3,CASH_IN,8,245739.67,79853.0,325592.67,410843.11,165103.45,0
3,PAYMENT,165,10469.18,21409.0,10939.82,0.0,0.0,0
3,CASH_OUT,18,216366.48,0.0,0.0,1059370.3,1275736.77,0
3,CASH_OUT,13,454859.39,0.0,0.0,0.0,454859.39,1
3,CASH_OUT,256,414028.7,34.0,0.0,727849.66,1141878.36,0
3,PAYMENT,347,6413.47,35667.0,29253.53,0.0,0.0,0
3,PAYMENT,14,1007.02,51354.0,50346.98,0.0,0.0,0
3,CASH_OUT,160,506056.95,20803.0,0.0,684372.07,1190429.02,0
3,TRANSFER,119,418904.84,25270.0,0.0,0.0,418904.84,0
3,PAYMENT,451,33382.63,0.0,0.0,0.0,0.0,0
3,CASH_IN,478,91265.57,4822413.21,4913678.78,244986.79,153721.22,0
3,CASH_OUT,282,263623.26,52751.0,0.0,0.0,263623.26,0
3,CASH_IN,35,34807.39,15455054.22,15489861.61,898610.15,1166063.47,0
3,PAYMENT,376,7394.63,151047.42,143652.79,0.0,0.0,0
3,TRANSFER,235,877023.3,0.0,0.0,5805062.96,6682086.27,0
3,CASH_OUT,202,71903.8,1093.0,0.0,0.0,71903.8,0
3,CASH_IN,589,320782.7,65265.0,386047.7,157610.98,0.0,0
3,CASH_OUT,135,443808.56,10692.0,0.0,1657980.6,2101789.17,0
3,TRANSFER,165,664638.29,70695.46,0.0,2030266.23,2694904.53,0
3,PAYMENT,94,15295.15,13010.25,0.0,0.0,0.0,0
3,CASH_OUT,184,164737.22,208117.09,43379.86,415146.22,579883.45,0
3,PAYMENT,183,23774.53,0.0,0.0,0.0,0.0,0
3,CASH_IN,163,13906.51,3169245.55,3183152.07,291686.89,277780.38,0
3,CASH_IN,325,122303.51,18837793.95,18960097.46,2529675.4,2407371.88,0
3,CASH_IN,162,162279.67,11950028.0,12112307.67,893071.74,730792.07,0
3,TRANSFER,399,1082200.06,1082200.06,0.0,0.0,0.0,1
3,CASH_OUT,305,119933.56,0.0,0.0,3281537.79,3401471.36,0
3,PAYMENT,161,23420.99,25516.0,2095.01,0.0,0.0,0
3,PAYMENT,281,14025.51,0.0,0.0,0.0,0.0,0
3,TRANSFER,331,553772.3,0.0,0.0,712845.13,1266617.43,0
3,TRANSFER,668,7539165.76,7539165.76,0.0,0.0,0.0,1
3,CASH_OUT,551,759257.55,759257.55,0.0,36297.01,795554.56,1
3,CASH_OUT,275,229603.5,46.0,0.0,0.0,229603.5,0
3,CASH_OUT,299,103017.27,0.0,0.0,1326235.04,1429252.31,0
3,CASH_OUT,275,154522.03,129962.52,0.0,393876.45,548398.48,0
3,CASH_OUT,36,366912.54,0.0,0.0,1100335.07,1681626.37,0
3,CASH_IN,163,133350.37,18415516.83,18548867.19,918854.63,786583.03,0
3,CASH_IN,38,150388.91,5291326.95,5441715.86,446751.54,296362.63,0
3,CASH_OUT,16,329324.06,0.0,0.0,1955860.31,2285184.37,0
3,PAYMENT,137,6962.77,0.0,0.0,0.0,0.0,0
3,CASH_OUT,289,27759.73,27759.73,0.0,7076299.77,7104059.5,1
3,PAYMENT,136,1769.63,30190.0,28420.37,0.0,0.0,0
3,CASH_OUT,661,297021.3,52001.0,0.0,0.0,297021.3,0
3,TRANSFER,396,298212.77,0.0,0.0,4844261.11,5142473.88,0
3,CASH_OUT,225,235075.62,235075.62,0.0,436894.35,310170.72,1
3,CASH_OUT,686,85533.79,560870.22,475336.43,6189623.92,6275157.71,0
3,CASH_OUT,492,193066.16,4533.0,0.0,0.0,193066.16,0
3,CASH_OUT,399,182420.79,0.0,0.0,1151268.74,1333689.53,0
3,TRANSFER,533,1303029.52,1303029.52,0.0,0.0,0.0,1
3,CASH_OUT,304,154361.58,10809.0,0.0,443422.76,597784.34,0
3,CASH_OUT,404,273054.73,0.0,0.0,12155149.99,12428204.73,0
3,TRANSFER,341,127528.92,127528.92,0.0,0.0,0.0,1
3,CASH_IN,382,94212.73,8543735.04,8637947.77,1492605.68,1398392.95,0
3,PAYMENT,185,695.01,126337.59,125642.58,0.0,0.0,0
3,PAYMENT,379,9353.93,11004.0,1650.07,0.0,0.0,0
3,TRANSFER,160,832303.75,25306.0,0.0,2510876.08,3343179.82,0
3,CASH_IN,259,73095.08,67768.29,140863.37,995640.52,922545.44,0
3,CASH_OUT,624,69912.57,69912.57,0.0,13393300.5,13463213.07,1
3,CASH_OUT,308,187313.35,289181.0,101867.65,899309.98,1086623.34,0
3,CASH_OUT,179,197168.75,0.0,0.0,365405.49,562574.24,0
3,PAYMENT,212,9275.4,19221.0,9945.6,0.0,0.0,0
3,TRANSFER,15,549163.86,0.0,0.0,2243245.86,3093264.12,0
3,PAYMENT,238,15316.05,0.0,0.0,0.0,0.0,0
3,PAYMENT,131,7968.29,101767.0,93798.71,0.0,0.0,0
3,CASH_OUT,16,93188.76,0.0,0.0,380357.46,400870.34,0
3,CASH_IN,538,97909.7,10443.0,108352.7,205851.06,107941.36,0
3,CASH_IN,260,145695.01,29772.0,175467.01,0.0,0.0,0
3,PAYMENT,203,11580.91,2096.0,0.0,0.0,0.0,0
3,PAYMENT,216,35580.02,25646.07,0.0,0.0,0.0,0
3,CASH_OUT,494,3642569.29,3642569.29,0.0,1907850.52,5550419.81,1
3,CASH_OUT,235,91642.65,0.0,0.0,881986.7,973629.35,0
3,CASH_OUT,609,112363.33,112363.33,0.0,295341.76,407705.09,1
3,PAYMENT,348,16388.04,35667.0,19278.96,0.0,0.0,0
3,PAYMENT,374,12212.17,164.0,0.0,0.0,0.0,0
3,CASH_IN,160,28497.14,1348296.17,1376793.32,1064511.34,1036014.2,0
3,PAYMENT,132,30388.98,104476.55,74087.57,0.0,0.0,0
3,PAYMENT,46,13960.04,5035.0,0.0,0.0,0.0,0
3,PAYMENT,257,27821.49,0.0,0.0,0.0,0.0,0
3,CASH_IN,335,14741.17,76596.47,91337.64,121521.41,106780.23,0
3,TRANSFER,19,743169.73,523.0,0.0,101136.0,1480977.46,0
3,CASH_IN,42,144326.4,61562.0,205888.4,3030052.48,2885726.08,0
3,PAYMENT,279,3942.78,130447.55,126504.77,0.0,0.0,0
3,TRANSFER,356,2191918.12,0.0,0.0,6005617.63,8197535.75,0
3,CASH_OUT,353,62036.61,4048.0,0.0,250461.93,312498.54,0
3,CASH_OUT,396,236748.38,55616.0,0.0,478163.52,714911.9,0
3,CASH_OUT,377,166898.02,655622.0,488723.98,788691.79,955589.8,0
3,PAYMENT,299,15892.76,9547.0,0.0,0.0,0.0,0
3,TRANSFER,182,37778.76,24231.0,0.0,0.0,37778.76,0
3,CASH_OUT,156,138469.93,11232.0,0.0,71348.88,276854.43,0
3,CASH_OUT,300,37645.91,22986.0,0.0,37021.51,74667.41,0
3,PAYMENT,330,39425.32,0.0,0.0,0.0,0.0,0
3,PAYMENT,179,3242.22,28857.54,25615.33,0.0,0.0,0
3,PAYMENT,276,17902.63,0.0,0.0,0.0,0.0,0
3,CASH_OUT,184,159501.16,0.0,0.0,255674.85,415176.01,0
3,CASH_OUT,355,65845.85,136718.92,70873.07,595251.49,661097.34,0
3,CASH_IN,34,81945.61,21412688.9,21494634.5,1234217.09,1152271.48,0
3,PAYMENT,408,3135.99,162521.0,159385.01,0.0,0.0,0
3,CASH_IN,305,65828.9,6518841.7,6584670.6,635572.91,569744.01,0
3,TRANSFER,682,368951.94,368951.94,0.0,0.0,0.0,1
3,PAYMENT,165,2430.01,0.0,0.0,0.0,0.0,0
3,PAYMENT,38,4105.74,0.0,0.0,0.0,0.0,0
3,PAYMENT,188,1275.72,10815.0,9539.28,0.0,0.0,0
3,PAYMENT,307,6538.56,0.0,0.0,0.0,0.0,0
3,PAYMENT,374,28739.7,83828.0,55088.3,0.0,0.0,0
3,CASH_OUT,183,241203.06,0.0,0.0,258170.56,499373.62,0
3,PAYMENT,324,16785.2,0.0,0.0,0.0,0.0,0
3,PAYMENT,22,28310.62,55021.01,26710.39,0.0,0.0,0
3,CASH_OUT,16,121626.82,121626.82,0.0,653744.34,775371.16,1
3,TRANSFER,738,297846.16,297846.16,0.0,0.0,0.0,1
3,CASH_OUT,154,122039.62,52619.0,0.0,300450.29,422489.92,0
3,CASH_OUT,187,276094.1,0.0,0.0,3059411.11,3335505.21,0
3,CASH_OUT,249,54675.87,787291.0,732615.13,64114.68,118790.55,0
3,CASH_OUT,309,458044.79,0.0,0.0,534077.75,992122.54,0
3,TRANSFER,436,1532229.72,1532229.72,0.0,0.0,0.0,1
3,CASH_IN,252,340889.98,102767.0,443656.98,0.0,0.0,0
3,CASH_OUT,183,166636.6,25830.0,0.0,5185810.05,5352446.65,0
3,CASH_OUT,329,251650.9,47801.0,0.0,2180226.1,2431877.0,0
3,PAYMENT,132,22016.19,697778.51,675762.32,0.0,0.0,0
3,CASH_IN,129,323505.47,21182.0,344687.47,2920408.15,2596902.68,0
3,TRANSFER,234,120385.1,120385.1,0.0,0.0,0.0,1
3,CASH_OUT,407,187927.03,23206.17,0.0,281262.76,469189.79,0
3,CASH_OUT,232,36846.43,0.0,0.0,111853.35,148699.78,0
3,PAYMENT,139,33121.16,15358.0,0.0,0.0,0.0,0
3,PAYMENT,350,15755.49,0.0,0.0,0.0,0.0,0
3,CASH_OUT,589,48496.56,20488.0,0.0,255906.99,304403.55,0
3,CASH_OUT,185,112107.38,60485.0,0.0,45113.94,157221.32,0
3,PAYMENT,35,28140.01,7126.57,0.0,0.0,0.0,0
3,PAYMENT,399,23501.67,0.0,0.0,0.0,0.0,0
3,CASH_IN,321,381554.26,5525.0,387079.26,0.0,0.0,0
3,PAYMENT,17,9118.64,0.0,0.0,0.0,0.0,0
3,CASH_OUT,397,251446.67,106155.22,0.0,453275.42,704722.09,0
3,CASH_IN,262,22303.8,51083.0,73386.8,211580.31,189276.51,0
3,CASH_IN,13,10929.79,4946733.06,4957662.85,681751.17,466525.38,0
3,CASH_OUT,347,247911.11,19714.0,0.0,273695.25,521606.36,0
3,PAYMENT,254,6247.27,322656.36,316409.1,0.0,0.0,0
3,CASH_IN,352,299563.63,18971.0,318534.63,1666063.83,1366500.2,0
3,TRANSFER,274,519845.87,0.0,0.0,1915992.66,2435838.53,0
3,CASH_IN,373,81865.05,777143.12,859008.17,2485353.72,2403488.67,0
3,CASH_OUT,401,69415.28,0.0,0.0,1598444.19,1667859.47,0
3,CASH_OUT,168,65481.54,0.0,0.0,385867.75,451349.3,0
3,CASH_OUT,185,308651.41,0.0,0.0,906287.57,1214938.99,0
3,CASH_OUT,134,537922.09,137676.0,0.0,0.0,537922.09,0
3,CASH_IN,204,106557.43,19934.0,126491.43,3590717.82,3484160.39,0
3,CASH_OUT,162,2934820.94,2934820.94,0.0,123944.77,3058765.71,1
3,CASH_OUT,254,263457.89,34718.0,0.0,0.0,263457.89,0
3,CASH_IN,251,42459.15,5336823.1,5379282.25,896875.07,854415.92,0
3,PAYMENT,263,4895.92,68473.84,63577.92,0.0,0.0,0
3,CASH_OUT,251,92660.79,19964.0,0.0,67882.28,160543.07,0
3,CASH_IN,39,169685.38,7319033.4,7488718.78,685949.41,516264.03,0
3,CASH_OUT,231,72122.99,167180.0,95057.01,0.0,72122.99,0
3,PAYMENT,133,11355.35,0.0,0.0,0.0,0.0,0
3,CASH_OUT,212,279268.78,0.0,0.0,1372790.79,1652059.57,0
3,CASH_IN,373,150970.45,1623314.54,1774284.99,574581.56,423611.1,0
3,CASH_OUT,156,51613.49,0.0,0.0,1632922.75,1684536.24,0
3,CASH_IN,354,209621.22,223.0,209844.22,0.0,0.0,0
3,PAYMENT,226,8403.08,0.0,0.0,0.0,0.0,0
3,PAYMENT,695,9995.44,15689.0,5693.56,0.0,0.0,0
3,PAYMENT,203,2205.02,79810.0,77604.98,0.0,0.0,0
3,CASH_OUT,163,145743.54,0.0,0.0,1324198.92,1469942.46,0
3,CASH_OUT,139,323267.45,10442.0,0.0,59571.12,367320.83,0
3,CASH_OUT,261,1858.58,13634.0,11775.42,5464581.27,5466439.85,0
3,TRANSFER,284,246090.1,0.0,0.0,250027.63,496117.73,0
3,CASH_OUT,346,31567.22,0.0,0.0,32544.94,64112.16,0
3,CASH_IN,307,13013.13,9520501.38,9533514.51,181011.41,167998.27,0
3,CASH_OUT,231,427119.62,31480.0,0.0,596813.93,1023933.56,0
3,CASH_IN,186,125945.84,50826.0,176771.84,200304.02,74358.18,0
3,PAYMENT,323,13661.17,19713.0,6051.83,0.0,0.0,0
3,CASH_OUT,164,111649.32,30773.0,0.0,42115.17,153764.49,0
3,PAYMENT,280,3920.49,276100.01,272179.52,0.0,0.0,0
3,CASH_OUT,380,263484.64,91916.0,0.0,89493.47,352978.11,0
3,CASH_OUT,403,11584.93,0.0,0.0,99737.0,0.0,0
3,CASH_OUT,188,74024.38,100156.0,26131.62,4222283.89,4178101.88,0
3,PAYMENT,211,13654.77,0.0,0.0,0.0,0.0,0
3,PAYMENT,384,2406.83,1972.0,0.0,0.0,0.0,0
3,CASH_OUT,259,172376.94,21357.24,0.0,384471.22,556848.15,0
3,CASH_IN,135,4286.65,105722.0,110008.65,415626.99,411340.34,0
3,CASH_OUT,226,103598.1,0.0,0.0,292627.65,396225.75,0
3,CASH_IN,544,719086.93,19971.0,739057.93,0.0,0.0,0
3,CASH_IN,188,182127.2,104397.0,286524.2,0.0,0.0,0
3,CASH_OUT,284,237466.83,0.0,0.0,2865759.9,3103226.73,0
3,CASH_OUT,682,64557.77,64557.77,0.0,9899500.06,9964057.83,1
3,CASH_OUT,396,140996.44,24677.0,0.0,554629.58,695626.02,0
3,CASH_OUT,302,148858.95,0.0,0.0,771684.81,920543.76,0
3,CASH_IN,545,365277.99,90800.0,456077.99,5242943.67,4877665.68,0
3,PAYMENT,330,10856.75,6479.0,0.0,0.0,0.0,0
3,CASH_IN,471,197686.35,31221.0,228907.35,2040054.6,1842368.25,0
3,CASH_OUT,206,135302.37,7019.0,0.0,7160357.9,7295660.27,0
3,CASH_OUT,403,316500.44,39919.0,0.0,368119.74,684620.18,0
3,PAYMENT,544,936.4,0.0,0.0,0.0,0.0,0
3,PAYMENT,250,11773.18,76292.0,64518.82,0.0,0.0,0
3,TRANSFER,685,4886423.05,4886423.05,0.0,0.0,0.0,1
3,PAYMENT,353,29037.3,16740.0,0.0,0.0,0.0,0
3,CASH_IN,254,3768.88,6451312.38,6455081.26,1196995.41,1193226.53,0
3,CASH_IN,38,118275.75,5234189.43,5352465.18,4797812.11,4508204.97,0
3,CASH_IN,260,139550.71,21304.0,160854.71,711927.29,572376.58,0
3,PAYMENT,189,1038.02,5176.0,4137.98,0.0,0.0,0
3,CASH_OUT,22,156790.63,0.0,0.0,232752.8,389543.43,0
3,PAYMENT,393,16748.04,26831.0,10082.96,0.0,0.0,0
3,CASH_OUT,405,111042.69,0.0,0.0,882657.73,993700.42,0
3,CASH_IN,12,7784.79,157176.77,164961.56,2385536.66,2291793.04,0
3,CASH_IN,333,115341.63,2364948.58,2480290.21,255418.03,140076.41,0
3,CASH_OUT,324,419720.44,0.0,0.0,3911974.12,4478068.12,0
3,CASH_OUT,715,212028.15,212028.15,0.0,3708381.73,3920409.88,1
3,CASH_OUT,346,478765.75,0.0,0.0,586209.75,1064975.5,0
3,CASH_OUT,279,17907.82,346514.96,328607.14,2059561.92,2077469.74,0
3,CASH_IN,356,85705.8,8015467.53,8101173.34,521036.14,435330.34,0
3,CASH_OUT,161,223173.66,0.0,0.0,260801.93,483975.59,0
3,PAYMENT,288,119065.91,31592.0,0.0,0.0,0.0,0
3,PAYMENT,211,35.8,23630.73,23594.92,0.0,0.0,0
3,CASH_OUT,331,105831.88,0.0,0.0,1634903.25,1740735.13,0
3,TRANSFER,20,448025.06,448025.06,0.0,0.0,0.0,1
3,CASH_IN,404,360690.38,1652235.08,2012925.46,5597422.91,5236732.54,0
3,PAYMENT,8,272.19,16827.0,16554.81,0.0,0.0,0
3,CASH_OUT,379,10859.81,3459.0,0.0,52842.6,63702.42,0
3,CASH_OUT,497,2123610.45,2123610.45,0.0,1234419.45,3358029.9,1
3,TRANSFER,231,1812856.14,47590.12,0.0,8434543.02,10247399.17,0
3,CASH_OUT,34,440576.6,63781.97,0.0,1836156.75,2589655.57,0
3,DEBIT,234,426.51,32880.0,32453.49,51339.04,51765.55,0
3,PAYMENT,249,3690.13,5225.0,1534.87,0.0,0.0,0
3,PAYMENT,310,15633.07,48451.0,32817.93,0.0,0.0,0
3,CASH_IN,210,204709.53,6205980.11,6410689.64,2376785.89,2172076.36,0
3,PAYMENT,354,7177.71,217019.0,209841.29,0.0,0.0,0
3,CASH_OUT,548,215291.03,0.0,0.0,1627208.29,1842499.32,0
3,PAYMENT,325,26999.25,620.0,0.0,0.0,0.0,0
3,CASH_IN,38,267913.58,1905380.86,2173294.44,329017.78,61104.2,0
3,PAYMENT,331,6391.7,0.0,0.0,0.0,0.0,0
3,CASH_IN,160,65900.87,2990916.62,3056817.5,296839.74,230938.87,0
3,PAYMENT,38,229.52,270338.77,270109.25,0.0,0.0,0
3,CASH_OUT,307,95825.36,0.0,0.0,3467484.38,3563309.74,0
3,CASH_OUT,282,418279.31,0.0,0.0,1998658.06,2416937.37,0
3,CASH_IN,159,297898.23,13644.0,311542.23,196779.15,0.0,0
3,CASH_OUT,306,149188.52,0.0,0.0,373962.92,523151.45,0
3,CASH_IN,20,369016.89,5575956.01,5944972.91,3120446.41,2751429.51,0
3,CASH_OUT,235,359252.45,6062.0,0.0,955838.4,1315090.86,0
3,CASH_IN,210,231503.07,51106.0,282609.07,2274382.46,2042879.39,0
3,PAYMENT,40,30571.99,1167132.75,1136560.77,0.0,0.0,0
3,CASH_IN,159,353531.31,21650.0,375181.31,1550930.34,1197399.03,0
3,CASH_OUT,119,2040209.74,2040209.74,0.0,11240377.72,13280587.46,1
3,CASH_OUT,577,681525.62,681525.62,0.0,2250319.57,2931845.19,1
3,CASH_OUT,186,22463.45,0.0,0.0,79771.45,102234.9,0
3,PAYMENT,48,13887.61,0.0,0.0,0.0,0.0,0
3,PAYMENT,352,4.66,152377.0,152372.34,0.0,0.0,0
3,CASH_OUT,129,357581.9,31388.0,0.0,0.0,357581.9,0
3,PAYMENT,155,17241.71,176544.0,159302.29,0.0,0.0,0
3,CASH_IN,9,287215.12,11075.0,298290.12,142110.56,98229.44,0
3,PAYMENT,139,3668.34,119875.54,116207.19,0.0,0.0,0
4,CASH_OUT,18,199698.4,0.0,0.0,972377.51,1172075.91,0
4,PAYMENT,11,2394.41,130852.0,128457.59,0.0,0.0,0
4,CASH_OUT,156,160803.51,0.0,0.0,240817.69,401621.19,0
4,CASH_OUT,156,278088.64,0.0,0.0,686075.07,964163.7,0
4,TRANSFER,398,330804.9,1148.0,0.0,1390614.43,1721419.33,0
4,PAYMENT,251,11181.92,0.0,0.0,0.0,0.0,0
4,CASH_IN,19,232.42,18044457.47,18044689.88,92198.93,91966.51,0
4,CASH_OUT,161,181793.8,21106.0,0.0,813133.11,1376078.78,0
4,CASH_OUT,734,10000000.0,10000000.0,0.0,2571402.25,12571402.25,1
4,TRANSFER,69,2147778.33,2147778.33,0.0,0.0,0.0,1
4,CASH_OUT,592,179233.62,40317.0,0.0,57416.39,236650.0,0
4,PAYMENT,42,5055.38,49512.0,44456.62,0.0,0.0,0
4,CASH_OUT,163,13680.42,0.0,0.0,146979.99,160660.42,0
4,CASH_OUT,231,456411.0,82286.0,0.0,0.0,651713.75,0
4,CASH_OUT,303,240818.75,229706.0,0.0,111391.18,352209.93,0
4,PAYMENT,185,6798.76,0.0,0.0,0.0,0.0,0
4,CASH_IN,260,66989.32,72664.56,139653.88,37305.05,0.0,0
4,PAYMENT,11,2896.15,3731.0,834.85,0.0,0.0,0
4,TRANSFER,18,329062.07,167102.66,0.0,1393752.13,1722814.2,0
4,PAYMENT,373,4324.46,5446.0,1121.54,0.0,0.0,0
4,CASH_IN,185,350565.57,5751.0,356316.57,0.0,0.0,0
4,CASH_OUT,160,44672.27,49519.0,4846.73,244268.54,288940.82,0
4,CASH_IN,181,321628.24,752758.0,1074386.24,46691.65,0.0,0
4,PAYMENT,210,3236.38,0.0,0.0,0.0,0.0,0
4,CASH_OUT,326,422792.18,0.0,0.0,1489441.5,1912233.68,0
4,CASH_IN,33,186187.79,81255.0,267442.79,1529686.49,1343498.7,0
4,TRANSFER,475,71511.19,71511.19,0.0,0.0,0.0,1
4,CASH_OUT,304,171448.92,112930.0,0.0,5235987.01,5407435.93,0
4,PAYMENT,587,606.28,185661.74,185055.46,0.0,0.0,0
4,CASH_OUT,37,463506.28,16551.0,0.0,0.0,463506.28,0
4,CASH_IN,186,131154.54,21125.0,152279.54,268639.88,137485.34,0
4,CASH_OUT,33,46172.66,9863.0,0.0,180554.21,226726.86,0
4,TRANSFER,351,888887.16,0.0,0.0,1691575.02,2580462.19,0
4,CASH_OUT,332,24706.21,2829.72,0.0,290625.81,315332.02,0
4,TRANSFER,183,327204.39,0.0,0.0,781972.86,1109177.25,0
4,PAYMENT,281,11490.36,6114.0,0.0,0.0,0.0,0
4,CASH_OUT,176,102229.91,102229.91,0.0,0.0,102229.91,1
4,CASH_IN,163,4682.86,10870.0,15552.86,0.0,0.0,0
4,CASH_OUT,206,131259.2,255896.29,124637.09,2244704.35,2375963.55,0
4,CASH_OUT,179,77717.15,11540.0,0.0,415229.41,492946.56,0
4,TRANSFER,36,1379396.57,0.0,0.0,1603608.89,2983005.45,0
4,CASH_IN,312,174671.43,4199501.86,4374173.29,8344501.63,8169830.2,0
4,PAYMENT,162,415.82,0.0,0.0,0.0,0.0,0
4,CASH_OUT,38,155097.82,0.0,0.0,596692.93,751790.75,0
4,PAYMENT,225,48863.18,0.0,0.0,0.0,0.0,0
4,PAYMENT,333,54546.99,217253.89,162706.9,0.0,0.0,0
4,CASH_IN,407,238520.85,328537.32,567058.17,6260220.62,6021699.77,0
4,PAYMENT,185,714.63,88998.92,88284.29,0.0,0.0,0
4,CASH_IN,20,282261.49,5906457.75,6188719.24,13392198.49,12942188.99,0
4,DEBIT,321,1252.34,96886.0,95633.66,1839734.51,1840986.86,0
4,CASH_IN,396,241043.57,3177.0,244220.57,0.0,0.0,0
4,TRANSFER,133,1420878.14,21202.0,0.0,0.0,1420878.14,0
4,CASH_OUT,373,69444.33,21587.0,0.0,0.0,69444.33,0
4,PAYMENT,96,2454.22,0.0,0.0,0.0,0.0,0
4,PAYMENT,36,1327.58,0.0,0.0,0.0,0.0,0
4,PAYMENT,235,1309.31,52359.68,51050.37,0.0,0.0,0
4,CASH_OUT,275,57361.45,0.0,0.0,1562942.37,1620303.82,0
4,PAYMENT,274,7154.56,0.0,0.0,0.0,0.0,0
4,CASH_OUT,400,57355.18,0.0,0.0,12291940.38,12349295.56,0
4,TRANSFER,373,708129.94,18016.0,0.0,363712.05,1071841.99,0
4,CASH_IN,36,282466.58,49818.0,332284.58,141420.9,0.0,0
4,TRANSFER,8,1471264.28,89709.08,0.0,6100.96,1236475.57,0
4,CASH_OUT,137,192244.2,12173.0,0.0,201172.15,393416.35,0
4,CASH_OUT,158,130849.04,0.0,0.0,4133847.5,4264696.54,0
4,CASH_OUT,400,6574.64,0.0,0.0,164068.9,170643.54,0
4,PAYMENT,18,24949.01,0.0,0.0,0.0,0.0,0
4,PAYMENT,569,3271.85,398020.92,394749.07,0.0,0.0,0
4,TRANSFER,134,24366.48,64868.0,40501.52,324368.53,348735.02,0
4,PAYMENT,204,8478.37,5269.0,0.0,0.0,0.0,0
4,CASH_OUT,35,141681.34,0.0,0.0,178123.86,319805.2,0
4,CASH_OUT,163,246848.68,0.0,0.0,480099.3,726947.98,0
4,PAYMENT,379,38495.51,29834.14,0.0,0.0,0.0,0
4,PAYMENT,162,31993.73,32596.0,602.27,0.0,0.0,0
4,TRANSFER,211,73599.57,73599.57,0.0,0.0,0.0,1
4,PAYMENT,181,2876.56,0.0,0.0,0.0,0.0,0
4,TRANSFER,738,108240.74,108240.74,0.0,0.0,0.0,1
4,CASH_OUT,43,184718.67,97907.0,0.0,32846.6,217565.27,0
4,CASH_OUT,225,89485.15,0.0,0.0,137069.49,226554.64,0
4,CASH_IN,254,136327.89,104442.0,240769.89,4280293.08,4143965.2,0
4,PAYMENT,206,2332.79,261311.37,258978.59,0.0,0.0,0
4,CASH_IN,303,161600.6,31097.0,192697.6,82879.97,0.0,0
4,CASH_OUT,330,189536.34,50703.0,0.0,0.0,189536.34,0
4,CASH_OUT,352,81187.6,84697.0,3509.4,166609.3,247796.89,0
4,CASH_OUT,384,132246.2,0.0,0.0,24677332.27,24809578.47,0
4,CASH_IN,358,187866.67,7377617.62,7565484.29,406638.61,218771.94,0
4,CASH_OUT,567,140976.42,0.0,0.0,312188.62,453165.05,0
4,CASH_OUT,18,284591.32,115.0,0.0,102280.76,386872.08,0
4,PAYMENT,205,11717.89,0.0,0.0,0.0,0.0,0
4,CASH_OUT,348,98892.76,0.0,0.0,485652.39,584545.15,0
4,CASH_OUT,258,164309.86,0.0,0.0,2177251.33,2341561.2,0
4,CASH_OUT,210,4490.85,24081.0,19590.15,369501.31,373992.16,0
4,TRANSFER,353,999271.53,0.0,0.0,5308333.51,6307605.04,0
4,CASH_OUT,370,78874.4,156158.19,77283.79,874425.38,953299.77,0
4,PAYMENT,285,8906.52,21457.0,12550.48,0.0,0.0,0
4,CASH_IN,18,70962.47,3353676.68,3424639.15,120770.0,77441.53,0
4,CASH_IN,18,193001.11,527416.21,720417.32,1775364.85,1582363.74,0
4,PAYMENT,347,9691.26,0.0,0.0,0.0,0.0,0
4,PAYMENT,214,6836.71,0.0,0.0,0.0,0.0,0
4,CASH_IN,354,154272.27,17941862.69,18096134.96,200818.22,46545.95,0
4,PAYMENT,253,33524.87,2774.0,0.0,0.0,0.0,0
4,PAYMENT,18,3178.86,79671.0,76492.14,0.0,0.0,0
4,CASH_IN,380,46309.84,3524.72,49834.56,176217843.75,176171533.91,0
4,CASH_IN,257,170871.32,1976475.77,2147347.09,454575.43,283704.11,0
4,PAYMENT,399,3090.96,474558.13,471467.17,0.0,0.0,0
4,CASH_IN,302,283793.16,20923.0,304716.16,3922758.83,3638965.67,0
4,PAYMENT,378,5412.05,0.0,0.0,0.0,0.0,0
4,CASH_OUT,43,17506.93,10289.0,0.0,232656.91,250163.84,0
4,CASH_OUT,25,781953.11,781953.11,0.0,0.0,781953.11,1
4,TRANSFER,142,622755.43,0.0,0.0,1202047.27,1824802.7,0
4,CASH_OUT,404,168948.25,2946.0,0.0,0.0,168948.25,0
4,CASH_IN,257,61148.62,80923.0,142071.62,160999.37,99850.75,0
4,TRANSFER,305,401625.98,0.0,0.0,10000000.0,10401625.98,0
4,CASH_IN,34,275395.23,8713873.82,8989269.05,849993.36,818519.54,0
4,CASH_OUT,208,229360.75,122.0,0.0,84014.33,313375.08,0
4,CASH_OUT,52,969259.07,969259.07,0.0,85723.45,1054982.52,1
4,TRANSFER,182,597516.64,381.0,0.0,12522.8,610039.44,0
4,CASH_OUT,44,257308.59,0.0,0.0,3793558.85,4050867.44,0
4,CASH_OUT,36,367177.02,0.0,0.0,2229350.49,2596527.52,0
4,CASH_OUT,306,119886.63,0.0,0.0,3441485.48,3561372.1,0
4,CASH_OUT,378,152596.72,99853.0,0.0,1571497.23,1724093.96,0
4,CASH_IN,9,199608.68,11643924.29,11843532.97,422112.68,307004.31,0
4,CASH_OUT,349,280873.2,93606.0,0.0,209176.59,98072.91,0
4,CASH_OUT,279,214904.58,51237.0,0.0,0.0,214904.58,0
4,CASH_OUT,132,49454.66,0.0,0.0,1926058.27,1975512.94,0
4,TRANSFER,258,603551.33,0.0,0.0,3118002.68,3721554.01,0
4,CASH_IN,167,87760.89,6319393.92,6407154.81,324369.98,236609.09,0
4,CASH_OUT,119,571709.55,0.0,0.0,2956355.96,3528065.51,0
4,CASH_OUT,259,39914.45,0.0,0.0,1102484.42,1142398.87,0
4,CASH_IN,226,244740.05,3754889.3,3999629.35,1203629.82,958889.77,0
4,CASH_IN,332,32662.94,8241066.19,8273729.14,55573.6,22910.66,0
4,CASH_IN,228,9940.3,5016307.11,5026247.42,1322027.72,1312087.41,0
4,CASH_IN,370,177450.53,3037760.29,3215210.82,834384.93,656934.4,0
4,PAYMENT,301,13431.26,20364.0,6932.74,0.0,0.0,0
4,CASH_IN,18,218812.98,44346.0,263158.98,0.0,0.0,0
4,CASH_OUT,133,197736.82,0.0,0.0,551874.49,749611.31,0
4,CASH_OUT,330,167770.34,72360.0,0.0,0.0,167770.34,0
4,PAYMENT,281,21901.15,92629.0,70727.85,0.0,0.0,0
4,PAYMENT,369,6110.44,3228.0,0.0,0.0,0.0,0
4,CASH_IN,8,51546.54,2812008.89,2863555.43,461697.76,233780.87,0
4,PAYMENT,138,3760.7,0.0,0.0,0.0,0.0,0
4,PAYMENT,10,2589.16,51316.0,48726.84,0.0,0.0,0
4,PAYMENT,19,13063.02,60109.0,47045.98,0.0,0.0,0
4,PAYMENT,259,1288.99,236471.38,235182.38,0.0,0.0,0
4,PAYMENT,255,32616.53,0.0,0.0,0.0,0.0,0
4,CASH_IN,134,236355.8,1877694.64,2114050.44,2786026.01,2549670.21,0
4,TRANSFER,259,10626.04,0.0,0.0,612638.47,623264.51,0
4,CASH_OUT,520,140446.41,111407.0,0.0,5410735.97,5551182.38,0
4,CASH_OUT,181,123762.39,130.0,0.0,2180524.67,2129302.18,0
4,CASH_OUT,17,311434.93,7134.0,0.0,28280.0,327938.26,0
4,CASH_OUT,259,157716.12,0.0,0.0,334641.55,492357.67,0
4,CASH_OUT,305,106171.67,0.0,0.0,6537768.07,6643939.75,0
4,PAYMENT,154,2383.84,98817.0,96433.16,0.0,0.0,0
4,CASH_OUT,227,269570.53,32259.0,0.0,0.0,269570.53,0
4,TRANSFER,376,823569.71,0.0,0.0,1207815.92,2031385.63,0
4,PAYMENT,378,9335.76,0.0,0.0,0.0,0.0,0
4,TRANSFER,369,928166.57,187.0,0.0,0.0,928166.57,0
4,TRANSFER,257,268123.25,0.0,0.0,10170976.27,10439099.52,0
4,CASH_OUT,207,143008.04,84407.0,0.0,47010.0,0.0,0
4,CASH_OUT,306,2370.84,0.0,0.0,379643.87,382014.71,0
4,PAYMENT,186,40817.35,62205.0,21387.65,0.0,0.0,0
4,PAYMENT,281,2929.67,30116.0,27186.33,0.0,0.0,0
4,TRANSFER,657,1619313.55,1619313.55,0.0,0.0,0.0,1
4,CASH_OUT,35,180509.07,0.0,0.0,354138.29,534647.36,0
4,TRANSFER,226,1954345.45,83567.1,0.0,6008047.11,7962392.56,0
4,CASH_OUT,41,493877.19,988.0,0.0,20926.85,514804.03,0
4,PAYMENT,129,24923.33,308084.93,283161.6,0.0,0.0,0
4,PAYMENT,346,576.28,20948.0,20371.72,0.0,0.0,0
4,CASH_OUT,210,177556.58,0.0,0.0,454483.95,632040.53,0
4,CASH_OUT,185,327002.28,5890.0,0.0,2294837.88,2621840.15,0
4,CASH_OUT,329,303879.94,10749.0,0.0,0.0,303879.94,0
4,CASH_OUT,307,180664.8,159192.0,0.0,0.0,180664.8,0
4,PAYMENT,393,37386.16,0.0,0.0,0.0,0.0,0
4,PAYMENT,230,13343.74,4562.0,0.0,0.0,0.0,0
4,TRANSFER,596,196385.55,196385.55,0.0,0.0,0.0,1
4,PAYMENT,135,768.18,35625.59,34857.42,0.0,0.0,0
4,CASH_OUT,279,95581.04,0.0,0.0,754713.61,850294.64,0
4,TRANSFER,305,745672.72,0.0,0.0,1396843.56,2142516.28,0
4,PAYMENT,332,14390.17,18586.0,4195.83,0.0,0.0,0
4,TRANSFER,15,711404.4,0.0,0.0,1124070.9,1835475.3,0
4,CASH_OUT,348,450281.98,179236.93,0.0,709389.88,1159671.85,0
4,PAYMENT,281,10681.19,0.0,0.0,0.0,0.0,0
4,PAYMENT,565,2064.51,74965.0,72900.49,0.0,0.0,0
4,CASH_OUT,226,53028.94,40117.0,0.0,26312.0,79340.94,0
4,TRANSFER,34,70776.35,29192.0,0.0,1538176.98,1660868.91,0
4,TRANSFER,571,272637.22,272637.22,0.0,0.0,0.0,1
4,CASH_OUT,254,60768.36,0.0,0.0,2140920.68,2201689.04,0
4,TRANSFER,406,106596.14,106596.14,0.0,0.0,0.0,1
4,CASH_IN,278,148798.89,18350608.36,18499407.24,3947675.16,3798876.27,0
4,CASH_IN,165,77767.38,39806.0,117573.38,42850.31,0.0,0
4,CASH_IN,235,209850.0,35.0,209885.0,579848.14,369998.14,0
4,CASH_OUT,382,233884.8,0.0,0.0,1640210.29,1874095.09,0
4,CASH_OUT,715,75252.23,426399.0,351146.77,0.0,75252.23,0
4,CASH_IN,396,452195.4,7283240.63,7735436.04,682336.38,230140.97,0
4,TRANSFER,13,1841444.49,0.0,0.0,2779493.01,4620937.5,0
4,CASH_IN,402,40413.63,7927668.72,7968082.35,80519.44,40105.81,0
4,CASH_IN,448,121342.46,7262.0,128604.46,1747090.57,1625748.11,0
4,CASH_OUT,186,223926.33,0.0,0.0,711095.37,935021.69,0
4,CASH_OUT,250,72778.16,0.0,0.0,166679.38,239457.54,0
4,CASH_IN,9,313975.13,9040302.94,9354278.06,541797.29,285023.85,0
4,PAYMENT,159,8699.07,0.0,0.0,0.0,0.0,0
4,CASH_OUT,324,10211.81,10211.81,0.0,1975715.1,1985926.91,1
4,PAYMENT,166,20439.48,0.0,0.0,0.0,0.0,0
4,CASH_OUT,204,2144208.23,2144208.23,0.0,0.0,2144208.23,1
4,CASH_OUT,35,54795.8,11643.0,0.0,2716839.25,2771635.05,0
4,CASH_IN,305,2303.29,455141.23,457444.52,1709402.84,1707099.55,0
4,PAYMENT,373,11516.62,15498.0,3981.38,0.0,0.0,0
4,CASH_OUT,17,945986.91,0.0,0.0,2575260.89,3521247.8,0
4,CASH_IN,324,531863.41,185.0,532048.41,0.0,0.0,0
4,CASH_IN,228,262744.55,14010667.26,14273411.8,337511.53,74766.99,0
4,CASH_IN,355,54442.08,3214.0,57656.08,2158577.12,2104135.04,0
4,CASH_IN,133,211524.68,8466929.99,8678454.67,362244.02,150719.35,0
4,CASH_OUT,351,166305.81,32079.0,0.0,403984.41,570290.22,0
4,CASH_IN,395,222024.39,8395675.41,8617699.8,924937.52,702913.13,0
4,PAYMENT,234,610.15,0.0,0.0,0.0,0.0,0
4,TRANSFER,181,225518.53,0.0,0.0,1521402.27,1746920.8,0
4,CASH_OUT,22,85504.68,10828.0,0.0,0.0,85504.68,0
4,CASH_OUT,233,104413.72,0.0,0.0,282950.06,440712.1,0
4,CASH_OUT,43,343757.14,0.0,0.0,2636957.67,2980714.81,0
4,CASH_OUT,206,93503.02,21205.0,0.0,130311.77,223814.79,0
4,TRANSFER,46,714516.68,0.0,0.0,7944929.05,8659445.72,0
4,CASH_OUT,168,130283.68,39125.47,0.0,3223629.92,3353913.6,0
4,CASH_OUT,102,1076739.91,1076739.91,0.0,2186542.64,3263282.55,1
4,CASH_OUT,16,79727.06,9977.0,0.0,270169.23,349896.29,0
4,CASH_IN,157,181893.16,1065957.21,1247850.37,188432.21,1522630.7,0
4,CASH_IN,132,278316.4,0.0,278316.4,1388764.23,1689170.94,0
4,PAYMENT,399,15639.34,0.0,0.0,0.0,0.0,0
4,CASH_IN,14,263271.0,19816.0,283087.0,0.0,0.0,0
4,PAYMENT,334,4034.44,158152.0,154117.56,0.0,0.0,0
4,CASH_OUT,43,196251.51,0.0,0.0,1009072.05,1205323.56,0
4,CASH_OUT,331,52847.56,0.0,0.0,621784.52,674632.08,0
4,PAYMENT,334,19686.32,197.0,0.0,0.0,0.0,0
4,PAYMENT,283,12190.1,32157.0,19966.9,0.0,0.0,0
4,CASH_OUT,46,55585.36,0.0,0.0,187758.59,243343.95,0
4,CASH_OUT,544,130715.66,11306.0,0.0,991188.39,1121904.05,0
4,CASH_OUT,12,474898.01,28641.57,0.0,614329.76,662524.58,0
4,CASH_IN,324,366806.71,25164891.74,25531698.45,33951641.22,33584834.51,0
4,PAYMENT,371,14203.7,0.0,0.0,0.0,0.0,0
4,PAYMENT,353,11024.27,0.0,0.0,0.0,0.0,0
4,CASH_OUT,66,126715.84,126715.84,0.0,273157.93,399873.77,1
4,TRANSFER,37,915716.87,54923.0,0.0,155463.39,1299208.45,0
4,TRANSFER,264,278815.37,37750.31,0.0,2795090.77,3073906.14,0
4,CASH_OUT,283,50840.93,0.0,0.0,1132483.15,1183324.08,0
4,CASH_OUT,139,48430.85,0.0,0.0,95877.8,144308.64,0
4,TRANSFER,327,2280428.64,34223.0,0.0,0.0,2280428.64,0
4,TRANSFER,402,4257337.62,4257337.62,0.0,0.0,0.0,1
4,PAYMENT,184,3139.18,747740.29,744601.11,0.0,0.0,0
4,PAYMENT,303,47277.69,9186.0,0.0,0.0,0.0,0
4,PAYMENT,589,29818.4,21120.0,0.0,0.0,0.0,0
4,CASH_IN,592,477184.71,729.0,477913.71,8903253.0,8426068.29,0
4,CASH_OUT,139,85952.2,0.0,0.0,2976255.22,3062207.41,0
4,CASH_IN,160,135856.13,266076.0,401932.13,239915.31,104059.17,0
4,PAYMENT,180,12755.58,125878.0,113122.42,0.0,0.0,0
4,CASH_OUT,327,182919.09,0.0,0.0,862443.19,1045362.27,0
4,CASH_IN,403,3467.49,11789.0,15256.49,0.0,0.0,0
4,CASH_OUT,18,339045.55,3.0,0.0,139964.63,479010.18,0
4,CASH_OUT,306,121166.54,619.0,0.0,135743.35,256909.89,0
4,PAYMENT,161,2679.07,0.0,0.0,0.0,0.0,0
4,CASH_OUT,230,24940.62,178.0,0.0,343635.08,368575.69,0
4,PAYMENT,155,7472.23,73887.0,66414.77,0.0,0.0,0
4,PAYMENT,305,1343.73,0.0,0.0,0.0,0.0,0
4,PAYMENT,17,20290.18,10877.0,0.0,0.0,0.0,0
4,CASH_OUT,133,10405.09,123935.0,113529.91,71661.6,82066.69,0
4,PAYMENT,351,2054.46,31346.0,29291.54,0.0,0.0,0
4,PAYMENT,299,47437.19,0.0,0.0,0.0,0.0,0
4,PAYMENT,251,18473.27,968641.86,950168.58,0.0,0.0,0
4,CASH_IN,681,263582.5,2430966.19,2694548.68,441833.12,178250.63,0
4,CASH_IN,256,47100.59,511691.43,558792.02,543187.4,496086.81,0
4,PAYMENT,348,17468.45,0.0,0.0,0.0,0.0,0
4,PAYMENT,158,6145.33,0.0,0.0,0.0,0.0,0
4,CASH_OUT,121,64123.83,0.0,0.0,3700915.47,3765039.3,0
4,TRANSFER,254,194339.67,0.0,0.0,900664.05,1095003.71,0
4,CASH_IN,301,157694.25,205426.0,363120.25,1060251.7,902557.45,0
4,CASH_OUT,164,106306.05,34412.0,0.0,0.0,106306.05,0
4,CASH_IN,139,123358.89,10932.0,134290.89,0.0,0.0,0
4,CASH_OUT,656,327800.59,0.0,0.0,763216.11,1091016.7,0
4,PAYMENT,95,28268.68,312308.94,284040.26,0.0,0.0,0
4,CASH_OUT,20,246361.65,0.0,0.0,367278.25,613639.9,0
4,PAYMENT,209,4533.22,30.0,0.0,0.0,0.0,0
4,CASH_OUT,372,13778.16,0.0,0.0,35130.55,48908.71,0
4,CASH_OUT,131,191657.14,60386.0,0.0,0.0,191657.14,0
4,CASH_OUT,352,480070.41,8132.0,0.0,0.0,480070.41,0
4,CASH_OUT,277,152890.27,20552.0,0.0,110267.53,263157.79,0
4,CASH_IN,162,65734.81,1157.0,66891.81,0.0,0.0,0
4,CASH_IN,307,311087.75,41720.0,352807.75,1088751.05,777663.3,0
4,PAYMENT,209,8453.33,13976.74,5523.41,0.0,0.0,0
4,TRANSFER,499,488243.65,488243.65,0.0,0.0,0.0,1
4,CASH_OUT,413,438983.45,438983.45,0.0,26861.84,465845.29,1
4,PAYMENT,302,9972.0,388.0,0.0,0.0,0.0,0
4,PAYMENT,19,3788.16,46052.8,42264.64,0.0,0.0,0
4,TRANSFER,297,1070322.74,47298.0,0.0,258385.41,1328708.15,0
4,CASH_OUT,355,84700.03,50220.0,0.0,1126792.79,1211492.83,0
4,CASH_OUT,402,215592.73,95239.0,0.0,125129.62,340722.35,0
4,CASH_OUT,164,298755.15,0.0,0.0,586000.36,884755.51,0
4,DEBIT,396,31.12,0.0,0.0,310719.31,310750.43,0
4,TRANSFER,183,5566.14,5566.14,0.0,0.0,0.0,1
4,CASH_IN,303,78413.8,97607.0,176020.8,0.0,0.0,0
4,CASH_OUT,327,84565.47,257608.39,173042.91,2837002.97,2921568.44,0
4,PAYMENT,402,3293.96,40388.0,37094.04,0.0,0.0,0
4,PAYMENT,399,22546.07,22650.0,103.93,0.0,0.0,0
4,CASH_OUT,241,287079.07,0.0,0.0,6023277.52,6310356.6,0
4,TRANSFER,132,265464.93,0.0,0.0,485372.47,750837.4,0
4,CASH_OUT,140,148432.98,0.0,0.0,333094.3,481527.28,0
4,TRANSFER,612,1023189.9,1023189.9,0.0,0.0,0.0,1
4,CASH_IN,428,156289.58,392254.14,548543.72,278459.71,122170.13,0
4,CASH_OUT,395,51956.96,1056.0,0.0,120815.76,172772.72,0
4,CASH_OUT,503,861189.54,861189.54,0.0,0.0,861189.54,1
4,CASH_OUT,37,10993.49,5106.0,0.0,137677.63,148671.11,0
4,CASH_OUT,671,188731.21,188731.21,0.0,591154.11,779885.32,1
4,PAYMENT,236,13501.03,619.0,0.0,0.0,0.0,0
4,CASH_IN,16,193651.37,40651.0,234302.37,15874.0,0.0,0
4,CASH_OUT,282,101420.82,0.0,0.0,248368.69,349789.51,0
4,CASH_IN,330,122892.97,6837443.07,6960336.03,296339.1,173446.13,0
4,CASH_OUT,95,208457.78,98635.0,0.0,369802.71,578260.49,0
4,CASH_OUT,352,135825.45,0.0,0.0,1275799.38,1411624.83,0
4,CASH_IN,379,120904.23,7649402.16,7770306.39,1430082.2,1309177.97,0
4,CASH_IN,347,7550.62,1732368.75,1739919.37,17398.56,9847.93,0
4,PAYMENT,384,40448.42,0.0,0.0,0.0,0.0,0
4,CASH_OUT,16,35058.46,0.0,0.0,2551529.71,2586588.17,0
4,CASH_OUT,282,113409.27,0.0,0.0,289797.98,403207.25,0
4,CASH_OUT,209,274977.33,91437.0,0.0,104263.49,381636.38,0
4,PAYMENT,547,5410.31,0.0,0.0,0.0,0.0,0
4,CASH_OUT,589,33719.75,52706.0,18986.25,399864.95,433584.7,0
4,PAYMENT,298,3998.27,0.0,0.0,0.0,0.0,0
4,PAYMENT,329,14998.23,2606.0,0.0,0.0,0.0,0
4,CASH_IN,403,222581.83,8008.0,230589.83,1410564.98,1187983.15,0
4,CASH_OUT,17,110053.88,63840.0,0.0,1372457.07,1482510.95,0
4,CASH_IN,408,62557.18,4388397.57,4450954.75,1285605.89,1223048.71,0
4,CASH_IN,380,48272.12,7352501.35,7400773.47,1229042.2,1180770.08,0
4,PAYMENT,379,2620.99,28812.37,26191.39,0.0,0.0,0
4,TRANSFER,185,60347.05,0.0,0.0,117179.11,177526.16,0
4,CASH_IN,407,477532.54,8700912.05,9178444.59,2224988.39,1747455.85,0
4,CASH_OUT,302,34548.77,0.0,0.0,3194008.17,3228556.94,0
4,DEBIT,262,2786.28,9050.0,6263.72,1868412.85,1871199.13,0
4,CASH_IN,347,452029.45,75248.0,527277.45,0.0,0.0,0
4,CASH_IN,204,254153.95,289934.16,544088.11,557525.94,303371.99,0
4,PAYMENT,132,40027.71,0.0,0.0,0.0,0.0,0
4,CASH_OUT,612,11155.45,11155.45,0.0,1208791.84,1219947.29,1
4,TRANSFER,681,1616928.16,0.0,0.0,5393625.53,7010553.69,0
4,PAYMENT,274,4967.37,0.0,0.0,0.0,0.0,0
4,CASH_IN,187,163669.72,1409.0,165078.72,114431.79,0.0,0
4,CASH_OUT,19,194121.1,228252.12,34131.02,339948.02,891816.32,0
4,PAYMENT,407,12314.29,520495.0,508180.71,0.0,0.0,0
4,PAYMENT,348,10216.28,77283.0,67066.72,0.0,0.0,0
4,CASH_IN,10,154371.43,0.0,154371.43,167337.3,12965.87,0
4,PAYMENT,43,6176.82,0.0,0.0,0.0,0.0,0
4,CASH_OUT,352,235063.34,0.0,0.0,4231823.28,4466886.63,0
4,PAYMENT,331,27223.54,30754.94,3531.41,0.0,0.0,0
4,PAYMENT,41,22519.06,0.0,0.0,0.0,0.0,0
4,CASH_OUT,283,63996.81,0.0,0.0,64029.0,128025.81,0
4,CASH_OUT,209,22388.79,0.0,0.0,413687.07,436075.86,0
4,CASH_IN,44,61967.86,6861038.46,6923006.32,328914.65,266946.79,0
4,PAYMENT,14,16658.22,8091.0,0.0,0.0,0.0,0
4,CASH_OUT,540,316029.41,0.0,0.0,6823860.86,7139890.27,0
4,TRANSFER,188,870272.34,119818.0,0.0,33833.73,904106.07,0
4,PAYMENT,183,7666.42,0.0,0.0,0.0,0.0,0
4,CASH_IN,234,197901.64,51810.0,249711.64,0.0,0.0,0
4,CASH_IN,41,42596.4,1491603.02,1534199.42,1990845.65,1948249.24,0
4,CASH_OUT,136,263339.82,0.0,0.0,1794149.75,2057489.58,0
4,CASH_OUT,159,281131.09,0.0,0.0,298232.77,579363.86,0
4,CASH_OUT,17,351198.11,0.0,0.0,2047318.93,2398517.04,0
4,CASH_IN,161,19952.54,14271009.03,14290961.57,1973144.07,1953191.54,0
4,CASH_IN,17,105886.15,715928.62,821814.77,195693.88,89807.73,0
4,PAYMENT,160,45010.11,12283.0,0.0,0.0,0.0,0
4,PAYMENT,277,25490.97,239028.93,213537.96,0.0,0.0,0
4,CASH_IN,210,89558.06,4828570.33,4918128.39,2466569.37,2377011.3,0
4,CASH_OUT,37,130640.4,52009.0,0.0,7460371.07,7825526.96,0
4,PAYMENT,210,13635.79,0.0,0.0,0.0,0.0,0
4,PAYMENT,255,5673.25,13574.0,7900.75,0.0,0.0,0
4,TRANSFER,352,10862.27,0.0,0.0,164348.04,175210.31,0
4,CASH_OUT,183,214935.64,50072.0,0.0,303927.61,518863.25,0
4,TRANSFER,351,1552664.33,1552664.33,0.0,0.0,0.0,1
4,PAYMENT,307,12901.64,2584.0,0.0,0.0,0.0,0
4,TRANSFER,272,166972.46,166972.46,0.0,0.0,0.0,1
4,PAYMENT,574,12813.28,0.0,0.0,0.0,0.0,0
4,TRANSFER,306,10000000.0,10850530.59,850530.59,0.0,0.0,1
4,TRANSFER,736,1314660.84,1314660.84,0.0,0.0,0.0,1
4,CASH_OUT,400,221245.74,60782.0,0.0,193123.77,414369.51,0
4,CASH_OUT,43,17975.77,0.0,0.0,569212.23,587188.0,0
4,CASH_OUT,11,317252.29,185901.0,0.0,26592.0,557135.38,0
4,CASH_OUT,14,364746.32,0.0,0.0,379153.54,1974795.64,0
4,PAYMENT,207,3875.77,49993.51,46117.74,0.0,0.0,0
4,CASH_OUT,188,558.52,1170.0,611.48,6723006.8,6723565.32,0
4,PAYMENT,397,11608.6,101049.0,89440.4,0.0,0.0,0
4,PAYMENT,299,9436.94,0.0,0.0,0.0,0.0,0
4,PAYMENT,307,20902.13,0.0,0.0,0.0,0.0,0
4,CASH_OUT,379,75401.82,41122.0,0.0,82600.04,158001.87,0
4,PAYMENT,300,34597.29,222.0,0.0,0.0,0.0,0
4,PAYMENT,608,28121.74,0.0,0.0,0.0,0.0,0
4,PAYMENT,404,10525.66,1553.0,0.0,0.0,0.0,0
4,CASH_OUT,140,91085.15,17926.0,0.0,800458.31,891543.45,0
4,CASH_IN,266,421664.07,6622571.06,7044235.12,4204540.5,3782876.43,0
4,PAYMENT,42,5527.49,510116.11,504588.62,0.0,0.0,0
4,CASH_OUT,331,11548.18,626.0,0.0,0.0,11548.18,0
4,CASH_OUT,329,344300.16,0.0,0.0,743629.62,1087929.78,0
4,PAYMENT,282,6569.02,0.0,0.0,0.0,0.0,0
4,TRANSFER,399,534463.29,0.0,0.0,1150994.54,1685457.82,0
4,TRANSFER,322,515691.43,31061.0,0.0,5487286.92,6002978.35,0
4,DEBIT,403,1036.58,18041.0,17004.42,390407.98,391444.56,0
4,PAYMENT,42,12436.65,590193.22,577756.57,0.0,0.0,0
4,TRANSFER,36,2214392.33,268252.5,0.0,22693918.86,24908311.2,0
4,PAYMENT,589,2355.54,0.0,0.0,0.0,0.0,0
4,CASH_OUT,139,56579.37,113038.0,56458.63,0.0,56579.37,0
4,CASH_OUT,163,174007.99,30281.0,0.0,75263.47,249271.46,0
4,CASH_OUT,325,110072.65,81611.0,0.0,312956.5,423029.15,0
4,CASH_IN,322,55852.72,2794477.15,2850329.88,5633669.68,5577816.96,0
4,CASH_OUT,140,242446.94,11540.0,0.0,0.0,242446.94,0
4,CASH_IN,345,349116.56,19845.0,368961.56,1042375.12,693258.57,0
4,TRANSFER,358,1586950.81,0.0,0.0,2166826.28,3753777.09,0
4,TRANSFER,235,1496176.66,78684.0,0.0,316432.88,1812609.53,0
4,TRANSFER,440,807278.78,807278.78,0.0,0.0,0.0,1
4,CASH_OUT,228,226607.64,524988.0,298380.36,0.0,226607.64,0
4,PAYMENT,518,12975.22,5016.0,0.0,0.0,0.0,0
4,CASH_OUT,380,67638.84,0.0,0.0,22163419.32,22231058.15,0
4,TRANSFER,134,2460110.25,2460110.25,0.0,0.0,0.0,1
4,CASH_IN,159,32155.12,562925.04,595080.16,704635.3,672480.17,0
4,CASH_IN,163,136377.13,96032.0,232409.13,103271.97,0.0,0
4,PAYMENT,357,8212.36,159417.0,151204.64,0.0,0.0,0
4,DEBIT,379,1799.7,0.0,0.0,227639.34,229439.05,0
4,CASH_OUT,323,77310.65,24735.0,0.0,343875.09,421185.75,0
4,PAYMENT,522,7232.05,120638.28,113406.23,0.0,0.0,0
4,CASH_IN,393,126784.73,3895257.24,4022041.97,1560270.83,1433486.1,0
4,CASH_IN,380,19489.49,1678428.87,1697918.36,677212.39,657722.91,0
4,CASH_IN,207,49062.69,7527394.58,7576457.26,292104.77,243042.09,0
4,PAYMENT,372,12802.87,0.0,0.0,0.0,0.0,0
4,CASH_OUT,160,195502.08,0.0,0.0,744205.43,939707.51,0
4,CASH_IN,131,417290.72,191992.0,609282.72,451338.36,34047.63,0
4,CASH_OUT,186,180626.67,0.0,0.0,767354.72,947981.38,0
4,TRANSFER,643,4222595.06,4222595.06,0.0,0.0,0.0,1
4,TRANSFER,33,1171283.86,5072.0,0.0,0.0,1171283.86,0
4,CASH_IN,164,176751.76,3764157.29,3940909.05,343012.68,16733.79,0
4,CASH_IN,578,47875.47,2130672.67,2178548.14,4257597.08,4209721.61,0
4,PAYMENT,495,3813.81,0.0,0.0,0.0,0.0,0
4,TRANSFER,564,1650856.19,1650856.19,0.0,0.0,0.0,1
4,CASH_OUT,208,284531.6,0.0,0.0,1017487.06,1302018.66,0
4,CASH_OUT,4,2930418.44,2930418.44,0.0,3616012.1,6963508.84,1
4,TRANSFER,663,803441.31,803441.31,0.0,0.0,0.0,1
4,CASH_IN,345,19807.43,17816191.51,17835998.94,2178321.49,2158514.06,0
4,CASH_OUT,183,255470.52,0.0,0.0,381405.83,636876.35,0
4,PAYMENT,351,911.27,0.0,0.0,0.0,0.0,0
4,CASH_IN,379,264642.12,57608.55,322250.67,2902505.65,2637863.53,0
4,CASH_OUT,349,174044.06,0.0,0.0,667670.66,841714.72,0
4,CASH_IN,140,133846.04,51218.0,185064.04,942679.55,808833.52,0
4,PAYMENT,39,15133.51,314573.07,299439.56,0.0,0.0,0
4,CASH_IN,380,30026.69,10131267.23,10161293.91,75585.72,45559.04,0
4,CASH_OUT,637,275664.43,2448.09,0.0,1187619.51,1463283.94,0
4,CASH_OUT,38,9961.81,1117.0,0.0,3496409.66,3418250.92,0
4,PAYMENT,181,15576.2,29992.0,14415.8,0.0,0.0,0
4,PAYMENT,405,8369.87,591.0,0.0,0.0,0.0,0
4,CASH_OUT,525,12547.21,3233.57,0.0,121083.58,133630.78,0
4,CASH_OUT,19,19728.5,0.0,0.0,889171.58,908900.08,0
4,CASH_OUT,637,447474.67,447474.67,0.0,0.0,447474.67,1
4,PAYMENT,177,23891.23,2204.02,0.0,0.0,0.0,0
4,CASH_OUT,692,131489.38,0.0,0.0,864252.55,995741.92,0
4,PAYMENT,277,7973.4,335.0,0.0,0.0,0.0,0
4,PAYMENT,259,16054.8,20201.0,4146.2,0.0,0.0,0
4,PAYMENT,332,2999.8,275759.0,272759.2,0.0,0.0,0
4,CASH_OUT,388,6703831.4,6703831.4,0.0,99114.49,6802945.89,1
4,CASH_OUT,283,55061.38,422346.83,367285.45,214052.23,269113.61,0
4,CASH_OUT,327,208461.28,120860.52,0.0,309252.49,517713.77,0
4,CASH_IN,19,170543.03,2989042.3,3159585.33,577218.27,366939.14,0
4,PAYMENT,260,6157.93,0.0,0.0,0.0,0.0,0
4,PAYMENT,332,7968.25,22743.0,14774.75,0.0,0.0,0
4,TRANSFER,138,649432.14,236429.03,0.0,2264635.24,2914067.38,0
4,CASH_IN,129,93205.01,2016291.42,2109496.43,609195.66,1014835.63,0
4,CASH_OUT,19,17853.32,257604.0,239750.68,9693495.71,9993083.79,0
4,TRANSFER,403,764114.2,0.0,0.0,3131268.71,3895382.91,0
4,CASH_IN,235,210286.8,4420550.38,4630837.18,3310611.14,3100324.33,0
4,CASH_OUT,183,250231.11,0.0,0.0,1295229.31,1545460.42,0
4,TRANSFER,694,186567.41,186567.41,0.0,0.0,0.0,1
4,CASH_OUT,458,256556.98,256556.98,0.0,5902110.04,6158667.02,1
4,CASH_OUT,42,69015.84,0.0,0.0,459528.92,528544.76,0
4,CASH_IN,596,76659.35,8385331.76,8461991.11,674711.05,598051.7,0
4,CASH_OUT,156,157705.36,157705.36,0.0,0.0,157705.36,1
4,PAYMENT,204,21537.81,0.0,0.0,0.0,0.0,0
4,CASH_IN,155,227779.36,8756150.77,8983930.14,772342.52,544563.15,0
4,CASH_IN,40,155937.63,7656866.87,7812804.5,1492505.33,1336567.7,0
4,TRANSFER,519,21738.98,21738.98,0.0,0.0,0.0,1
4,CASH_OUT,134,452895.04,122358.0,0.0,0.0,452895.04,0
4,TRANSFER,65,701168.78,701168.78,0.0,0.0,0.0,1
4,CASH_OUT,253,317713.13,36770.0,0.0,117714.12,435427.25,0
4,DEBIT,182,4549.67,113546.0,108996.33,470005.34,474555.01,0
4,TRANSFER,698,9097679.75,9097679.75,0.0,0.0,0.0,1
4,CASH_IN,259,55773.84,586879.69,642653.54,3562110.62,3506336.78,0
4,CASH_OUT,355,186392.48,315337.0,128944.52,0.0,186392.48,0
4,CASH_OUT,335,137310.18,13027.07,0.0,727725.88,865036.05,0
4,CASH_OUT,134,201734.57,35116.0,0.0,177214.44,378949.02,0
4,CASH_IN,43,147777.75,20306.0,168083.75,0.0,0.0,0
4,PAYMENT,160,35205.7,0.0,0.0,0.0,0.0,0
4,PAYMENT,33,6186.41,0.0,0.0,0.0,0.0,0
4,PAYMENT,329,302.33,59376.0,59073.67,0.0,0.0,0
4,CASH_IN,396,32804.42,40911.0,73715.42,0.0,0.0,0
4,CASH_IN,8,121240.49,8237.0,129477.49,193966.95,72726.45,0
4,TRANSFER,12,518902.36,0.0,0.0,1367940.5,1886842.86,0
4,CASH_OUT,20,316994.7,0.0,0.0,933780.15,1076762.85,0
4,CASH_OUT,209,165821.56,69287.0,0.0,0.0,165821.56,0
4,CASH_OUT,329,59944.59,68419.0,8474.41,11345.94,71290.53,0
4,PAYMENT,133,16138.82,0.0,0.0,0.0,0.0,0
4,CASH_IN,380,67042.1,52567.0,119609.1,1007781.51,940739.41,0
4,TRANSFER,712,135977.23,135977.23,0.0,0.0,0.0,1
4,CASH_IN,307,77854.02,163.0,78017.02,7908.11,11330.53,0
5,CASH_IN,207,118212.74,9055393.94,9173606.68,202923.74,84711.0,0
5,CASH_OUT,187,118264.3,580.0,0.0,285866.21,404130.52,0
5,CASH_OUT,372,76140.94,76526.0,385.06,133054.77,209195.71,0
5,CASH_OUT,301,136742.1,106934.0,0.0,363247.26,499989.37,0
5,CASH_OUT,158,309569.37,0.0,0.0,4671591.96,4981161.32,0
5,CASH_OUT,307,66919.26,1539.0,0.0,0.0,66919.26,0
5,CASH_OUT,157,1397162.15,1397162.15,0.0,3145907.84,4543069.99,1
5,CASH_IN,184,300895.68,300460.0,601355.68,0.0,0.0,0
5,CASH_OUT,163,341574.94,84907.0,0.0,2475048.54,2816623.48,0
5,PAYMENT,211,10174.58,14522.56,4347.98,0.0,0.0,0
5,CASH_OUT,236,337556.39,0.0,0.0,340822.18,678378.57,0
5,CASH_IN,514,126377.94,5688659.72,5815037.66,2027891.84,1901513.9,0
5,PAYMENT,500,11222.21,0.0,0.0,0.0,0.0,0
5,PAYMENT,93,4349.7,19756.0,15406.3,0.0,0.0,0
5,PAYMENT,34,34437.42,204833.0,170395.58,0.0,0.0,0
5,PAYMENT,136,2822.45,23137.1,20314.65,0.0,0.0,0
5,PAYMENT,258,6218.02,52927.43,46709.41,0.0,0.0,0
5,PAYMENT,180,7056.46,0.0,0.0,0.0,0.0,0
5,PAYMENT,207,8436.04,117.0,0.0,0.0,0.0,0
5,PAYMENT,253,15773.8,0.0,0.0,0.0,0.0,0
5,CASH_OUT,11,185503.59,20030.0,0.0,732597.96,1008274.82,0
5,PAYMENT,26,7060.39,750.0,0.0,0.0,0.0,0
5,CASH_OUT,302,45986.76,339252.0,293265.24,251260.4,297247.17,0
5,CASH_OUT,19,122984.08,0.0,0.0,204118.4,752791.18,0
5,CASH_OUT,40,201915.64,0.0,0.0,2378382.98,2580298.62,0
5,PAYMENT,39,4077.07,309987.36,305910.29,0.0,0.0,0
5,TRANSFER,324,956701.95,0.0,0.0,9582079.76,10538781.71,0
5,TRANSFER,133,603715.05,11690.0,0.0,1085334.98,1270064.72,0
5,DEBIT,140,1442.42,565374.31,563931.89,2292331.51,2293773.92,0
5,PAYMENT,211,5855.61,486959.92,481104.31,0.0,0.0,0
5,PAYMENT,235,8558.42,52437.0,43878.58,0.0,0.0,0
5,PAYMENT,46,12394.32,7829.54,0.0,0.0,0.0,0
5,CASH_OUT,19,326040.28,0.0,0.0,845561.34,1171601.62,0
5,PAYMENT,20,2648.57,11047.0,8398.43,0.0,0.0,0
5,PAYMENT,237,13982.68,190825.04,176842.36,0.0,0.0,0
5,CASH_IN,257,638987.22,14551583.65,15190570.87,3414105.02,2775117.8,0
5,TRANSFER,94,460635.82,460635.82,0.0,0.0,0.0,1
5,CASH_OUT,163,40378.96,115517.0,75138.04,80518.69,120897.65,0
5,TRANSFER,374,191296.9,34776.0,0.0,0.0,191296.9,0
5,CASH_IN,400,73326.1,3898070.36,3971396.46,5155143.74,5081817.64,0
5,PAYMENT,131,13550.34,0.0,0.0,0.0,0.0,0
5,CASH_OUT,229,48534.79,0.0,0.0,972284.46,1020819.25,0
5,CASH_OUT,331,76722.4,10517.0,0.0,0.0,76722.4,0
5,PAYMENT,165,7652.31,47164.8,39512.49,0.0,0.0,0
5,CASH_IN,201,180516.07,4443638.12,4624154.19,836506.75,655990.68,0
5,PAYMENT,332,19712.9,0.0,0.0,0.0,0.0,0
5,CASH_OUT,234,48064.24,46040.0,0.0,0.0,48064.24,0
5,CASH_OUT,228,268529.62,49992.0,0.0,17412.23,285941.85,0
5,CASH_OUT,36,208600.52,0.0,0.0,213365.35,421965.87,0
5,CASH_OUT,43,150491.27,11982.52,0.0,295284.17,445775.44,0
5,CASH_OUT,365,155799.82,155799.82,0.0,1605951.92,1761751.74,1
5,TRANSFER,37,819180.8,11313.0,0.0,2028485.03,3180827.85,0
5,PAYMENT,34,28318.22,1868.0,0.0,0.0,0.0,0
5,CASH_IN,250,108346.06,6295183.16,6403529.23,3737539.19,3629193.13,0
5,CASH_IN,257,30589.77,379614.01,410203.78,268261.61,237671.83,0
5,CASH_IN,43,208270.71,768458.34,976729.05,3373191.54,3164920.83,0
5,CASH_IN,260,152178.43,92990.0,245168.43,496269.99,344091.56,0
5,CASH_OUT,12,76908.62,0.0,0.0,11695975.11,14447872.01,0
5,CASH_OUT,561,2763025.35,2763025.35,0.0,74021.98,2837047.33,1
5,CASH_OUT,185,25536.45,0.0,0.0,88613.87,114150.31,0
5,CASH_OUT,372,81370.39,48274.0,0.0,2161377.19,2242747.58,0
5,PAYMENT,332,17817.67,0.0,0.0,0.0,0.0,0
5,CASH_OUT,201,20846.96,0.0,0.0,2209781.57,2230628.54,0
5,PAYMENT,323,24867.44,7081.0,0.0,0.0,0.0,0
5,CASH_OUT,163,175782.92,11113.0,0.0,299960.93,475743.86,0
5,CASH_OUT,279,170064.53,494576.72,324512.2,1709410.31,1879474.84,0
5,CASH_OUT,283,47397.16,100948.0,53550.84,188719.48,236116.64,0
5,PAYMENT,189,7369.95,31166.0,23796.05,0.0,0.0,0
5,CASH_OUT,138,137017.45,103747.0,0.0,557119.6,694137.05,0
5,CASH_OUT,40,297092.58,0.0,0.0,1178080.19,1583117.32,0
5,CASH_IN,325,18578.41,1389764.62,1408343.03,3606947.07,3588368.66,0
5,CASH_IN,687,85311.26,6374149.92,6459461.18,284216.08,198904.82,0
5,CASH_OUT,473,179700.14,179700.14,0.0,1792.34,181492.48,1
5,PAYMENT,177,7033.93,168563.95,161530.02,0.0,0.0,0
5,CASH_IN,597,279566.72,2349808.08,2629374.81,570773.98,291207.26,0
5,CASH_IN,153,149176.43,11593.0,160769.43,3001258.21,2852081.78,0
5,PAYMENT,36,11065.32,0.0,0.0,0.0,0.0,0
5,CASH_IN,235,291540.35,10380.0,301920.35,1009406.32,717865.97,0
5,TRANSFER,84,10000000.0,14830219.15,4830219.15,0.0,0.0,1
5,CASH_OUT,279,374389.57,38004.0,0.0,6243230.72,6617620.28,0
5,CASH_OUT,132,40145.09,0.0,0.0,44257.05,84402.14,0
5,CASH_OUT,328,294861.88,0.0,0.0,810216.86,1105078.74,0
5,CASH_IN,211,214737.58,61966.0,276703.58,0.0,0.0,0
5,CASH_OUT,393,350534.33,0.0,0.0,370563.46,721097.8,0
5,CASH_OUT,252,13861.09,0.0,0.0,5116589.04,5130450.13,0
5,CASH_OUT,355,238126.22,0.0,0.0,485666.35,723792.57,0
5,CASH_OUT,563,95799.47,32714.0,0.0,2906530.16,3002329.63,0
5,PAYMENT,305,39832.39,420.0,0.0,0.0,0.0,0
5,PAYMENT,132,14384.53,0.0,0.0,0.0,0.0,0
5,CASH_IN,304,224716.39,47173.95,271890.34,1909958.29,1685241.89,0
5,CASH_OUT,490,7319.7,14005.0,6685.3,0.0,7319.7,0
5,PAYMENT,179,10433.11,0.0,0.0,0.0,0.0,0
5,CASH_IN,131,104788.99,8061450.01,8166239.0,643781.33,538992.35,0
5,CASH_OUT,138,43067.06,0.0,0.0,2058981.88,2102048.94,0
5,TRANSFER,212,19076.09,0.0,0.0,1050439.7,1069515.79,0
5,CASH_IN,203,84808.58,12822.0,97630.58,1061365.81,976557.23,0
5,CASH_OUT,15,2421.84,0.0,0.0,142081.43,144503.26,0
5,TRANSFER,192,956542.33,0.0,0.0,1358009.82,2314552.15,0
5,TRANSFER,273,791151.68,0.0,0.0,6071999.83,6863151.52,0
5,TRANSFER,608,136331.05,136331.05,0.0,0.0,0.0,1
5,PAYMENT,353,14897.55,0.0,0.0,0.0,0.0,0
5,CASH_IN,156,489103.1,165.0,489268.1,164602.99,0.0,0
5,TRANSFER,185,899471.32,430193.0,0.0,42950.26,942421.58,0
5,CASH_OUT,13,321196.2,41627.0,0.0,0.0,0.0,0
5,CASH_IN,214,209580.86,7471817.95,7681398.82,1682158.53,1472577.66,0
5,PAYMENT,163,463.76,0.0,0.0,0.0,0.0,0
5,CASH_OUT,514,124852.33,0.0,0.0,375064.77,499917.1,0
5,PAYMENT,309,7221.8,0.0,0.0,0.0,0.0,0
5,TRANSFER,385,617882.66,617882.66,0.0,0.0,0.0,1
5,CASH_OUT,395,231157.8,110.0,0.0,4430330.23,4661488.03,0
5,CASH_OUT,324,235682.63,11434.0,0.0,232280.89,467963.52,0
5,CASH_OUT,34,383527.89,25136.0,0.0,639301.84,1194812.08,0
5,CASH_OUT,303,90071.55,21040.0,0.0,746224.74,836296.29,0
5,CASH_OUT,305,25043.18,560.0,0.0,70502.55,95545.72,0
5,CASH_IN,260,27410.44,387379.41,414789.85,81823.79,54413.34,0
5,CASH_OUT,353,224856.08,0.0,0.0,4936204.06,6616097.75,0
5,PAYMENT,301,35161.45,156508.0,121346.55,0.0,0.0,0
5,PAYMENT,397,6106.53,136664.21,130557.68,0.0,0.0,0
5,CASH_OUT,211,157965.69,151806.0,0.0,1709938.17,1867903.86,0
5,CASH_OUT,323,28435.27,84556.14,56120.87,460163.15,488598.43,0
5,CASH_OUT,539,198888.16,198888.16,0.0,359018.15,557906.31,1
5,PAYMENT,186,2331.33,0.0,0.0,0.0,0.0,0
5,CASH_OUT,159,126854.88,0.0,0.0,6896786.99,7023641.88,0
5,PAYMENT,177,11796.76,3658.0,0.0,0.0,0.0,0
5,PAYMENT,40,4629.46,169668.68,165039.22,0.0,0.0,0
5,CASH_OUT,9,205505.31,0.0,0.0,635736.51,841241.81,0
5,CASH_OUT,249,141142.11,0.0,0.0,368318.64,509460.75,0
5,TRANSFER,16,430936.19,25521.0,0.0,0.0,589587.89,0
5,CASH_IN,331,101999.73,721898.1,823897.83,532004.26,430004.53,0
5,PAYMENT,345,34228.87,40986.0,6757.13,0.0,0.0,0
5,CASH_OUT,20,146580.34,0.0,0.0,420997.48,567577.81,0
5,CASH_IN,284,267665.84,2394435.79,2662101.63,276077.67,8411.83,0
5,PAYMENT,550,8224.95,41434.0,33209.05,0.0,0.0,0
5,PAYMENT,46,7955.81,281.0,0.0,0.0,0.0,0
5,PAYMENT,258,2456.7,0.0,0.0,0.0,0.0,0
5,CASH_OUT,329,2106.74,30608.0,28501.26,818347.38,820454.13,0
5,PAYMENT,232,11222.94,5040.0,0.0,0.0,0.0,0
5,PAYMENT,131,10625.77,21040.0,10414.23,0.0,0.0,0
5,PAYMENT,396,54888.23,0.0,0.0,0.0,0.0,0
5,PAYMENT,162,32513.0,66364.0,33851.0,0.0,0.0,0
5,CASH_IN,250,174031.41,10471.0,184502.41,1843349.82,1669318.41,0
5,CASH_IN,22,349933.58,654981.03,1004914.61,542638.12,192704.54,0
5,TRANSFER,140,98918.12,98918.12,0.0,0.0,0.0,1
5,CASH_OUT,181,283604.32,0.0,0.0,2895719.24,3179323.55,0
5,PAYMENT,231,129.68,187759.0,187629.32,0.0,0.0,0
5,PAYMENT,249,9184.85,0.0,0.0,0.0,0.0,0
5,CASH_OUT,213,35614.62,68059.0,32444.38,2264045.28,2299659.91,0
5,CASH_OUT,14,46804.75,0.0,0.0,317733.67,1057488.99,0
5,CASH_IN,210,339850.14,401808.0,741658.14,814653.19,474803.06,0
5,CASH_IN,201,100688.29,150391.0,251079.29,88281.8,0.0,0
5,PAYMENT,36,1998.96,35323.63,33324.67,0.0,0.0,0
5,TRANSFER,702,10000000.0,33171085.59,23171085.59,0.0,0.0,1
5,PAYMENT,19,2844.02,83253.16,80409.14,0.0,0.0,0
5,CASH_OUT,274,205723.91,497860.84,292136.92,2122137.97,2327861.88,0
5,CASH_IN,214,6707.11,7024.0,13731.11,577688.69,570981.58,0
5,CASH_OUT,255,333157.64,0.0,0.0,4574705.67,4907863.3,0
5,PAYMENT,8,6308.69,0.0,0.0,0.0,0.0,0
5,CASH_OUT,130,174552.71,0.0,0.0,385585.16,560137.87,0
5,CASH_OUT,12,291923.77,0.0,0.0,2376152.89,2668076.66,0
5,PAYMENT,302,14924.13,146.0,0.0,0.0,0.0,0
5,CASH_OUT,202,94689.11,11926.0,0.0,0.0,94689.11,0
5,CASH_OUT,37,31337.95,0.0,0.0,528926.26,560264.21,0
5,TRANSFER,15,1900.82,303284.4,301383.59,466338.88,468239.69,0
5,CASH_OUT,19,15869.68,49617.0,33747.32,698146.26,574414.72,0
5,CASH_OUT,18,52913.81,150152.0,97238.19,0.0,52913.81,0
5,CASH_IN,229,295599.36,17453920.47,17749519.84,2366900.35,2071300.99,0
5,CASH_IN,471,376680.07,3779927.95,4156608.02,2107403.56,1730723.49,0
5,CASH_OUT,45,71758.27,0.0,0.0,151750.21,223508.48,0
5,CASH_OUT,188,60913.33,20715.0,0.0,0.0,60913.33,0
5,CASH_OUT,138,85461.97,114497.0,29035.03,0.0,85461.97,0
5,CASH_OUT,330,47685.69,88945.0,41259.31,0.0,47685.69,0
5,CASH_IN,238,15656.92,99073.0,114729.92,255332.29,239675.37,0
5,CASH_IN,44,272928.19,7915880.99,8188809.18,692356.89,419428.7,0
5,PAYMENT,306,3952.82,0.0,0.0,0.0,0.0,0
5,TRANSFER,633,75480.15,75480.15,0.0,0.0,0.0,1
5,CASH_OUT,253,265224.1,0.0,0.0,313172.5,578396.6,0
5,CASH_OUT,208,82403.52,40950.06,0.0,1403222.14,1886290.48,0
5,CASH_IN,134,136555.31,69846.0,206401.31,287906.33,151351.02,0
5,PAYMENT,25,20389.08,18474.23,0.0,0.0,0.0,0
5,PAYMENT,160,512.81,397.0,0.0,0.0,0.0,0
5,CASH_OUT,235,230714.25,2546.0,0.0,0.0,230714.25,0
5,CASH_OUT,17,33346.21,0.0,0.0,376723.89,517380.13,0
5,PAYMENT,19,24679.8,12121.0,0.0,0.0,0.0,0
5,CASH_IN,400,4876.2,977686.65,982562.85,2901287.03,2896410.84,0
5,CASH_OUT,186,106803.02,10617.0,0.0,2072419.0,2179222.01,0
5,CASH_OUT,402,13663.91,0.0,0.0,827131.55,840795.46,0
5,CASH_IN,298,87233.46,851733.14,938966.6,1180022.66,1092789.2,0
5,TRANSFER,41,230242.17,285867.88,55625.72,758073.86,988316.03,0
5,CASH_OUT,155,34776.59,0.0,0.0,143694.63,37790.38,0
5,TRANSFER,302,1735113.71,0.0,0.0,8598534.84,10333648.56,0
5,CASH_OUT,211,498895.39,0.0,0.0,690056.01,1188951.4,0
5,CASH_IN,179,105197.57,3351737.95,3456935.52,431597.44,326399.87,0
5,CASH_OUT,351,199990.93,0.0,0.0,571263.99,771254.92,0
5,TRANSFER,350,1642443.24,49942.0,0.0,24382.85,1666826.09,0
5,CASH_OUT,210,310657.39,15211.0,0.0,2887153.6,3197810.99,0
5,PAYMENT,334,5729.79,30601.0,24871.21,0.0,0.0,0
5,CASH_IN,138,19248.76,7228.0,26476.76,895759.74,876510.98,0
5,PAYMENT,135,9518.18,0.0,0.0,0.0,0.0,0
5,CASH_IN,42,293489.0,7327127.26,7620616.26,821951.98,528462.98,0
5,TRANSFER,251,1284411.26,7333.0,0.0,168244.13,1452655.39,0
5,CASH_IN,355,193700.78,512.0,194212.78,71483.25,0.0,0
5,CASH_OUT,194,452294.74,452294.74,0.0,71502.94,523797.68,1
5,PAYMENT,119,6228.63,144134.65,137906.02,0.0,0.0,0
5,TRANSFER,144,102750.55,102750.55,0.0,0.0,0.0,1
5,CASH_IN,188,2346.73,10670.0,13016.73,4334949.42,4332602.68,0
5,TRANSFER,567,1893451.73,1893451.73,0.0,0.0,0.0,1
5,CASH_IN,161,321503.41,76219.0,397722.41,537459.64,215956.23,0
5,CASH_OUT,41,280882.2,401855.0,120972.8,4325614.8,4606497.0,0
5,CASH_IN,235,167857.32,328733.14,496590.46,7039098.6,6871241.28,0
5,CASH_OUT,186,94637.17,99351.0,4713.83,0.0,94637.17,0
5,TRANSFER,241,1061482.24,1061482.24,0.0,0.0,0.0,1
5,CASH_OUT,232,105973.11,7190.0,0.0,42107.07,148080.18,0
5,PAYMENT,11,14246.16,0.0,0.0,0.0,0.0,0
5,PAYMENT,310,9143.13,0.0,0.0,0.0,0.0,0
5,CASH_OUT,36,145609.49,57941.0,0.0,187.0,0.0,0
5,PAYMENT,544,3347.08,0.0,0.0,0.0,0.0,0
5,TRANSFER,178,3754770.29,21377.0,0.0,8526470.29,12281240.58,0
5,PAYMENT,297,7789.89,0.0,0.0,0.0,0.0,0
5,CASH_OUT,138,61091.5,393.0,0.0,1677409.19,1738500.69,0
5,TRANSFER,351,1777910.96,0.0,0.0,2153882.16,3931793.12,0
5,CASH_OUT,134,28404.33,0.0,0.0,4111802.41,4140206.74,0
5,CASH_OUT,164,204966.53,11189.0,0.0,755159.89,960126.41,0
5,CASH_IN,231,124113.9,660018.87,784132.77,279278.38,155164.48,0
5,CASH_OUT,397,175041.44,0.0,0.0,2355189.47,2530230.91,0
5,PAYMENT,235,3006.34,0.0,0.0,0.0,0.0,0
5,PAYMENT,156,11281.26,420519.0,409237.74,0.0,0.0,0
5,PAYMENT,354,29628.99,99254.0,69625.01,0.0,0.0,0
5,PAYMENT,403,7946.8,153036.0,145089.2,0.0,0.0,0
5,PAYMENT,233,4203.04,510.0,0.0,0.0,0.0,0
5,CASH_OUT,107,570649.33,570649.33,0.0,0.0,570649.33,1
5,PAYMENT,214,6761.01,65521.0,58759.99,0.0,0.0,0
5,TRANSFER,169,19244.9,19244.9,0.0,0.0,0.0,1
5,PAYMENT,381,12862.31,12034.0,0.0,0.0,0.0,0
5,PAYMENT,279,1518.63,101307.0,99788.37,0.0,0.0,0
5,DEBIT,180,351.52,583.0,231.48,15757.01,16108.53,0
5,TRANSFER,286,132943.98,132943.98,0.0,0.0,0.0,1
5,CASH_OUT,305,397213.86,10500.0,0.0,644505.9,1041719.76,0
5,PAYMENT,187,3746.51,0.0,0.0,0.0,0.0,0
5,TRANSFER,274,1034111.43,346852.0,0.0,1255443.34,2289554.77,0
5,CASH_OUT,307,79523.78,80044.0,520.22,233541.84,313065.62,0
5,TRANSFER,173,20311.17,20311.17,0.0,0.0,0.0,1
5,CASH_IN,43,95324.79,38262.0,133586.79,9473.46,0.0,0
5,TRANSFER,380,309655.48,196342.18,0.0,13685058.25,13994713.72,0
5,CASH_OUT,153,199175.72,136.0,0.0,0.0,199175.72,0
5,TRANSFER,357,302214.86,20922.0,0.0,0.0,302214.86,0
5,PAYMENT,353,1980.31,495827.0,493846.69,0.0,0.0,0
5,CASH_IN,372,319272.37,763216.17,1082488.55,596502.5,277230.13,0
5,TRANSFER,179,190590.65,190590.65,0.0,0.0,0.0,1
5,PAYMENT,357,11295.35,52123.26,40827.91,0.0,0.0,0
5,CASH_OUT,12,128141.17,774809.65,646668.48,128.0,128269.17,0
5,CASH_OUT,372,166847.19,49222.0,0.0,0.0,166847.19,0
5,CASH_IN,229,497283.58,12243.0,509526.58,283599.62,0.0,0
5,PAYMENT,159,11110.21,261674.14,250563.93,0.0,0.0,0
5,CASH_OUT,250,113088.91,0.0,0.0,385894.17,498983.08,0
5,CASH_OUT,378,207492.87,0.0,0.0,2277007.16,2484500.03,0
5,CASH_IN,11,161221.82,23649427.45,23810649.27,508845.16,991366.97,0
5,CASH_OUT,43,308455.35,0.0,0.0,4543630.85,4594428.95,0
5,CASH_OUT,278,285933.23,0.0,0.0,5892618.75,6178551.98,0
5,CASH_IN,351,144402.67,50398.0,194800.67,474802.47,330399.8,0
5,CASH_OUT,331,11219.81,105001.0,93781.19,501504.35,512724.16,0
5,PAYMENT,7,4602.77,138156.0,133553.23,0.0,0.0,0
5,PAYMENT,34,530.46,118815.35,118284.89,0.0,0.0,0
5,CASH_OUT,11,290566.14,0.0,0.0,329106.3,619672.44,0
5,PAYMENT,300,48290.95,34522.96,0.0,0.0,0.0,0
5,CASH_OUT,287,542032.96,0.0,0.0,2796584.44,3338617.41,0
5,CASH_IN,327,383691.82,101045.0,484736.82,180157.06,0.0,0
5,TRANSFER,6,25975.86,25975.86,0.0,0.0,0.0,1
5,PAYMENT,204,12899.46,70807.0,57907.54,0.0,0.0,0
5,PAYMENT,8,22914.56,0.0,0.0,0.0,0.0,0
5,CASH_OUT,180,39295.06,455.0,0.0,1495997.03,1535292.1,0
5,CASH_IN,212,31632.03,4547984.65,4579616.69,341978.18,310346.15,0
5,CASH_OUT,404,97696.11,0.0,0.0,7667832.32,7765528.43,0
5,TRANSFER,12,193399.8,26121.0,0.0,382744.32,576144.11,0
5,CASH_OUT,210,20000.98,6058.0,0.0,0.0,20000.98,0
5,CASH_OUT,271,642364.74,642364.74,0.0,0.0,642364.74,1
5,PAYMENT,206,23192.75,0.0,0.0,0.0,0.0,0
5,PAYMENT,11,5116.72,20703.0,15586.28,0.0,0.0,0
5,CASH_OUT,545,46078.37,0.0,0.0,55093.42,101171.78,0
5,CASH_OUT,279,171852.48,0.0,0.0,258310.46,430162.94,0
5,CASH_IN,371,134193.54,13864461.73,13998655.27,588638.58,454445.04,0
5,CASH_OUT,324,40155.59,33136.0,0.0,0.0,40155.59,0
5,CASH_IN,617,98494.4,30394.0,128888.4,347414.65,248920.25,0
5,PAYMENT,503,4129.36,25162.75,21033.4,0.0,0.0,0
5,CASH_IN,403,181367.28,2356197.17,2537564.45,2257757.28,2076389.99,0
5,CASH_OUT,211,121592.31,0.0,0.0,526763.06,648355.37,0
5,CASH_OUT,256,127030.16,3019.0,0.0,0.0,127030.16,0
5,CASH_OUT,280,204027.94,103204.0,0.0,0.0,204027.94,0
5,PAYMENT,692,1749.38,71819.8,70070.42,0.0,0.0,0
5,CASH_OUT,185,55568.64,109353.0,53784.36,559216.6,614785.23,0
5,CASH_OUT,202,46675.17,0.0,0.0,1501563.19,1548238.36,0
5,CASH_OUT,353,276075.75,29102.0,0.0,0.0,276075.75,0
5,CASH_IN,138,100663.16,438347.46,539010.62,551106.88,450443.72,0
5,CASH_IN,16,16556.76,9992.0,26548.76,1545402.45,1528845.69,0
5,PAYMENT,330,577.97,52863.0,52285.03,0.0,0.0,0
5,DEBIT,355,1863.55,52672.0,50808.45,387106.87,388970.41,0
5,CASH_OUT,236,233628.99,39806.0,0.0,0.0,233628.99,0
5,CASH_IN,229,230275.44,6391583.72,6621859.16,3177406.02,2947130.59,0
5,PAYMENT,47,4191.7,5965.0,1773.3,0.0,0.0,0
5,CASH_OUT,324,579356.57,43366.0,0.0,0.0,579356.57,0
5,CASH_IN,13,53029.48,13569989.36,13623018.84,1968005.97,2162887.9,0
5,PAYMENT,255,12549.3,0.0,0.0,0.0,0.0,0
5,CASH_OUT,332,223251.38,0.0,0.0,1190536.59,1413787.97,0
5,TRANSFER,154,4530.71,4530.71,0.0,0.0,0.0,1
5,CASH_IN,282,278716.45,311009.0,589725.45,0.0,0.0,0
5,CASH_OUT,138,488059.38,131.0,0.0,4555608.83,5043668.21,0
5,PAYMENT,181,34598.02,0.0,0.0,0.0,0.0,0
5,CASH_IN,280,56755.84,6457715.27,6514471.12,1145393.57,1088637.73,0
5,PAYMENT,393,50720.72,97985.65,47264.94,0.0,0.0,0
5,PAYMENT,405,606.88,10637.0,10030.12,0.0,0.0,0
5,CASH_IN,688,225293.7,3501618.93,3726912.63,384154.46,158860.76,0
5,PAYMENT,235,9896.95,48043.15,38146.2,0.0,0.0,0
5,CASH_OUT,404,124977.69,39621.0,0.0,88835.49,213813.18,0
5,PAYMENT,399,11364.22,0.0,0.0,0.0,0.0,0
5,TRANSFER,131,704271.9,0.0,0.0,951005.66,1655277.57,0
5,CASH_IN,353,190884.06,527580.83,718464.9,2773693.73,2582809.67,0
5,PAYMENT,308,20972.55,0.0,0.0,0.0,0.0,0
5,TRANSFER,398,1286419.32,0.0,0.0,1903317.84,3189737.16,0
5,CASH_OUT,282,196966.24,0.0,0.0,234755.4,431721.65,0
5,PAYMENT,187,5722.93,0.0,0.0,0.0,0.0,0
5,PAYMENT,47,2038.21,0.0,0.0,0.0,0.0,0
5,CASH_IN,377,417863.22,40737.0,458600.22,143015.71,0.0,0
5,TRANSFER,600,540154.62,540154.62,0.0,0.0,0.0,1
5,TRANSFER,40,3463.05,0.0,0.0,63377.71,66840.77,0
5,CASH_IN,347,171331.73,6671930.59,6843262.32,5263574.19,5092242.45,0
5,CASH_OUT,325,160614.25,0.0,0.0,1160927.18,1321541.43,0
5,PAYMENT,10,2299.08,125805.0,123505.92,0.0,0.0,0
5,CASH_OUT,352,136311.88,41041.0,0.0,146916.11,283227.99,0
5,PAYMENT,41,3065.98,190879.0,187813.02,0.0,0.0,0
5,CASH_OUT,297,176147.17,54565.0,0.0,447536.99,623684.16,0
5,PAYMENT,95,7804.8,0.0,0.0,0.0,0.0,0
5,CASH_OUT,132,372050.75,0.0,0.0,1522877.13,1894927.88,0
5,PAYMENT,325,29219.09,0.0,0.0,0.0,0.0,0
5,PAYMENT,273,5001.47,0.0,0.0,0.0,0.0,0
5,TRANSFER,184,96286.54,96286.54,0.0,0.0,0.0,1
5,CASH_OUT,188,292100.05,0.0,0.0,302716.5,594816.55,0
5,CASH_OUT,243,793886.87,793886.87,0.0,1841967.2,2635854.07,1
5,PAYMENT,237,6892.48,41146.0,34253.52,0.0,0.0,0
5,PAYMENT,312,4129.33,10862.0,6732.67,0.0,0.0,0
5,TRANSFER,205,154137.25,0.0,0.0,258187.76,412325.01,0
5,CASH_OUT,15,304871.19,0.0,0.0,1545647.0,1850518.19,0
5,CASH_IN,260,88046.3,176782.0,264828.3,0.0,0.0,0
5,CASH_OUT,133,60466.48,10369.0,0.0,993218.24,1053684.73,0
5,TRANSFER,299,1150561.97,1150561.97,0.0,0.0,0.0,1
5,TRANSFER,258,248043.99,248043.99,0.0,0.0,0.0,1
5,CASH_OUT,546,24773.86,24773.86,0.0,11003181.73,11027955.59,1
5,CASH_IN,394,262495.94,205399.0,467894.94,674255.98,411760.05,0
5,TRANSFER,701,731113.99,731113.99,0.0,0.0,0.0,1
5,PAYMENT,252,33501.78,3559.0,0.0,0.0,0.0,0
5,TRANSFER,498,10000000.0,19593838.63,9593838.63,0.0,0.0,1
5,PAYMENT,610,3695.56,21554.0,17858.44,0.0,0.0,0
5,PAYMENT,325,9288.21,114.0,0.0,0.0,0.0,0
5,CASH_OUT,397,337926.97,0.0,0.0,698465.95,1036392.92,0
5,CASH_OUT,571,140947.73,21313.0,0.0,459593.9,600541.63,0
5,CASH_OUT,256,18346.01,53237.0,34890.99,1960188.27,1978534.28,0
5,PAYMENT,184,3789.93,0.0,0.0,0.0,0.0,0
5,PAYMENT,356,46692.95,0.0,0.0,0.0,0.0,0
5,TRANSFER,156,327776.04,0.0,0.0,3851105.41,4178881.45,0
5,TRANSFER,371,1655132.99,189609.0,0.0,0.0,1655132.99,0
5,PAYMENT,135,5390.81,0.0,0.0,0.0,0.0,0
5,CASH_IN,38,36522.16,2765627.21,2802149.37,10055090.41,10018568.25,0
5,CASH_IN,10,97720.54,10828.0,108548.54,96505.22,0.0,0
5,PAYMENT,251,3443.73,404752.0,401308.27,0.0,0.0,0
5,PAYMENT,134,12517.48,0.0,0.0,0.0,0.0,0
5,CASH_IN,307,172756.95,124730.0,297486.95,308500.52,135743.57,0
5,CASH_OUT,163,407931.73,0.0,0.0,904371.4,1312303.13,0
5,CASH_IN,253,119884.99,54954.0,174838.99,645817.35,525932.36,0
5,CASH_IN,403,190685.58,2267945.07,2458630.65,219583.09,28897.51,0
5,CASH_IN,181,260549.61,291978.0,552527.61,2132526.35,1871976.74,0
5,PAYMENT,226,39631.83,0.0,0.0,0.0,0.0,0
5,TRANSFER,369,1478749.4,1830.0,0.0,0.0,1478749.4,0
5,CASH_OUT,203,95325.58,29639.0,0.0,1583774.42,1679100.0,0
5,PAYMENT,225,11599.34,0.0,0.0,0.0,0.0,0
5,CASH_OUT,280,243016.25,29791.0,0.0,0.0,243016.25,0
5,PAYMENT,160,12332.84,7004.0,0.0,0.0,0.0,0
5,CASH_OUT,402,307401.04,0.0,0.0,1247715.68,1555116.72,0
5,CASH_IN,43,418720.04,1899932.25,2318652.29,11477259.63,11058539.59,0
5,CASH_OUT,230,109827.16,11284.0,0.0,427128.62,536955.78,0
5,CASH_OUT,20,6165.89,817518.44,811352.55,9870.38,16036.28,0
5,CASH_OUT,405,272834.93,0.0,0.0,274574.07,547408.99,0
5,PAYMENT,330,20927.46,45880.48,24953.03,0.0,0.0,0
5,PAYMENT,205,9770.36,167358.0,157587.64,0.0,0.0,0
5,CASH_OUT,400,277073.64,0.0,0.0,1471448.47,1748522.11,0
5,CASH_OUT,177,27391.34,0.0,0.0,2342550.86,2369942.21,0
5,PAYMENT,18,12474.75,0.0,0.0,0.0,0.0,0
5,CASH_OUT,358,193804.96,21487.0,0.0,0.0,193804.96,0
5,CASH_OUT,273,161841.72,25570.0,0.0,0.0,161841.72,0
5,TRANSFER,189,59301.79,52439.0,0.0,1362184.46,1421486.26,0
5,CASH_IN,10,344342.44,29195.0,373537.44,6196414.13,5823785.07,0
5,PAYMENT,231,2899.86,0.0,0.0,0.0,0.0,0
5,CASH_OUT,661,283573.21,0.0,0.0,288724.66,572297.87,0
5,CASH_OUT,38,221503.89,0.0,0.0,2430572.68,2652076.57,0
5,CASH_IN,36,65234.09,3810229.33,3875463.42,4000860.96,3935626.87,0
5,PAYMENT,233,7876.43,258534.8,250658.37,0.0,0.0,0
5,TRANSFER,13,574313.48,0.0,0.0,1567599.91,2275829.71,0
5,CASH_OUT,404,38571.93,28958.0,0.0,309564.21,348136.14,0
5,CASH_IN,17,331248.8,817639.8,1148888.6,715926.27,216550.07,0
5,CASH_IN,253,118478.73,3361857.31,3480336.04,5835198.71,5716719.98,0
5,CASH_OUT,235,14171.51,100283.0,86111.49,0.0,14171.51,0
5,CASH_OUT,250,295142.99,0.0,0.0,1475631.17,1770774.16,0
5,PAYMENT,212,1726.66,0.0,0.0,0.0,0.0,0
5,CASH_IN,302,213504.2,579649.0,793153.2,452259.94,238755.75,0
5,TRANSFER,397,624126.88,0.0,0.0,1805475.53,2429602.41,0
5,PAYMENT,11,9534.65,100624.0,91089.35,0.0,0.0,0
5,PAYMENT,156,27830.67,35146.0,7315.33,0.0,0.0,0
5,PAYMENT,321,4284.82,31134.0,26849.18,0.0,0.0,0
5,CASH_IN,35,349039.47,415257.0,764296.47,0.0,0.0,0
5,CASH_IN,43,71703.74,2931988.94,3003692.68,3067259.76,2995556.03,0
5,CASH_OUT,275,134591.77,0.0,0.0,655150.7,789742.47,0
5,CASH_OUT,399,66552.0,0.0,0.0,413702.79,480254.79,0
5,PAYMENT,238,3338.86,11688.0,8349.14,0.0,0.0,0
5,TRANSFER,325,7673130.48,0.0,0.0,7942149.82,15615280.3,0
5,CASH_OUT,179,100266.59,32835.07,0.0,0.0,100266.59,0
5,CASH_OUT,183,4354175.33,4354175.33,0.0,0.0,4778329.47,1
5,PAYMENT,402,8049.54,64743.59,56694.05,0.0,0.0,0
5,PAYMENT,158,6832.98,81141.0,74308.02,0.0,0.0,0
5,PAYMENT,182,8021.44,15164.0,7142.56,0.0,0.0,0
5,CASH_OUT,209,247965.51,50022.0,0.0,163348.1,411313.61,0
5,CASH_OUT,134,141825.96,0.0,0.0,687756.32,829582.28,0
5,CASH_OUT,46,71372.0,71372.0,0.0,613464.04,684836.04,1
5,CASH_OUT,182,35211.19,10915.0,0.0,5600138.25,5635349.44,0
5,CASH_OUT,16,10003.94,0.0,0.0,81865.55,0.0,0
5,CASH_OUT,400,225176.07,79316.0,0.0,0.0,225176.07,0
5,CASH_OUT,405,323839.07,0.0,0.0,395138.05,718977.12,0
5,TRANSFER,42,981339.84,0.0,0.0,1286961.17,2268301.01,0
5,PAYMENT,9,3346.34,95125.38,91779.04,0.0,0.0,0
5,PAYMENT,308,10782.67,5874.0,0.0,0.0,0.0,0
5,CASH_IN,211,82744.03,6964180.95,7046924.99,1150578.66,1067834.62,0
5,PAYMENT,213,86891.21,247309.71,160418.5,0.0,0.0,0
5,CASH_OUT,48,47079.17,40910.0,0.0,30555.63,77634.8,0
5,PAYMENT,301,37207.5,0.0,0.0,0.0,0.0,0
5,TRANSFER,250,472621.08,0.0,0.0,10891603.18,11364224.26,0
5,PAYMENT,280,2392.28,21791.0,19398.72,0.0,0.0,0
5,PAYMENT,10,13749.82,426680.57,412930.74,0.0,0.0,0
5,CASH_OUT,155,230693.3,0.0,0.0,3677600.86,3908294.16,0
5,PAYMENT,322,26479.93,160.0,0.0,0.0,0.0,0
5,CASH_IN,183,608669.39,21291941.11,21900610.5,1287388.62,678719.24,0
5,PAYMENT,514,1994.83,0.0,0.0,0.0,0.0,0
5,CASH_IN,160,53820.61,14573638.58,14627459.18,1468727.66,1414907.05,0
5,CASH_OUT,209,7044227.89,7044227.89,0.0,1122506.96,8166734.85,1
5,CASH_OUT,687,109026.73,14894.0,0.0,89771.78,198798.51,0
5,PAYMENT,256,16979.85,0.0,0.0,0.0,0.0,0
5,PAYMENT,14,9330.64,0.0,0.0,0.0,0.0,0
5,PAYMENT,328,3409.35,0.0,0.0,0.0,0.0,0
5,CASH_IN,275,198955.77,26015.0,224970.77,0.0,0.0,0
5,CASH_OUT,299,170652.92,0.0,0.0,351881.2,522534.12,0
5,TRANSFER,310,633911.72,90861.0,0.0,61790.08,695701.8,0
5,PAYMENT,136,19805.91,1886.0,0.0,0.0,0.0,0
5,PAYMENT,141,18088.78,24422.41,6333.63,0.0,0.0,0
5,TRANSFER,130,4089792.88,76384.0,0.0,1445725.96,5535518.84,0
5,PAYMENT,281,11450.98,74.0,0.0,0.0,0.0,0
5,CASH_IN,374,112386.77,72585.0,184971.77,8568455.16,8456068.39,0
5,TRANSFER,564,1246169.57,1246169.57,0.0,0.0,0.0,1
5,TRANSFER,21,225367.91,0.0,0.0,574749.11,800117.02,0
5,PAYMENT,323,12243.04,0.0,0.0,0.0,0.0,0
5,PAYMENT,306,537.36,673852.74,673315.38,0.0,0.0,0
5,TRANSFER,282,9827128.89,0.0,0.0,10404018.86,20231147.75,0
5,CASH_OUT,158,431652.14,0.0,0.0,1962330.36,2393982.49,0
5,TRANSFER,252,343956.72,20704.0,0.0,0.0,343956.72,0
5,PAYMENT,259,3388.15,12351.0,8962.85,0.0,0.0,0
5,CASH_OUT,322,135845.3,135845.3,0.0,448088.56,583933.86,1
5,CASH_IN,137,298018.12,31627.0,329645.12,0.0,0.0,0
5,PAYMENT,335,14789.94,10701.0,0.0,0.0,0.0,0
5,PAYMENT,13,13936.85,0.0,0.0,0.0,0.0,0
5,CASH_OUT,379,53144.43,0.0,0.0,1641139.69,1694284.12,0
5,TRANSFER,206,465219.68,0.0,0.0,16306285.69,16771505.36,0
5,CASH_OUT,43,103954.85,0.0,0.0,174623.78,278578.63,0
5,PAYMENT,254,14173.56,70002.0,55828.44,0.0,0.0,0
5,CASH_OUT,133,263387.57,0.0,0.0,348915.76,612303.34,0
5,PAYMENT,396,6828.74,0.0,0.0,0.0,0.0,0
5,PAYMENT,43,21426.82,17062.0,0.0,0.0,0.0,0
5,PAYMENT,321,7193.87,14931.0,7737.13,0.0,0.0,0
5,TRANSFER,177,166142.62,0.0,0.0,293794.31,459936.93,0
5,CASH_OUT,155,58142.17,0.0,0.0,1757316.52,1815458.69,0
5,CASH_OUT,349,130373.48,0.0,0.0,1122131.14,1252504.62,0
5,CASH_OUT,205,18274.91,0.0,0.0,380205.22,398480.13,0
5,PAYMENT,284,13922.88,12342.0,0.0,0.0,0.0,0
5,CASH_OUT,283,46029.53,0.0,0.0,68531.81,127855.53,0
5,PAYMENT,156,4250.96,0.0,0.0,0.0,0.0,0
5,DEBIT,154,13652.6,96825.0,83172.4,566488.73,580141.33,0
5,PAYMENT,306,21400.9,90202.0,68801.1,0.0,0.0,0
5,PAYMENT,19,1942.51,22234.0,20291.49,0.0,0.0,0
5,PAYMENT,375,22512.78,1703.0,0.0,0.0,0.0,0
5,CASH_IN,251,211991.67,2843716.53,3055708.2,554703.38,342711.72,0
5,CASH_IN,233,61346.18,150048.54,211394.72,3444830.9,3383484.72,0
5,PAYMENT,5,1903.52,64497.0,62593.48,0.0,0.0,0
5,CASH_OUT,15,364091.8,0.0,0.0,990087.95,1639821.34,0
5,CASH_OUT,39,14744.94,15123.05,378.11,200947.86,215692.8,0
5,CASH_OUT,180,230949.79,0.0,0.0,299383.53,530333.32,0
5,PAYMENT,165,26485.3,7935.0,0.0,0.0,0.0,0
5,CASH_IN,133,49433.04,1132238.98,1181672.01,6804515.55,6755082.52,0
5,PAYMENT,140,23849.27,223849.85,200000.58,0.0,0.0,0
5,CASH_IN,520,413337.3,3070112.51,3483449.81,10512553.27,10099215.97,0
5,PAYMENT,694,12191.03,25515.27,13324.24,0.0,0.0,0
5,CASH_OUT,44,14515.89,0.0,0.0,2845631.91,2860147.8,0
5,CASH_OUT,139,362307.26,0.0,0.0,1124303.08,1486610.34,0
5,CASH_OUT,256,306190.24,13617.0,0.0,403291.91,709482.15,0
5,CASH_IN,448,322626.57,366439.41,689065.97,3463171.3,3140544.73,0
5,CASH_OUT,227,333581.47,0.0,0.0,2951744.6,3285326.07,0
5,CASH_OUT,273,290943.07,0.0,0.0,4945318.48,5236261.55,0
5,CASH_OUT,331,46135.98,204602.0,158466.02,119222.37,165358.35,0
6,CASH_IN,283,141835.06,72794.0,214629.06,0.0,0.0,0
6,PAYMENT,305,38335.83,21547.0,0.0,0.0,0.0,0
6,PAYMENT,401,1376.04,532.0,0.0,0.0,0.0,0
6,CASH_OUT,378,207348.56,0.0,0.0,281918.51,489267.08,0
6,CASH_OUT,598,5566368.02,5566368.02,0.0,105580.9,5671948.92,1
6,CASH_OUT,10,425512.33,483.0,0.0,501371.85,575092.56,0
6,PAYMENT,305,1425.4,44223.4,42798.0,0.0,0.0,0
6,CASH_OUT,258,206167.95,0.0,0.0,668531.21,874699.16,0
6,PAYMENT,237,37286.09,0.0,0.0,0.0,0.0,0
6,CASH_IN,138,166079.3,13198.0,179277.3,311844.91,145765.61,0
6,CASH_OUT,158,461031.66,13790.0,0.0,2084291.63,2545323.29,0
6,CASH_IN,403,280102.07,1738125.12,2018227.19,326367.98,46265.91,0
6,CASH_OUT,378,229392.63,402062.84,172670.21,869217.21,1098609.84,0
6,CASH_OUT,675,1091589.88,1091589.88,0.0,375880.91,1467470.79,1
6,CASH_OUT,618,1743864.1,1743864.1,0.0,145959.55,1889823.65,1
6,TRANSFER,372,49933.18,240172.0,190238.82,267851.63,317784.81,0
6,PAYMENT,370,34817.89,0.0,0.0,0.0,0.0,0
6,PAYMENT,394,5933.17,0.0,0.0,0.0,0.0,0
6,CASH_OUT,161,471601.8,10953.0,0.0,527708.98,999310.78,0
6,PAYMENT,382,12376.94,1264.0,0.0,0.0,0.0,0
6,TRANSFER,157,733620.11,12202.85,0.0,1287615.4,2021235.51,0
6,CASH_OUT,404,48820.29,0.0,0.0,1055653.29,1104473.58,0
6,CASH_OUT,234,35814.07,0.0,0.0,2355879.71,2391693.78,0
6,CASH_IN,185,177006.6,13834.0,190840.6,16361.59,0.0,0
6,CASH_OUT,186,438405.4,3564.0,0.0,3207539.83,3863905.46,0
6,CASH_IN,202,236326.81,2739700.83,2976027.64,541367.38,305040.56,0
6,PAYMENT,379,29755.83,0.0,0.0,0.0,0.0,0
6,CASH_IN,13,161298.84,1115.0,162413.84,0.0,0.0,0
6,TRANSFER,9,507771.84,2465262.09,1957490.25,1281456.34,1690589.71,0
6,PAYMENT,328,14582.95,0.0,0.0,0.0,0.0,0
6,CASH_IN,129,429151.37,773053.91,1202205.28,2236330.94,1807179.57,0
6,CASH_OUT,308,86020.45,0.0,0.0,671742.19,757762.64,0
6,CASH_OUT,20,55576.07,0.0,0.0,119779.03,175355.1,0
6,CASH_OUT,185,10370.5,0.0,0.0,260319.21,270689.71,0
6,CASH_OUT,260,95365.05,70626.0,0.0,458854.78,554219.83,0
6,TRANSFER,27,496128.26,496128.26,0.0,0.0,0.0,1
6,CASH_IN,355,366291.27,288128.0,654419.27,0.0,0.0,0
6,PAYMENT,9,26592.72,0.0,0.0,0.0,0.0,0
6,PAYMENT,187,1731.54,128342.0,126610.46,0.0,0.0,0
6,PAYMENT,180,22544.05,17922.62,0.0,0.0,0.0,0
6,PAYMENT,329,17141.02,197331.81,180190.79,0.0,0.0,0
6,CASH_OUT,283,63306.0,0.0,0.0,667935.54,731241.54,0
6,CASH_IN,142,210933.43,0.0,210933.43,1625004.39,1414070.97,0
6,PAYMENT,274,3618.76,0.0,0.0,0.0,0.0,0
6,CASH_IN,225,400084.29,4711556.73,5111641.02,31732109.59,31332025.3,0
6,PAYMENT,162,10386.38,0.0,0.0,0.0,0.0,0
6,CASH_IN,307,193156.83,515721.0,708877.83,0.0,0.0,0
6,PAYMENT,352,16787.96,5062.0,0.0,0.0,0.0,0
6,PAYMENT,203,4800.34,2886.67,0.0,0.0,0.0,0
6,PAYMENT,181,10302.9,0.0,0.0,0.0,0.0,0
6,CASH_IN,36,166776.94,10741.0,177517.94,11638.0,0.0,0
6,TRANSFER,260,878111.81,0.0,0.0,2398764.92,3276876.73,0
6,PAYMENT,256,4605.24,180980.22,176374.97,0.0,0.0,0
6,TRANSFER,282,264424.15,0.0,0.0,445262.85,709687.01,0
6,CASH_OUT,404,298152.42,0.0,0.0,2157776.69,2455929.11,0
6,PAYMENT,208,6180.38,30312.0,24131.62,0.0,0.0,0
6,PAYMENT,262,7261.35,48664.0,41402.65,0.0,0.0,0
6,PAYMENT,225,29180.62,0.0,0.0,0.0,0.0,0
6,PAYMENT,619,24827.59,11898.42,0.0,0.0,0.0,0
6,CASH_IN,396,60934.23,11703.0,72637.23,1942549.22,2250858.27,0
6,TRANSFER,256,410902.56,0.0,0.0,998862.83,1597875.7,0
6,PAYMENT,7,7285.08,283491.0,276205.92,0.0,0.0,0
6,DEBIT,139,4182.46,10458.0,6275.54,5772832.32,5953140.18,0
6,PAYMENT,255,18783.51,452751.04,433967.53,0.0,0.0,0
6,CASH_OUT,135,76858.25,0.0,0.0,1775593.17,1852451.41,0
6,CASH_OUT,400,16003.44,0.0,0.0,1909301.72,1925305.16,0
6,PAYMENT,44,1480.49,239600.32,238119.83,0.0,0.0,0
6,PAYMENT,236,8249.93,31635.0,23385.07,0.0,0.0,0
6,CASH_IN,260,126112.73,252.0,126364.73,41546.56,0.0,0
6,CASH_IN,253,127919.61,10315.0,138234.61,88407.48,0.0,0
6,CASH_OUT,281,65064.14,26006.0,0.0,70329.2,135393.33,0
6,CASH_OUT,609,76133.19,76133.19,0.0,0.0,76133.19,1
6,CASH_OUT,323,208466.73,52104.0,0.0,3913674.4,4122141.13,0
6,PAYMENT,298,3015.07,0.0,0.0,0.0,0.0,0
6,CASH_OUT,32,404165.06,404165.06,0.0,0.0,404165.06,1
6,CASH_IN,235,218905.85,3923124.59,4142030.44,5994478.99,5775573.14,0
6,CASH_IN,396,30964.81,32488.0,63452.81,75601.95,44637.14,0
6,CASH_OUT,136,219921.9,19219.0,0.0,7314085.9,7534007.8,0
6,CASH_IN,11,183166.04,1507.0,184673.04,867938.95,684772.91,0
6,CASH_OUT,586,354084.9,0.0,0.0,571835.4,925920.3,0
6,CASH_OUT,729,90026.9,90026.9,0.0,339171.02,429197.92,1
6,PAYMENT,184,26557.51,287996.0,261438.49,0.0,0.0,0
6,PAYMENT,324,1568.59,294236.38,292667.79,0.0,0.0,0
6,CASH_IN,231,308324.6,535383.49,843708.09,1350288.68,1041964.08,0
6,CASH_OUT,38,243464.63,0.0,0.0,1602434.68,1845899.31,0
6,CASH_IN,141,20029.92,6743387.84,6763417.76,10432328.85,10412298.93,0
6,CASH_IN,153,189123.52,21179735.69,21368859.22,1663963.17,1474839.65,0
6,CASH_IN,378,224732.79,7780549.68,8005282.47,1429545.2,1204812.42,0
6,CASH_IN,276,164215.62,1132519.01,1296734.63,574657.48,410441.86,0
6,PAYMENT,352,2283.37,12405.0,10121.63,0.0,0.0,0
6,PAYMENT,525,3229.67,0.0,0.0,0.0,0.0,0
6,PAYMENT,404,13445.08,0.0,0.0,0.0,0.0,0
6,PAYMENT,188,9225.18,255074.0,245848.82,0.0,0.0,0
6,PAYMENT,186,338.53,20266.0,19927.47,0.0,0.0,0
6,PAYMENT,183,14709.93,0.0,0.0,0.0,0.0,0
6,TRANSFER,327,5184563.16,137149.0,0.0,0.0,5184563.16,0
6,PAYMENT,20,18037.48,1524090.91,1506053.43,0.0,0.0,0
6,CASH_IN,162,104339.09,480400.0,584739.09,412508.64,308169.55,0
6,CASH_OUT,307,238219.86,0.0,0.0,2909747.64,3147967.5,0
6,CASH_IN,259,54345.14,3123519.9,3177865.04,3578309.22,3523964.07,0
6,PAYMENT,164,12353.21,0.0,0.0,0.0,0.0,0
6,CASH_IN,404,156874.48,7683869.47,7840743.95,4336177.66,4179303.18,0
6,CASH_OUT,137,95489.41,0.0,0.0,1889328.41,1984817.82,0
6,TRANSFER,10,347817.03,0.0,0.0,2658223.57,3791889.68,0
6,CASH_OUT,182,242303.65,23120.0,0.0,1093650.83,1335954.47,0
6,CASH_OUT,348,65373.84,5080.0,0.0,52994.11,118367.95,0
6,CASH_OUT,185,155800.75,199856.0,44055.25,186528.66,342329.42,0
6,CASH_OUT,394,147536.44,0.0,0.0,189828.58,337365.03,0
6,CASH_OUT,590,279680.0,70269.0,0.0,1450442.1,1730122.11,0
6,CASH_OUT,303,270443.54,11458.0,0.0,375084.9,645528.44,0
6,CASH_OUT,261,234733.38,363.0,0.0,2384341.38,2619074.76,0
6,PAYMENT,251,11820.81,0.0,0.0,0.0,0.0,0
6,PAYMENT,10,33770.43,398567.33,364796.91,0.0,0.0,0
6,CASH_IN,205,290332.77,1426.0,291758.77,0.0,0.0,0
6,CASH_OUT,355,260870.15,280445.55,19575.4,977361.43,1238231.58,0
6,PAYMENT,161,28673.34,15325.0,0.0,0.0,0.0,0
6,CASH_IN,257,313987.31,45785.0,359772.31,0.0,0.0,0
6,PAYMENT,18,20837.97,341247.83,320409.86,0.0,0.0,0
6,CASH_IN,377,134330.12,22843.0,157173.12,0.0,0.0,0
6,TRANSFER,274,362890.08,4975.0,0.0,2980057.67,3342947.75,0
6,CASH_OUT,44,192224.76,124047.0,0.0,5974.0,198198.76,0
6,CASH_OUT,691,74870.55,0.0,0.0,5397961.84,5472832.4,0
6,CASH_IN,188,69378.09,633050.91,702429.0,947007.97,877629.88,0
6,PAYMENT,139,9098.46,8857.0,0.0,0.0,0.0,0
6,CASH_IN,260,107013.11,5980387.86,6087400.97,431625.76,324612.65,0
6,CASH_OUT,120,746518.21,746518.21,0.0,348702.45,1095220.66,1
6,PAYMENT,235,2919.98,64083.06,61163.08,0.0,0.0,0
6,CASH_OUT,201,248563.21,75545.0,0.0,134991.48,383554.69,0
6,CASH_OUT,231,81322.91,0.0,0.0,744392.2,825715.11,0
6,CASH_OUT,42,56759.82,21547.0,0.0,0.0,56759.82,0
6,TRANSFER,324,450458.78,450458.78,0.0,0.0,0.0,1
6,PAYMENT,670,18757.35,0.0,0.0,0.0,0.0,0
6,CASH_OUT,179,315656.48,51886.0,0.0,189088.51,749659.46,0
6,CASH_OUT,19,432115.29,0.0,0.0,2043286.75,2475402.04,0
6,CASH_IN,139,75021.67,247.0,75268.67,0.0,0.0,0
6,PAYMENT,355,27213.04,21321.0,0.0,0.0,0.0,0
6,PAYMENT,12,4001.77,60056.0,56054.23,0.0,0.0,0
6,CASH_OUT,328,333174.93,0.0,0.0,11710385.32,12043560.25,0
6,CASH_IN,354,76977.57,3093578.44,3170556.01,1662296.41,1585318.84,0
6,CASH_OUT,12,74588.94,0.0,0.0,16590660.69,16637458.46,0
6,CASH_OUT,320,248409.56,248409.56,0.0,2156174.28,2404583.85,1
6,CASH_IN,329,112040.3,3274743.64,3386783.94,480665.61,803517.79,0
6,CASH_OUT,239,114110.05,60633.0,0.0,6963444.71,7077554.77,0
6,CASH_IN,20,73728.73,214990.53,288719.27,94705.4,20976.66,0
6,TRANSFER,143,103094.92,385266.0,282171.08,209249.23,312344.15,0
6,PAYMENT,258,468.46,336512.29,336043.83,0.0,0.0,0
6,CASH_IN,230,16691.8,966546.0,983237.8,76038.94,59347.14,0
6,CASH_IN,229,341451.76,10867.0,352318.76,107407.66,0.0,0
6,PAYMENT,381,2132.47,0.0,0.0,0.0,0.0,0
6,CASH_OUT,209,271742.97,418.0,0.0,11542.87,283285.84,0
6,CASH_IN,132,249033.42,133238.0,382271.42,68179.47,0.0,0
6,PAYMENT,378,11741.45,0.0,0.0,0.0,0.0,0
6,CASH_OUT,278,81779.8,51892.0,0.0,1028331.0,1110110.8,0
6,CASH_OUT,369,301314.55,30301.0,0.0,65880.17,367194.72,0
6,CASH_IN,204,11275.51,11369.0,22644.51,0.0,0.0,0
6,CASH_IN,205,56608.31,9527750.35,9584358.66,1653858.19,1597249.88,0
6,CASH_OUT,277,305470.99,0.0,0.0,11008715.51,11314186.49,0
6,CASH_OUT,233,391734.06,99865.0,0.0,0.0,391734.06,0
6,PAYMENT,185,2088.43,0.0,0.0,0.0,0.0,0
6,CASH_IN,305,306214.9,607757.0,913971.9,439949.94,133735.03,0
6,PAYMENT,35,1064.63,0.0,0.0,0.0,0.0,0
6,TRANSFER,208,609462.88,105282.0,0.0,67806.11,677268.99,0
6,CASH_OUT,281,305518.53,10412.0,0.0,0.0,305518.53,0
6,CASH_OUT,699,257643.59,257643.59,0.0,0.0,257643.59,1
6,CASH_IN,573,21641.66,7270.3,28911.96,39453.11,17811.45,0
6,CASH_IN,239,68548.92,3255704.01,3324252.93,196383.67,127834.75,0
6,CASH_IN,47,181289.09,8617985.47,8799274.56,2527807.56,2346518.47,0
6,CASH_OUT,375,318979.89,0.0,0.0,3010142.35,3329122.24,0
6,PAYMENT,9,10459.17,0.0,0.0,0.0,0.0,0
6,CASH_OUT,400,39301.89,353.0,0.0,8706947.46,8746249.35,0
6,TRANSFER,400,1381377.06,6696.74,0.0,6745810.44,8127187.5,0
6,CASH_OUT,155,226835.02,148511.96,0.0,287308.64,514143.65,0
6,TRANSFER,277,491015.32,0.0,0.0,1592689.95,2083705.27,0
6,PAYMENT,332,21111.46,89611.4,68499.94,0.0,0.0,0
6,CASH_OUT,628,709950.57,709950.57,0.0,0.0,709950.57,1
6,CASH_IN,330,456847.38,925.0,457772.38,0.0,0.0,0
6,PAYMENT,187,10946.88,129207.99,118261.11,0.0,0.0,0
6,PAYMENT,321,17371.03,0.0,0.0,0.0,0.0,0
6,PAYMENT,259,10147.27,0.0,0.0,0.0,0.0,0
6,CASH_OUT,232,22338.16,0.0,0.0,3998371.64,4020709.8,0
6,PAYMENT,209,17461.09,0.0,0.0,0.0,0.0,0
6,PAYMENT,380,11468.91,438.0,0.0,0.0,0.0,0
6,PAYMENT,35,10931.53,0.0,0.0,0.0,0.0,0
6,CASH_OUT,306,283394.75,0.0,0.0,1127100.05,1410494.81,0
6,PAYMENT,19,4894.72,124732.93,119838.21,0.0,0.0,0
6,PAYMENT,190,18300.72,15127.0,0.0,0.0,0.0,0
6,PAYMENT,234,12611.14,0.0,0.0,0.0,0.0,0
6,PAYMENT,19,14578.62,0.0,0.0,0.0,0.0,0
6,PAYMENT,177,2429.57,205277.0,202847.43,0.0,0.0,0
6,PAYMENT,21,5606.27,0.0,0.0,0.0,0.0,0
6,PAYMENT,282,10549.81,14711.27,4161.47,0.0,0.0,0
6,CASH_OUT,374,115970.67,0.0,0.0,1710215.48,1826186.15,0
6,PAYMENT,284,9202.7,24883.0,15680.3,0.0,0.0,0
6,PAYMENT,131,37941.2,15659.53,0.0,0.0,0.0,0
6,CASH_IN,192,12888.52,6234180.19,6247068.72,3672510.08,3659621.56,0
6,CASH_IN,256,127041.86,1382768.57,1509810.43,340757.96,213716.1,0
6,CASH_OUT,160,169016.49,112043.65,0.0,6997864.67,7166881.17,0
6,CASH_IN,401,15450.48,32525.0,47975.48,9118.2,0.0,0
6,CASH_OUT,356,165252.03,305206.0,139953.97,0.0,165252.03,0
6,PAYMENT,426,3295.82,0.0,0.0,0.0,0.0,0
6,CASH_IN,33,313414.54,50.0,313464.54,586181.26,272766.72,0
6,CASH_OUT,211,79954.05,56113.0,0.0,1132563.47,1212517.51,0
6,PAYMENT,164,13999.91,0.0,0.0,0.0,0.0,0
6,TRANSFER,9,524353.51,0.0,0.0,667608.3,1519450.22,0
6,CASH_OUT,58,6501303.14,6501303.14,0.0,4439499.5,10940802.64,1
6,TRANSFER,160,253781.36,0.0,0.0,469016.86,722798.22,0
6,TRANSFER,505,2979972.78,2979972.78,0.0,0.0,0.0,1
6,TRANSFER,14,644710.12,0.0,0.0,1701196.98,2467053.87,0
6,CASH_OUT,227,433736.96,0.0,0.0,710481.15,1144218.11,0
6,PAYMENT,137,24826.44,207796.15,182969.71,0.0,0.0,0
6,PAYMENT,692,23378.08,17422.26,0.0,0.0,0.0,0
6,PAYMENT,361,1754.31,24211.0,22456.69,0.0,0.0,0
6,CASH_OUT,11,88941.0,188886.0,99945.0,2035368.01,2406567.19,0
6,CASH_OUT,40,87200.29,199804.0,112603.71,0.0,87200.29,0
6,CASH_IN,279,64921.95,88.0,65009.95,277492.53,212570.58,0
6,CASH_OUT,354,207863.21,0.0,0.0,3421158.93,3629022.14,0
6,TRANSFER,304,10000000.0,14163.0,0.0,194947.94,10276554.87,0
6,PAYMENT,281,7607.66,0.0,0.0,0.0,0.0,0
6,CASH_IN,322,214055.77,10989923.33,11203979.1,1775823.33,1561767.56,0
6,CASH_IN,370,141073.45,41898.0,182971.45,0.0,0.0,0
6,CASH_OUT,39,486047.46,20.0,0.0,590445.24,1076492.7,0
6,CASH_OUT,163,149497.61,82114.0,0.0,19193.95,168691.55,0
6,PAYMENT,373,16190.36,447058.3,430867.94,0.0,0.0,0
6,CASH_OUT,326,298021.91,0.0,0.0,941928.76,1239950.67,0
6,PAYMENT,42,6720.44,0.0,0.0,0.0,0.0,0
6,PAYMENT,329,48396.56,21033.0,0.0,0.0,0.0,0
6,PAYMENT,202,10041.59,0.0,0.0,0.0,0.0,0
6,PAYMENT,204,11985.06,151297.0,139311.94,0.0,0.0,0
6,PAYMENT,311,13815.11,149401.0,135585.89,0.0,0.0,0
6,CASH_OUT,276,2554948.41,2554948.41,0.0,0.0,2554948.41,1
6,CASH_OUT,132,381129.9,0.0,0.0,2112134.44,2493264.34,0
6,CASH_OUT,276,1567591.24,1567591.24,0.0,822753.07,2390344.31,1
6,CASH_OUT,153,75530.2,0.0,0.0,146687.73,222217.94,0
6,CASH_IN,280,146671.76,5628243.02,5774914.78,352173.42,205501.66,0
6,CASH_OUT,379,303797.75,0.0,0.0,348731.54,652529.29,0
6,CASH_OUT,565,31388.41,0.0,0.0,212000.14,243388.55,0
6,PAYMENT,225,7392.64,0.0,0.0,0.0,0.0,0
6,CASH_OUT,307,376367.26,376367.26,0.0,0.0,376367.26,1
6,CASH_OUT,395,90605.9,6430.0,0.0,142452.18,233058.07,0
6,PAYMENT,304,29155.57,195511.0,166355.43,0.0,0.0,0
6,PAYMENT,251,18675.54,0.0,0.0,0.0,0.0,0
6,PAYMENT,211,7813.07,0.0,0.0,0.0,0.0,0
6,TRANSFER,470,864994.24,864994.24,0.0,0.0,0.0,1
6,PAYMENT,139,34072.3,30751.0,0.0,0.0,0.0,0
6,CASH_OUT,281,82711.68,0.0,0.0,1682924.38,1765636.06,0
6,PAYMENT,405,6452.71,0.0,0.0,0.0,0.0,0
6,CASH_OUT,403,154469.54,0.0,0.0,13664652.75,13819122.29,0
6,CASH_OUT,250,2374490.77,2374490.77,0.0,1429190.9,3803681.67,1
6,CASH_OUT,301,590198.67,1275.0,0.0,277156.26,867354.93,0
6,CASH_OUT,404,184546.39,0.0,0.0,815485.09,1000031.48,0
6,PAYMENT,38,5408.94,38811.61,33402.67,0.0,0.0,0
6,CASH_OUT,40,257565.63,12817.0,0.0,0.0,257565.63,0
6,PAYMENT,9,8845.84,103656.0,94810.16,0.0,0.0,0
6,CASH_IN,619,95912.26,20951.0,116863.26,409590.28,313678.02,0
6,PAYMENT,278,12576.37,0.0,0.0,0.0,0.0,0
6,TRANSFER,402,1282001.89,0.0,0.0,4254453.18,5536455.07,0
6,TRANSFER,154,826909.17,0.0,0.0,1551052.75,2377961.92,0
6,CASH_OUT,370,487249.67,28467.0,0.0,320529.74,807779.41,0
6,CASH_OUT,349,22704.63,0.0,0.0,3082811.69,3105516.32,0
6,PAYMENT,228,28651.61,298.0,0.0,0.0,0.0,0
6,PAYMENT,347,15928.93,20828.0,4899.07,0.0,0.0,0
6,CASH_IN,398,429717.53,20849.0,450566.53,62589.32,0.0,0
6,TRANSFER,371,1738710.78,177487.15,0.0,3610371.84,5349082.61,0
6,PAYMENT,187,34.8,97667.82,97633.03,0.0,0.0,0
6,CASH_IN,216,203124.56,6718116.43,6921240.99,1290611.53,1087486.97,0
6,CASH_OUT,232,215530.39,6517.0,0.0,0.0,215530.39,0
6,CASH_OUT,567,1839972.36,1839972.36,0.0,172909.36,2012881.72,1
6,CASH_IN,144,140606.59,5054522.37,5195128.97,467825.21,327218.62,0
6,CASH_IN,186,117779.71,21082734.47,21200514.18,350557.89,232778.18,0
6,PAYMENT,354,24852.97,9849.0,0.0,0.0,0.0,0
6,CASH_OUT,310,344853.95,222417.0,0.0,22579.45,367433.4,0
6,TRANSFER,258,28376.1,10172.0,0.0,1111871.17,1140247.27,0
6,CASH_IN,38,107447.34,19248.0,126695.34,3267702.51,3160255.17,0
6,CASH_OUT,397,410403.6,12282.0,0.0,715753.72,1126157.31,0
6,CASH_IN,548,115705.03,86579.0,202284.03,0.0,0.0,0
6,TRANSFER,12,225369.59,0.0,0.0,2423413.45,2761364.77,0
6,CASH_OUT,561,31945.44,31945.44,0.0,95415.09,127360.53,1
6,TRANSFER,703,512922.65,512922.65,0.0,0.0,0.0,1
6,CASH_OUT,410,2406332.79,2406332.79,0.0,7523033.41,9929366.2,1
6,CASH_OUT,211,4879.02,24010.0,19130.98,143405.35,148284.37,0
6,CASH_OUT,255,237754.32,0.0,0.0,4659789.83,4897544.14,0
6,TRANSFER,651,595558.89,595558.89,0.0,0.0,0.0,1
6,CASH_OUT,184,36871.42,0.0,0.0,554392.53,591263.95,0
6,CASH_OUT,45,226126.24,0.0,0.0,6268278.56,6494404.8,0
6,TRANSFER,650,50523.78,50523.78,0.0,0.0,0.0,1
6,CASH_OUT,462,1433038.32,1433038.32,0.0,116466.92,1549505.24,1
6,CASH_OUT,202,508426.11,11434.0,0.0,1980015.24,2488441.35,0
6,CASH_IN,279,202947.8,35319.0,238266.8,815024.55,612076.75,0
6,PAYMENT,36,11136.36,0.0,0.0,0.0,0.0,0
6,PAYMENT,42,1130.64,181811.72,180681.08,0.0,0.0,0
6,CASH_OUT,255,527118.99,10165.0,0.0,113929.55,641048.54,0
6,CASH_IN,182,75685.74,13611813.1,13687498.83,3476209.77,3400524.04,0
6,CASH_OUT,135,128417.96,128417.96,0.0,99429.91,227847.87,1
6,PAYMENT,18,15844.19,0.0,0.0,0.0,0.0,0
6,CASH_OUT,235,165221.49,417171.0,251949.51,812683.64,977905.12,0
6,CASH_OUT,44,388794.25,0.0,0.0,3253722.21,3642516.46,0
6,CASH_OUT,372,392350.77,0.0,0.0,3587661.85,3980012.61,0
6,CASH_OUT,526,91369.62,0.0,0.0,257381.84,348751.45,0
6,CASH_OUT,44,360854.11,0.0,0.0,5173424.63,5534278.74,0
6,CASH_IN,329,78513.21,12329164.38,12407677.59,1051085.9,972572.69,0
6,CASH_IN,299,381288.17,11397703.46,11778991.62,562814.97,181526.8,0
6,PAYMENT,330,4239.73,0.0,0.0,0.0,0.0,0
6,PAYMENT,399,10441.18,14363.0,3921.82,0.0,0.0,0
6,CASH_OUT,211,3384.19,0.0,0.0,7501.95,10886.14,0
6,PAYMENT,288,49218.54,970629.0,921410.46,0.0,0.0,0
6,CASH_OUT,404,14048.89,11237.0,0.0,1982757.0,1996805.88,0
6,CASH_OUT,188,102398.95,65680.85,0.0,819733.4,922132.36,0
6,CASH_OUT,731,302227.56,302227.56,0.0,1125769.87,1427997.43,1
6,PAYMENT,184,8239.56,0.0,0.0,0.0,0.0,0
6,PAYMENT,162,11562.64,65188.0,53625.36,0.0,0.0,0
6,CASH_OUT,347,94907.45,11659.0,0.0,109037.58,203945.03,0
6,TRANSFER,138,362650.02,82577.0,0.0,0.0,1029520.65,0
6,TRANSFER,644,513610.51,513610.51,0.0,0.0,0.0,1
6,CASH_OUT,13,178136.85,0.0,0.0,717385.81,895522.66,0
6,TRANSFER,130,127928.34,0.0,0.0,290419.18,418347.52,0
6,PAYMENT,44,9882.39,0.0,0.0,0.0,0.0,0
6,CASH_IN,399,175061.9,3276720.8,3451782.7,491289.85,316227.95,0
6,CASH_OUT,227,6708.91,58929.0,52220.09,3487914.74,3494623.65,0
6,CASH_OUT,184,548682.0,94005.0,0.0,188576.61,737258.62,0
6,CASH_OUT,189,109607.05,20059.0,0.0,34508.22,144115.27,0
6,CASH_IN,33,22927.78,39120.0,62047.78,179274.33,156346.55,0
6,CASH_OUT,181,332729.54,0.0,0.0,613712.35,946441.9,1
6,PAYMENT,203,5340.93,211.0,0.0,0.0,0.0,0
6,TRANSFER,349,1094870.12,4988.0,0.0,780859.7,1875729.82,0
6,TRANSFER,329,955819.38,0.0,0.0,3562169.92,4517989.3,0
6,CASH_OUT,354,214325.25,31867.0,0.0,32802.1,247127.35,0
6,PAYMENT,283,1365.18,0.0,0.0,0.0,0.0,0
6,CASH_OUT,237,1720.46,19018.0,17297.54,137288.49,139008.95,0
6,CASH_OUT,303,47437.47,43122.0,0.0,0.0,47437.47,0
6,CASH_OUT,259,110750.56,101930.0,0.0,89592.59,200343.15,0
6,PAYMENT,214,45942.06,0.0,0.0,0.0,0.0,0
6,PAYMENT,229,24836.71,78220.0,53383.29,0.0,0.0,0
6,TRANSFER,18,1280542.24,127371.0,0.0,230664.65,1511206.89,0
6,PAYMENT,185,5636.48,31082.81,25446.32,0.0,0.0,0
6,CASH_OUT,400,168443.93,1407.0,0.0,151560.0,89694.22,0
6,CASH_OUT,374,501161.42,53402.0,0.0,1641740.52,2142901.95,0
6,CASH_OUT,401,47479.65,20228.0,0.0,0.0,47479.65,0
6,PAYMENT,186,25655.53,347108.0,321452.47,0.0,0.0,0
6,CASH_IN,38,1394.01,3747042.21,3748436.22,22470.37,21076.36,0
6,CASH_IN,428,65436.11,39750.0,105186.11,79860.29,14424.18,0
6,CASH_OUT,211,239634.68,0.0,0.0,922187.11,1161821.79,0
6,CASH_OUT,40,157639.74,18407.0,0.0,98304.0,255943.74,0
6,PAYMENT,302,5693.36,300787.35,295094.0,0.0,0.0,0
6,CASH_OUT,373,1866.8,0.0,0.0,2890.99,4757.79,0
6,CASH_OUT,47,156011.24,156011.24,0.0,152239.96,308251.2,1
6,CASH_IN,211,175039.48,11067.0,186106.48,3399385.28,3224345.79,0
6,CASH_OUT,304,324662.21,0.0,0.0,432408.41,757070.62,0
6,TRANSFER,304,3984479.11,0.0,0.0,6082227.16,10066706.27,0
6,CASH_OUT,235,209345.47,0.0,0.0,364058.46,573403.93,0
6,TRANSFER,218,145379.14,145379.14,0.0,0.0,0.0,1
6,CASH_IN,333,268890.19,28750.0,297640.19,156515.35,0.0,0
6,CASH_IN,525,120520.55,27424760.8,27545281.35,1834132.04,1713611.5,0
6,CASH_IN,131,227052.26,20833.0,247885.26,1040508.72,813456.46,0
6,CASH_OUT,12,311204.3,0.0,0.0,377098.45,688302.75,0
6,TRANSFER,250,156977.33,0.0,0.0,2104315.05,2261292.38,0
6,TRANSFER,134,1370913.94,0.0,0.0,8092143.83,9463057.77,0
6,TRANSFER,258,283181.57,40037.0,0.0,0.0,283181.57,0
6,PAYMENT,278,12219.49,3777.82,0.0,0.0,0.0,0
6,CASH_OUT,189,35150.3,62269.0,27118.7,133868.75,169019.04,0
6,TRANSFER,229,1248686.26,0.0,0.0,2587483.92,3836170.18,0
6,TRANSFER,377,959262.06,1912.91,0.0,1780364.94,2739627.0,0
6,CASH_IN,129,259116.9,13349546.71,13608663.61,2311598.25,2052481.35,0
6,CASH_OUT,231,131339.55,0.0,0.0,219960.7,351300.25,0
6,PAYMENT,349,2429.52,0.0,0.0,0.0,0.0,0
6,PAYMENT,226,39013.05,0.0,0.0,0.0,0.0,0
6,CASH_OUT,372,10347.71,213897.7,203549.99,834925.82,845273.53,0
6,CASH_OUT,206,391316.43,147459.0,0.0,58824.27,450140.7,0
6,PAYMENT,260,16307.14,1393.0,0.0,0.0,0.0,0
6,CASH_OUT,588,50389.58,0.0,0.0,477678.03,528067.62,0
6,CASH_IN,300,123208.53,3997590.14,4120798.67,455050.49,331841.96,0
6,CASH_OUT,346,432947.56,103399.0,0.0,2137965.36,2570912.92,0
6,TRANSFER,307,219244.27,0.0,0.0,3369765.8,3589010.06,0
6,CASH_IN,44,120029.35,942101.0,1062130.35,0.0,0.0,0
6,PAYMENT,14,13109.33,0.0,0.0,0.0,0.0,0
6,DEBIT,188,1808.02,11240.0,9431.98,317529.86,319337.88,0
6,CASH_IN,546,160274.96,62443.0,222717.96,214006.37,53731.4,0
6,CASH_OUT,306,4262592.28,4262592.28,0.0,237422.88,4500015.17,1
6,CASH_IN,235,49503.13,458177.0,507680.13,448574.88,399071.75,0
6,CASH_OUT,141,174072.14,11000.0,0.0,0.0,174072.14,0
6,PAYMENT,225,6903.87,0.0,0.0,0.0,0.0,0
6,CASH_OUT,322,187683.33,360129.0,172445.67,80762.04,268445.37,0
6,PAYMENT,302,14842.06,12148.0,0.0,0.0,0.0,0
6,CASH_IN,255,45286.85,1368769.41,1414056.26,1114353.27,1069066.42,0
6,DEBIT,206,566.67,21021.0,20454.33,6683703.42,6684270.09,0
6,PAYMENT,212,8431.25,10686.0,2254.75,0.0,0.0,0
6,CASH_OUT,180,261879.47,14523.0,0.0,77445.59,339325.06,0
6,CASH_IN,302,124964.97,7540672.38,7665637.35,1333614.21,1208649.24,0
6,CASH_OUT,65,215.83,215.83,0.0,3563442.24,3563658.07,1
6,PAYMENT,44,9874.39,0.0,0.0,0.0,0.0,0
6,CASH_OUT,41,219712.05,44101.0,0.0,429546.32,929353.0,0
6,CASH_OUT,18,478178.08,0.0,0.0,681914.95,1104475.23,0
6,CASH_OUT,303,327539.34,167854.6,0.0,1267909.23,1595448.56,0
6,PAYMENT,214,11853.41,0.0,0.0,0.0,0.0,0
6,CASH_OUT,16,42072.99,577.0,0.0,9535.0,51607.99,0
6,PAYMENT,401,9483.99,5092.0,0.0,0.0,0.0,0
6,CASH_OUT,301,64667.57,0.0,0.0,149965.14,214632.71,0
6,CASH_IN,495,264775.04,55258.0,320033.04,179483.03,0.0,0
6,TRANSFER,645,326250.51,326250.51,0.0,0.0,0.0,1
6,CASH_OUT,130,295526.15,0.0,0.0,1790430.04,2085956.19,0
6,PAYMENT,210,4113.92,6455.1,2341.17,0.0,0.0,0
6,PAYMENT,12,13236.6,312527.59,299291.0,0.0,0.0,0
6,PAYMENT,326,23351.55,10544.0,0.0,0.0,0.0,0
6,CASH_OUT,352,78098.25,20066.0,0.0,130577.0,208675.25,0
6,CASH_OUT,372,77490.47,372.0,0.0,0.0,77490.47,0
6,PAYMENT,289,5207.3,21138.0,15930.7,0.0,0.0,0
6,PAYMENT,188,1846.72,36889.65,35042.93,0.0,0.0,0
6,CASH_OUT,181,281292.1,0.0,0.0,918870.67,1200162.78,0
6,CASH_OUT,227,61760.66,0.0,0.0,133674.62,195435.28,0
6,CASH_OUT,235,126421.69,269123.81,142702.12,416789.49,543211.18,0
6,PAYMENT,36,14536.99,20382.0,5845.01,0.0,0.0,0
6,CASH_IN,333,30827.94,46834.0,77661.94,0.0,0.0,0
6,CASH_OUT,135,81984.82,227908.0,145923.18,1645215.77,1727200.58,0
6,CASH_OUT,692,11814.04,9987.0,0.0,529395.15,541209.2,0
6,PAYMENT,355,16007.64,103166.0,87158.36,0.0,0.0,0
6,PAYMENT,42,7855.54,30513.0,22657.46,0.0,0.0,0
6,CASH_IN,401,107397.91,10803250.48,10910648.39,836862.1,729464.19,0
6,PAYMENT,396,30097.12,0.0,0.0,0.0,0.0,0
6,CASH_IN,19,335100.38,2060492.71,2395593.08,3742388.93,3407288.55,0
6,CASH_IN,227,56629.89,1576875.45,1633505.34,8321385.77,8264755.88,0
6,CASH_OUT,93,333086.65,51083.0,0.0,0.0,333086.65,0
6,CASH_OUT,106,2708906.59,2708906.59,0.0,0.0,2708906.59,1
6,CASH_IN,160,38139.29,3015632.39,3053771.68,1442889.75,1404750.46,0
6,CASH_IN,592,129294.64,56484.93,185779.57,395528.0,266233.36,0
6,TRANSFER,735,92735.71,92735.71,0.0,0.0,0.0,1
6,PAYMENT,304,18195.17,0.0,0.0,0.0,0.0,0
6,PAYMENT,208,326.49,16150.87,15824.38,0.0,0.0,0
6,PAYMENT,526,1251.24,0.0,0.0,0.0,0.0,0
6,CASH_IN,37,287511.58,543072.58,830584.17,7230413.45,6942901.87,0
6,CASH_OUT,266,5494862.93,5494862.93,0.0,0.0,5494862.93,1
6,CASH_OUT,237,576332.71,0.0,0.0,2784768.55,3361101.26,0
6,CASH_IN,303,92868.58,7604809.41,7697677.99,1433753.18,1340884.6,0
6,CASH_IN,165,188715.84,615409.42,804125.26,336287.17,147571.33,0
6,DEBIT,301,6614.08,11007.0,4392.92,1152546.32,1159160.4,0
6,CASH_IN,43,57486.27,10341.0,67827.27,0.0,0.0,0
6,CASH_OUT,643,3092085.39,3092085.39,0.0,120913.17,3212998.55,1
6,PAYMENT,206,2100.39,113546.0,111445.61,0.0,0.0,0
6,CASH_IN,228,418747.4,207.0,418954.4,2999810.62,2581063.22,0
6,PAYMENT,306,2926.56,36012.0,33085.44,0.0,0.0,0
6,CASH_OUT,15,27661.54,20178.0,0.0,25564.0,0.0,0
6,PAYMENT,281,6071.13,0.0,0.0,0.0,0.0,0
6,CASH_OUT,404,110702.57,120069.0,9366.43,0.0,110702.57,0
6,PAYMENT,372,12325.56,216105.06,203779.5,0.0,0.0,0
6,CASH_IN,16,48251.92,0.0,48251.92,3481374.31,3433122.39,0
6,PAYMENT,203,12175.6,563015.45,550839.86,0.0,0.0,0
6,CASH_OUT,39,273835.51,0.0,0.0,7055690.76,7329526.26,0
6,PAYMENT,212,8401.7,21429.0,13027.3,0.0,0.0,0
6,CASH_OUT,140,542046.94,0.0,0.0,4820403.58,5362450.52,0
6,PAYMENT,356,6500.62,609.0,0.0,0.0,0.0,0
6,CASH_OUT,323,429696.01,12902.0,0.0,0.0,850978.12,0
6,CASH_IN,132,49407.16,1211409.3,1260816.46,3680829.73,3631422.58,0
6,CASH_OUT,36,66455.81,68250.51,1794.7,144315.39,210771.2,0
6,CASH_OUT,132,199134.69,132115.95,0.0,1058371.85,1257506.54,0
6,PAYMENT,35,28700.13,0.0,0.0,0.0,0.0,0
6,CASH_OUT,326,69375.45,0.0,0.0,645336.64,714712.08,0
6,CASH_IN,212,66425.27,8203088.34,8269513.61,1311623.12,1245197.86,0
6,CASH_IN,377,107181.97,7432322.9,7539504.87,284649.85,177467.88,0
6,CASH_OUT,139,186196.46,0.0,0.0,274402.1,460598.56,0
6,CASH_OUT,379,90408.34,403260.0,312851.66,49811.0,140219.34,0
6,TRANSFER,193,103368.58,103368.58,0.0,0.0,0.0,1
6,PAYMENT,305,4410.52,0.0,0.0,0.0,0.0,0
6,PAYMENT,281,7911.6,61715.0,53803.4,0.0,0.0,0
6,CASH_OUT,139,133653.91,0.0,0.0,241944.38,375598.29,0
6,CASH_IN,235,66554.13,40907.0,107461.13,163720.41,97166.29,0
6,CASH_IN,213,270973.83,1553378.44,1824352.26,1156094.2,885120.38,0
6,TRANSFER,157,86274.52,9318.0,0.0,4370296.89,4456571.42,0
6,PAYMENT,46,581.3,20280.0,19698.7,0.0,0.0,0
6,CASH_OUT,21,192694.93,50140.0,0.0,4039844.59,4232539.52,0
6,CASH_OUT,137,167974.56,21775.0,0.0,0.0,167974.56,0
6,CASH_OUT,133,195473.77,52051.0,0.0,344579.01,540052.79,0
6,PAYMENT,372,27501.09,6555.0,0.0,0.0,0.0,0
6,TRANSFER,418,452261.67,452261.67,0.0,0.0,0.0,1
6,CASH_IN,211,160899.39,2530928.95,2691828.35,1164674.57,1003775.18,0
6,CASH_OUT,275,170048.15,106471.0,0.0,1919128.04,2093385.66,0
6,CASH_OUT,258,96466.41,0.0,0.0,3900110.47,3996576.88,0
6,CASH_OUT,283,231373.25,0.0,0.0,1262448.53,1493821.78,0
6,CASH_IN,280,34470.54,3180820.44,3215290.98,58007.67,23537.13,0
6,CASH_IN,34,119805.34,6314542.15,6434347.49,309226.27,189420.92,0
6,CASH_IN,331,96658.82,13566788.92,13663447.75,7157246.37,7060587.55,0
6,PAYMENT,236,336.76,11189.0,10852.24,0.0,0.0,0
6,CASH_IN,228,181706.25,12512.0,194218.25,7594937.65,7413231.41,0
6,PAYMENT,179,10504.59,20596.16,10091.58,0.0,0.0,0
6,CASH_IN,203,400481.96,3054.0,403535.96,48802.38,0.0,0
6,CASH_OUT,13,43136.46,0.0,0.0,1142472.92,1185609.38,0
6,CASH_OUT,350,152836.47,0.0,0.0,2764651.12,3141527.9,0
6,CASH_OUT,495,205336.52,138004.44,0.0,2028592.37,2233928.88,0
6,PAYMENT,132,20447.85,19036.0,0.0,0.0,0.0,0
6,PAYMENT,205,6326.8,8835.0,2508.2,0.0,0.0,0
6,CASH_OUT,687,414720.53,0.0,0.0,971361.96,1386082.49,0
6,CASH_OUT,130,320848.46,0.0,0.0,358603.93,679452.39,0
6,CASH_OUT,430,2828068.73,2828068.73,0.0,102766.8,2930835.53,1
6,CASH_IN,522,264581.56,22484.0,287065.56,2404456.55,2139874.99,0
6,CASH_OUT,283,72956.42,0.0,0.0,484933.98,557890.4,0
6,CASH_IN,398,24537.31,4866754.5,4891291.81,632785.62,608248.31,0
6,PAYMENT,163,1660.04,0.0,0.0,0.0,0.0,0
6,CASH_OUT,253,159473.8,100253.0,0.0,105346.09,264819.88,0
6,CASH_OUT,354,83552.25,0.0,0.0,283873.51,367425.76,0
6,CASH_IN,594,78476.85,210867.69,289344.53,414849.54,336372.69,0
6,PAYMENT,16,13749.22,24668.0,10918.78,0.0,0.0,0
6,CASH_IN,619,139580.53,5189303.05,5328883.58,178072.87,38492.34,0
6,TRANSFER,163,531318.06,0.0,0.0,962994.83,1494312.89,0
7,TRANSFER,19,377506.85,1395965.93,1018459.07,531359.53,908866.38,0
7,TRANSFER,169,286306.33,286306.33,0.0,0.0,0.0,1
7,CASH_IN,307,320824.96,537267.14,858092.1,2375269.49,2054444.53,0
7,CASH_IN,400,297033.59,37696.0,334729.59,0.0,0.0,0
7,CASH_OUT,42,216588.39,0.0,0.0,876607.78,1093196.17,0
7,PAYMENT,356,13580.39,2017.0,0.0,0.0,0.0,0
7,PAYMENT,331,7620.79,14976.0,7355.21,0.0,0.0,0
7,CASH_IN,19,202783.14,316815.7,519598.84,1007041.13,804257.99,0
7,CASH_IN,347,108606.64,3777257.08,3885863.72,1794197.53,1685590.89,0
7,CASH_IN,239,309343.77,1595819.97,1905163.75,902976.45,593632.67,0
7,CASH_IN,178,17064.12,11987558.67,12004622.79,51642.0,0.0,0
7,CASH_OUT,323,543648.52,720.0,0.0,0.0,543648.52,0
7,PAYMENT,305,9970.15,0.0,0.0,0.0,0.0,0
7,CASH_OUT,131,120443.7,520862.0,400418.3,113427.62,233871.32,0
7,CASH_OUT,327,122613.59,0.0,0.0,501169.06,623782.65,0
7,PAYMENT,333,8129.66,92046.0,83916.34,0.0,0.0,0
7,TRANSFER,248,26776.98,26776.98,0.0,0.0,0.0,1
7,CASH_IN,297,309338.02,7500490.26,7809828.28,325235.68,15897.65,0
7,CASH_OUT,350,52326.52,0.0,0.0,83353.41,135679.93,0
7,TRANSFER,670,328426.56,0.0,0.0,2060560.9,2388987.46,0
7,TRANSFER,251,1378565.65,40630.99,0.0,4529890.51,5908456.15,0
7,CASH_OUT,139,196805.04,0.0,0.0,216430.87,413235.92,0
7,PAYMENT,307,37082.3,0.0,0.0,0.0,0.0,0
7,CASH_OUT,20,187518.2,2668.0,0.0,0.0,232530.04,0
7,CASH_IN,393,271979.99,2360983.83,2632963.82,1671638.76,1399658.77,0
7,PAYMENT,12,1938.75,0.0,0.0,0.0,0.0,0
7,TRANSFER,229,1074888.9,0.0,0.0,2477659.64,3552548.54,0
7,PAYMENT,203,11429.46,10854.0,0.0,0.0,0.0,0
7,CASH_OUT,687,156135.38,7587.0,0.0,5134308.75,5290444.13,0
7,PAYMENT,179,3527.9,39301.0,35773.1,0.0,0.0,0
7,PAYMENT,258,5802.27,296352.82,290550.55,0.0,0.0,0
7,CASH_IN,565,194336.22,1204627.15,1398963.38,1197109.24,1002773.01,0
7,CASH_IN,158,285183.81,4561092.24,4846276.05,904006.43,802554.58,0
7,TRANSFER,303,322585.04,322585.04,0.0,0.0,0.0,1
7,CASH_IN,234,179075.75,2545767.24,2724842.99,1858855.12,1882841.43,0
7,CASH_IN,349,164716.43,6955376.18,7120092.61,1722542.83,1557826.4,0
7,CASH_OUT,38,64585.42,6159.65,0.0,7003533.0,7177574.53,0
7,PAYMENT,257,6425.5,0.0,0.0,0.0,0.0,0
7,TRANSFER,21,677676.04,77360.0,0.0,0.0,677676.04,0
7,CASH_IN,234,18352.07,2731751.52,2750103.59,104450.44,86098.37,0
7,TRANSFER,503,54191.64,1087.0,0.0,0.0,54191.64,0
7,PAYMENT,393,33427.17,83648.0,50220.83,0.0,0.0,0
7,TRANSFER,275,217166.48,138200.14,0.0,6384442.08,6601608.56,0
7,CASH_OUT,718,9749042.95,9749042.95,0.0,213495.23,9962538.18,1
7,PAYMENT,330,42679.2,41710.86,0.0,0.0,0.0,0
7,CASH_OUT,183,342675.47,342675.47,0.0,412117.94,754793.41,1
7,TRANSFER,186,67234.37,11010.0,0.0,0.0,67234.37,0
7,CASH_OUT,510,177137.79,177137.79,0.0,496799.27,673937.06,1
7,CASH_OUT,303,30325.35,106431.0,76105.65,491086.64,521411.99,0
7,TRANSFER,11,964967.68,85279.0,0.0,0.0,842474.12,0
7,CASH_OUT,335,354994.69,40287.76,0.0,1353589.34,1708584.03,0
7,CASH_OUT,17,76880.07,0.0,0.0,914194.71,991074.79,0
7,PAYMENT,188,191.25,49225.0,49033.75,0.0,0.0,0
7,CASH_IN,206,70706.84,17375.0,88081.84,0.0,0.0,0
7,CASH_IN,34,48307.19,3379392.88,3427700.06,1965947.39,1917640.2,0
7,PAYMENT,307,22485.23,200486.99,178001.76,0.0,0.0,0
7,PAYMENT,404,10017.7,52182.0,42164.3,0.0,0.0,0
7,PAYMENT,48,7538.76,17227.0,9688.24,0.0,0.0,0
7,CASH_OUT,181,212614.13,0.0,0.0,653654.69,866268.81,0
7,PAYMENT,374,1981.45,0.0,0.0,0.0,0.0,0
7,CASH_OUT,280,273025.49,0.0,0.0,1498423.17,1771448.66,0
7,CASH_OUT,12,44687.23,0.0,0.0,5854053.06,5541599.21,0
7,CASH_IN,208,55771.29,7785992.05,7841763.34,358721.16,302949.87,0
7,CASH_OUT,239,487572.45,487572.45,0.0,22069.46,509641.91,1
7,PAYMENT,527,35732.41,40818.16,5085.75,0.0,0.0,0
7,PAYMENT,232,8971.34,198768.0,189796.66,0.0,0.0,0
7,CASH_OUT,20,222075.38,62075.23,0.0,752975.79,1052990.26,0
7,PAYMENT,380,16112.64,0.0,0.0,0.0,0.0,0
7,CASH_OUT,139,282659.45,14053.49,0.0,713703.27,996362.72,0
7,PAYMENT,19,11192.66,167664.7,156472.04,0.0,0.0,0
7,CASH_OUT,206,309751.9,1556.0,0.0,0.0,309751.9,0
7,TRANSFER,621,1077146.94,1077146.94,0.0,0.0,0.0,1
7,CASH_OUT,235,131682.4,0.0,0.0,720471.42,852153.82,0
7,TRANSFER,531,6392800.85,6392800.85,0.0,0.0,0.0,1
7,CASH_IN,322,225735.87,0.0,225735.87,444260.88,218525.0,0
7,CASH_IN,328,52479.4,10730395.62,10782875.03,492771.54,440292.14,0
7,CASH_IN,355,18410.08,2425155.74,2443565.82,528175.12,509765.04,0
7,CASH_OUT,101,253793.28,253793.28,0.0,525977.66,779770.94,1
7,PAYMENT,160,12111.68,159474.59,147362.92,0.0,0.0,0
7,PAYMENT,184,15843.86,0.0,0.0,0.0,0.0,0
7,CASH_OUT,186,338534.2,12274.0,0.0,2449522.32,2788056.52,0
7,PAYMENT,403,13609.91,57293.0,43683.09,0.0,0.0,0
7,CASH_OUT,648,27584.17,27584.17,0.0,0.0,27584.17,1
7,CASH_OUT,322,419219.26,0.0,0.0,425354.4,844573.65,0
7,CASH_IN,43,237409.0,19164.0,256573.0,144533.31,0.0,0
7,PAYMENT,278,6051.31,97944.0,91892.69,0.0,0.0,0
7,CASH_OUT,208,114132.07,61851.0,0.0,3390128.95,3504261.01,0
7,CASH_OUT,229,277262.88,142537.95,0.0,376643.32,1188619.79,0
7,CASH_IN,13,275297.15,4764383.14,5039680.29,285778.96,10481.81,0
7,CASH_OUT,304,126383.29,609015.0,482631.71,0.0,126383.29,0
7,TRANSFER,507,269476.09,269476.09,0.0,0.0,0.0,1
7,CASH_OUT,40,410591.48,0.0,0.0,891102.3,1301693.78,0
7,CASH_OUT,140,292708.75,0.0,0.0,7110445.37,7403154.13,0
7,PAYMENT,19,4356.23,978129.28,973773.05,0.0,0.0,0
7,CASH_OUT,595,94606.32,11512.0,0.0,530099.94,624706.26,0
7,PAYMENT,235,3398.22,0.0,0.0,0.0,0.0,0
7,PAYMENT,275,14540.17,0.0,0.0,0.0,0.0,0
7,PAYMENT,186,10251.71,17200.66,6948.95,0.0,0.0,0
7,PAYMENT,235,17977.92,0.0,0.0,0.0,0.0,0
7,CASH_OUT,342,114308.2,114308.2,0.0,0.0,114308.2,1
7,TRANSFER,53,6215.44,6215.44,0.0,0.0,0.0,1
7,PAYMENT,168,11261.29,197876.36,186615.08,0.0,0.0,0
7,PAYMENT,492,15188.27,22491.0,7302.73,0.0,0.0,0
7,PAYMENT,251,21158.04,0.0,0.0,0.0,0.0,0
7,PAYMENT,164,1312.07,0.0,0.0,0.0,0.0,0
7,PAYMENT,380,14175.65,154.0,0.0,0.0,0.0,0
7,PAYMENT,307,25632.23,27683.04,2050.81,0.0,0.0,0
7,CASH_IN,233,22367.96,12008760.56,12031128.52,62572.51,40204.54,0
7,PAYMENT,302,32674.7,0.0,0.0,0.0,0.0,0
7,CASH_OUT,188,295986.44,37128.0,0.0,854314.0,1150300.44,0
7,TRANSFER,304,7638374.31,8372.48,0.0,8316620.55,15954994.85,0
7,CASH_OUT,231,31581.17,328807.86,297226.7,1412590.26,1444171.43,0
7,TRANSFER,15,1079127.06,0.0,0.0,1783856.09,3624326.15,0
7,PAYMENT,33,19056.04,92929.0,73872.96,0.0,0.0,0
7,PAYMENT,134,10499.93,199728.82,189228.88,0.0,0.0,0
7,CASH_OUT,231,66600.0,0.0,0.0,225793.03,292393.03,0
7,PAYMENT,323,48728.44,159115.0,110386.56,0.0,0.0,0
7,PAYMENT,356,5103.27,0.0,0.0,0.0,0.0,0
7,PAYMENT,231,9992.2,89299.3,79307.1,0.0,0.0,0
7,CASH_IN,596,93916.89,11561611.57,11655528.47,537989.52,444072.63,0
7,CASH_OUT,234,236003.93,245051.67,9047.74,370372.98,606376.91,0
7,CASH_OUT,280,44744.93,0.0,0.0,112747.46,157492.39,0
7,PAYMENT,37,15770.81,0.0,0.0,0.0,0.0,0
7,CASH_OUT,38,437840.08,10587.0,0.0,229112.46,666952.54,0
7,CASH_OUT,659,7010.26,4091.0,0.0,5548708.04,5555718.3,0
7,CASH_IN,259,183524.36,43714.0,227238.36,0.0,0.0,0
7,TRANSFER,42,474978.95,0.0,0.0,3498640.54,3986536.1,0
7,PAYMENT,404,1727.66,5381.0,3653.34,0.0,0.0,0
7,CASH_OUT,402,4599.3,36720.0,32120.7,60449.0,65048.3,0
7,PAYMENT,160,34555.37,0.0,0.0,0.0,0.0,0
7,TRANSFER,13,238211.99,0.0,0.0,4601117.51,4788721.42,0
7,CASH_OUT,324,94069.07,0.0,0.0,1551104.72,1645173.79,0
7,CASH_OUT,380,5575.68,67518.0,61942.32,83899.27,89474.95,0
7,PAYMENT,155,10795.55,51503.0,40707.45,0.0,0.0,0
7,CASH_IN,185,46965.96,358287.15,405253.1,281559.13,234593.18,0
7,CASH_OUT,323,41034.0,0.0,0.0,1577380.17,1796104.43,0
7,CASH_OUT,153,182738.73,21017.0,0.0,104758.0,542742.11,0
7,CASH_IN,205,38192.94,13242.0,51434.94,669728.92,631535.98,0
7,TRANSFER,360,78357.77,78357.77,0.0,0.0,0.0,1
7,PAYMENT,254,5920.89,0.0,0.0,0.0,0.0,0
7,PAYMENT,309,24943.68,207924.0,182980.32,0.0,0.0,0
7,CASH_OUT,658,82535.57,82535.57,0.0,0.0,82535.57,1
7,PAYMENT,278,7179.61,10117.0,2937.39,0.0,0.0,0
7,CASH_IN,298,19112.61,903.0,20015.61,5737802.35,5718689.74,0
7,CASH_IN,378,287005.16,10750270.53,11037275.7,983002.16,695997.0,0
7,CASH_IN,345,57777.9,19711487.28,19769265.19,525571.08,467793.18,0
7,CASH_OUT,500,7656.44,127139.0,119482.56,0.0,7656.44,0
7,PAYMENT,162,3362.87,76001.0,72638.13,0.0,0.0,0
7,CASH_OUT,395,145652.83,0.0,0.0,408349.49,554002.32,0
7,PAYMENT,21,1156.72,0.0,0.0,0.0,0.0,0
7,PAYMENT,396,24477.1,31223.99,6746.88,0.0,0.0,0
7,TRANSFER,377,503420.67,503420.67,0.0,0.0,0.0,1
7,CASH_OUT,306,361284.45,0.0,0.0,682114.16,1043398.61,0
7,CASH_OUT,259,173450.61,0.0,0.0,1543786.53,1717237.14,0
7,PAYMENT,11,25169.7,660789.97,635620.28,0.0,0.0,0
7,CASH_IN,402,63507.64,4099298.54,4162806.18,521413.25,457905.61,0
7,CASH_OUT,518,35870.95,22851.0,0.0,0.0,35870.95,0
7,CASH_OUT,12,121700.43,0.0,0.0,2184978.6,2306679.03,0
7,TRANSFER,403,394032.87,0.0,0.0,1553310.59,1947343.46,0
7,CASH_OUT,326,60513.26,0.0,0.0,95224.61,155737.87,0
7,CASH_OUT,158,434830.13,190036.8,0.0,4401176.88,4836007.01,0
7,PAYMENT,323,9477.41,0.0,0.0,0.0,0.0,0
7,TRANSFER,55,283400.42,283400.42,0.0,0.0,0.0,1
7,PAYMENT,20,8367.77,41357.0,32989.23,0.0,0.0,0
7,CASH_OUT,594,69677.02,4198.0,0.0,0.0,69677.02,0
7,CASH_OUT,225,124673.32,20789.0,0.0,264194.17,388867.49,0
7,PAYMENT,161,28513.4,0.0,0.0,0.0,0.0,0
7,CASH_IN,140,119372.72,21281.0,140653.72,0.0,0.0,0
7,CASH_OUT,187,607235.12,70261.0,0.0,2280043.54,2887278.66,0
7,CASH_OUT,185,149423.59,0.0,0.0,5432247.13,5581670.72,0
7,PAYMENT,280,12745.82,130.0,0.0,0.0,0.0,0
7,PAYMENT,659,7722.14,128525.41,120803.27,0.0,0.0,0
7,PAYMENT,395,11083.0,3783.87,0.0,0.0,0.0,0
7,TRANSFER,352,141622.99,0.0,0.0,640498.61,782121.6,0
7,TRANSFER,405,26771.49,0.0,0.0,855123.02,881894.51,0
7,TRANSFER,398,393749.95,32010.0,0.0,421527.39,815277.34,0
7,PAYMENT,334,6296.95,672.0,0.0,0.0,0.0,0
7,CASH_OUT,252,110620.08,0.0,0.0,978759.69,1089379.77,0
7,PAYMENT,142,17831.14,67707.0,49875.86,0.0,0.0,0
7,PAYMENT,370,24690.43,24943.39,252.96,0.0,0.0,0
7,PAYMENT,369,24694.21,142261.0,117566.79,0.0,0.0,0
7,CASH_IN,156,110488.7,127933.0,238421.7,0.0,0.0,0
7,CASH_OUT,37,92867.3,35465.0,0.0,0.0,92867.3,0
7,PAYMENT,8,16295.39,6785.72,0.0,0.0,0.0,0
7,CASH_OUT,161,10000000.0,10000000.0,0.0,0.0,10000000.0,1
7,PAYMENT,370,21166.96,521471.4,500304.44,0.0,0.0,0
7,CASH_IN,282,22437.5,318648.1,341085.6,166876.38,144438.88,0
7,CASH_IN,280,47964.02,255056.52,303020.54,192771.84,144807.82,0
7,PAYMENT,217,26090.69,133198.11,107107.42,0.0,0.0,0
7,CASH_OUT,134,119084.55,95231.0,0.0,306257.82,425342.36,0
7,PAYMENT,141,9265.1,0.0,0.0,0.0,0.0,0
7,PAYMENT,234,2830.27,0.0,0.0,0.0,0.0,0
7,PAYMENT,164,8785.75,0.0,0.0,0.0,0.0,0
7,CASH_OUT,492,136176.6,0.0,0.0,387725.2,523901.79,0
7,PAYMENT,96,1363.84,774336.0,772972.16,0.0,0.0,0
7,PAYMENT,323,13641.04,11548.0,0.0,0.0,0.0,0
7,CASH_IN,203,64204.93,1924654.63,1988859.56,490034.74,425829.81,0
7,PAYMENT,212,2804.7,69465.0,66660.3,0.0,0.0,0
7,CASH_OUT,250,5216.84,20183.0,14966.16,0.0,5216.84,0
7,TRANSFER,372,841473.93,10215.0,0.0,2870744.46,3712218.39,0
7,CASH_OUT,251,380208.52,107385.0,0.0,2441799.2,2822007.73,0
7,TRANSFER,228,217729.34,0.0,0.0,4455177.04,4672906.38,0
7,PAYMENT,280,56129.43,0.0,0.0,0.0,0.0,0
7,PAYMENT,237,2637.32,115804.0,113166.68,0.0,0.0,0
7,CASH_IN,155,248749.58,21080.0,269829.58,0.0,0.0,0
7,CASH_IN,188,7740.01,441.0,8181.01,4243283.18,4235543.18,0
7,PAYMENT,550,5045.65,62478.0,57432.35,0.0,0.0,0
7,PAYMENT,274,6818.74,0.0,0.0,0.0,0.0,0
7,CASH_OUT,81,2737766.8,2737766.8,0.0,0.0,2737766.8,1
7,CASH_OUT,284,49636.88,0.0,0.0,76666.71,126303.59,0
7,CASH_IN,283,62221.06,1594861.77,1657082.83,206710.42,144489.36,0
7,PAYMENT,9,875.28,0.0,0.0,0.0,0.0,0
7,CASH_IN,492,128345.39,1876725.94,2005071.33,803892.38,675547.0,0
7,CASH_OUT,40,91805.26,0.0,0.0,7585620.86,7677426.12,0
7,CASH_OUT,393,493848.27,0.0,0.0,4945281.37,5439129.64,0
7,CASH_OUT,374,404242.01,0.0,0.0,3921371.03,4325613.04,0
7,CASH_OUT,35,251737.02,5973.0,0.0,2960477.26,3212214.28,0
7,CASH_OUT,20,279738.75,0.0,0.0,1062783.85,1342522.61,0
7,PAYMENT,21,3868.49,91601.13,87732.64,0.0,0.0,0
7,CASH_OUT,36,223791.94,0.0,0.0,3285203.49,3508995.43,0
7,CASH_IN,43,122798.91,2279120.4,2401919.31,5341726.28,5218927.36,0
7,PAYMENT,214,1542.33,9439.0,7896.67,0.0,0.0,0
7,TRANSFER,143,97638.6,0.0,0.0,335987.94,433626.55,0
7,PAYMENT,161,10097.49,0.0,0.0,0.0,0.0,0
7,CASH_OUT,403,139667.01,0.0,0.0,1244213.92,1383880.93,0
7,PAYMENT,231,3048.15,190484.86,187436.71,0.0,0.0,0
7,CASH_OUT,399,139909.89,0.0,0.0,2318758.39,2458668.27,0
7,CASH_OUT,301,257732.95,14648.0,0.0,121308.48,379041.43,0
7,PAYMENT,287,11078.08,0.0,0.0,0.0,0.0,0
7,CASH_IN,380,164630.91,7817635.55,7982266.45,604109.5,439478.59,0
7,PAYMENT,403,14097.68,0.0,0.0,0.0,0.0,0
7,PAYMENT,202,5132.33,82547.58,77415.25,0.0,0.0,0
7,CASH_IN,326,125283.59,2212302.53,2337586.12,221723.19,96439.59,0
7,TRANSFER,185,539534.58,15464.0,0.0,447594.95,987129.53,0
7,CASH_IN,404,62286.79,51952.0,114238.79,0.0,51017.17,0
7,PAYMENT,181,9307.33,63017.76,53710.43,0.0,0.0,0
7,TRANSFER,548,376232.91,69074.0,0.0,1094816.06,1471048.97,0
7,CASH_OUT,278,93735.42,319017.0,225281.58,284066.6,377802.02,0
7,TRANSFER,139,226376.81,361418.22,135041.41,821774.84,1048151.66,0
7,CASH_IN,398,518590.75,6012.0,524602.75,0.0,0.0,0
7,CASH_OUT,19,33125.5,99963.0,66837.5,4124081.01,4693526.98,0
7,PAYMENT,14,11468.38,0.0,0.0,0.0,0.0,0
7,PAYMENT,592,15444.68,0.0,0.0,0.0,0.0,0
7,CASH_IN,94,153608.01,17578.0,171186.01,0.0,0.0,0
7,TRANSFER,331,2465365.88,0.0,0.0,3630425.28,6095791.16,0
7,PAYMENT,184,10463.57,0.0,0.0,0.0,0.0,0
7,CASH_OUT,356,34022.52,37473.23,3450.72,1239155.0,1273177.52,0
7,CASH_IN,139,106647.57,7646656.04,7753303.61,247546.03,140898.46,0
7,CASH_IN,13,317232.97,82418.0,399650.97,1231.0,0.0,0
7,TRANSFER,187,1304981.23,0.0,0.0,10983324.48,12288305.7,0
7,CASH_OUT,330,2817.85,30893.0,28075.15,7421180.81,7423998.65,0
7,PAYMENT,47,7518.79,0.0,0.0,0.0,0.0,0
7,CASH_IN,329,244657.0,20535.0,265192.0,1173805.07,929148.07,0
7,CASH_IN,179,166898.47,3801656.63,3968555.1,195435.09,28536.61,0
7,CASH_OUT,282,285510.72,0.0,0.0,4589037.09,4874547.81,0
7,CASH_IN,190,335096.24,4847201.79,5182298.03,3547368.72,3212272.47,0
7,CASH_OUT,212,196689.22,43765.0,0.0,357785.51,554474.74,0
7,PAYMENT,379,2542.37,299615.0,297072.63,0.0,0.0,0
7,TRANSFER,328,2299330.46,2299330.46,0.0,0.0,0.0,1
7,CASH_OUT,34,115194.48,53936.0,0.0,0.0,115194.48,0
7,CASH_IN,48,134456.78,5594629.53,5729086.32,3470077.34,3335620.55,0
7,PAYMENT,9,33179.68,0.0,0.0,0.0,0.0,0
7,CASH_OUT,404,117485.27,20610.0,0.0,118985.23,236470.5,0
7,CASH_IN,36,352511.55,10793801.04,11146312.59,4052139.65,3699628.09,0
7,CASH_OUT,372,110950.99,30088.0,0.0,174552.31,285503.31,0
7,CASH_OUT,307,147118.66,0.0,0.0,465269.15,612387.82,0
7,CASH_IN,180,161269.01,2481046.82,2642315.84,325705.34,164436.32,0
7,TRANSFER,497,462441.03,462441.03,0.0,0.0,0.0,1
7,CASH_OUT,139,364723.67,0.0,0.0,620492.88,985216.55,0
7,CASH_OUT,673,145067.24,145067.24,0.0,1415212.22,1560279.46,1
7,PAYMENT,323,15065.46,137262.0,122196.54,0.0,0.0,0
7,PAYMENT,335,2077.68,30071.0,27993.32,0.0,0.0,0
7,CASH_IN,249,80925.17,580693.91,661619.08,521305.11,440379.94,0
7,CASH_OUT,313,124121.57,124121.57,0.0,413610.96,537732.53,1
7,TRANSFER,233,592443.66,592443.66,0.0,0.0,0.0,1
7,CASH_IN,280,72869.16,4450760.01,4523629.16,1415257.75,1342388.59,0
7,CASH_IN,355,358731.55,3563238.19,3921969.75,1380552.74,1021821.19,0
7,TRANSFER,432,907361.75,907361.75,0.0,0.0,0.0,1
7,CASH_OUT,284,92178.31,0.0,0.0,191744.21,283922.53,0
7,CASH_OUT,40,227119.54,0.0,0.0,3743798.26,3970917.8,0
7,PAYMENT,162,13105.82,672.0,0.0,0.0,0.0,0
7,PAYMENT,188,10209.76,0.0,0.0,0.0,0.0,0
7,TRANSFER,281,1499622.34,0.0,0.0,1673335.35,3172957.68,0
7,PAYMENT,229,1843.58,418951.49,417107.91,0.0,0.0,0
7,TRANSFER,369,659688.83,50417.0,0.0,606977.6,1266666.42,0
7,CASH_OUT,277,255773.37,280.0,0.0,414213.91,669987.29,0
7,PAYMENT,133,11905.58,68393.0,56487.42,0.0,0.0,0
7,CASH_OUT,381,160713.37,0.0,0.0,2263015.88,2423729.24,0
7,CASH_OUT,208,257090.66,0.0,0.0,3880057.78,4404944.76,0
7,PAYMENT,359,3113.86,11641.0,8527.14,0.0,0.0,0
7,CASH_IN,281,405363.75,696284.99,1101648.74,4899779.23,4494415.48,0
7,CASH_OUT,669,106290.68,106290.68,0.0,0.0,106290.68,1
7,TRANSFER,225,403835.62,0.0,0.0,720664.31,1124499.93,0
7,CASH_IN,153,51194.27,2172.0,53366.27,10870.0,164353.9,0
7,CASH_IN,257,156206.92,138085.0,294291.92,554024.68,397817.76,0
7,PAYMENT,299,22481.37,0.0,0.0,0.0,0.0,0
7,CASH_IN,239,31405.39,206808.0,238213.39,244258.35,212852.96,0
7,CASH_OUT,527,44917.03,180915.0,135997.97,931078.81,975995.84,0
7,CASH_OUT,208,3303.59,209288.0,205984.41,532837.85,536141.44,0
7,CASH_OUT,234,99767.12,0.0,0.0,881095.49,980862.61,0
7,CASH_OUT,44,70880.27,14517.0,0.0,2009547.86,2080428.12,0
7,PAYMENT,20,10313.9,35146.33,24832.43,0.0,0.0,0
7,CASH_OUT,269,32527.0,32527.0,0.0,77934.8,110461.8,1
7,CASH_OUT,15,108062.39,0.0,0.0,339810.58,447872.97,0
7,PAYMENT,312,8173.11,106624.0,98450.89,0.0,0.0,0
7,CASH_OUT,201,398072.38,275294.0,0.0,516483.06,914555.44,0
7,PAYMENT,17,2160.62,0.0,0.0,0.0,0.0,0
7,CASH_IN,177,138164.77,8473669.43,8611834.2,1696218.29,1558053.52,0
7,CASH_OUT,229,44597.85,250.0,0.0,0.0,44597.85,0
7,CASH_OUT,353,7714.66,60585.0,52870.34,45879.3,53593.96,0
7,CASH_OUT,206,149858.77,0.0,0.0,386083.72,535942.49,0
7,PAYMENT,137,5675.94,110.0,0.0,0.0,0.0,0
7,CASH_IN,42,282490.15,123263.0,405753.15,1786888.7,1504398.54,0
7,TRANSFER,281,629073.3,0.0,0.0,976906.77,1605980.07,0
7,PAYMENT,399,24180.74,19836.0,0.0,0.0,0.0,0
7,CASH_OUT,565,133451.79,484339.04,350887.25,476939.65,610391.45,0
7,CASH_OUT,235,207460.19,0.0,0.0,3502348.23,3709808.41,0
7,CASH_OUT,300,68460.27,25668.0,0.0,1317464.9,1385925.17,0
7,CASH_OUT,140,105619.95,39101.86,0.0,253687.68,359307.63,0
7,CASH_IN,135,204974.76,347552.0,552526.75,410437.75,205462.99,0
7,PAYMENT,211,5551.78,20738.0,15186.22,0.0,0.0,0
7,PAYMENT,356,10201.09,12498.5,2297.41,0.0,0.0,0
7,TRANSFER,209,455434.47,0.0,0.0,3988868.63,4444303.1,0
7,CASH_OUT,322,214323.42,0.0,0.0,1130246.06,1344569.48,0
7,CASH_IN,372,314090.24,22879133.63,23193223.87,2081550.64,1767460.4,0
7,CASH_OUT,122,91637.51,91637.51,0.0,7336697.67,7428335.18,1
7,CASH_OUT,333,215356.57,104899.0,0.0,0.0,215356.57,0
7,PAYMENT,44,3001.96,107266.0,104264.04,0.0,0.0,0
7,CASH_OUT,42,84719.77,0.0,0.0,239965.57,324685.34,0
7,CASH_OUT,355,38520.85,20434.0,0.0,55859.5,94380.35,0
7,CASH_OUT,283,7259.16,0.0,0.0,217633.61,224892.78,0
7,PAYMENT,300,12340.27,0.0,0.0,0.0,0.0,0
7,CASH_OUT,372,175609.54,38917.0,0.0,1226848.28,1402457.82,0
7,PAYMENT,331,8117.86,0.0,0.0,0.0,0.0,0
7,PAYMENT,288,10467.05,0.0,0.0,0.0,0.0,0
7,CASH_OUT,691,84174.31,84174.31,0.0,0.0,84174.31,1
7,TRANSFER,9,21922.0,21922.0,0.0,0.0,0.0,1
7,CASH_IN,304,83607.48,122781.13,206388.62,0.0,0.0,0
7,PAYMENT,204,16606.7,21320.0,4713.3,0.0,0.0,0
7,CASH_OUT,332,43374.05,23992.0,0.0,121350.43,164724.48,0
7,CASH_OUT,328,364886.13,10783.0,0.0,12491461.33,12856347.47,0
7,PAYMENT,190,9451.89,766854.0,757402.11,0.0,0.0,0
7,PAYMENT,401,14255.7,0.0,0.0,0.0,0.0,0
7,CASH_OUT,186,891.63,11118.0,10226.37,0.0,891.63,0
7,PAYMENT,25,3638.66,0.0,0.0,0.0,0.0,0
7,CASH_OUT,232,98572.3,37447.0,0.0,0.0,98572.3,0
7,PAYMENT,37,5441.23,13106.0,7664.77,0.0,0.0,0
7,PAYMENT,330,11871.23,0.0,0.0,0.0,0.0,0
7,CASH_IN,328,272470.89,20934.0,293404.89,5092775.24,4820304.36,0
7,TRANSFER,402,3963290.15,0.0,0.0,4275392.84,8238682.99,0
7,CASH_OUT,326,194617.87,0.0,0.0,548418.8,743036.67,0
7,PAYMENT,330,6863.39,107991.49,101128.1,0.0,0.0,0
7,CASH_OUT,160,226663.97,157.0,0.0,566757.47,793421.44,0
7,PAYMENT,375,15070.3,148419.23,133348.93,0.0,0.0,0
7,PAYMENT,407,8363.34,150850.0,142486.66,0.0,0.0,0
7,CASH_OUT,508,385050.58,385050.58,0.0,1482899.76,1867950.34,1
7,CASH_IN,208,72355.59,6015.0,78370.59,0.0,0.0,0
7,CASH_OUT,155,242179.39,242179.39,0.0,107058.15,349237.54,1
7,PAYMENT,370,19066.72,0.0,0.0,0.0,0.0,0
7,PAYMENT,38,3497.17,22791.0,19293.83,0.0,0.0,0
7,CASH_IN,132,42666.08,1354792.13,1397458.2,2160718.73,2118052.66,0
7,PAYMENT,135,793.42,0.0,0.0,0.0,0.0,0
7,CASH_OUT,425,3401641.0,3401641.0,0.0,2062298.62,5463939.63,1
7,PAYMENT,328,6387.6,0.0,0.0,0.0,0.0,0
7,CASH_IN,206,511951.23,5492441.63,6004392.86,10121942.86,9609991.63,0
7,PAYMENT,405,10568.64,1005.0,0.0,0.0,0.0,0
7,CASH_OUT,164,174453.91,0.0,0.0,1291267.02,1465720.93,0
7,PAYMENT,139,11946.4,151900.0,139953.6,0.0,0.0,0
7,CASH_OUT,238,48800.77,0.0,0.0,191158.36,239959.13,0
7,CASH_IN,20,227326.49,617800.48,845126.97,4614901.4,4387574.91,0
7,CASH_IN,277,148049.51,51545.32,199594.83,1347677.31,1199627.79,0
7,CASH_OUT,396,154138.45,0.0,0.0,3162878.37,3317016.82,0
7,CASH_IN,38,121878.15,4074.0,125952.15,1178790.38,1056912.23,0
7,CASH_OUT,401,196754.65,21425.0,0.0,0.0,196754.65,0
7,TRANSFER,305,5744414.7,21068.0,0.0,2318932.8,8063347.5,0
7,CASH_IN,133,12714.1,0.0,12714.1,678388.25,665674.14,0
7,CASH_IN,154,2918.24,9006.0,11924.24,0.0,0.0,0
7,CASH_IN,164,90030.2,80218.0,170248.2,236130.93,146100.73,0
7,TRANSFER,44,89291.23,35258.0,0.0,0.0,89291.23,0
7,CASH_OUT,24,188079.61,0.0,0.0,4740374.96,4928454.57,0
7,PAYMENT,156,17923.41,50175.0,32251.59,0.0,0.0,0
7,CASH_OUT,209,15889.35,0.0,0.0,3099530.27,3115419.62,0
7,CASH_OUT,232,413630.87,120972.0,0.0,0.0,413630.87,0
7,CASH_OUT,188,137580.27,0.0,0.0,487794.28,625374.55,0
7,TRANSFER,133,542119.65,0.0,0.0,4868492.03,5410611.68,0
7,CASH_IN,16,103903.24,11604.0,115507.24,10083803.14,9979899.9,0
7,CASH_IN,380,99094.12,2330226.35,2429320.47,5735433.25,5636339.13,0
7,PAYMENT,353,19645.18,0.0,0.0,0.0,0.0,0
7,CASH_OUT,346,3377.11,656960.0,653582.89,0.0,3377.11,0
7,DEBIT,7,1048.91,21378.0,20329.09,21955.0,0.0,0
7,CASH_OUT,525,71132.56,0.0,0.0,1102151.86,1173284.42,0
7,CASH_OUT,306,175048.53,101914.0,0.0,6108799.12,6283847.65,0
7,TRANSFER,280,475854.04,475854.04,0.0,0.0,0.0,1
7,CASH_OUT,20,32669.65,60029.0,27359.35,219165.2,251834.86,0
7,CASH_OUT,187,136964.99,0.0,0.0,5339635.1,5476600.09,0
7,PAYMENT,162,781.15,0.0,0.0,0.0,0.0,0
7,PAYMENT,159,19791.17,121547.11,101755.94,0.0,0.0,0
7,PAYMENT,135,18013.33,31137.0,13123.67,0.0,0.0,0
7,PAYMENT,399,2372.47,14059.0,11686.53,0.0,0.0,0
7,PAYMENT,718,13538.84,605.0,0.0,0.0,0.0,0
7,CASH_OUT,37,17672.12,100023.0,82350.88,0.0,17672.12,0
7,PAYMENT,185,32761.6,245876.16,213114.56,0.0,0.0,0
7,CASH_OUT,275,234638.81,0.0,0.0,31065584.63,31300223.44,0
7,PAYMENT,208,5534.47,69181.99,63647.52,0.0,0.0,0
7,CASH_OUT,307,148072.34,66379.0,0.0,270009.71,418082.05,0
7,CASH_OUT,129,308320.61,341734.0,33413.39,19757.22,328077.83,0
7,PAYMENT,47,13846.14,79512.0,65665.86,0.0,0.0,0
7,PAYMENT,311,14524.65,91529.0,77004.35,0.0,0.0,0
7,CASH_OUT,588,93291.9,0.0,0.0,250741.79,344033.69,0
7,PAYMENT,164,15192.7,0.0,0.0,0.0,0.0,0
7,CASH_OUT,11,247044.11,302687.0,55642.89,0.0,247044.11,0
7,CASH_OUT,139,232752.71,0.0,0.0,2250547.78,2483300.49,0
7,CASH_OUT,228,118038.53,8494.0,0.0,0.0,118038.53,0
7,CASH_OUT,153,101468.34,10148.0,0.0,158726.11,260194.45,0
7,PAYMENT,178,4884.58,0.0,0.0,0.0,0.0,0
7,PAYMENT,187,1313.96,100143.0,98829.04,0.0,0.0,0
7,CASH_IN,329,40413.9,27035589.43,27076003.33,115095.04,74681.13,0
7,PAYMENT,282,7633.13,50386.0,42752.87,0.0,0.0,0
7,CASH_IN,41,177.33,4671614.77,4671792.1,1592242.49,1592065.16,0
7,PAYMENT,141,15589.56,480.0,0.0,0.0,0.0,0
7,CASH_OUT,133,522587.78,0.0,0.0,11750520.17,12291692.13,0
7,CASH_OUT,279,158128.11,14790.0,0.0,620925.65,779053.76,0
7,CASH_OUT,43,8132.18,21923.0,13790.82,38893.6,8182.44,0
7,TRANSFER,43,457718.46,993.0,0.0,0.0,457718.46,0
7,CASH_IN,42,353451.23,99138.0,452589.23,0.0,0.0,0
7,CASH_IN,305,409567.1,3469558.15,3879125.25,3676209.07,3266641.96,0
7,PAYMENT,178,15158.82,0.0,0.0,0.0,0.0,0
7,CASH_OUT,139,145576.94,0.0,0.0,902076.07,1047653.02,0
7,CASH_OUT,471,99033.4,0.0,0.0,296325.52,395358.92,0
7,CASH_IN,253,478983.69,189716.0,668699.69,472669.2,0.0,0
7,PAYMENT,206,2196.17,21409.0,19212.83,0.0,0.0,0
7,CASH_IN,22,197115.23,12087.0,209202.23,458115.0,260999.78,0
7,PAYMENT,187,7671.94,29420.51,21748.57,0.0,0.0,0
7,CASH_OUT,110,743311.65,743311.65,0.0,0.0,743311.65,1
7,CASH_IN,36,132938.17,2927312.81,3060250.98,462028.97,329090.79,0
7,CASH_IN,256,141978.04,1981206.68,2123184.72,3711595.36,3569617.31,0
7,CASH_IN,212,89604.29,8225919.83,8315524.12,99224.48,9620.19,0
7,CASH_OUT,12,72125.7,0.0,0.0,859260.2,1264160.53,0
7,CASH_IN,202,199642.23,18128055.7,18327697.93,2210692.48,2011050.25,0
7,CASH_OUT,378,131761.97,14634.0,0.0,0.0,131761.97,0
7,PAYMENT,254,8521.17,42071.0,33549.83,0.0,0.0,0
7,CASH_OUT,370,650330.51,0.0,0.0,1448368.72,2098699.23,0
7,CASH_OUT,40,31930.24,31930.24,0.0,113287.58,145217.82,1
7,CASH_OUT,345,387490.7,20790.0,0.0,657954.35,1045445.05,0
7,PAYMENT,280,1709.12,0.0,0.0,0.0,0.0,0
7,PAYMENT,311,21836.11,0.0,0.0,0.0,0.0,0
7,CASH_OUT,471,168089.79,51592.0,0.0,34526.7,202616.48,0
7,CASH_OUT,202,186872.02,0.0,0.0,7060774.23,7247646.25,0
7,CASH_IN,381,448214.3,6434648.6,6882862.9,7124942.58,6676728.28,0
7,CASH_OUT,397,39705.44,0.0,0.0,161784.7,201490.14,0
7,CASH_IN,355,60032.63,3278.0,63310.63,255547.55,195514.92,0
7,TRANSFER,407,48132.52,48132.52,0.0,0.0,0.0,1
7,PAYMENT,348,31531.98,41582.0,10050.02,0.0,0.0,0
7,CASH_OUT,305,276140.16,0.0,0.0,931266.8,1207406.96,0
7,PAYMENT,358,725.51,176773.0,176047.49,0.0,0.0,0
7,PAYMENT,44,11307.73,53862.0,42554.27,0.0,0.0,0
7,CASH_OUT,209,250012.37,10580.0,0.0,0.0,250012.37,0
7,PAYMENT,298,34239.01,0.0,0.0,0.0,0.0,0
7,CASH_OUT,277,193874.99,0.0,0.0,1741660.33,1935535.32,0
7,PAYMENT,202,2693.99,35913.0,33219.01,0.0,0.0,0
7,CASH_IN,137,80064.29,2100508.34,2180572.63,602659.16,522594.87,0
7,CASH_OUT,331,27810.27,11444.0,0.0,289353.61,317163.87,0
7,PAYMENT,182,6331.17,22658.0,16326.83,0.0,0.0,0
7,CASH_OUT,379,402867.36,0.0,0.0,11257486.08,11660353.44,0
7,PAYMENT,1,5170.23,184781.0,179610.77,0.0,0.0,0
7,CASH_IN,249,53616.38,2837083.17,2890699.55,3392753.47,3339137.08,0
7,CASH_IN,305,19408.2,1162378.9,1181787.11,1162123.39,1142715.19,0
7,PAYMENT,514,1645.44,0.0,0.0,0.0,0.0,0
7,CASH_OUT,703,13024.95,13024.95,0.0,0.0,13024.95,1
7,PAYMENT,43,5503.61,0.0,0.0,0.0,0.0,0
7,CASH_IN,350,8613.75,10674.0,19287.75,28814074.52,28805460.77,0
7,PAYMENT,138,24473.36,28062.21,3588.85,0.0,0.0,0
7,PAYMENT,203,391.76,9454.03,9062.27,0.0,0.0,0
7,CASH_OUT,620,161272.92,161272.92,0.0,783850.08,945123.0,1
7,CASH_IN,237,102400.8,40856.0,143256.8,0.0,0.0,0
7,CASH_IN,300,21861.09,3314406.48,3336267.58,6298642.81,6276781.72,0
7,PAYMENT,259,1411.26,0.0,0.0,0.0,0.0,0
7,CASH_IN,162,451987.98,280615.0,732602.98,971120.3,519132.33,0
7,TRANSFER,185,824345.73,0.0,0.0,903978.4,2383815.55,0
7,TRANSFER,550,55221.24,0.0,0.0,1237760.12,1292981.36,0
7,CASH_IN,182,179192.42,10630233.19,10809425.61,624249.43,445057.01,0
7,CASH_OUT,301,12458.2,65601.0,53142.8,2954.46,15412.66,0
7,PAYMENT,130,3601.87,108563.86,104962.0,0.0,0.0,0
7,TRANSFER,300,370901.95,460048.0,89146.05,0.0,370901.95,0
7,CASH_IN,130,336051.82,0.0,336051.82,57584.42,0.0,0
7,CASH_OUT,274,382965.35,0.0,0.0,490935.41,873900.76,0
7,PAYMENT,353,14310.1,10448.0,0.0,0.0,0.0,0
7,PAYMENT,18,9305.84,379790.52,370484.68,0.0,0.0,0
7,CASH_OUT,348,106601.88,0.0,0.0,447212.72,553814.6,0
7,DEBIT,41,3370.76,0.0,0.0,335567.47,0.0,0
7,PAYMENT,42,19807.3,31203.04,11395.74,0.0,0.0,0
7,PAYMENT,7,2418.83,0.0,0.0,0.0,0.0,0
7,TRANSFER,639,49199.2,49199.2,0.0,0.0,0.0,1
7,CASH_OUT,228,492643.56,148440.0,0.0,42128.41,534771.97,0
7,PAYMENT,155,3077.97,0.0,0.0,0.0,0.0,0
7,CASH_OUT,181,8485.36,0.0,0.0,2776488.79,2784974.14,0
7,CASH_IN,355,10074.7,5261.0,15335.7,115139.1,105064.4,0
7,PAYMENT,256,8086.68,11066.0,2979.32,0.0,0.0,0
7,TRANSFER,140,444584.67,671.0,0.0,100561.94,545146.61,0
7,CASH_OUT,137,209535.19,0.0,0.0,220163.55,429698.74,0
8,PAYMENT,299,36007.27,115691.0,79683.73,0.0,0.0,0
8,CASH_OUT,212,221008.36,0.0,0.0,355608.03,576616.38,0
8,CASH_OUT,340,26478.48,26478.48,0.0,403400.86,429879.34,1
8,CASH_IN,325,303051.97,1237453.32,1540505.29,1224523.17,921471.2,0
8,TRANSFER,43,879034.65,0.0,0.0,2388817.63,3267852.29,0
8,CASH_OUT,236,12052.07,0.0,0.0,256647.52,268699.59,0
8,PAYMENT,375,17387.61,1077.0,0.0,0.0,0.0,0
8,CASH_OUT,213,74179.35,0.0,0.0,988505.52,1062684.86,0
8,CASH_OUT,213,188658.45,188658.45,0.0,0.0,188658.45,1
8,CASH_IN,141,240855.41,12969856.03,13210711.44,245726.74,4871.33,0
8,PAYMENT,527,142.05,2397.0,2254.95,0.0,0.0,0
8,CASH_OUT,330,41980.69,429071.0,387090.31,463114.37,273575.23,0
8,CASH_OUT,208,116620.49,0.0,0.0,425551.57,542172.06,0
8,DEBIT,95,4708.99,103381.0,98672.01,697155.3,701864.3,0
8,CASH_IN,352,348014.29,6245659.65,6593673.93,7739226.31,7391212.03,0
8,CASH_OUT,17,55738.72,227.0,0.0,3180320.74,3236059.46,0
8,CASH_IN,159,5703.14,2266369.97,2272073.11,5059659.5,5053956.36,0
8,CASH_OUT,34,253270.06,106325.0,0.0,220482.81,473752.87,0
8,CASH_IN,18,145574.27,25768.0,171342.27,0.0,0.0,0
8,CASH_OUT,401,107522.78,0.0,0.0,377256.43,484779.21,0
8,PAYMENT,345,2216.31,0.0,0.0,0.0,0.0,0
8,CASH_IN,394,25634.67,1360388.17,1386022.84,158234.79,132600.12,0
8,CASH_IN,207,29163.52,4543966.9,4573130.42,365508.77,336345.25,0
8,PAYMENT,356,8224.04,7391.0,0.0,0.0,0.0,0
8,PAYMENT,353,11282.33,11078.0,0.0,0.0,0.0,0
8,TRANSFER,448,14133.69,14133.69,0.0,0.0,0.0,1
8,CASH_OUT,709,29848.42,11878.0,0.0,0.0,29848.42,0
8,CASH_OUT,300,24172.0,0.0,0.0,159867.31,184039.3,0
8,PAYMENT,17,10995.39,0.0,0.0,0.0,0.0,0
8,PAYMENT,300,42095.99,114094.0,71998.01,0.0,0.0,0
8,CASH_OUT,381,122556.37,45660.95,0.0,278595.51,401151.88,0
8,CASH_OUT,254,153655.13,0.0,0.0,7330360.85,7484015.99,0
8,PAYMENT,137,10420.8,10374.0,0.0,0.0,0.0,0
8,TRANSFER,42,1061677.43,51285.0,0.0,160806.1,1222483.52,0
8,TRANSFER,283,332094.76,0.0,0.0,2569047.07,2901141.83,0
8,PAYMENT,183,13198.95,19995.0,6796.05,0.0,0.0,0
8,CASH_IN,273,80668.09,33158.0,113826.09,3598623.81,3517955.72,0
8,PAYMENT,190,5304.01,0.0,0.0,0.0,0.0,0
8,CASH_IN,503,80762.94,2607877.13,2688640.07,417901.11,337138.17,0
8,CASH_IN,255,164007.14,10158.0,174165.14,130871.32,0.0,0
8,CASH_OUT,122,2658595.89,2658595.89,0.0,286931.14,2945527.03,1
8,PAYMENT,299,9513.59,0.0,0.0,0.0,0.0,0
8,PAYMENT,236,19496.77,0.0,0.0,0.0,0.0,0
8,CASH_OUT,349,329531.83,0.0,0.0,1945656.27,2275188.1,0
8,PAYMENT,10,8292.01,759552.81,751260.8,0.0,0.0,0
8,CASH_OUT,406,362281.27,0.0,0.0,7282442.52,7644723.78,0
8,CASH_IN,399,151577.26,38548.0,190125.26,257906.35,106329.09,0
8,CASH_OUT,379,36314.98,136078.0,99763.02,0.0,36314.98,0
8,CASH_OUT,380,53712.62,0.0,0.0,2742354.55,2796067.17,0
8,PAYMENT,42,5818.42,0.0,0.0,0.0,0.0,0
8,CASH_OUT,137,107618.33,99782.0,0.0,724885.24,832503.57,0
8,PAYMENT,383,87.74,0.0,0.0,0.0,0.0,0
8,CASH_OUT,330,29328.94,4568.0,0.0,91364.08,120693.02,0
8,PAYMENT,212,2920.55,16133.0,13212.45,0.0,0.0,0
8,TRANSFER,254,121379.94,5009.0,0.0,0.0,121379.94,0
8,CASH_IN,252,148989.6,4280104.38,4429093.98,671698.77,522709.17,0
8,CASH_OUT,381,265821.98,182539.86,0.0,623473.03,889295.01,0
8,PAYMENT,345,20853.76,0.0,0.0,0.0,0.0,0
8,CASH_OUT,131,225961.96,326604.0,100642.04,0.0,225961.96,0
8,PAYMENT,396,46774.1,80912.2,34138.1,0.0,0.0,0
8,CASH_OUT,34,562329.97,29871.0,0.0,659856.71,1751477.68,0
8,CASH_OUT,374,258428.29,0.0,0.0,4958951.36,5217379.65,0
8,CASH_OUT,261,83741.67,52830.0,0.0,0.0,83741.67,0
8,CASH_OUT,141,272574.03,73539.0,0.0,0.0,272574.03,0
8,CASH_OUT,15,154690.51,475705.88,321015.37,7577465.13,7732155.64,0
8,PAYMENT,161,20153.66,75065.14,54911.48,0.0,0.0,0
8,PAYMENT,548,19435.57,1168.0,0.0,0.0,0.0,0
8,CASH_OUT,254,51062.87,0.0,0.0,488644.69,539707.56,0
8,CASH_IN,235,169140.46,32536098.14,32705238.59,938356.49,769216.03,0
8,CASH_IN,33,138277.27,4567411.42,4705688.69,3951032.77,3812755.5,0
8,CASH_OUT,404,137467.47,0.0,0.0,14794755.98,14932223.45,0
8,CASH_OUT,257,457723.48,779.0,0.0,0.0,457723.48,0
8,CASH_OUT,310,157709.69,0.0,0.0,8189436.57,8347146.26,0
8,CASH_IN,249,226107.49,6436088.23,6662195.72,252109.35,0.0,0
8,CASH_IN,306,130430.14,8956376.16,9086806.3,181315.86,50885.73,0
8,CASH_IN,20,78444.32,6624868.36,6703312.68,1180427.64,1110916.54,0
8,CASH_OUT,241,657417.64,657417.64,0.0,0.0,657417.64,1
8,CASH_IN,130,352786.55,808641.68,1161428.23,2433918.12,2081131.57,0
8,PAYMENT,136,25479.41,13674.56,0.0,0.0,0.0,0
8,PAYMENT,239,1065.25,57459.0,56393.75,0.0,0.0,0
8,PAYMENT,262,1851.49,233.0,0.0,0.0,0.0,0
8,CASH_OUT,687,189720.31,30757.0,0.0,0.0,189720.31,0
8,CASH_OUT,136,163465.2,0.0,0.0,485010.48,648475.67,0
8,TRANSFER,140,555211.48,0.0,0.0,12430382.61,12985594.09,0
8,CASH_OUT,431,966389.93,966389.93,0.0,0.0,966389.93,1
8,CASH_OUT,277,2392482.86,2392482.86,0.0,2414558.13,4807040.99,1
8,CASH_OUT,522,188869.46,0.0,0.0,1120839.6,1309709.06,0
8,PAYMENT,131,44511.33,0.0,0.0,0.0,0.0,0
8,CASH_IN,403,280592.75,54666.0,335258.75,2311345.6,2030752.86,0
8,PAYMENT,349,34053.73,0.0,0.0,0.0,0.0,0
8,PAYMENT,186,13159.65,3518.0,0.0,0.0,0.0,0
8,TRANSFER,146,322329.78,322329.78,0.0,0.0,0.0,1
8,TRANSFER,141,3049.92,23438.0,20388.08,0.0,3049.92,0
8,PAYMENT,153,7214.46,11633.0,4418.54,0.0,0.0,0
8,CASH_OUT,353,141261.33,50256.0,0.0,67843.38,209104.71,0
8,PAYMENT,259,4869.86,49.0,0.0,0.0,0.0,0
8,CASH_IN,277,113445.86,1822610.84,1936056.7,226567.27,113121.41,0
8,CASH_OUT,184,22441.13,0.0,0.0,219696.87,242138.01,0
8,PAYMENT,306,2813.71,39256.97,36443.26,0.0,0.0,0
8,TRANSFER,156,805319.81,805319.81,0.0,0.0,0.0,1
8,CASH_IN,9,29426.0,10328768.22,10358194.22,62234.0,32808.0,0
8,PAYMENT,184,14880.58,63673.66,48793.08,0.0,0.0,0
8,PAYMENT,258,6532.67,90302.0,83769.33,0.0,0.0,0
8,CASH_OUT,404,123429.63,108.0,0.0,2172620.36,2296049.99,0
8,CASH_OUT,594,41183.22,0.0,0.0,5298340.37,5339523.59,0
8,CASH_OUT,354,222805.88,170.0,0.0,536360.57,759166.45,0
8,CASH_OUT,165,58718.21,100432.0,41713.79,1498806.17,1557524.38,0
8,CASH_IN,43,286691.79,22050.0,308741.79,0.0,0.0,0
8,PAYMENT,211,982.53,138540.0,137557.47,0.0,0.0,0
8,PAYMENT,263,6214.81,28589.0,22374.19,0.0,0.0,0
8,PAYMENT,160,3899.94,11253.0,7353.06,0.0,0.0,0
8,CASH_OUT,14,268412.44,854.0,0.0,1340262.13,1608674.57,0
8,CASH_OUT,143,201494.3,15238.86,0.0,4574720.4,4776214.7,0
8,PAYMENT,10,88.27,0.0,0.0,0.0,0.0,0
8,TRANSFER,304,10000000.0,0.0,0.0,10026461.83,20427539.97,0
8,PAYMENT,34,33487.13,20161.0,0.0,0.0,0.0,0
8,CASH_OUT,403,93936.42,0.0,0.0,3912780.09,4006716.51,0
8,CASH_OUT,306,319828.43,42521.0,0.0,3789628.32,4109456.75,0
8,CASH_OUT,325,204527.17,107473.0,0.0,164624.75,369151.92,0
8,CASH_OUT,399,297997.08,105496.0,0.0,570468.37,868465.45,0
8,CASH_OUT,165,112931.5,99198.0,0.0,0.0,112931.5,0
8,CASH_IN,251,23714.16,3292044.78,3315758.93,47567.76,23853.6,0
8,CASH_OUT,180,33174.97,0.0,0.0,2541387.56,2574562.53,0
8,CASH_IN,229,300870.61,237978.0,538848.61,1299168.56,998297.95,0
8,PAYMENT,145,15084.56,0.0,0.0,0.0,0.0,0
8,CASH_OUT,37,488168.27,0.0,0.0,494939.1,983107.37,0
8,CASH_OUT,488,326052.83,326052.83,0.0,0.0,326052.83,1
8,CASH_OUT,520,292059.37,20195.0,0.0,0.0,292059.37,0
8,CASH_OUT,252,153209.87,55618.0,0.0,493959.57,647169.44,0
8,PAYMENT,264,7064.84,10006.09,2941.25,0.0,0.0,0
8,CASH_OUT,304,139915.2,269790.0,129874.8,119009.63,258924.82,0
8,CASH_OUT,345,382945.92,0.0,0.0,8923058.13,9306004.05,0
8,CASH_IN,302,71951.94,2366806.27,2438758.21,3567383.37,3495431.43,0
8,CASH_OUT,177,141621.22,50360.0,0.0,0.0,141621.22,0
8,PAYMENT,35,1374.8,47435.39,46060.59,0.0,0.0,0
8,PAYMENT,252,23606.7,41043.0,17436.3,0.0,0.0,0
8,PAYMENT,403,11235.12,0.0,0.0,0.0,0.0,0
8,CASH_OUT,371,291520.0,0.0,0.0,583064.66,874584.65,0
8,TRANSFER,255,57433.67,12807.08,0.0,106580.46,164014.13,0
8,CASH_IN,236,305736.5,8975096.27,9280832.78,6134826.05,5829089.55,0
8,PAYMENT,330,22604.69,81981.63,59376.94,0.0,0.0,0
8,TRANSFER,9,684948.12,0.0,0.0,3466336.69,4233524.7,0
8,CASH_OUT,326,217346.65,4314.0,0.0,0.0,217346.65,0
8,CASH_OUT,132,3063.71,0.0,0.0,43008.44,46072.15,0
8,CASH_IN,130,189965.95,2612703.76,2802669.71,259291.77,69325.81,0
8,CASH_OUT,238,280411.56,0.0,0.0,8140025.9,8420437.46,0
8,PAYMENT,156,4506.41,184704.0,180197.59,0.0,0.0,0
8,CASH_OUT,373,72581.98,33134.0,0.0,3200821.87,3273403.85,0
8,CASH_IN,157,139558.4,4784334.64,4923893.04,373593.75,234035.35,0
8,PAYMENT,231,6959.46,0.0,0.0,0.0,0.0,0
8,CASH_OUT,162,96871.51,0.0,0.0,9413528.88,9510400.4,0
8,CASH_IN,180,362620.63,16145.0,378765.63,4354052.76,4236095.99,0
8,CASH_IN,351,22743.92,1658913.38,1681657.3,4872968.95,4850225.03,0
8,PAYMENT,231,3234.92,45172.0,41937.08,0.0,0.0,0
8,CASH_OUT,155,48862.72,0.0,0.0,1057063.51,1105926.23,0
8,TRANSFER,289,3374.25,3374.25,0.0,0.0,0.0,1
8,CASH_OUT,13,159001.63,623560.0,464558.37,0.0,159001.63,0
8,CASH_IN,34,103591.52,9485608.51,9589200.03,1179215.65,1075624.13,0
8,CASH_OUT,133,514789.16,16934.0,0.0,0.0,514789.16,0
8,CASH_OUT,322,16993.08,10950.0,0.0,0.0,16993.08,0
8,CASH_IN,471,219454.99,2197660.48,2417115.47,365343.74,145888.76,0
8,CASH_IN,43,276314.24,5486.0,281800.24,0.0,0.0,0
8,TRANSFER,331,170730.62,30403.0,0.0,0.0,170730.62,0
8,CASH_IN,156,139785.97,4077760.91,4217546.88,1947972.39,1808186.42,0
8,PAYMENT,286,40737.73,0.0,0.0,0.0,0.0,0
8,PAYMENT,284,5353.05,0.0,0.0,0.0,0.0,0
8,TRANSFER,350,889129.62,16317.0,0.0,734799.95,1623929.57,0
8,CASH_IN,131,97266.26,1010.0,98276.26,414732.3,317466.05,0
8,PAYMENT,321,19748.81,1604.85,0.0,0.0,0.0,0
8,PAYMENT,597,1576.75,19130.67,17553.92,0.0,0.0,0
8,CASH_OUT,32,2023920.09,2023920.09,0.0,1530400.88,3554320.97,1
8,CASH_IN,8,650.1,8488067.8,8488717.9,120106.12,119456.03,0
8,CASH_OUT,229,220344.16,61400.0,0.0,23018.84,243362.99,0
8,CASH_IN,40,16951.41,7064.0,24015.41,1000620.78,983669.37,0
8,PAYMENT,233,5129.51,0.0,0.0,0.0,0.0,0
8,CASH_IN,259,317918.19,10872.0,328790.19,97199.2,0.0,0
8,TRANSFER,305,206476.49,0.0,0.0,370365.3,576841.79,0
8,TRANSFER,377,482648.38,0.0,0.0,2001627.79,2484276.17,0
8,PAYMENT,309,1572.58,10434.0,8861.42,0.0,0.0,0
8,CASH_IN,426,4350.31,47188.0,51538.31,16097.13,11746.82,0
8,CASH_OUT,400,152653.99,510.0,0.0,0.0,152653.99,0
8,PAYMENT,546,13354.9,19879.0,6524.1,0.0,0.0,0
8,CASH_IN,298,242498.78,10820177.59,11062676.37,794853.45,552354.67,0
8,PAYMENT,307,6391.07,105573.0,99181.93,0.0,0.0,0
8,CASH_IN,180,95155.4,2461973.75,2557129.16,347006.95,251851.55,0
8,CASH_IN,15,109027.19,446638.08,555665.27,900096.32,476862.9,0
8,TRANSFER,229,873144.28,0.0,0.0,913331.78,1786476.06,0
8,CASH_IN,138,153638.85,5098777.84,5252416.69,269270.55,115631.7,0
8,PAYMENT,163,1960.2,0.0,0.0,0.0,0.0,0
8,CASH_OUT,347,265568.1,0.0,0.0,282540.97,548109.08,0
8,CASH_IN,329,159231.23,823.0,160054.23,659781.7,500550.47,0
8,CASH_OUT,15,494556.37,0.0,0.0,41637.21,536193.58,0
8,CASH_IN,131,646431.33,812607.88,1459039.2,3862777.35,3216346.02,0
8,PAYMENT,325,4624.04,0.0,0.0,0.0,0.0,0
8,CASH_OUT,355,13978.65,400925.9,386947.24,260221.52,274200.17,0
8,CASH_IN,370,294349.58,263.0,294612.58,0.0,0.0,0
8,CASH_OUT,370,232250.4,0.0,0.0,675206.53,907456.93,0
8,CASH_OUT,258,244421.35,0.0,0.0,314338.48,558759.84,0
8,PAYMENT,354,9891.06,0.0,0.0,0.0,0.0,0
8,CASH_OUT,398,86384.63,0.0,0.0,3643621.04,3730005.67,0
8,CASH_IN,332,195118.83,7095643.3,7290762.14,11178008.19,10982889.36,0
8,TRANSFER,11,379410.19,0.0,0.0,591551.64,970961.83,0
8,CASH_OUT,18,100616.6,0.0,0.0,1354211.15,1454827.74,0
8,CASH_OUT,373,253127.98,177570.61,0.0,333326.74,586454.72,0
8,PAYMENT,281,3339.92,22902.44,19562.51,0.0,0.0,0
8,CASH_IN,38,296983.04,11458.0,308441.04,939.33,0.0,0
8,CASH_OUT,631,341.3,341.3,0.0,135440.48,135781.78,1
8,PAYMENT,34,5958.74,0.0,0.0,0.0,0.0,0
8,CASH_OUT,132,43939.34,70415.0,26475.66,0.0,43939.34,0
8,TRANSFER,309,33321.93,559.0,0.0,0.0,33321.93,0
8,CASH_OUT,131,102659.25,0.0,0.0,151063.0,253722.24,0
8,CASH_OUT,17,157776.11,0.0,0.0,684253.35,842029.46,0
8,PAYMENT,306,2489.81,0.0,0.0,0.0,0.0,0
8,TRANSFER,20,1844569.28,1937.0,0.0,0.0,1844569.28,0
8,CASH_OUT,160,163094.5,0.0,0.0,2439665.76,2602760.26,0
8,CASH_IN,211,211059.87,1462174.55,1673234.42,253471.56,42411.69,0
8,CASH_OUT,356,165887.29,0.0,0.0,15392176.3,15558063.59,0
8,PAYMENT,345,25515.95,0.0,0.0,0.0,0.0,0
8,CASH_OUT,403,25053.13,0.0,0.0,305181.88,330235.02,0
8,CASH_IN,18,137959.61,2366614.71,2504574.32,1192326.56,934095.76,0
8,CASH_OUT,373,205763.11,0.0,0.0,1297176.68,1502939.8,0
8,TRANSFER,9,568203.34,0.0,0.0,2827452.66,6083972.46,0
8,PAYMENT,370,25453.24,51576.0,26122.76,0.0,0.0,0
8,CASH_IN,375,314636.61,3560133.24,3874769.85,1810192.4,1495555.79,0
8,CASH_OUT,132,2666.07,0.0,0.0,1310718.14,1313384.22,0
8,TRANSFER,180,437110.59,0.0,0.0,1344831.76,1781942.35,0
8,PAYMENT,142,5406.98,0.0,0.0,0.0,0.0,0
8,CASH_OUT,411,1240717.75,1240717.75,0.0,144986.76,1385704.52,1
8,TRANSFER,134,16250.56,0.0,0.0,960157.1,976407.66,0
8,PAYMENT,215,303.99,104937.0,104633.01,0.0,0.0,0
8,PAYMENT,9,10939.5,10695.0,0.0,0.0,0.0,0
8,PAYMENT,332,5865.84,45082.0,39216.16,0.0,0.0,0
8,TRANSFER,261,269009.11,0.0,0.0,2755651.52,3024660.63,0
8,CASH_OUT,11,122909.25,0.0,0.0,136098.26,264158.91,0
8,CASH_OUT,236,108766.13,0.0,0.0,237533.72,346299.85,0
8,TRANSFER,212,138541.7,0.0,0.0,560367.39,698909.09,0
8,CASH_OUT,179,445705.76,445705.76,0.0,0.0,445705.76,1
8,CASH_OUT,403,132825.7,0.0,0.0,184296.57,317122.27,0
8,PAYMENT,180,13046.16,0.0,0.0,0.0,0.0,0
8,PAYMENT,330,5443.91,267893.26,262449.35,0.0,0.0,0
8,CASH_IN,252,412992.67,3660354.29,4073346.96,6102680.76,5689688.09,0
8,TRANSFER,264,2384213.41,0.0,0.0,4106107.95,6490321.35,0
8,PAYMENT,300,38117.63,198446.0,160328.37,0.0,0.0,0
8,CASH_IN,183,7313.05,1200810.6,1208123.65,30130.91,22817.86,0
8,CASH_OUT,155,110187.78,0.0,0.0,335946.8,446134.58,0
8,CASH_IN,545,96849.65,9490066.67,9586916.33,539708.08,442858.43,0
8,TRANSFER,17,31185.74,0.0,0.0,56133.5,87319.24,0
8,CASH_IN,403,276432.13,55205.0,331637.13,118263.71,0.0,0
8,CASH_OUT,156,59247.17,0.0,0.0,207272.25,266519.42,0
8,CASH_OUT,43,147515.76,0.0,0.0,261180.37,408696.13,0
8,PAYMENT,183,19248.49,589.0,0.0,0.0,0.0,0
8,PAYMENT,305,57683.38,152061.0,94377.62,0.0,0.0,0
8,CASH_OUT,179,239087.81,0.0,0.0,14868128.44,15107216.25,0
8,CASH_IN,350,274619.08,420.0,275039.08,0.0,0.0,0
8,CASH_OUT,349,68864.64,0.0,0.0,77994.12,146858.76,0
8,CASH_OUT,327,129731.49,0.0,0.0,150316.07,280047.56,0
8,CASH_OUT,331,196060.91,0.0,0.0,464753.6,660814.51,0
8,CASH_OUT,213,141521.15,0.0,0.0,407965.31,549486.46,0
8,TRANSFER,374,1264549.84,52177.0,0.0,45524.91,1310074.75,0
8,CASH_OUT,165,45398.57,0.0,0.0,83338.79,128737.36,0
8,CASH_OUT,279,29799.36,10761.0,0.0,0.0,29799.36,0
8,PAYMENT,256,11032.3,33851.0,22818.7,0.0,0.0,0
8,PAYMENT,495,1575.53,0.0,0.0,0.0,0.0,0
8,PAYMENT,300,6162.0,51258.0,45096.0,0.0,0.0,0
8,PAYMENT,139,20989.75,27443.0,6453.25,0.0,0.0,0
8,CASH_OUT,380,8522.15,61069.0,52546.85,158269.67,166791.83,0
8,CASH_OUT,10,345374.28,1441318.19,1095943.91,435048.34,780422.62,0
8,CASH_IN,253,175231.13,7931084.67,8106315.8,202779.87,27548.73,0
8,CASH_OUT,158,29227.99,0.0,0.0,2498018.53,2527246.52,0
8,CASH_OUT,232,138429.05,0.0,0.0,872338.21,1010767.26,0
8,CASH_IN,19,233659.6,8139417.75,8373077.36,304746.58,0.0,0
8,CASH_IN,207,77692.52,32192.0,109884.52,0.0,0.0,0
8,PAYMENT,403,19952.12,40549.0,20596.88,0.0,0.0,0
8,CASH_OUT,521,157277.0,157277.0,0.0,369445.83,526722.83,1
8,PAYMENT,354,1337.0,10112.0,8775.0,0.0,0.0,0
8,PAYMENT,162,8809.53,5203.0,0.0,0.0,0.0,0
8,PAYMENT,329,7661.0,0.0,0.0,0.0,0.0,0
8,CASH_OUT,160,209122.89,0.0,0.0,214493.33,423616.22,0
8,CASH_OUT,397,280341.39,0.0,0.0,440389.87,720731.26,0
8,PAYMENT,36,5068.04,0.0,0.0,0.0,0.0,0
8,PAYMENT,237,5029.34,0.0,0.0,0.0,0.0,0
8,PAYMENT,257,3099.91,12552.0,9452.09,0.0,0.0,0
8,CASH_OUT,692,63052.26,110200.0,47147.74,1863587.32,1926639.58,0
8,PAYMENT,589,27975.18,184510.0,156534.82,0.0,0.0,0
8,TRANSFER,40,636667.91,11379.0,0.0,954937.03,1591604.95,0
8,CASH_IN,228,81149.92,0.0,81149.92,173676.53,92526.61,0
8,CASH_OUT,259,257020.75,21158.0,0.0,0.0,257020.75,0
8,CASH_OUT,402,571837.94,0.0,0.0,800539.02,1372376.95,0
8,PAYMENT,42,19172.27,103128.68,83956.4,0.0,0.0,0
8,CASH_OUT,360,25626.79,8496.02,0.0,375172.22,400799.01,0
8,TRANSFER,15,85636.71,0.0,0.0,140160.38,225797.09,0
8,CASH_OUT,169,19244.9,19244.9,0.0,264512.88,283757.78,1
8,CASH_OUT,304,45277.21,0.0,0.0,108282.52,153559.73,0
8,TRANSFER,226,9666.99,0.0,0.0,120587.24,130254.23,0
8,CASH_OUT,302,113789.66,28071.0,0.0,0.0,113789.66,0
8,PAYMENT,397,49086.08,22451.0,0.0,0.0,0.0,0
8,CASH_IN,18,184294.23,19482309.86,19666604.09,572341.88,306278.08,0
8,CASH_OUT,511,150929.12,150929.12,0.0,136233.24,287162.36,1
8,PAYMENT,373,3072.74,0.0,0.0,0.0,0.0,0
8,CASH_IN,179,366624.91,4684826.85,5051451.76,1541587.39,1174962.48,0
8,CASH_IN,353,505825.58,1521132.95,2026958.52,903037.46,397211.88,0
8,CASH_IN,160,269270.8,14979.0,284249.8,916896.41,647625.62,0
8,CASH_OUT,383,233960.26,0.0,0.0,478325.2,712285.46,0
8,PAYMENT,96,6295.45,19822.67,13527.22,0.0,0.0,0
8,PAYMENT,18,9083.1,7288.05,0.0,0.0,0.0,0
8,PAYMENT,165,12207.8,0.0,0.0,0.0,0.0,0
8,CASH_OUT,39,245075.32,0.0,0.0,1201187.06,1446262.39,0
8,PAYMENT,378,15606.86,335.0,0.0,0.0,0.0,0
8,PAYMENT,276,348.98,10075.0,9726.02,0.0,0.0,0
8,PAYMENT,233,16872.85,77328.82,60455.96,0.0,0.0,0
8,PAYMENT,527,7742.7,0.0,0.0,0.0,0.0,0
8,CASH_OUT,372,195650.38,9714.0,0.0,138856.94,334507.32,0
8,CASH_IN,134,90725.88,23492.0,114217.88,2271902.25,2181176.37,0
8,PAYMENT,136,17199.63,0.0,0.0,0.0,0.0,0
8,CASH_OUT,658,24522.52,24522.52,0.0,155677.01,180199.53,1
8,PAYMENT,281,15785.38,5098.0,0.0,0.0,0.0,0
8,CASH_IN,234,147330.26,1212300.85,1359631.1,393948.3,246618.04,0
8,CASH_OUT,276,106216.12,0.0,0.0,714089.43,820305.55,0
8,CASH_OUT,130,151305.16,0.0,0.0,2422207.87,2573513.03,0
8,CASH_OUT,16,271482.43,45264.0,0.0,255509.68,526992.11,0
8,CASH_IN,348,197461.15,50351.0,247812.15,7924775.35,7727314.19,0
8,CASH_OUT,372,163903.26,0.0,0.0,756086.89,919990.15,0
8,CASH_OUT,258,92445.04,9084.0,0.0,316391.09,408836.13,0
8,CASH_OUT,695,799123.57,799123.57,0.0,5474293.01,6273416.58,1
8,CASH_IN,260,102451.63,3004841.39,3107293.02,869322.81,766871.18,0
8,CASH_OUT,210,446528.7,0.0,0.0,1115830.9,1562359.59,0
8,TRANSFER,394,570959.61,0.0,0.0,591701.18,1162660.79,0
8,CASH_OUT,132,367574.28,0.0,0.0,468776.85,836351.13,0
8,CASH_IN,302,60394.33,10292373.84,10352768.17,909176.73,848782.4,0
8,PAYMENT,42,2252.08,7003.94,4751.86,0.0,0.0,0
8,PAYMENT,185,14488.98,15473.16,984.18,0.0,0.0,0
8,PAYMENT,357,11330.58,0.0,0.0,0.0,0.0,0
8,CASH_OUT,219,555731.98,555731.98,0.0,78575.49,634307.48,1
8,CASH_OUT,136,180460.53,440.0,0.0,2389231.45,2569691.98,0
8,CASH_IN,356,81610.88,255.0,81865.88,0.0,0.0,0
8,CASH_OUT,359,345181.04,0.0,0.0,3514638.41,3859819.45,0
8,CASH_OUT,35,266208.91,53093.0,0.0,357161.12,623370.03,0
8,CASH_IN,301,284409.14,10538.0,294947.14,42602.77,0.0,0
8,PAYMENT,373,31149.98,11118.0,0.0,0.0,0.0,0
8,CASH_IN,278,187760.15,18203482.84,18391242.99,558258.04,370497.9,0
8,TRANSFER,161,354556.35,0.0,0.0,541398.73,895955.08,0
8,CASH_IN,428,116199.81,7181341.03,7297540.84,588872.1,472672.29,0
8,PAYMENT,369,1423.28,31010.0,29586.72,0.0,0.0,0
8,CASH_OUT,610,637988.11,0.0,0.0,4885969.58,5523957.69,0
8,CASH_OUT,323,130888.8,0.0,0.0,719163.81,850052.6,0
8,PAYMENT,155,9080.92,0.0,0.0,0.0,0.0,0
8,CASH_OUT,571,127979.55,60824.0,0.0,1544893.21,1672872.76,0
8,CASH_OUT,396,329620.53,0.0,0.0,345936.42,675556.95,0
8,CASH_IN,187,403876.17,736043.32,1139919.49,714087.56,310211.39,0
8,CASH_OUT,12,136347.04,358824.0,222476.96,689475.64,941552.69,0
8,PAYMENT,161,12157.62,5562.0,0.0,0.0,0.0,0
8,PAYMENT,133,38547.87,0.0,0.0,0.0,0.0,0
8,CASH_IN,132,126396.75,493635.03,620031.78,7192351.45,7065954.69,0
8,CASH_OUT,189,325981.74,41744.0,0.0,1092036.21,1418017.95,0
8,CASH_OUT,594,156709.28,21563.0,0.0,160971.11,317680.39,0
8,CASH_IN,177,84332.61,175.0,84507.61,1318572.91,1234240.3,0
8,PAYMENT,324,5005.92,0.0,0.0,0.0,0.0,0
8,PAYMENT,398,13018.53,0.0,0.0,0.0,0.0,0
8,PAYMENT,14,47.32,93480.45,93433.13,0.0,0.0,0
8,PAYMENT,187,9339.88,388163.18,378823.31,0.0,0.0,0
8,CASH_IN,256,412296.38,2117.0,414413.38,1036221.64,623925.26,0
8,PAYMENT,326,38309.27,0.0,0.0,0.0,0.0,0
8,PAYMENT,136,27191.82,2799.58,0.0,0.0,0.0,0
8,PAYMENT,381,20350.4,7854.0,0.0,0.0,0.0,0
8,TRANSFER,188,217643.08,29977.0,0.0,144973.24,362616.32,0
8,CASH_OUT,250,311844.71,162.0,0.0,975975.8,1287820.51,0
8,PAYMENT,374,6257.81,0.0,0.0,0.0,0.0,0
8,CASH_OUT,186,268415.16,109572.0,0.0,8939575.04,9207990.21,0
8,CASH_IN,235,200746.72,3226964.18,3427710.89,282988.13,82241.41,0
8,PAYMENT,332,4202.86,0.0,0.0,0.0,0.0,0
8,CASH_OUT,323,131872.45,0.0,0.0,1904792.15,2036664.6,0
8,PAYMENT,137,7220.01,20109.0,12888.99,0.0,0.0,0
8,CASH_OUT,279,662524.32,10493.0,0.0,2422408.32,3084932.64,0
8,PAYMENT,522,13828.23,0.0,0.0,0.0,0.0,0
8,CASH_OUT,237,285520.64,0.0,0.0,899543.72,1185064.35,0
8,CASH_OUT,277,76884.5,4619.0,0.0,0.0,76884.5,0
8,CASH_OUT,640,1266752.6,1266752.6,0.0,0.0,1266752.6,1
8,CASH_IN,396,139504.35,51722.0,191226.35,3276829.13,3137324.78,0
8,PAYMENT,134,19309.68,0.0,0.0,0.0,0.0,0
8,CASH_IN,36,122421.39,14996305.49,15118726.88,1884137.41,1761716.02,0
8,CASH_OUT,137,137795.32,6033.0,0.0,403119.52,540914.84,0
8,TRANSFER,731,219934.26,219934.26,0.0,0.0,0.0,1
8,CASH_OUT,322,194611.08,5085.0,0.0,0.0,194611.08,0
8,TRANSFER,189,117230.88,0.0,0.0,7256954.16,7374185.04,0
8,CASH_IN,259,70854.12,21384.0,92238.12,605370.62,534516.49,0
8,CASH_OUT,379,154708.1,55017.0,0.0,308472.7,463180.8,0
8,TRANSFER,234,210691.92,210691.92,0.0,0.0,0.0,1
8,CASH_OUT,342,22402.21,22402.21,0.0,192795.07,215197.27,1
8,CASH_OUT,370,342274.87,10011.03,0.0,434551.06,776825.93,0
8,PAYMENT,323,14258.54,0.0,0.0,0.0,0.0,0
8,TRANSFER,663,25472.32,25472.32,0.0,0.0,0.0,1
8,PAYMENT,187,6803.54,44.0,0.0,0.0,0.0,0
8,CASH_IN,135,185805.87,2846398.09,3032203.96,10725346.03,10539540.16,0
8,CASH_IN,355,44754.54,15478.0,60232.54,0.0,0.0,0
8,CASH_OUT,211,95023.82,0.0,0.0,1677892.02,1772915.83,0
8,CASH_OUT,355,244647.11,26206.0,0.0,32227.77,276874.88,0
8,PAYMENT,358,19193.19,196737.31,177544.13,0.0,0.0,0
8,PAYMENT,19,5303.32,10164.0,4860.68,0.0,0.0,0
8,CASH_IN,235,31662.21,1015776.23,1047438.43,382095.13,350432.92,0
8,CASH_IN,590,14521.17,577.0,15098.17,0.0,0.0,0
8,PAYMENT,236,480.12,0.0,0.0,0.0,0.0,0
8,PAYMENT,309,5271.64,0.0,0.0,0.0,0.0,0
8,CASH_IN,321,259409.73,244.0,259653.73,0.0,0.0,0
8,CASH_IN,249,53788.11,4336489.65,4390277.77,1021939.49,968151.37,0
8,PAYMENT,183,6987.41,0.0,0.0,0.0,0.0,0
8,CASH_OUT,332,105376.2,0.0,0.0,141535.71,246911.91,0
8,CASH_OUT,190,59467.14,0.0,0.0,2746141.58,2805608.72,0
8,CASH_OUT,35,182600.07,0.0,0.0,774746.89,957346.95,0
8,PAYMENT,350,3683.02,132339.87,128656.84,0.0,0.0,0
8,CASH_OUT,375,45416.19,0.0,0.0,3315390.4,3360806.6,0
8,CASH_IN,275,85564.76,6652103.78,6737668.54,702409.68,616844.92,0
8,TRANSFER,36,113338.99,113338.99,0.0,0.0,0.0,1
8,CASH_OUT,347,483481.8,20842.0,0.0,0.0,483481.8,0
8,CASH_OUT,16,91375.55,5521.0,0.0,960995.84,1340273.83,0
8,PAYMENT,211,5811.52,106804.0,100992.48,0.0,0.0,0
8,PAYMENT,213,4593.44,4644.0,50.56,0.0,0.0,0
8,CASH_IN,212,224280.47,2598086.38,2822366.85,1165928.61,941648.14,0
8,TRANSFER,569,2561698.04,2561698.04,0.0,0.0,0.0,1
8,PAYMENT,259,2130.89,50156.0,48025.11,0.0,0.0,0
8,PAYMENT,249,7406.1,0.0,0.0,0.0,0.0,0
8,TRANSFER,283,88611.25,1126.0,0.0,585827.35,674438.6,0
8,CASH_OUT,164,129391.4,30048.0,0.0,7337.7,136729.1,0
8,CASH_IN,137,69364.14,5728829.39,5798193.52,2348578.11,2279213.98,0
8,PAYMENT,321,23724.74,102770.05,79045.31,0.0,0.0,0
8,CASH_OUT,251,242720.41,0.0,0.0,1318087.74,1560808.15,0
8,CASH_OUT,131,135372.36,0.0,0.0,565685.52,1215793.74,0
8,CASH_OUT,404,73133.62,60388.0,0.0,24143.01,97276.63,0
8,PAYMENT,44,5474.55,18001.7,12527.15,0.0,0.0,0
8,CASH_OUT,36,27629.22,0.0,0.0,174997.91,202627.12,0
8,PAYMENT,139,50850.94,11933.0,0.0,0.0,0.0,0
8,TRANSFER,260,266920.55,58182.0,0.0,337983.52,604904.07,0
8,CASH_OUT,154,11803.22,8878.0,0.0,275505.42,287308.64,0
8,CASH_OUT,372,60117.35,0.0,0.0,3504650.19,3564767.54,0
8,CASH_IN,285,104539.09,3530600.83,3635139.92,2788357.02,2683817.93,0
8,CASH_OUT,14,287891.33,48551.0,0.0,681195.02,79310.32,0
8,CASH_IN,402,209301.28,4848560.09,5057861.36,1542017.86,1332716.59,0
8,CASH_OUT,186,152721.35,0.0,0.0,731291.68,884013.03,0
8,CASH_OUT,17,153917.36,9061.0,0.0,112930.89,280913.49,0
8,PAYMENT,38,1312.06,0.0,0.0,0.0,0.0,0
8,PAYMENT,213,11289.09,139.0,0.0,0.0,0.0,0
8,PAYMENT,303,7858.14,28649.0,20790.86,0.0,0.0,0
8,PAYMENT,251,14180.3,1893.0,0.0,0.0,0.0,0
8,TRANSFER,307,1085047.82,123232.0,0.0,6509368.47,7594416.29,0
8,CASH_OUT,254,11377.65,0.0,0.0,253431.16,264808.81,0
8,PAYMENT,21,44.64,9439.0,9394.36,0.0,0.0,0
8,CASH_IN,346,128848.11,3529.0,132377.11,0.0,0.0,0
8,CASH_IN,37,222980.3,342.0,223322.3,0.0,0.0,0
8,TRANSFER,306,85422.48,68830.46,0.0,661984.61,907755.34,0
8,PAYMENT,185,6902.82,0.0,0.0,0.0,0.0,0
8,PAYMENT,323,30601.32,0.0,0.0,0.0,0.0,0
8,CASH_OUT,227,100247.0,1016.0,0.0,0.0,100247.0,0
8,TRANSFER,305,1578901.39,0.0,0.0,20000000.0,21578901.39,0
8,CASH_OUT,383,106601.15,106601.15,0.0,2361916.89,2468518.04,1
8,CASH_IN,324,310273.94,566.0,310839.94,0.0,0.0,0
8,CASH_OUT,184,73062.85,0.0,0.0,1570395.52,1643458.36,0
8,CASH_OUT,230,111327.39,0.0,0.0,304051.27,415378.66,0
8,TRANSFER,354,437633.41,0.0,0.0,855961.62,1293595.03,0
8,TRANSFER,380,330218.85,330218.85,0.0,0.0,0.0,1
8,CASH_IN,324,76031.13,143231.0,219262.13,0.0,0.0,0
8,CASH_OUT,352,86059.54,0.0,0.0,443064.05,529123.6,0
8,PAYMENT,276,16173.27,0.0,0.0,0.0,0.0,0
8,CASH_OUT,160,303014.16,17181.0,0.0,0.0,303014.16,0
8,PAYMENT,16,1074.18,6184.0,5109.82,0.0,0.0,0
8,PAYMENT,16,16709.56,191.0,0.0,0.0,0.0,0
8,CASH_OUT,525,203280.85,203280.85,0.0,0.0,203280.85,1
8,PAYMENT,354,19254.31,0.0,0.0,0.0,0.0,0
8,PAYMENT,259,4896.3,16330.07,11433.77,0.0,0.0,0
8,CASH_IN,178,71797.21,4609584.8,4681382.01,495816.32,424019.1,0
8,CASH_IN,327,149961.76,99829.0,249790.76,56564.31,0.0,0
8,PAYMENT,13,10172.36,0.0,0.0,0.0,0.0,0
8,CASH_OUT,257,4026.71,65392.0,61365.29,49568.62,53595.32,0
8,PAYMENT,310,30856.9,4002.0,0.0,0.0,0.0,0
8,PAYMENT,354,6965.54,125929.0,118963.46,0.0,0.0,0
8,CASH_IN,41,213319.82,10208216.44,10421536.25,1687586.24,1474266.43,0
8,CASH_IN,397,271329.34,16911.0,288240.34,1305513.3,1034183.96,0
8,CASH_IN,139,106532.21,56193.0,162725.21,869393.65,762861.44,0
8,PAYMENT,39,7317.08,40323.0,33005.92,0.0,0.0,0
8,CASH_OUT,683,6545346.16,6545346.16,0.0,272331.73,6817677.89,1
8,CASH_OUT,234,40712.02,22947.0,0.0,1179109.21,1219821.24,0
8,CASH_OUT,372,260610.68,142.0,0.0,0.0,260610.68,0
8,CASH_OUT,208,52870.84,369740.0,316869.16,2208820.49,2261691.33,0
8,PAYMENT,36,1714.22,0.0,0.0,0.0,0.0,0
8,CASH_OUT,349,116597.74,15682.0,0.0,19710.94,136308.68,0
8,PAYMENT,327,63729.98,35317.29,0.0,0.0,0.0,0
8,CASH_IN,402,217768.16,3494.0,221262.16,913451.36,695683.2,0
8,CASH_OUT,13,215308.33,11614.0,0.0,0.0,215308.33,0
8,CASH_OUT,354,92228.29,4448.0,0.0,1444523.37,1536751.66,0
8,CASH_OUT,42,80076.32,0.0,0.0,613233.57,693309.89,0
8,CASH_IN,350,34844.13,1320.0,36164.13,0.0,0.0,0
8,CASH_OUT,226,194927.69,0.0,0.0,447896.0,642823.7,0
8,CASH_IN,211,14045.47,32973.0,47018.47,1727712.03,1713666.56,0
8,CASH_OUT,162,140657.94,20755.0,0.0,21016.72,161674.66,0
8,CASH_IN,544,264321.7,2604182.13,2868503.84,782744.1,518422.4,0
8,CASH_IN,39,165665.78,49529.0,215194.78,9164.45,0.0,0
8,PAYMENT,325,2710.77,0.0,0.0,0.0,0.0,0
8,TRANSFER,132,248752.89,0.0,0.0,511653.57,760406.46,0
8,CASH_IN,393,368459.71,4558379.67,4926839.38,422080.75,53621.04,0
8,CASH_IN,37,317643.54,19814382.79,20132026.33,1784803.18,1467159.64,0
8,CASH_IN,345,354483.17,5693225.2,6047708.37,902172.09,547688.92,0
8,PAYMENT,330,8408.01,0.0,0.0,0.0,0.0,0
9,CASH_IN,42,350265.85,4014787.54,4365053.39,3501644.87,2852960.56,0
9,CASH_IN,252,156887.57,576436.82,733324.39,180902.07,24014.51,0
9,CASH_OUT,234,154077.81,353525.01,199447.2,4378615.73,4532693.54,0
9,CASH_OUT,229,200713.03,23152.0,0.0,128873.72,281047.41,0
9,CASH_OUT,202,204058.26,219901.81,15843.55,226599.68,430657.94,0
9,CASH_IN,35,270314.51,30633.0,300947.51,0.0,0.0,0
9,PAYMENT,154,1742.64,12430.0,10687.36,0.0,0.0,0
9,CASH_OUT,7,43206.18,0.0,0.0,842508.92,5175906.61,0
9,CASH_OUT,133,36698.64,0.0,0.0,2969934.75,3006633.4,0
9,PAYMENT,187,17428.92,223709.0,206280.08,0.0,0.0,0
9,PAYMENT,38,6910.51,254512.17,247601.65,0.0,0.0,0
9,CASH_OUT,37,372764.7,4632.0,0.0,71314.57,444079.28,0
9,CASH_OUT,178,328082.99,0.0,0.0,355419.32,683502.31,0
9,CASH_OUT,205,198801.03,243.0,0.0,0.0,198801.03,0
9,DEBIT,376,9032.17,6022.0,0.0,516515.37,525547.53,0
9,CASH_IN,209,413993.16,30600.0,444593.16,295016.06,0.0,0
9,TRANSFER,18,11481.0,11481.0,0.0,0.0,263492.28,1
9,CASH_OUT,378,178859.17,118673.0,0.0,720801.88,899661.05,0
9,PAYMENT,395,24654.66,177807.0,153152.34,0.0,0.0,0
9,PAYMENT,236,949.81,727.0,0.0,0.0,0.0,0
9,CASH_OUT,9,432045.44,0.0,0.0,1433309.66,1711812.71,0
9,CASH_IN,228,129229.49,7339960.74,7469190.23,1311914.76,1182685.26,0
9,TRANSFER,307,467034.79,0.0,0.0,604311.65,1071346.45,0
9,PAYMENT,250,68.04,0.0,0.0,0.0,0.0,0
9,CASH_OUT,253,283566.56,178361.0,0.0,144373.89,427940.44,0
9,PAYMENT,301,34557.64,21087.0,0.0,0.0,0.0,0
9,CASH_IN,548,65467.12,53464.0,118931.12,65880.1,412.97,0
9,PAYMENT,9,3685.3,0.0,0.0,0.0,0.0,0
9,CASH_OUT,139,36260.66,49469.0,13208.34,1384269.26,1420529.92,0
9,PAYMENT,402,9844.65,0.0,0.0,0.0,0.0,0
9,CASH_OUT,227,2815893.17,2815893.17,0.0,104430.53,2920323.7,1
9,CASH_IN,570,184315.0,2202758.27,2387073.26,1139754.97,955439.97,0
9,PAYMENT,14,3621.9,9058.84,5436.93,0.0,0.0,0
9,TRANSFER,425,10000000.0,49585040.37,39585040.37,0.0,0.0,1
9,CASH_OUT,253,159199.87,50363.0,0.0,1979138.92,2138338.79,0
9,CASH_OUT,130,384864.94,79613.0,0.0,0.0,384864.94,0
9,CASH_OUT,522,79345.78,19910.0,0.0,1446479.99,1525825.77,0
9,CASH_OUT,187,79968.34,51500.0,0.0,0.0,79968.34,0
9,PAYMENT,179,16067.8,38514.0,22446.2,0.0,0.0,0
9,PAYMENT,374,59557.02,0.0,0.0,0.0,0.0,0
9,TRANSFER,550,21418.86,21418.86,0.0,0.0,0.0,1
9,TRANSFER,280,2625084.4,0.0,0.0,7116718.31,9741802.7,0
9,PAYMENT,205,3156.61,434216.17,431059.55,0.0,0.0,0
9,PAYMENT,277,30897.06,29809.0,0.0,0.0,0.0,0
9,CASH_OUT,235,73529.8,51815.0,0.0,0.0,73529.8,0
9,CASH_OUT,94,139737.82,81375.0,0.0,1198099.62,1337837.44,0
9,CASH_OUT,158,312656.76,182094.0,0.0,1279641.26,1592298.02,0
9,PAYMENT,331,11178.2,0.0,0.0,0.0,0.0,0
9,PAYMENT,373,8850.42,0.0,0.0,0.0,0.0,0
9,CASH_OUT,43,350789.59,350789.59,0.0,8785008.75,9135798.34,1
9,CASH_OUT,326,376415.06,61000.0,0.0,922861.0,1299276.06,0
9,PAYMENT,13,9820.84,0.0,0.0,0.0,0.0,0
9,CASH_IN,232,86504.49,7640502.55,7727007.04,725506.16,639001.67,0
9,CASH_IN,202,26811.27,180.0,26991.27,5093980.04,5067168.77,0
9,CASH_IN,10,177598.68,58066.98,235665.66,31753.93,0.0,0
9,PAYMENT,345,7137.1,0.0,0.0,0.0,0.0,0
9,PAYMENT,304,3679.75,16555.0,12875.25,0.0,0.0,0
9,CASH_OUT,305,200838.9,356167.53,155328.62,538308.53,739147.43,0
9,CASH_OUT,278,214917.4,0.0,0.0,1051808.91,1266726.3,0
9,PAYMENT,705,5935.73,0.0,0.0,0.0,0.0,0
9,CASH_OUT,10,242824.43,0.0,0.0,9824048.56,10066872.99,0
9,PAYMENT,321,3842.92,0.0,0.0,0.0,0.0,0
9,CASH_OUT,255,334993.34,62.0,0.0,0.0,334993.34,0
9,PAYMENT,18,6046.83,0.0,0.0,0.0,0.0,0
9,PAYMENT,370,13697.02,0.0,0.0,0.0,0.0,0
9,CASH_IN,225,284466.75,31045.0,315511.75,964971.59,680504.85,0
9,CASH_OUT,207,173445.18,0.0,0.0,375689.95,549135.14,0
9,CASH_OUT,378,161100.08,727.0,0.0,0.0,161100.08,0
9,PAYMENT,179,13481.49,6555.47,0.0,0.0,0.0,0
9,PAYMENT,9,1724.09,11061.0,9336.91,0.0,0.0,0
9,PAYMENT,378,18715.17,0.0,0.0,0.0,0.0,0
9,CASH_IN,451,110942.49,0.0,110942.49,923853.55,812911.06,0
9,PAYMENT,332,2991.32,0.0,0.0,0.0,0.0,0
9,CASH_OUT,232,109408.54,0.0,0.0,1626323.88,1932460.38,0
9,CASH_OUT,354,112597.33,49889.0,0.0,0.0,112597.33,0
9,CASH_OUT,179,82839.96,0.0,0.0,2013801.96,2096641.93,0
9,CASH_OUT,202,132380.28,0.0,0.0,13746221.81,14394288.99,0
9,CASH_IN,39,663541.51,4249583.76,4913125.27,2595577.03,1932035.52,0
9,TRANSFER,688,317764.72,0.0,0.0,2654037.47,2971802.19,0
9,CASH_OUT,201,34710.84,406.0,0.0,61572.23,96283.08,0
9,CASH_OUT,522,23345.84,30775.0,7429.16,103120.69,126466.53,0
9,PAYMENT,522,31360.26,0.0,0.0,0.0,0.0,0
9,CASH_IN,400,266374.76,4932555.71,5198930.48,330199.18,63824.42,0
9,CASH_OUT,690,66643.99,66643.99,0.0,26677.15,93321.15,1
9,CASH_IN,302,366050.84,1070.0,367120.84,6620879.38,6254828.54,0
9,CASH_IN,207,112591.93,6356446.62,6469038.55,10916591.1,10803999.17,0
9,TRANSFER,403,264286.19,264286.19,0.0,0.0,0.0,1
9,PAYMENT,378,7281.16,86.0,0.0,0.0,0.0,0
9,PAYMENT,136,3975.75,421782.32,417806.58,0.0,0.0,0
9,TRANSFER,320,171200.54,171200.54,0.0,0.0,0.0,1
9,CASH_OUT,559,55539.89,55539.89,0.0,498366.47,553906.36,1
9,CASH_OUT,21,244089.26,0.0,0.0,3960206.52,4302737.7,0
9,PAYMENT,204,1720.69,0.0,0.0,0.0,0.0,0
9,CASH_OUT,649,963966.56,963966.56,0.0,0.0,963966.56,1
9,CASH_IN,158,93252.41,4497757.14,4591009.55,4916709.57,4823457.16,0
9,CASH_OUT,156,89144.69,0.0,0.0,589125.72,678270.41,0
9,PAYMENT,9,1919.34,387276.0,385356.66,0.0,0.0,0
9,CASH_OUT,329,347367.4,0.0,0.0,25463083.08,25846674.6,0
9,PAYMENT,283,12581.88,0.0,0.0,0.0,0.0,0
9,CASH_OUT,156,170718.36,11048.0,0.0,0.0,170718.36,0
9,CASH_IN,399,105514.8,3011179.04,3116693.84,999191.85,893677.05,0
9,PAYMENT,17,3187.34,724589.49,721402.15,0.0,0.0,0
9,TRANSFER,132,118237.4,0.0,0.0,132683.76,250921.16,0
9,CASH_OUT,176,455709.8,455709.8,0.0,46498.39,502208.18,1
9,CASH_OUT,36,49299.1,0.0,0.0,233742.0,283041.1,0
9,CASH_OUT,304,71613.98,0.0,0.0,648334.89,719948.87,0
9,CASH_IN,356,2664.58,3332096.43,3334761.01,60624.92,57960.34,0
9,PAYMENT,323,3531.58,239732.0,236200.42,0.0,0.0,0
9,TRANSFER,232,600537.09,0.0,0.0,5403226.62,6003763.71,0
9,CASH_OUT,412,381977.83,381977.83,0.0,0.0,381977.83,1
9,PAYMENT,164,10459.49,0.0,0.0,0.0,0.0,0
9,CASH_OUT,306,158339.42,0.0,0.0,3126608.29,3284947.71,0
9,TRANSFER,185,464837.92,0.0,0.0,1164079.23,1628917.15,0
9,CASH_OUT,380,158921.66,9679.07,0.0,497627.03,656548.69,0
9,CASH_OUT,522,30578.55,51130.0,20551.45,0.0,30578.55,0
9,CASH_OUT,351,106210.91,30303.0,0.0,0.0,106210.91,0
9,CASH_OUT,274,174558.58,0.0,0.0,215414.69,389973.27,0
9,TRANSFER,686,1467968.73,1467968.73,0.0,0.0,0.0,1
9,CASH_OUT,186,107388.12,30361.0,0.0,138101.38,245489.5,0
9,CASH_OUT,250,189687.3,0.0,0.0,1672157.16,1861844.45,0
9,CASH_OUT,283,99040.7,88734.81,0.0,1763302.67,1862343.37,0
9,CASH_OUT,356,56528.79,0.0,0.0,181216.49,237745.28,0
9,CASH_IN,42,198929.2,218803.46,417732.66,1075250.05,876320.85,0
9,PAYMENT,255,6866.34,198722.86,191856.52,0.0,0.0,0
9,CASH_OUT,230,13654.33,24126.0,10471.67,320757.45,334411.78,0
9,TRANSFER,354,321693.9,0.0,0.0,704639.78,1026333.69,0
9,TRANSFER,678,1536733.52,1536733.52,0.0,0.0,0.0,1
9,CASH_OUT,139,36763.33,8762.0,0.0,498694.2,535457.53,0
9,PAYMENT,254,11404.61,0.0,0.0,0.0,0.0,0
9,PAYMENT,262,12724.69,0.0,0.0,0.0,0.0,0
9,PAYMENT,185,28224.0,12393.0,0.0,0.0,0.0,0
9,TRANSFER,495,296940.32,296940.32,0.0,0.0,0.0,1
9,CASH_OUT,163,124191.22,0.0,0.0,991254.75,1188094.07,0
9,PAYMENT,370,10717.81,19798.0,9080.19,0.0,0.0,0
9,PAYMENT,161,13388.5,79480.5,66092.0,0.0,0.0,0
9,CASH_OUT,132,283186.82,0.0,0.0,797825.77,1081012.59,0
9,PAYMENT,164,2111.23,0.0,0.0,0.0,0.0,0
9,CASH_OUT,281,218415.95,6561.0,0.0,0.0,218415.95,0
9,CASH_OUT,650,4480592.14,4480592.14,0.0,3244885.0,7725477.14,1
9,CASH_IN,380,644395.84,7797512.85,8441908.69,8459100.03,7814704.19,0
9,CASH_OUT,227,137196.35,0.0,0.0,835398.12,972594.47,0
9,PAYMENT,525,16916.14,128660.0,111743.86,0.0,0.0,0
9,CASH_OUT,378,34801.92,0.0,0.0,1810376.68,1845178.61,0
9,CASH_IN,209,271458.46,378706.4,650164.85,292382.53,20924.07,0
9,CASH_OUT,190,171250.56,96603.0,0.0,620074.09,791324.65,0
9,CASH_IN,162,95044.63,9546785.06,9641829.69,323459.5,228414.87,0
9,PAYMENT,228,7878.7,672291.08,664412.38,0.0,0.0,0
9,PAYMENT,299,42980.74,42405.0,0.0,0.0,0.0,0
9,TRANSFER,310,482289.14,15281.0,0.0,25895.81,508184.96,0
9,TRANSFER,355,737640.58,0.0,0.0,766743.03,1504383.61,0
9,TRANSFER,45,222925.84,0.0,0.0,1163671.88,1386597.71,0
9,CASH_OUT,164,61881.15,11250.0,0.0,0.0,61881.15,0
9,CASH_IN,186,75214.39,16011.0,91225.39,138894.0,0.0,0
9,CASH_OUT,307,12292.45,72173.0,59880.55,2407225.01,2419517.46,0
9,CASH_IN,165,16991.09,2520617.42,2537608.52,3033008.33,3016017.24,0
9,CASH_OUT,251,241654.09,131867.51,0.0,678303.98,919958.07,0
9,CASH_OUT,354,12960.3,0.0,0.0,79291.08,92251.38,0
9,PAYMENT,399,22236.68,0.0,0.0,0.0,0.0,0
9,CASH_OUT,323,404973.1,120.0,0.0,0.0,404973.1,0
9,CASH_OUT,281,137353.11,0.0,0.0,5004923.92,5142277.03,0
9,TRANSFER,353,1714813.64,0.0,0.0,2537471.87,4252285.51,0
9,CASH_IN,134,151060.24,1555189.45,1706249.69,10013969.03,9862908.79,0
9,CASH_OUT,303,215906.89,0.0,0.0,727812.25,943719.14,0
9,PAYMENT,397,23559.02,0.0,0.0,0.0,0.0,0
9,PAYMENT,382,9934.27,138.0,0.0,0.0,0.0,0
9,CASH_OUT,596,71518.07,177472.0,105953.93,628731.1,700249.18,0
9,CASH_OUT,371,265458.44,55084.0,0.0,71198.39,336656.83,0
9,TRANSFER,311,8589704.49,8589704.49,0.0,0.0,0.0,1
9,CASH_IN,431,226106.22,3944811.25,4170917.47,616847.23,390741.0,0
9,CASH_OUT,177,34851.84,81362.0,46510.16,45676.11,80527.95,0
9,CASH_OUT,326,257308.3,0.0,0.0,1124503.23,1381811.54,0
9,CASH_OUT,303,231170.55,0.0,0.0,2343384.37,2574554.92,0
9,CASH_IN,399,50088.46,20863610.78,20913699.24,58523.69,8435.23,0
9,CASH_OUT,157,44791.66,256.0,0.0,44917.51,89709.17,0
9,CASH_IN,18,595.35,3584366.88,3584962.23,625732.14,625136.79,0
9,PAYMENT,251,26784.81,20944.0,0.0,0.0,0.0,0
9,CASH_IN,93,81493.45,742201.3,823694.76,1463568.7,1382075.25,0
9,TRANSFER,121,254440.83,254440.83,0.0,0.0,0.0,1
9,PAYMENT,373,17061.83,0.0,0.0,0.0,0.0,0
9,CASH_OUT,388,236388.4,236388.4,0.0,0.0,236388.4,1
9,CASH_OUT,399,184062.25,0.0,0.0,277217.23,461279.49,0
9,TRANSFER,44,254019.98,64687.13,0.0,698410.15,952430.13,0
9,DEBIT,161,19912.43,10320.0,0.0,49488.0,0.0,0
9,CASH_IN,162,349192.81,8721717.79,9070910.61,478273.18,129080.37,0
9,PAYMENT,249,33128.64,0.0,0.0,0.0,0.0,0
9,CASH_OUT,522,8979.35,0.0,0.0,243726.74,252706.09,0
9,PAYMENT,375,26544.08,11310.0,0.0,0.0,0.0,0
9,CASH_OUT,154,1591.03,0.0,0.0,492432.18,2325250.22,0
9,CASH_IN,348,97355.59,4853306.05,4950661.64,193319.31,95963.72,0
9,CASH_IN,206,205271.48,19995.0,225266.48,510381.45,305109.97,0
9,PAYMENT,211,2116.27,291123.98,289007.72,0.0,0.0,0
9,CASH_OUT,132,64371.52,59751.0,0.0,695787.91,760159.43,0
9,PAYMENT,621,102.86,20069.0,19966.14,0.0,0.0,0
9,CASH_OUT,201,290337.74,22437.0,0.0,25322.61,315660.34,0
9,CASH_OUT,184,90346.05,90346.05,0.0,532789.09,623135.14,1
9,CASH_IN,524,154054.37,3341249.3,3495303.68,431732.47,277678.1,0
9,PAYMENT,94,2026.3,51386.0,49359.7,0.0,0.0,0
9,PAYMENT,331,1297.49,168277.0,166979.51,0.0,0.0,0
9,CASH_OUT,13,38831.91,0.0,0.0,53340.27,92172.18,0
9,CASH_OUT,15,414310.17,21006.0,0.0,110171.69,590278.49,0
9,CASH_OUT,551,92204.83,0.0,0.0,792531.24,884736.07,0
9,PAYMENT,322,12576.22,0.0,0.0,0.0,0.0,0
9,CASH_OUT,640,21602.13,106223.0,84620.87,0.0,21602.13,0
9,PAYMENT,165,3911.75,214292.0,210380.25,0.0,0.0,0
9,CASH_OUT,321,91321.37,0.0,0.0,195828.22,287149.59,0
9,CASH_OUT,354,73939.32,0.0,0.0,5648405.75,5571916.49,0
9,CASH_IN,154,57564.01,1076591.73,1134155.74,91378.5,808502.93,0
9,PAYMENT,356,1099.51,10734.0,9634.49,0.0,0.0,0
9,PAYMENT,203,443.87,18315.9,17872.03,0.0,0.0,0
9,CASH_OUT,299,619935.41,2130.6,0.0,3940076.45,4560011.86,0
9,PAYMENT,119,16894.63,0.0,0.0,0.0,0.0,0
9,CASH_IN,165,114639.23,68026.0,182665.23,6248526.8,6133887.56,0
9,CASH_IN,207,542025.74,20902.0,562927.74,1953429.3,1411403.57,0
9,PAYMENT,17,3788.17,0.0,0.0,0.0,0.0,0
9,PAYMENT,130,36054.03,0.0,0.0,0.0,0.0,0
9,CASH_OUT,284,283707.21,63941.57,0.0,9819958.7,10103665.91,0
9,CASH_OUT,251,442137.01,123184.0,0.0,195346.77,637483.78,0
9,CASH_OUT,164,217769.79,0.0,0.0,536067.95,753837.74,0
9,CASH_IN,254,82246.35,53177.0,135423.35,0.0,0.0,0
9,PAYMENT,357,10912.38,59050.0,48137.62,0.0,0.0,0
9,CASH_IN,303,113625.74,15881175.77,15994801.51,164856.67,51230.92,0
9,CASH_OUT,306,39949.77,12063.0,0.0,0.0,39949.77,0
9,PAYMENT,42,18248.31,11979.0,0.0,0.0,0.0,0
9,CASH_OUT,593,272776.59,272776.59,0.0,579980.59,852757.18,1
9,PAYMENT,439,6660.46,124575.0,117914.54,0.0,0.0,0
9,PAYMENT,280,9242.67,60360.0,51117.33,0.0,0.0,0
9,CASH_OUT,160,15614.29,92222.0,76607.71,238726.44,254340.73,0
9,DEBIT,282,2855.58,225214.0,222358.42,2418091.9,2420947.48,0
9,CASH_OUT,397,387408.11,387408.11,0.0,187203.74,574611.85,1
9,CASH_OUT,179,69127.89,54813.0,0.0,102605.9,171733.78,0
9,PAYMENT,130,19898.96,30131.0,10232.04,0.0,0.0,0
9,CASH_IN,406,147725.86,8849.0,156574.86,0.0,0.0,0
9,CASH_OUT,401,2842.64,0.0,0.0,1214590.97,1217433.61,0
9,PAYMENT,41,12249.35,0.0,0.0,0.0,0.0,0
9,PAYMENT,136,31045.09,385695.9,354650.81,0.0,0.0,0
9,PAYMENT,236,14598.72,0.0,0.0,0.0,0.0,0
9,TRANSFER,625,1040303.44,1040303.44,0.0,0.0,0.0,1
9,CASH_OUT,181,367692.99,22456.59,0.0,726684.44,1094377.43,0
9,PAYMENT,164,15557.79,0.0,0.0,0.0,0.0,0
9,CASH_OUT,179,261048.13,396.0,0.0,98808.79,359856.93,0
9,CASH_IN,259,43618.33,59130.96,102749.3,1587342.63,1543724.3,0
9,TRANSFER,301,2960473.49,12914.0,0.0,1115808.85,4076282.34,0
9,CASH_IN,355,169015.87,4306253.77,4475269.64,2982824.18,2813808.32,0
9,CASH_IN,372,107953.69,157.0,108110.69,0.0,0.0,0
9,CASH_IN,276,122808.64,702004.51,824813.15,1395128.41,1272319.76,0
9,CASH_IN,329,197716.15,1174879.68,1372595.83,2035358.27,1837642.12,0
9,CASH_OUT,656,5349.74,5349.74,0.0,585780.87,591130.61,1
9,PAYMENT,134,9622.54,22167.0,12544.46,0.0,0.0,0
9,CASH_OUT,375,10601.62,0.0,0.0,3901422.81,3912024.42,0
9,PAYMENT,186,13587.45,1906.33,0.0,0.0,0.0,0
9,TRANSFER,22,77773.14,77773.14,0.0,0.0,0.0,1
9,TRANSFER,276,1409715.82,66044.0,0.0,63461.71,1473177.53,0
9,PAYMENT,282,14577.61,30375.0,15797.39,0.0,0.0,0
9,PAYMENT,282,12333.84,227002.33,214668.5,0.0,0.0,0
9,PAYMENT,257,11626.55,79659.0,68032.45,0.0,0.0,0
9,PAYMENT,202,26970.3,0.0,0.0,0.0,0.0,0
9,CASH_OUT,21,23878.47,0.0,0.0,2340658.22,2364536.69,0
9,CASH_OUT,95,305262.13,853.0,0.0,0.0,305262.13,0
9,TRANSFER,142,132021.18,44045.0,0.0,1866637.7,1998658.87,0
9,CASH_OUT,565,161198.22,0.0,0.0,1321368.25,1482566.46,0
9,CASH_IN,400,377276.26,513431.0,890707.26,64406.54,0.0,0
9,CASH_IN,185,91034.05,21311853.09,21402887.14,1230497.05,1139463.0,0
9,CASH_IN,206,118118.46,7110491.26,7228609.72,931860.43,813741.97,0
9,PAYMENT,323,34775.58,7612.18,0.0,0.0,0.0,0
9,CASH_OUT,157,147794.9,0.0,0.0,391040.41,538835.31,0
9,CASH_OUT,260,32945.09,10458.0,0.0,1985934.49,2018879.58,0
9,CASH_IN,285,238303.79,2361960.37,2600264.15,1517137.36,1278833.57,0
9,CASH_OUT,595,75236.77,0.0,0.0,159716.48,234953.25,0
9,CASH_OUT,164,60872.35,0.0,0.0,162101.44,222973.79,0
9,PAYMENT,237,2841.23,101143.0,98301.77,0.0,0.0,0
9,CASH_OUT,720,561027.94,561027.94,0.0,0.0,561027.94,1
9,CASH_IN,373,340110.44,362920.0,703030.44,3589937.18,3249826.74,0
9,CASH_IN,304,248380.22,2199092.56,2447472.78,9989556.7,9741176.47,0
9,CASH_IN,15,290725.15,4149385.91,4440111.06,18722813.28,18432088.13,0
9,PAYMENT,191,1557.83,425.0,0.0,0.0,0.0,0
9,CASH_OUT,16,151745.0,0.0,0.0,474818.16,675460.25,0
9,CASH_OUT,83,286769.07,286769.07,0.0,0.0,286769.07,1
9,CASH_IN,263,218615.25,6397356.23,6615971.49,438618.6,220003.35,0
9,CASH_OUT,189,228579.89,0.0,0.0,598699.44,827279.32,0
9,PAYMENT,42,16039.0,13363.0,0.0,0.0,0.0,0
9,CASH_OUT,206,111890.91,361.0,0.0,0.0,111890.91,0
9,TRANSFER,252,76200.04,76200.04,0.0,0.0,0.0,1
9,CASH_IN,328,292347.53,4360359.42,4652706.95,431235.11,138887.58,0
9,PAYMENT,185,5430.16,0.0,0.0,0.0,0.0,0
9,TRANSFER,40,300247.49,1231.0,0.0,0.0,300247.49,0
9,CASH_IN,307,3892.47,33227295.78,33231188.25,382517.98,378625.51,0
9,CASH_IN,395,178155.49,11319.0,189474.49,1102593.83,924438.34,0
9,TRANSFER,433,673722.73,673722.73,0.0,0.0,0.0,1
9,CASH_IN,137,68789.15,327401.0,396190.15,16354.27,0.0,0
9,CASH_IN,331,45660.45,2864816.81,2910477.26,89434.47,43774.02,0
9,CASH_OUT,255,55753.76,12349.0,0.0,119001.83,174755.6,0
9,CASH_IN,544,216777.05,23787197.94,24003974.99,407838.99,191061.94,0
9,PAYMENT,210,7876.58,1585.0,0.0,0.0,0.0,0
9,CASH_OUT,305,71465.64,0.0,0.0,429982.34,501447.98,0
9,CASH_OUT,347,2185.27,0.0,0.0,2811430.02,2813615.29,0
9,TRANSFER,395,1939760.78,180402.56,0.0,10375821.43,12315582.2,0
9,CASH_IN,232,82719.52,17449077.23,17531796.75,209681.09,126961.57,0
9,CASH_OUT,208,135745.9,0.0,0.0,300944.11,436690.01,0
9,CASH_IN,276,45794.16,8593455.74,8639249.9,949991.0,904196.84,0
9,CASH_OUT,353,53457.7,65670.0,12212.3,0.0,53457.7,0
9,PAYMENT,229,19477.36,20029.0,551.64,0.0,0.0,0
9,TRANSFER,563,18115.37,35939.01,17823.65,60303.75,78419.12,0
9,CASH_OUT,18,327228.77,112987.0,0.0,355971.08,646086.38,0
9,TRANSFER,350,1239967.84,0.0,0.0,1787809.18,3027777.02,0
9,CASH_OUT,636,89657.36,89657.36,0.0,4157080.36,4246737.72,1
9,CASH_IN,17,242214.44,3112.0,245326.44,833107.89,590893.45,0
9,CASH_OUT,347,409143.23,0.0,0.0,1269707.45,1678850.68,0
9,CASH_OUT,273,47184.46,0.0,0.0,124820.46,172004.92,0
9,PAYMENT,188,3690.42,14079.0,10388.58,0.0,0.0,0
9,CASH_OUT,350,318767.3,50097.0,0.0,314598.65,633365.95,0
9,CASH_OUT,1,132038.41,0.0,0.0,230103.96,1015132.48,0
9,CASH_IN,186,224312.35,23447960.15,23672272.5,5035025.27,4810712.93,0
9,TRANSFER,233,1378330.55,70239.0,0.0,0.0,1378330.55,0
9,TRANSFER,96,1842024.97,0.0,0.0,33206371.95,35048396.91,0
9,PAYMENT,158,1706.36,0.0,0.0,0.0,0.0,0
9,PAYMENT,352,14667.99,0.0,0.0,0.0,0.0,0
9,CASH_OUT,324,15150.22,0.0,0.0,138739.61,153889.83,0
9,CASH_OUT,378,107018.41,0.0,0.0,125424.97,232443.38,0
9,CASH_OUT,301,64752.74,496351.0,431598.26,492351.75,557104.49,0
9,PAYMENT,352,30572.36,63778.0,33205.64,0.0,0.0,0
9,PAYMENT,211,9052.78,54515.0,45462.22,0.0,0.0,0
9,CASH_OUT,235,314017.16,926.0,0.0,941535.66,1255552.82,0
9,CASH_OUT,14,54332.78,30337.0,0.0,109.0,0.0,0
9,TRANSFER,8,392554.77,0.0,0.0,7247353.63,10007761.88,0
9,PAYMENT,211,5820.95,0.0,0.0,0.0,0.0,0
9,CASH_IN,41,159826.34,1044985.17,1204811.51,11665376.62,11746666.22,0
9,PAYMENT,306,17678.33,0.0,0.0,0.0,0.0,0
9,TRANSFER,46,614832.02,0.0,0.0,4082179.37,4697011.39,0
9,CASH_OUT,355,387446.51,0.0,0.0,3826992.9,4214439.41,0
9,TRANSFER,276,370330.09,0.0,0.0,506956.26,877286.35,0
9,CASH_OUT,256,48583.23,7580.0,0.0,0.0,48583.23,0
9,CASH_OUT,594,202228.49,10871.0,0.0,90582.29,292810.78,0
9,CASH_OUT,284,2063.03,350619.92,348556.89,318804.41,320867.44,0
9,PAYMENT,186,5708.63,2517.0,0.0,0.0,0.0,0
9,PAYMENT,227,10787.87,0.0,0.0,0.0,0.0,0
9,TRANSFER,286,70573.25,0.0,0.0,4066329.13,4136902.39,0
9,CASH_OUT,205,45958.81,10185.0,0.0,0.0,45958.81,0
9,PAYMENT,263,172.79,43835.0,43662.21,0.0,0.0,0
9,CASH_OUT,378,4089.37,0.0,0.0,1063899.27,1067988.64,0
9,CASH_IN,44,66995.41,49522.0,116517.41,0.0,0.0,0
9,CASH_OUT,182,187332.38,0.0,0.0,561199.55,748531.93,0
9,CASH_OUT,9,467690.79,117246.0,0.0,260908.16,1190776.09,0
9,CASH_IN,382,164021.22,10001249.09,10165270.31,1229378.15,1065356.93,0
9,CASH_OUT,226,32270.33,153257.0,120986.67,1357695.1,1389965.43,0
9,CASH_IN,307,26553.96,8584707.9,8611261.86,2069254.23,2042700.27,0
9,CASH_OUT,275,294812.71,100664.0,0.0,576877.78,871690.5,0
9,TRANSFER,231,1638865.05,1638865.05,0.0,0.0,0.0,1
9,CASH_OUT,326,7.84,0.0,0.0,1969061.18,1969069.02,0
9,PAYMENT,12,13581.06,10882.0,0.0,0.0,0.0,0
9,CASH_OUT,211,67929.79,28367.0,0.0,1310197.77,1378127.56,0
9,CASH_OUT,182,283045.58,0.0,0.0,507544.46,231503.65,0
9,PAYMENT,162,21170.05,237497.45,216327.4,0.0,0.0,0
9,CASH_IN,177,65446.45,1263913.98,1329360.43,4739241.21,4673794.76,0
9,PAYMENT,327,2731.2,0.0,0.0,0.0,0.0,0
9,CASH_OUT,40,160534.04,0.0,0.0,160938.49,379308.36,0
9,PAYMENT,331,3603.01,901065.66,897462.65,0.0,0.0,0
9,PAYMENT,17,3177.25,56003.0,52825.75,0.0,0.0,0
9,CASH_IN,259,43680.36,4783021.52,4826701.88,62983.79,19303.43,0
9,CASH_OUT,352,131649.04,0.0,0.0,2697667.22,2829316.26,0
9,CASH_IN,306,243635.25,5605728.43,5849363.68,1239821.93,996186.67,0
9,CASH_OUT,225,122343.54,40580.0,0.0,521092.39,643435.93,0
9,CASH_OUT,207,239451.2,7040.0,0.0,681399.01,920850.21,0
9,PAYMENT,15,11178.39,794002.67,782824.28,0.0,0.0,0
9,CASH_OUT,15,325590.57,0.0,0.0,6391680.6,7076749.61,0
9,CASH_IN,232,88378.75,116357.09,204735.84,1943092.3,1854713.55,0
9,CASH_OUT,39,129843.78,67081.0,0.0,244557.96,374401.74,0
9,PAYMENT,261,4331.17,28939.0,24607.83,0.0,0.0,0
9,TRANSFER,211,543902.3,238248.19,0.0,5774684.3,6318586.6,0
9,CASH_OUT,253,40876.43,0.0,0.0,158538.14,199414.57,0
9,CASH_IN,15,62730.01,1152026.4,1214756.41,357804.37,64983.23,0
9,PAYMENT,9,5266.86,0.0,0.0,0.0,0.0,0
9,PAYMENT,404,8328.26,0.0,0.0,0.0,0.0,0
9,TRANSFER,506,10000000.0,17041719.54,7041719.54,0.0,0.0,1
9,CASH_OUT,197,486060.16,486060.16,0.0,0.0,486060.16,1
9,CASH_OUT,470,864994.24,864994.24,0.0,266074.0,1028020.38,1
9,CASH_OUT,40,115728.46,0.0,0.0,155872.17,271600.63,0
9,CASH_OUT,203,210866.0,0.0,0.0,752095.09,962961.09,0
9,PAYMENT,38,2018.0,53291.0,51273.0,0.0,0.0,0
9,PAYMENT,371,38404.84,513.0,0.0,0.0,0.0,0
9,CASH_IN,231,277683.82,502635.0,780318.82,685759.43,408075.61,0
9,CASH_OUT,369,150123.48,5852.99,0.0,637433.39,787556.87,0
9,PAYMENT,17,11667.65,207267.14,195599.5,0.0,0.0,0
9,CASH_OUT,667,137804.05,105315.0,0.0,0.0,137804.05,0
9,CASH_OUT,253,18167.45,20712.0,2544.55,0.0,18167.45,0
9,CASH_OUT,34,20046.63,42317.24,22270.61,3934204.02,3954250.65,0
9,PAYMENT,208,8180.87,0.0,0.0,0.0,0.0,0
9,CASH_OUT,307,205057.95,581556.35,376498.4,3035359.58,3240417.53,0
9,PAYMENT,212,3120.91,108921.76,105800.85,0.0,0.0,0
9,CASH_IN,348,262794.87,1572655.88,1835450.75,2400436.36,2137641.5,0
9,CASH_OUT,153,6288.31,0.0,0.0,1075643.63,1081931.94,0
9,PAYMENT,15,8527.24,10816.0,2288.76,0.0,0.0,0
9,CASH_OUT,37,115348.54,0.0,0.0,772424.49,887773.03,0
9,CASH_OUT,44,142120.8,0.0,0.0,602124.45,744245.25,0
9,CASH_OUT,647,964876.58,964876.58,0.0,203741.11,1168617.69,1
9,CASH_OUT,138,134185.33,265162.0,130976.67,20750.24,154935.57,0
9,DEBIT,571,3394.33,11780.0,8385.67,30038.83,33433.17,0
9,PAYMENT,192,5209.12,24611.0,19401.88,0.0,0.0,0
9,CASH_IN,257,146615.69,1137753.59,1284369.28,447793.79,301178.1,0
9,PAYMENT,15,15785.17,12238.0,0.0,0.0,0.0,0
9,CASH_OUT,207,19184.15,0.0,0.0,5614682.7,5633866.85,0
9,CASH_OUT,309,140964.17,0.0,0.0,156978.89,297943.06,0
9,CASH_OUT,212,24560.5,172965.0,148404.5,294893.48,319453.98,0
9,TRANSFER,42,136835.08,0.0,0.0,184662.96,321498.04,0
9,CASH_OUT,260,300472.52,0.0,0.0,2093593.85,2394066.37,0
9,PAYMENT,38,9163.57,0.0,0.0,0.0,0.0,0
9,PAYMENT,36,22310.06,140005.24,117695.18,0.0,0.0,0
9,CASH_IN,259,30256.06,7828438.7,7858694.76,6135940.75,6105684.68,0
9,CASH_OUT,373,109736.16,299771.0,190034.84,1401032.27,1510768.43,0
9,PAYMENT,186,8478.13,180170.0,171691.87,0.0,0.0,0
9,CASH_IN,377,130196.13,517915.0,648111.13,0.0,0.0,0
9,CASH_OUT,20,82561.27,46569.52,0.0,1260864.37,1343425.64,0
9,CASH_IN,371,66204.52,9315.0,75519.52,0.0,0.0,0
9,CASH_OUT,387,143501.7,143501.7,0.0,794640.25,938141.95,1
9,CASH_OUT,395,4213.73,0.0,0.0,124733.94,128947.66,0
9,PAYMENT,212,11114.85,8878.72,0.0,0.0,0.0,0
9,PAYMENT,190,10949.36,69665.0,58715.64,0.0,0.0,0
9,TRANSFER,204,336708.27,0.0,0.0,1020884.59,1357592.86,0
9,TRANSFER,214,116419.58,116419.58,0.0,0.0,0.0,1
9,CASH_IN,355,242541.25,30851399.68,31093940.93,7147023.26,6904482.01,0
9,CASH_IN,9,294890.94,2089816.44,2384707.38,1725292.75,2120103.35,0
9,PAYMENT,309,21561.99,698.0,0.0,0.0,0.0,0
9,TRANSFER,43,606945.98,58083.22,0.0,854643.67,1466189.15,0
9,PAYMENT,212,7393.24,244084.63,236691.4,0.0,0.0,0
9,PAYMENT,298,37461.32,155817.0,118355.68,0.0,0.0,0
9,PAYMENT,37,4566.16,138483.66,133917.5,0.0,0.0,0
9,PAYMENT,162,8054.87,222729.75,214674.88,0.0,0.0,0
9,TRANSFER,35,1122355.74,51559.83,0.0,12914458.41,14036814.16,0
9,CASH_OUT,330,109999.71,20326.0,0.0,9344206.01,9454205.72,0
9,PAYMENT,187,14529.98,10332.95,0.0,0.0,0.0,0
9,CASH_OUT,35,148276.34,0.0,0.0,962730.75,1111007.09,0
9,TRANSFER,253,118373.1,0.0,0.0,630971.61,749344.71,0
9,CASH_OUT,257,447983.21,0.0,0.0,1899984.82,2347968.02,0
9,TRANSFER,193,113273.1,113273.1,0.0,0.0,0.0,1
9,PAYMENT,19,18034.43,11583.0,0.0,0.0,0.0,0
9,PAYMENT,251,22363.19,57628.0,35264.81,0.0,0.0,0
9,CASH_IN,187,47908.86,10723.0,58631.86,146814.29,98905.44,0
9,CASH_OUT,381,240371.56,0.0,0.0,416439.96,656811.52,0
9,CASH_OUT,38,6853.25,204422.0,197568.75,1689208.43,1696061.68,0
9,CASH_OUT,324,173990.9,0.0,0.0,2306317.57,2480308.47,0
9,TRANSFER,214,408009.1,0.0,0.0,821647.43,1229656.52,0
9,CASH_OUT,377,12625.77,0.0,0.0,728043.16,740668.93,0
9,PAYMENT,164,428.88,49563.0,49134.12,0.0,0.0,0
9,TRANSFER,294,219110.27,219110.27,0.0,0.0,0.0,1
9,PAYMENT,139,9216.09,0.0,0.0,0.0,0.0,0
9,CASH_IN,10,217030.32,675940.71,892971.03,0.0,0.0,0
9,CASH_OUT,325,266502.12,13488.0,0.0,95403.26,361905.38,0
9,CASH_OUT,183,57822.39,30408.0,0.0,276667.34,334489.73,0
9,CASH_IN,258,52579.37,1080913.69,1133493.06,752231.71,699652.34,0
9,CASH_IN,227,183325.85,219.0,183544.85,0.0,0.0,0
9,CASH_OUT,132,313817.38,0.0,0.0,364105.11,677922.48,0
9,PAYMENT,41,10106.91,0.0,0.0,0.0,0.0,0
9,CASH_OUT,256,505788.68,285.0,0.0,501214.25,1007002.93,0
9,CASH_OUT,174,1536245.52,1536245.52,0.0,682568.09,2218813.6,1
9,PAYMENT,275,5243.17,0.0,0.0,0.0,0.0,0
9,TRANSFER,45,5188875.35,5188875.35,0.0,0.0,0.0,1
9,PAYMENT,156,1606.12,31423.63,29817.5,0.0,0.0,0
9,CASH_IN,230,173626.45,1275309.79,1448936.24,1230569.18,1056942.73,0
9,PAYMENT,262,18299.19,10239.0,0.0,0.0,0.0,0
9,PAYMENT,19,32759.76,6083.0,0.0,0.0,0.0,0
9,CASH_OUT,16,171001.87,0.0,0.0,179756.43,350758.3,0
9,CASH_IN,204,284484.57,15137960.61,15422445.18,1886360.21,1601875.63,0
9,PAYMENT,129,1073.38,42590.0,41516.62,0.0,0.0,0
9,PAYMENT,400,11302.84,0.0,0.0,0.0,0.0,0
9,CASH_IN,188,45950.91,7932775.92,7978726.83,1188342.73,1142391.82,0
9,CASH_OUT,41,21399.18,0.0,0.0,79191.34,100590.52,0
9,CASH_OUT,325,124506.86,0.0,0.0,919389.15,1043896.01,0
9,CASH_OUT,255,32731.53,0.0,0.0,1374352.03,1407083.56,0
9,CASH_IN,500,109723.93,1699577.69,1809301.63,530843.57,421119.64,0
9,CASH_IN,180,351502.2,17803816.46,18155318.66,1003321.77,395448.2,0
9,CASH_IN,394,389213.4,1174679.84,1563893.23,2665510.31,2276296.91,0
9,CASH_IN,209,288344.66,1226.0,289570.66,197978.71,0.0,0
9,PAYMENT,39,2133.51,11195.0,9061.49,0.0,0.0,0
9,CASH_IN,164,205790.55,2570584.54,2776375.1,2194686.72,1988896.16,0
9,PAYMENT,131,16102.49,229187.53,213085.04,0.0,0.0,0
9,PAYMENT,42,5549.16,0.0,0.0,0.0,0.0,0
9,TRANSFER,317,241337.83,241337.83,0.0,0.0,0.0,1
9,CASH_IN,43,3815.65,5602719.63,5606535.28,53490.13,49674.48,0
9,PAYMENT,684,3655.0,157403.0,153748.0,0.0,0.0,0
9,PAYMENT,305,15649.99,0.0,0.0,0.0,0.0,0
9,CASH_OUT,394,120942.45,17062.0,0.0,174028.0,294970.45,0
9,PAYMENT,381,66089.05,0.0,0.0,0.0,0.0,0
9,TRANSFER,550,1613281.82,1613281.82,0.0,0.0,0.0,1
9,CASH_OUT,202,309785.84,0.0,0.0,412036.87,721822.71,0
9,CASH_OUT,256,77434.3,0.0,0.0,2348015.07,2425449.37,0
9,CASH_IN,132,458075.14,17442.0,475517.14,324321.18,0.0,0
9,CASH_OUT,134,252171.96,21645.0,0.0,0.0,252171.96,0
9,PAYMENT,404,6685.38,391.0,0.0,0.0,0.0,0
9,CASH_IN,131,106045.39,31524.0,137569.39,1383.46,179554.76,0
9,CASH_OUT,88,337994.64,337994.64,0.0,0.0,337994.64,1
9,CASH_OUT,186,49535.12,266691.78,217156.66,4242831.92,4292367.05,0
9,CASH_OUT,380,157989.55,662260.9,504271.34,595509.23,753498.78,0
9,CASH_OUT,356,62292.23,0.0,0.0,230314.58,292606.81,0
9,TRANSFER,621,6038051.03,6038051.03,0.0,0.0,0.0,1
9,CASH_IN,130,618814.67,847291.12,1466105.79,4215892.97,3597078.29,0
9,CASH_OUT,45,159299.32,13690.38,0.0,538994.77,698294.09,0
9,TRANSFER,18,2516939.2,0.0,0.0,5352933.56,7946776.25,0
9,CASH_OUT,138,101630.11,0.0,0.0,593306.8,694936.9,0
9,PAYMENT,182,26471.55,19906.0,0.0,0.0,0.0,0
9,CASH_OUT,249,96260.05,0.0,0.0,647941.08,744201.13,0
9,CASH_IN,34,301085.5,5087.0,306172.5,432985.39,131899.89,0
