window_id,type,step,amount,oldbalanceOrg,newbalanceOrig,oldbalanceDest,newbalanceDest,isFraud
0,CASH_OUT,185,132414.63,140279.71,7865.08,732190.18,864604.81,0
0,CASH_OUT,43,28241.8,11811.0,0.0,2340508.29,2368750.09,0
0,PAYMENT,230,14630.17,136390.73,121760.57,0.0,0.0,0
0,PAYMENT,297,11001.38,4292.0,0.0,0.0,0.0,0
0,CASH_OUT,307,210779.59,0.0,0.0,324987.58,535767.17,0
0,CASH_IN,34,113350.22,1513016.81,1626367.04,599840.37,486490.15,0
0,CASH_OUT,702,0.0,0.0,0.0,107777.02,107777.02,1
0,CASH_IN,163,7039.38,41318.0,48357.38,0.0,0.0,0
0,CASH_OUT,17,112546.67,20121.0,0.0,601161.09,251469.72,0
0,PAYMENT,18,4201.52,0.0,0.0,0.0,0.0,0
0,CASH_OUT,401,272381.69,0.0,0.0,370425.71,642807.4,0
0,CASH_OUT,164,73394.45,0.0,0.0,903062.41,976456.86,0
0,CASH_OUT,211,160435.95,0.0,0.0,1189885.82,1350321.77,0
0,CASH_OUT,164,107907.12,117941.55,10034.43,1175786.48,1283693.6,0
0,PAYMENT,11,43461.52,29771.0,0.0,0.0,0.0,0
0,CASH_OUT,353,110415.94,35126.0,0.0,0.0,110415.94,0
0,PAYMENT,381,24430.24,0.0,0.0,0.0,0.0,0
0,PAYMENT,252,20165.25,92.0,0.0,0.0,0.0,0
0,PAYMENT,381,5850.57,13635.51,7784.93,0.0,0.0,0
0,TRANSFER,43,443852.85,0.0,0.0,9861710.1,10305562.95,0
0,PAYMENT,354,11692.14,28783.0,17090.86,0.0,0.0,0
0,CASH_OUT,346,642332.25,0.0,0.0,9210913.6,9853245.86,0
0,PAYMENT,402,41741.1,19827.0,0.0,0.0,0.0,0
0,CASH_OUT,349,222069.64,20689.0,0.0,390406.99,612476.63,0
0,PAYMENT,375,12832.13,0.0,0.0,0.0,0.0,0
0,PAYMENT,277,4125.47,138338.19,134212.71,0.0,0.0,0
0,CASH_OUT,307,167570.66,0.0,0.0,1499363.43,1666934.09,0
0,TRANSFER,306,801237.42,0.0,0.0,1831015.87,2632253.29,0
0,CASH_IN,212,90973.59,3239876.79,3330850.38,266613.87,175640.28,0
0,TRANSFER,182,256814.33,0.0,0.0,440215.75,697030.08,0
0,PAYMENT,204,7452.11,259883.69,252431.59,0.0,0.0,0
0,CASH_OUT,250,156039.36,156039.36,0.0,0.0,156039.36,1
0,CASH_OUT,327,386644.94,62036.0,0.0,771317.49,1157962.43,0
0,PAYMENT,41,8045.05,390245.76,382200.71,0.0,0.0,0
0,CASH_OUT,203,462209.47,60558.0,0.0,688237.93,1150447.4,0
0,CASH_OUT,214,12892.88,55424.0,42531.12,97848.24,110741.12,0
0,CASH_IN,229,364584.21,6549081.33,6913665.54,10416723.71,10052139.5,0
0,CASH_OUT,308,49898.66,0.0,0.0,2285522.07,2335420.72,0
0,CASH_IN,14,37274.66,23616927.16,23654201.82,1010644.12,973369.46,0
0,PAYMENT,140,7948.56,0.0,0.0,0.0,0.0,0
0,PAYMENT,209,4682.02,0.0,0.0,0.0,0.0,0
0,CASH_OUT,36,71301.18,188.0,0.0,3152158.15,3223459.33,0
0,TRANSFER,596,196385.55,196385.55,0.0,0.0,0.0,1
0,CASH_OUT,204,95496.64,0.0,0.0,581082.77,676579.41,0
0,CASH_OUT,12,11534.51,19134.68,7600.17,1193885.62,1096164.19,0
0,CASH_OUT,354,40554.42,288.0,0.0,105776.16,146330.58,0
0,PAYMENT,608,1468.33,2221.25,752.92,0.0,0.0,0
0,PAYMENT,285,10477.36,265570.97,255093.62,0.0,0.0,0
0,PAYMENT,34,7293.43,0.0,0.0,0.0,0.0,0
0,PAYMENT,164,11473.81,0.0,0.0,0.0,0.0,0
0,PAYMENT,216,37961.38,0.0,0.0,0.0,0.0,0
0,CASH_OUT,165,168246.6,0.0,0.0,264721.97,289413.04,0
0,PAYMENT,233,18153.29,81729.0,63575.71,0.0,0.0,0
0,PAYMENT,42,10942.66,280017.5,269074.85,0.0,0.0,0
0,CASH_OUT,80,173782.59,173782.59,0.0,3272453.63,3446236.22,1
0,PAYMENT,209,8322.49,82736.06,74413.57,0.0,0.0,0
0,CASH_OUT,326,171108.56,11122.0,0.0,39849.75,210958.3,0
0,TRANSFER,442,37323.15,37323.15,0.0,0.0,0.0,1
0,CASH_OUT,35,159839.74,47328.0,0.0,664218.09,824057.82,0
0,DEBIT,573,494.19,22306.0,21811.81,93625.14,94119.33,0
0,CASH_OUT,14,188120.79,632.0,0.0,1534870.43,1722991.22,0
0,CASH_IN,358,253436.33,5427077.99,5680514.32,535297.64,281861.31,0
0,CASH_OUT,212,294597.67,0.0,0.0,1378950.78,1673548.45,0
0,PAYMENT,43,17177.75,381619.57,364441.81,0.0,0.0,0
0,PAYMENT,514,7506.17,58659.8,51153.63,0.0,0.0,0
0,CASH_OUT,340,4896179.38,4896179.38,0.0,462959.29,5359138.67,1
0,PAYMENT,36,41072.17,0.0,0.0,0.0,0.0,0
0,PAYMENT,203,12418.77,620683.4,608264.64,0.0,0.0,0
0,CASH_OUT,162,176976.39,0.0,0.0,3843673.73,4020650.11,0
0,CASH_IN,334,191559.31,19114488.87,19306048.18,727711.7,536152.39,0
0,CASH_IN,455,24309.07,3123530.84,3147839.91,1139443.93,1115134.86,0
0,PAYMENT,205,14894.57,106916.0,92021.43,0.0,0.0,0
0,PAYMENT,358,23772.05,99122.96,75350.91,0.0,0.0,0
0,CASH_OUT,260,75717.52,135438.66,59721.14,529676.11,605393.63,0
0,CASH_OUT,306,140914.82,0.0,0.0,1077052.27,1217967.1,0
0,CASH_OUT,50,967153.5,967153.5,0.0,183670.2,1150823.7,1
0,CASH_OUT,133,349623.5,0.0,0.0,6663159.02,7012782.52,0
0,PAYMENT,686,152.29,143919.88,143767.6,0.0,0.0,0
0,TRANSFER,309,556579.94,0.0,0.0,807047.19,1363627.14,0
0,PAYMENT,135,21260.11,0.0,0.0,0.0,0.0,0
0,CASH_IN,133,76930.99,16090277.4,16167208.4,879967.14,803036.15,0
0,CASH_OUT,162,97751.72,146347.0,48595.28,0.0,97751.72,0
0,CASH_IN,201,459479.24,21248.0,480727.24,52428.54,0.0,0
0,PAYMENT,372,4097.28,24446.0,20348.72,0.0,0.0,0
0,CASH_IN,16,220937.79,9911.0,230848.79,28898.0,0.0,0
0,CASH_OUT,346,282276.3,0.0,0.0,483771.29,766047.6,0
0,PAYMENT,330,2998.11,27060.0,24061.89,0.0,0.0,0
0,CASH_OUT,404,322549.12,0.0,0.0,2827112.29,3443654.31,0
0,CASH_OUT,153,155928.72,24693.0,0.0,0.0,155928.72,0
0,CASH_OUT,38,343233.69,0.0,0.0,548752.35,891986.04,0
0,CASH_IN,323,350890.93,1186.0,352076.93,71625.75,0.0,0
0,PAYMENT,159,7218.14,0.0,0.0,0.0,0.0,0
0,TRANSFER,12,820182.4,0.0,0.0,6914361.92,7734544.33,0
0,CASH_IN,9,206948.01,119819.0,326767.01,0.0,0.0,0
0,CASH_OUT,184,37273.67,41578.0,4304.33,107856.99,145130.66,0
0,CASH_OUT,139,122451.57,250668.43,128216.86,4205684.24,4328135.81,0
0,TRANSFER,350,107996.93,81425.0,0.0,4108102.19,4216099.12,0
0,CASH_OUT,306,51389.57,8251.0,0.0,48709.92,100099.49,0
0,CASH_OUT,532,634046.89,634046.89,0.0,985290.65,1619337.54,1
0,TRANSFER,162,209629.35,200165.0,0.0,0.0,85376.09,0
0,CASH_IN,180,65457.54,816839.32,882296.86,8804572.42,8739114.88,0
0,CASH_OUT,17,81799.15,16746.0,0.0,612554.8,466801.52,0
0,CASH_IN,351,59775.72,4869218.28,4928994.0,17373974.6,17314198.88,0
0,CASH_OUT,205,215056.83,2561.0,0.0,0.0,215056.83,0
0,CASH_OUT,304,124754.38,0.0,0.0,267215.93,391970.3,0
0,PAYMENT,302,9448.85,89240.0,79791.15,0.0,0.0,0
0,CASH_OUT,346,192233.34,0.0,0.0,11421050.86,11613284.2,0
0,CASH_OUT,189,280680.59,0.0,0.0,4297967.51,4578648.1,0
0,PAYMENT,249,16991.47,6541.82,0.0,0.0,0.0,0
0,PAYMENT,178,24450.69,123195.03,98744.34,0.0,0.0,0
0,TRANSFER,394,180228.88,0.0,0.0,1397383.22,1577612.1,0
0,PAYMENT,329,55723.87,8333.0,0.0,0.0,0.0,0
0,CASH_OUT,399,266451.78,20591.0,0.0,320401.67,586853.45,0
0,PAYMENT,262,1940.4,10165.0,8224.6,0.0,0.0,0
0,CASH_OUT,397,204572.73,0.0,0.0,247868.26,452440.99,0
0,CASH_IN,164,315082.33,162965.0,478047.33,120480.94,0.0,0
0,PAYMENT,22,11436.58,0.0,0.0,0.0,0.0,0
0,CASH_OUT,333,252271.53,0.0,0.0,422210.32,674481.85,0
0,PAYMENT,159,2445.67,0.0,0.0,0.0,0.0,0
0,TRANSFER,407,457844.34,0.0,0.0,461714.23,919558.57,0
0,PAYMENT,283,24198.55,0.0,0.0,0.0,0.0,0
0,CASH_OUT,96,66432.8,0.0,0.0,137066.72,203499.52,0
0,PAYMENT,130,5420.01,52.0,0.0,0.0,0.0,0
0,CASH_OUT,369,49198.57,800873.48,751674.91,889786.97,938985.55,0
0,CASH_OUT,234,169176.86,42470.0,0.0,752994.47,922171.33,0
0,CASH_OUT,397,158551.35,316.0,0.0,1648002.34,1806553.69,0
0,CASH_OUT,356,59939.88,260.0,0.0,0.0,59939.88,0
0,PAYMENT,332,19506.14,0.0,0.0,0.0,0.0,0
0,PAYMENT,373,3423.8,110622.34,107198.55,0.0,0.0,0
0,CASH_OUT,329,229110.81,0.0,0.0,986746.45,1215857.25,0
0,PAYMENT,38,9342.71,0.0,0.0,0.0,0.0,0
0,CASH_OUT,38,173387.87,284893.94,111506.07,338285.46,511673.34,0
0,PAYMENT,163,8087.12,31587.0,23499.88,0.0,0.0,0
0,PAYMENT,14,10322.67,843481.0,833158.33,0.0,0.0,0
0,TRANSFER,353,3466883.3,39626.0,0.0,242825.76,3709709.06,0
0,CASH_IN,302,122883.66,1707.0,124590.66,0.0,0.0,0
0,CASH_IN,717,70487.6,106182.0,176669.6,0.0,0.0,0
0,CASH_OUT,39,30688.15,0.0,0.0,867349.88,898038.04,0
0,PAYMENT,17,2040.98,2515.78,474.8,0.0,0.0,0
0,CASH_OUT,138,96443.63,0.0,0.0,482438.63,578882.27,0
0,CASH_IN,326,208182.8,9411158.41,9619341.21,572348.44,364165.64,0
0,TRANSFER,232,832518.57,0.0,0.0,5799478.21,6631996.78,0
0,CASH_IN,379,97347.74,25994640.75,26091988.49,6612122.26,6514774.52,0
0,CASH_OUT,347,198685.1,0.0,0.0,275973.43,474658.54,0
0,PAYMENT,187,5953.07,108361.0,102407.93,0.0,0.0,0
0,CASH_OUT,203,323700.56,11225.0,0.0,0.0,323700.56,0
0,CASH_OUT,189,239377.54,22437.0,0.0,72470.88,311848.41,0
0,PAYMENT,373,15327.82,0.0,0.0,0.0,0.0,0
0,CASH_IN,451,92169.84,10783783.27,10875953.11,1792256.3,1700086.46,0
0,CASH_OUT,119,21698.13,21698.13,0.0,75618.16,97316.28,1
0,CASH_OUT,329,556706.92,54380.0,0.0,9642.39,566349.31,0
0,CASH_OUT,139,159881.44,10770.0,0.0,1280123.32,1440004.76,0
0,CASH_IN,141,111668.02,2317126.34,2428794.35,163548.84,51880.82,0
0,PAYMENT,276,13886.85,80.0,0.0,0.0,0.0,0
0,PAYMENT,10,11412.26,14644.0,3231.74,0.0,0.0,0
0,PAYMENT,403,3846.42,157.0,0.0,0.0,0.0,0
0,CASH_IN,16,131842.56,342632.37,474474.93,0.0,0.0,0
0,PAYMENT,251,11825.79,0.0,0.0,0.0,0.0,0
0,CASH_OUT,355,27935.21,144197.0,116261.79,0.0,27935.21,0
0,TRANSFER,9,2185503.6,0.0,0.0,11078143.68,13263647.28,0
0,CASH_OUT,326,478078.24,478078.24,0.0,0.0,478078.24,1
0,CASH_IN,44,64533.39,98103.09,162636.49,172886.97,108353.57,0
0,PAYMENT,158,7075.15,930308.0,923232.85,0.0,0.0,0
0,CASH_IN,252,27498.61,30071.0,57569.61,0.0,0.0,0
0,CASH_OUT,285,22948.23,50133.0,27184.77,1098427.38,1121375.61,0
0,CASH_OUT,36,151268.69,0.0,0.0,172035.26,323303.95,0
0,CASH_IN,327,152320.82,856.0,153176.82,0.0,0.0,0
0,CASH_OUT,287,712488.25,712488.25,0.0,0.0,712488.25,1
0,PAYMENT,384,8785.15,15579.0,6793.85,0.0,0.0,0
0,CASH_IN,399,92525.65,26502.0,119027.65,0.0,0.0,0
0,CASH_OUT,141,106717.98,456928.21,350210.23,699692.21,806410.19,0
0,PAYMENT,283,3282.32,124748.0,121465.68,0.0,0.0,0
0,PAYMENT,234,5205.0,48746.91,43541.91,0.0,0.0,0
0,PAYMENT,168,552.28,34984.0,34431.72,0.0,0.0,0
0,PAYMENT,279,1193.74,102891.0,101697.26,0.0,0.0,0
0,TRANSFER,24,100051.74,0.0,0.0,5071700.16,5171751.89,0
0,CASH_IN,33,202514.22,211965.98,414480.2,265565.16,63050.94,0
0,PAYMENT,573,3306.44,15444.0,12137.56,0.0,0.0,0
0,CASH_OUT,43,150153.6,21568.0,0.0,0.0,150153.6,0
0,PAYMENT,133,37020.74,23364.0,0.0,0.0,0.0,0
0,PAYMENT,380,17383.0,638388.94,621005.94,0.0,0.0,0
0,PAYMENT,155,23951.24,0.0,0.0,0.0,0.0,0
0,PAYMENT,273,7342.91,10435.0,3092.09,0.0,0.0,0
0,CASH_IN,374,164822.33,8277735.99,8442558.32,616894.48,452072.15,0
0,CASH_OUT,347,6631.13,0.0,0.0,353533.0,360164.13,0
0,CASH_OUT,252,307839.32,36477.0,0.0,138395.88,446235.2,0
0,CASH_OUT,203,221373.64,79726.0,0.0,10683859.45,10905233.1,0
0,CASH_OUT,542,272908.33,20438.0,0.0,547726.14,820634.47,0
0,CASH_IN,327,166196.02,723770.68,889966.7,234086.6,67890.58,0
0,CASH_IN,385,332359.71,3644029.53,3976389.24,2155683.52,1823323.81,0
0,CASH_OUT,307,147262.43,169409.0,22146.57,4852391.11,4999653.54,0
0,TRANSFER,187,695807.33,0.0,0.0,7335921.51,8031728.84,0
0,TRANSFER,207,38427.47,38427.47,0.0,0.0,0.0,1
0,PAYMENT,305,16157.13,0.0,0.0,0.0,0.0,0
0,CASH_OUT,303,114473.59,69685.0,0.0,2509394.63,2623868.23,0
0,CASH_IN,378,66936.52,381394.41,448330.93,3440479.74,3373543.22,0
0,CASH_IN,301,293276.11,9085193.56,9378469.67,2433450.6,2140174.49,0
0,CASH_OUT,253,90756.15,20123.0,0.0,0.0,90756.15,0
0,CASH_IN,138,160175.29,167367.23,327542.52,772693.8,612518.51,0
0,CASH_OUT,188,79123.28,31963.0,0.0,1003578.48,1082701.76,0
0,CASH_OUT,426,13499.29,0.0,0.0,134798.36,148297.65,0
0,CASH_OUT,303,5614246.07,5614246.07,0.0,0.0,5614246.07,1
0,PAYMENT,567,19197.47,0.0,0.0,0.0,0.0,0
0,CASH_IN,250,67533.92,320024.0,387557.92,1449235.88,1381701.96,0
0,PAYMENT,192,14393.26,20006.0,5612.74,0.0,0.0,0
0,PAYMENT,382,36289.13,0.0,0.0,0.0,0.0,0
0,CASH_OUT,327,105078.16,92185.0,0.0,0.0,105078.16,0
0,CASH_OUT,135,521181.57,7058.0,0.0,1273767.93,1794949.5,0
0,PAYMENT,397,26327.61,16927.0,0.0,0.0,0.0,0
0,CASH_IN,279,88666.64,16787.0,105453.64,441765.19,353098.55,0
0,PAYMENT,14,19911.03,105752.0,85840.97,0.0,0.0,0
0,CASH_OUT,34,842356.59,0.0,0.0,1127120.54,1969477.13,0
0,TRANSFER,159,895119.63,0.0,0.0,3463036.16,4358155.79,0
0,CASH_IN,156,94150.12,4098710.42,4192860.54,621652.71,527502.58,0
0,CASH_OUT,257,132008.72,206095.0,74086.28,79625.78,211634.5,0
0,CASH_IN,283,188251.33,5352611.69,5540863.02,2510178.98,2321927.65,0
0,PAYMENT,11,1333.29,0.0,0.0,0.0,0.0,0
0,CASH_OUT,213,42317.03,10945.0,0.0,2213602.49,2255919.52,0
0,PAYMENT,181,9194.91,0.0,0.0,0.0,0.0,0
0,TRANSFER,520,2871898.5,2871898.5,0.0,0.0,0.0,1
0,CASH_OUT,234,103125.81,138890.0,35764.19,0.0,103125.81,0
0,PAYMENT,355,64348.96,0.0,0.0,0.0,0.0,0
0,CASH_IN,133,96479.69,1859682.86,1956162.54,3260399.8,3163920.11,0
0,CASH_OUT,163,68150.54,10881.0,0.0,1309090.0,1377240.54,0
0,PAYMENT,187,1397.61,0.0,0.0,0.0,0.0,0
0,CASH_OUT,201,350558.76,153995.0,0.0,78811.88,429370.64,0
0,PAYMENT,331,4133.62,0.0,0.0,0.0,0.0,0
0,PAYMENT,374,22708.71,167480.0,144771.29,0.0,0.0,0
0,PAYMENT,408,8182.11,0.0,0.0,0.0,0.0,0
0,PAYMENT,204,2072.3,748572.0,746499.7,0.0,0.0,0
0,CASH_IN,43,116918.6,3042396.18,3159314.78,5641884.31,5524965.71,0
0,CASH_OUT,14,254553.67,0.0,0.0,1734915.23,2609428.91,0
0,PAYMENT,281,5592.33,1317.0,0.0,0.0,0.0,0
0,CASH_IN,129,335073.85,27470.0,362543.85,0.0,0.0,0
0,PAYMENT,254,6254.08,21117.06,14862.98,0.0,0.0,0
0,PAYMENT,448,17870.08,187118.28,169248.21,0.0,0.0,0
0,PAYMENT,182,576.93,0.0,0.0,0.0,0.0,0
0,PAYMENT,186,9910.76,0.0,0.0,0.0,0.0,0
0,CASH_IN,373,281585.05,342438.0,624023.05,1773393.12,1491808.07,0
0,CASH_OUT,546,105127.9,20599.0,0.0,0.0,105127.9,0
0,TRANSFER,179,581246.74,66607.76,0.0,2218236.27,2799483.0,0
0,PAYMENT,189,4123.55,275.0,0.0,0.0,0.0,0
0,CASH_OUT,348,194797.3,0.0,0.0,447634.95,642432.25,0
0,CASH_OUT,201,395636.53,0.0,0.0,6337075.01,6732711.55,0
0,TRANSFER,610,470746.61,148196.43,0.0,1832427.58,2303174.19,0
0,CASH_OUT,356,114180.97,0.0,0.0,279637.55,393818.52,0
0,CASH_IN,129,85651.8,9791634.93,9877286.73,249447.87,462482.38,0
0,PAYMENT,352,13003.96,41953.0,28949.04,0.0,0.0,0
0,CASH_OUT,306,51271.65,35826.0,0.0,3847465.53,3898737.18,0
0,PAYMENT,17,2441.6,0.0,0.0,0.0,0.0,0
0,CASH_IN,131,12578.54,11368862.94,11381441.47,1825458.1,1812879.56,0
0,PAYMENT,140,2973.98,64771.0,61797.02,0.0,0.0,0
0,CASH_OUT,34,225955.34,0.0,0.0,5443585.15,6052919.88,0
0,PAYMENT,381,4225.15,53408.0,49182.85,0.0,0.0,0
0,CASH_OUT,352,191524.99,0.0,0.0,5836004.49,6027529.48,0
0,CASH_OUT,180,35657.78,25678.0,0.0,137241.18,172898.96,0
0,TRANSFER,302,363156.65,0.0,0.0,377430.91,1068458.06,0
0,PAYMENT,19,2912.08,40168.0,37255.92,0.0,0.0,0
0,CASH_OUT,23,93232.52,25059.0,0.0,0.0,93232.52,0
0,CASH_IN,157,47901.88,4242481.97,4290383.84,110715.81,62813.94,0
0,CASH_OUT,286,14577.03,56896.0,42318.97,5524216.14,5538793.18,0
0,CASH_OUT,154,162435.27,0.0,0.0,4251915.21,4414350.48,0
0,CASH_OUT,160,282569.44,106484.0,0.0,12804872.91,13087442.35,0
0,PAYMENT,157,11360.65,19646.38,8285.73,0.0,0.0,0
0,CASH_OUT,357,168273.85,0.0,0.0,250472.82,418746.66,0
0,PAYMENT,181,31693.11,6024.0,0.0,0.0,0.0,0
0,PAYMENT,298,777.39,0.0,0.0,0.0,0.0,0
0,CASH_OUT,210,201901.87,133168.0,0.0,84936.75,286838.62,0
0,PAYMENT,311,5251.27,0.0,0.0,0.0,0.0,0
0,CASH_OUT,378,223393.42,0.0,0.0,493184.42,716577.85,0
0,PAYMENT,356,24303.54,24016.0,0.0,0.0,0.0,0
0,PAYMENT,249,27131.88,55589.19,28457.31,0.0,0.0,0
0,CASH_OUT,34,129550.7,0.0,0.0,151773.05,281323.74,0
0,CASH_IN,306,168557.26,12498.0,181055.26,0.0,0.0,0
0,PAYMENT,355,11769.83,29954.0,18184.17,0.0,0.0,0
0,PAYMENT,258,5489.7,191428.25,185938.55,0.0,0.0,0
0,CASH_IN,256,270845.77,168122.0,438967.77,351641.18,80795.41,0
0,PAYMENT,346,1046.23,34525.0,33478.77,0.0,0.0,0
0,PAYMENT,250,9842.67,0.0,0.0,0.0,0.0,0
0,CASH_IN,380,169390.39,80047.1,249437.49,1467039.66,1297649.27,0
0,CASH_OUT,544,25473.11,25473.11,0.0,4747.03,30220.14,1
0,CASH_IN,402,35878.37,29217697.07,29253575.44,15783388.61,15747510.25,0
0,PAYMENT,15,9939.06,0.0,0.0,0.0,0.0,0
0,CASH_OUT,214,471290.88,0.0,0.0,1717684.1,2188974.99,0
0,CASH_OUT,16,259132.4,0.0,0.0,1654848.28,1913980.69,0
0,PAYMENT,208,6376.67,30645.0,24268.33,0.0,0.0,0
0,CASH_IN,356,212535.1,5524256.06,5736791.16,386985.85,174450.75,0
0,PAYMENT,354,3286.52,0.0,0.0,0.0,0.0,0
0,PAYMENT,232,14992.94,165191.33,150198.39,0.0,0.0,0
0,TRANSFER,162,49515.49,0.0,0.0,264190.51,313706.0,0
0,PAYMENT,278,359.83,0.0,0.0,0.0,0.0,0
0,CASH_IN,250,380556.22,30239.0,410795.22,57775.9,0.0,0
0,PAYMENT,24,20155.04,10919.0,0.0,0.0,0.0,0
0,PAYMENT,130,3865.75,0.0,0.0,0.0,0.0,0
0,PAYMENT,43,940.66,13122.95,12182.28,0.0,0.0,0
0,CASH_OUT,214,108339.58,374351.73,266012.15,345872.63,454212.22,0
0,CASH_OUT,324,20894.51,0.0,0.0,281040.75,301935.26,0
0,CASH_IN,230,174656.05,72633.0,247289.05,4387181.39,4212525.33,0
0,CASH_IN,371,620611.86,9115389.05,9736000.91,2216064.98,1595453.12,0
0,PAYMENT,353,6647.88,11535.0,4887.12,0.0,0.0,0
0,CASH_OUT,478,9901.25,0.0,0.0,6197352.68,6207253.94,0
0,CASH_IN,205,122394.12,365340.24,487734.35,213400.19,91006.08,0
0,CASH_IN,375,281368.6,176559.0,457927.6,4393148.44,4111779.85,0
0,PAYMENT,18,20596.77,375131.62,354534.85,0.0,0.0,0
0,TRANSFER,129,4106264.67,20348.0,0.0,45074.6,4151339.27,0
0,CASH_OUT,282,196521.04,142.0,0.0,186374.26,382895.3,0
0,CASH_IN,691,162152.81,12544.0,174696.81,5619935.37,5457782.56,0
0,CASH_OUT,307,9671.06,49918.0,40246.94,52237.0,61908.06,0
0,CASH_OUT,283,77316.36,0.0,0.0,1117041.38,1194357.74,0
0,TRANSFER,374,401226.61,0.0,0.0,922399.85,1323626.46,0
0,CASH_OUT,137,125978.04,0.0,0.0,6317019.64,6442997.68,0
0,CASH_OUT,36,305546.39,50459.0,0.0,72006.78,557241.96,0
0,CASH_OUT,352,342551.42,18908.0,0.0,142648.99,485200.4,0
0,PAYMENT,596,7343.57,60076.0,52732.43,0.0,0.0,0
0,CASH_OUT,253,5794.8,0.0,0.0,581432.32,587227.12,0
0,PAYMENT,333,38531.5,29219.0,0.0,0.0,0.0,0
0,PAYMENT,142,17172.62,42876.83,25704.21,0.0,0.0,0
0,TRANSFER,350,1196860.54,57074.0,0.0,69766.62,1266627.15,0
0,PAYMENT,258,1143.27,48881.0,47737.73,0.0,0.0,0
0,CASH_IN,134,52674.89,18742118.27,18794793.16,341553.1,288878.21,0
0,PAYMENT,301,9765.12,11018.0,1252.88,0.0,0.0,0
0,PAYMENT,19,6352.3,123.0,0.0,0.0,0.0,0
0,CASH_IN,203,83196.98,2430964.48,2514161.45,731570.71,648373.73,0
0,PAYMENT,41,14466.65,405305.0,390838.35,0.0,0.0,0
0,PAYMENT,381,49151.21,325024.89,275873.67,0.0,0.0,0
0,CASH_OUT,136,51811.32,0.0,0.0,55557.98,107369.3,0
0,PAYMENT,15,16929.65,43059.0,26129.35,0.0,0.0,0
0,CASH_IN,302,79791.06,989616.3,1069407.36,2860396.41,2780605.35,0
0,CASH_OUT,188,77301.94,76818.0,0.0,0.0,77301.94,0
0,TRANSFER,14,135287.32,13616.0,0.0,2747582.39,2882869.71,0
0,CASH_OUT,301,57012.46,0.0,0.0,544184.06,601196.52,0
0,CASH_IN,16,470767.05,9552431.3,10023198.35,950919.8,646978.85,0
0,PAYMENT,8,9905.22,267051.43,257146.21,0.0,0.0,0
0,PAYMENT,212,9786.53,0.0,0.0,0.0,0.0,0
0,CASH_OUT,186,89771.57,0.0,0.0,1765393.57,1855165.14,0
0,CASH_OUT,307,233131.54,119207.0,0.0,0.0,233131.54,0
0,CASH_OUT,325,346828.34,188800.0,0.0,385083.16,731911.49,0
0,CASH_IN,525,418902.51,3700407.61,4119310.12,6981023.0,6562120.49,0
0,CASH_OUT,160,49303.38,0.0,0.0,5009963.86,5059267.24,0
0,PAYMENT,156,12495.99,0.0,0.0,0.0,0.0,0
0,TRANSFER,590,197979.9,0.0,0.0,483120.44,681100.34,0
0,CASH_IN,348,147824.15,9182191.5,9330015.65,459704.51,311880.36,0
0,TRANSFER,308,9488493.86,0.0,0.0,23133732.13,32622225.99,0
0,PAYMENT,397,20640.51,0.0,0.0,0.0,0.0,0
0,PAYMENT,355,21821.5,6511.0,0.0,0.0,0.0,0
0,CASH_IN,253,123741.23,5301488.41,5425229.64,288433.49,164692.26,0
0,CASH_OUT,355,317341.35,0.0,0.0,1256232.12,1573573.46,0
0,TRANSFER,232,534545.46,376282.43,0.0,761714.72,1296260.18,0
0,PAYMENT,408,13926.39,0.0,0.0,0.0,0.0,0
0,PAYMENT,324,14798.12,17107.02,2308.9,0.0,0.0,0
0,CASH_IN,303,165494.28,5944634.94,6110129.21,906597.86,741103.58,0
0,TRANSFER,404,242651.88,0.0,0.0,1777001.56,2565107.71,0
0,CASH_IN,35,265265.01,1226904.73,1492169.74,1333387.55,1068122.54,0
0,CASH_IN,140,83984.52,1020253.58,1104238.1,592147.37,508162.85,0
0,CASH_OUT,493,127813.35,0.0,0.0,879239.59,1007052.94,0
0,CASH_IN,233,199127.97,59931.94,259059.9,7993742.42,7794614.46,0
0,PAYMENT,300,15795.86,126525.8,110729.94,0.0,0.0,0
0,PAYMENT,694,9347.13,364167.0,354819.87,0.0,0.0,0
0,PAYMENT,307,1408.12,452292.02,450883.91,0.0,0.0,0
0,CASH_OUT,547,472043.73,0.0,0.0,647477.98,1119521.72,0
0,CASH_OUT,238,10000000.0,10000000.0,0.0,261802.02,10261802.02,1
0,CASH_OUT,241,110344.11,110344.11,0.0,127320.42,237664.52,1
0,PAYMENT,249,3092.93,8379.04,5286.11,0.0,0.0,0
0,CASH_OUT,188,86274.28,0.0,0.0,129666.77,215941.06,0
0,TRANSFER,370,310726.29,310726.29,0.0,0.0,0.0,1
0,CASH_IN,179,35337.77,2485814.6,2521152.37,6569873.19,6534535.42,0
0,CASH_IN,187,228773.82,6190715.75,6419489.57,4890660.16,4661886.34,0
0,CASH_OUT,156,117583.49,0.0,0.0,230410.6,347994.09,0
0,CASH_OUT,355,170922.66,0.0,0.0,674026.15,844948.81,0
0,CASH_IN,45,85737.5,7709466.35,7795203.84,5045547.72,4959810.23,0
0,CASH_OUT,17,39140.38,283550.07,244409.68,938607.35,977747.73,0
0,DEBIT,329,31648.39,62444.0,30795.61,956426.64,988075.03,0
0,CASH_OUT,130,190471.18,0.0,0.0,1979432.52,2169903.7,0
0,CASH_OUT,12,126786.62,84802.0,0.0,0.0,220719.24,0
0,CASH_OUT,136,35659.39,0.0,0.0,322624.8,358284.19,0
0,TRANSFER,132,567723.82,43290.0,0.0,421782.09,989505.9,0
0,CASH_IN,235,121103.32,6068176.29,6189279.61,2260151.93,2139048.61,0
0,TRANSFER,348,28749.53,20983.0,0.0,0.0,28749.53,0
0,CASH_OUT,13,212628.74,21424.0,0.0,335186.34,547815.09,0
0,CASH_IN,332,961909.94,22111469.81,23073379.75,2810313.12,1848403.17,0
0,CASH_IN,44,165297.37,9229304.35,9394601.72,266337.99,101040.62,0
0,PAYMENT,119,1293.38,144737.11,143443.73,0.0,0.0,0
0,CASH_IN,282,345452.85,5420761.45,5766214.3,6642268.04,6271991.42,0
0,TRANSFER,375,474479.06,3826.0,0.0,60583.65,535062.7,0
0,PAYMENT,18,24670.12,475346.18,450676.06,0.0,0.0,0
0,PAYMENT,277,6032.08,68719.51,62687.43,0.0,0.0,0
0,TRANSFER,564,3968964.4,3968964.4,0.0,0.0,0.0,1
0,CASH_IN,323,348167.03,3124483.42,3472650.45,3689862.72,3506133.44,0
0,CASH_OUT,374,423026.3,14869.0,0.0,11674422.45,12097448.76,0
0,CASH_OUT,156,289238.13,14961.0,0.0,0.0,289238.13,0
0,CASH_OUT,132,270744.61,353812.0,83067.39,0.0,270744.61,0
0,PAYMENT,254,5576.24,127125.08,121548.84,0.0,0.0,0
0,PAYMENT,155,20483.3,160719.03,140235.73,0.0,0.0,0
0,CASH_OUT,250,494802.92,0.0,0.0,3791935.51,4286738.43,0
0,PAYMENT,259,6317.65,12527.9,6210.25,0.0,0.0,0
0,PAYMENT,323,49892.18,0.0,0.0,0.0,0.0,0
0,CASH_OUT,306,26784.96,53177.0,26392.04,0.0,26784.96,0
0,PAYMENT,10,13752.66,20957.0,7204.34,0.0,0.0,0
0,PAYMENT,371,27940.78,156724.0,128783.22,0.0,0.0,0
0,CASH_OUT,16,85496.23,0.0,0.0,288868.7,688918.02,0
0,PAYMENT,525,17741.88,33388.0,15646.12,0.0,0.0,0
0,PAYMENT,7,12255.05,157.0,0.0,0.0,0.0,0
0,PAYMENT,332,5988.19,0.0,0.0,0.0,0.0,0
0,PAYMENT,690,29424.85,222665.35,193240.5,0.0,0.0,0
0,PAYMENT,256,18536.35,0.0,0.0,0.0,0.0,0
0,CASH_OUT,403,4062.73,765.0,0.0,0.0,4062.73,0
0,CASH_OUT,259,1950373.54,1950373.54,0.0,331310.07,2281683.61,1
0,PAYMENT,306,4488.52,0.0,0.0,0.0,0.0,0
0,TRANSFER,571,243521.6,69948.0,0.0,0.0,243521.6,0
0,CASH_OUT,299,21434.17,0.0,0.0,768930.33,790364.5,0
0,PAYMENT,45,5327.1,84073.0,78745.9,0.0,0.0,0
0,CASH_IN,205,154822.91,4566476.4,4721299.32,373554.56,218731.65,0
0,TRANSFER,202,378127.71,0.0,0.0,1010966.66,1389094.37,0
0,CASH_IN,19,2542.7,2015669.5,2018212.2,173585.4,204049.89,0
0,TRANSFER,474,1499869.54,1499869.54,0.0,0.0,0.0,1
0,PAYMENT,136,20226.1,0.0,0.0,0.0,0.0,0
0,PAYMENT,45,7396.49,24250.13,16853.64,0.0,0.0,0
0,CASH_OUT,233,317209.48,0.0,0.0,1427175.09,1744384.57,0
0,CASH_OUT,226,33143.07,0.0,0.0,69680.24,102823.31,0
0,CASH_OUT,19,165609.48,1244.0,0.0,31044.88,196654.35,0
0,CASH_IN,168,183404.28,2224119.44,2407523.72,525223.55,341819.27,0
0,PAYMENT,327,7477.82,83605.0,76127.18,0.0,0.0,0
0,TRANSFER,301,394577.1,74008.17,0.0,12351454.41,12746031.51,0
0,PAYMENT,184,16784.25,8290.0,0.0,0.0,0.0,0
0,PAYMENT,12,1774.51,343528.0,341753.49,0.0,0.0,0
0,CASH_IN,154,15717.33,16754319.81,16770037.14,535686.27,519968.94,0
0,PAYMENT,10,6074.84,2478741.16,2472666.32,0.0,0.0,0
0,CASH_IN,40,677964.67,15810.0,693774.67,0.0,0.0,0
0,PAYMENT,275,19569.47,14965.57,0.0,0.0,0.0,0
0,PAYMENT,309,16830.96,80693.0,63862.04,0.0,0.0,0
0,PAYMENT,354,17116.17,0.0,0.0,0.0,0.0,0
0,PAYMENT,592,4210.26,0.0,0.0,0.0,0.0,0
0,CASH_IN,235,193534.83,188441.0,381975.83,223490.91,29956.08,0
0,PAYMENT,284,24637.24,248441.0,223803.76,0.0,0.0,0
0,CASH_IN,397,125523.68,4024382.64,4149906.32,1736139.63,1610615.95,0
0,PAYMENT,226,41988.75,58554.0,16565.25,0.0,0.0,0
0,PAYMENT,372,12622.31,0.0,0.0,0.0,0.0,0
0,CASH_OUT,157,951392.09,7591.0,0.0,150666.66,1102058.75,0
0,CASH_OUT,34,316579.74,15432.0,0.0,840214.82,1156794.55,0
0,TRANSFER,196,1221900.21,1221900.21,0.0,0.0,0.0,1
0,PAYMENT,325,15069.45,341248.0,326178.55,0.0,0.0,0
0,PAYMENT,214,963.67,2455.0,1491.33,0.0,0.0,0
0,CASH_IN,495,200764.66,844808.18,1045572.85,211742.86,10978.2,0
0,CASH_IN,403,97945.68,3481619.8,3579565.47,826128.0,728182.32,0
0,CASH_IN,236,203598.25,79744.0,283342.25,2328295.56,2124697.31,0
0,PAYMENT,47,11852.59,0.0,0.0,0.0,0.0,0
0,CASH_OUT,325,42747.25,0.0,0.0,103687.56,146434.81,0
0,TRANSFER,278,456167.54,71275.0,0.0,0.0,456167.54,0
0,CASH_OUT,42,88463.29,30669.0,0.0,0.0,88463.29,0
0,CASH_OUT,44,38152.37,11906.0,0.0,20494.98,58647.35,0
0,CASH_OUT,14,96657.93,0.0,0.0,272795.66,727709.21,0
0,TRANSFER,263,297465.74,297465.74,0.0,0.0,0.0,1
0,CASH_IN,397,344903.05,29018.0,373921.05,1285748.14,1594781.19,0
0,PAYMENT,235,46848.34,0.0,0.0,0.0,0.0,0
0,CASH_OUT,205,278169.11,2795.0,0.0,1269380.48,1363070.63,0
0,CASH_IN,141,322998.6,1735051.32,2058049.92,1352024.05,1029025.45,0
0,CASH_IN,687,15954.29,7393839.6,7409793.89,601009.07,585054.78,0
0,TRANSFER,154,677472.0,0.0,0.0,1212454.89,1889926.89,0
0,PAYMENT,190,16136.77,12154.75,0.0,0.0,0.0,0
0,CASH_IN,162,185109.44,153223.0,338332.44,605573.66,420464.22,0
0,CASH_IN,184,187496.3,7021.0,194517.3,2363761.79,2176265.49,0
0,PAYMENT,307,12751.07,28346.0,15594.93,0.0,0.0,0
0,PAYMENT,353,8003.02,20938.0,12934.98,0.0,0.0,0
0,PAYMENT,237,16064.51,145525.0,129460.49,0.0,0.0,0
0,CASH_OUT,164,276042.59,276042.59,0.0,734229.64,1010272.23,1
0,CASH_OUT,330,5876.8,132429.0,126552.2,234486.75,240363.55,0
0,CASH_IN,17,101314.47,6458171.58,6559486.05,1200317.48,1099003.01,0
0,TRANSFER,671,3544.76,3544.76,0.0,0.0,0.0,1
0,PAYMENT,236,2231.6,0.0,0.0,0.0,0.0,0
0,PAYMENT,215,234.81,124031.0,123796.19,0.0,0.0,0
0,CASH_OUT,43,354413.56,5436.0,0.0,2086445.79,2440859.34,0
0,TRANSFER,352,891802.69,69555.0,0.0,150102.25,1041904.94,0
0,PAYMENT,349,29285.98,146482.72,117196.74,0.0,0.0,0
0,TRANSFER,182,381026.85,0.0,0.0,1083057.39,1464084.24,0
0,TRANSFER,133,1528555.32,0.0,0.0,2101230.0,3629785.31,0
0,CASH_IN,231,114687.73,1736635.02,1851322.75,399180.37,284492.64,0
0,CASH_OUT,164,176398.15,10050.0,0.0,260459.44,436857.59,0
0,CASH_IN,42,173757.78,6826927.07,7000684.85,331852.0,158094.22,0
0,PAYMENT,43,7622.55,563684.16,556061.61,0.0,0.0,0
0,PAYMENT,328,15121.13,0.0,0.0,0.0,0.0,0
0,CASH_IN,323,56703.47,129761.0,186464.47,0.0,0.0,0
0,CASH_OUT,234,19908.32,0.0,0.0,447578.31,467486.63,0
0,CASH_OUT,359,10000000.0,10000000.0,0.0,246819.58,10246819.58,1
0,PAYMENT,310,2205.13,4783.0,2577.87,0.0,0.0,0
0,TRANSFER,543,74436.56,74436.56,0.0,0.0,0.0,1
0,TRANSFER,153,412511.32,412511.32,0.0,0.0,0.0,1
0,CASH_IN,229,225082.89,35991.0,261073.89,227181.53,2098.64,0
0,CASH_OUT,203,274903.3,50650.0,0.0,0.0,274903.3,0
0,CASH_OUT,209,204807.2,0.0,0.0,1096067.16,1300874.36,0
0,CASH_OUT,43,55129.82,0.0,0.0,937330.72,992460.54,0
0,CASH_IN,401,59735.52,45516.0,105251.52,0.0,0.0,0
0,CASH_OUT,32,81867.07,81867.07,0.0,135117.98,216985.05,1
0,CASH_OUT,135,204290.23,26005.0,0.0,1368602.43,1572892.65,0
0,PAYMENT,183,21885.6,34756.43,12870.83,0.0,0.0,0
0,PAYMENT,369,18788.16,5024.0,0.0,0.0,0.0,0
0,PAYMENT,167,4638.16,7089.0,2450.84,0.0,0.0,0
0,TRANSFER,685,4886423.05,4886423.05,0.0,0.0,0.0,1
0,TRANSFER,578,736677.36,736677.36,0.0,0.0,0.0,1
0,CASH_IN,377,148063.43,59993.0,208056.43,356445.44,208382.01,0
0,CASH_IN,308,147210.42,3098762.61,3245973.03,4720314.06,4573103.64,0
1,CASH_IN,252,112313.47,5995497.53,6107811.0,2386480.23,2274166.77,0
1,TRANSFER,320,171200.54,171200.54,0.0,0.0,0.0,1
1,PAYMENT,211,11469.57,25069.64,13600.07,0.0,0.0,0
1,CASH_OUT,22,239646.72,239646.72,0.0,2208970.26,2448616.98,1
1,PAYMENT,40,2413.21,0.0,0.0,0.0,0.0,0
1,CASH_IN,369,49088.31,6749286.61,6798374.93,402828.3,353739.98,0
1,CASH_OUT,355,133770.16,2016.0,0.0,0.0,133770.16,0
1,CASH_IN,159,374916.57,7533633.14,7908549.71,472258.75,97342.18,0
1,CASH_OUT,299,131509.92,0.0,0.0,733783.25,865293.17,0
1,PAYMENT,12,4832.5,632441.05,627608.55,0.0,0.0,0
1,CASH_IN,331,283017.37,10946.0,293963.37,2165679.12,1882661.75,0
1,PAYMENT,297,12438.23,0.0,0.0,0.0,0.0,0
1,CASH_OUT,270,134623.95,134623.95,0.0,731682.46,866306.41,1
1,TRANSFER,257,850350.08,305.0,0.0,0.0,850350.08,0
1,PAYMENT,254,18111.32,168321.0,150209.68,0.0,0.0,0
1,TRANSFER,140,1058744.55,0.0,0.0,1553580.01,2612324.56,0
1,PAYMENT,40,5289.39,0.0,0.0,0.0,0.0,0
1,PAYMENT,10,2597.73,0.0,0.0,0.0,0.0,0
1,PAYMENT,231,7945.97,0.0,0.0,0.0,0.0,0
1,CASH_OUT,329,801.8,0.0,0.0,248069.57,248871.37,0
1,PAYMENT,380,853.87,142.0,0.0,0.0,0.0,0
1,TRANSFER,65,403975.39,403975.39,0.0,0.0,0.0,1
1,CASH_IN,252,162338.42,1032491.14,1194829.57,2397796.17,2235457.75,0
1,CASH_OUT,330,108325.7,29278.0,0.0,458993.67,567319.37,0
1,PAYMENT,18,3726.0,741588.46,737862.46,0.0,0.0,0
1,CASH_OUT,331,14587.85,8345.0,0.0,0.0,0.0,0
1,CASH_OUT,136,207596.75,94196.0,0.0,0.0,0.0,0
1,TRANSFER,44,100223.73,40540.21,0.0,4023264.63,4123488.36,0
1,CASH_OUT,602,366014.33,366014.33,0.0,3543787.25,3909801.59,1
1,CASH_IN,18,183820.55,1347268.35,1531088.89,320390.46,136569.92,0
1,CASH_OUT,34,225714.5,0.0,0.0,1362609.32,1588323.82,0
1,CASH_OUT,15,90641.92,0.0,0.0,400761.69,491403.61,0
1,CASH_IN,37,363976.58,2416818.15,2780794.73,1647479.44,1311227.58,0
1,CASH_OUT,306,4512.25,0.0,0.0,32033.74,36545.99,0
1,CASH_IN,179,136999.05,21126.0,158125.05,160076.22,23077.17,0
1,CASH_OUT,277,13482.62,11516.0,0.0,331928.07,345410.68,0
1,CASH_IN,133,172297.7,14247562.59,14419860.29,3125461.96,2953164.26,0
1,TRANSFER,33,1092556.28,11444.0,0.0,514812.6,1607368.88,0
1,CASH_OUT,687,116903.02,0.0,0.0,793018.6,909921.61,0
1,CASH_OUT,138,232585.8,0.0,0.0,1801051.55,2033637.35,0
1,CASH_IN,187,100659.42,4699958.81,4800618.24,885365.37,784705.95,0
1,CASH_IN,351,30834.73,5566608.99,5597443.71,1259716.06,1228881.33,0
1,PAYMENT,334,1288.17,47668.0,46379.83,0.0,0.0,0
1,CASH_OUT,278,177599.64,102036.0,0.0,0.0,177599.64,0
1,CASH_IN,144,110164.29,421594.0,531758.29,17885867.97,17775703.68,0
1,PAYMENT,163,2105.23,0.0,0.0,0.0,0.0,0
1,TRANSFER,401,125822.44,125822.44,0.0,0.0,0.0,1
1,CASH_IN,226,73370.29,5108509.48,5181879.77,88140.66,14770.37,0
1,PAYMENT,33,25989.75,0.0,0.0,0.0,0.0,0
1,PAYMENT,130,8620.51,0.0,0.0,0.0,0.0,0
1,PAYMENT,332,49734.44,400581.3,350846.86,0.0,0.0,0
1,CASH_IN,383,94223.48,6480909.96,6575133.44,354491.22,260267.74,0
1,CASH_OUT,306,202001.73,0.0,0.0,2163595.23,2365596.97,0
1,PAYMENT,396,24596.59,5756.0,0.0,0.0,0.0,0
1,CASH_OUT,569,51416.07,51416.07,0.0,62726.44,114142.52,1
1,CASH_OUT,379,155939.96,225.0,0.0,930221.13,1086161.1,0
1,CASH_IN,371,2680.93,11729.0,14409.93,498231.22,495550.29,0
1,CASH_OUT,354,292416.39,27466.0,0.0,0.0,292416.39,0
1,CASH_OUT,260,123466.96,0.0,0.0,372828.3,496295.26,0
1,PAYMENT,213,5948.71,51560.0,45611.29,0.0,0.0,0
1,CASH_IN,211,3577.85,1509014.74,1512592.59,31347.85,27770.0,0
1,CASH_IN,372,18889.43,298928.19,317817.61,120663.72,101774.29,0
1,PAYMENT,159,2381.58,99289.0,96907.42,0.0,0.0,0
1,CASH_IN,177,211779.3,0.0,211779.3,6432482.42,6220703.12,0
1,PAYMENT,323,33041.67,86362.45,53320.77,0.0,0.0,0
1,PAYMENT,187,228.7,759.0,530.3,0.0,0.0,0
1,CASH_IN,565,175733.13,9953.0,185686.13,4555718.97,4379985.85,0
1,CASH_IN,230,120364.63,1374904.19,1495268.82,2060126.73,1939762.09,0
1,CASH_OUT,39,27648.46,37243.33,9594.88,29170.32,56818.77,0
1,TRANSFER,129,385932.06,0.0,0.0,994100.61,1380032.68,0
1,PAYMENT,130,12169.11,25530.0,13360.89,0.0,0.0,0
1,CASH_IN,183,208750.02,2833407.34,3042157.35,962020.56,753270.54,0
1,CASH_IN,255,263827.47,3673.0,267500.47,25319.62,0.0,0
1,CASH_OUT,144,343999.8,343999.8,0.0,33423.37,377423.17,1
1,PAYMENT,201,2992.56,0.0,0.0,0.0,0.0,0
1,PAYMENT,255,541.13,10451.0,9909.87,0.0,0.0,0
1,TRANSFER,379,161778.35,31466.0,0.0,1321234.61,1483012.96,0
1,PAYMENT,188,13439.59,251488.21,238048.62,0.0,0.0,0
1,CASH_OUT,214,45722.48,130764.0,85041.52,968992.1,1014714.58,0
1,CASH_OUT,190,51355.09,7028.0,0.0,0.0,51355.09,0
1,CASH_OUT,402,111950.26,50028.0,0.0,812831.21,924781.47,0
1,CASH_OUT,206,105066.71,16325.0,0.0,1231669.59,1336736.3,0
1,CASH_OUT,155,137546.91,135773.0,0.0,223906.76,361453.67,0
1,CASH_IN,381,62723.53,1707.0,64430.53,173482.58,110759.05,0
1,PAYMENT,688,2670.66,0.0,0.0,0.0,0.0,0
1,CASH_OUT,19,375050.23,16308.0,0.0,516238.38,891288.62,0
1,PAYMENT,404,403.79,82744.0,82340.21,0.0,0.0,0
1,CASH_IN,251,246111.34,7851151.39,8097262.72,3704689.02,3458577.68,0
1,PAYMENT,281,1911.38,0.0,0.0,0.0,0.0,0
1,PAYMENT,208,30202.23,105.0,0.0,0.0,0.0,0
1,CASH_OUT,386,294588.73,0.0,0.0,379976.41,674565.14,0
1,PAYMENT,231,61078.99,123697.93,62618.94,0.0,0.0,0
1,PAYMENT,686,7106.84,421743.28,414636.44,0.0,0.0,0
1,CASH_OUT,178,183365.95,0.0,0.0,11297839.61,11481205.56,0
1,PAYMENT,231,758.32,0.0,0.0,0.0,0.0,0
1,TRANSFER,357,10000000.0,10653151.55,653151.55,0.0,0.0,1
1,CASH_OUT,179,138202.72,10886.0,0.0,776642.23,914844.95,0
1,PAYMENT,371,2310.58,362282.33,359971.75,0.0,0.0,0
1,CASH_OUT,40,180204.04,561324.12,381120.09,152366.7,332570.74,0
1,TRANSFER,551,3774777.76,3774777.76,0.0,0.0,0.0,1
1,PAYMENT,357,9021.51,6077.0,0.0,0.0,0.0,0
1,CASH_OUT,38,197755.59,100314.0,0.0,0.0,197755.59,0
1,PAYMENT,212,14712.43,812452.0,797739.57,0.0,0.0,0
1,CASH_IN,394,265405.24,757446.75,1022851.98,741060.66,475655.43,0
1,TRANSFER,100,54994.1,54994.1,0.0,0.0,0.0,1
1,CASH_OUT,326,365854.4,154681.63,0.0,459956.18,825810.58,0
1,CASH_IN,164,192059.84,2400291.82,2592351.66,1419401.29,1227341.45,0
1,CASH_IN,94,7738.21,22460.0,30198.21,318011.95,310273.74,0
1,CASH_OUT,203,48398.45,0.0,0.0,1571666.69,1720637.72,0
1,PAYMENT,178,10934.4,0.0,0.0,0.0,0.0,0
1,CASH_IN,299,187785.08,10608.0,198393.08,0.0,0.0,0
1,PAYMENT,286,19048.27,0.0,0.0,0.0,0.0,0
1,PAYMENT,253,7910.69,229938.0,222027.31,0.0,0.0,0
1,CASH_OUT,300,299842.56,565.0,0.0,39442.7,339285.26,0
1,PAYMENT,256,6346.88,0.0,0.0,0.0,0.0,0
1,TRANSFER,524,232315.43,232315.43,0.0,0.0,0.0,1
1,CASH_IN,230,34430.26,109015.0,143445.26,2060265.61,2025835.35,0
1,CASH_OUT,308,87187.97,32900.0,0.0,210269.47,297457.44,0
1,PAYMENT,394,7737.9,11235.0,3497.1,0.0,0.0,0
1,CASH_OUT,133,258449.43,1171.0,0.0,17376.26,275825.69,0
1,CASH_OUT,443,1591263.43,1591263.43,0.0,1147865.98,2739129.41,1
1,PAYMENT,203,23605.03,106354.0,82748.97,0.0,0.0,0
1,TRANSFER,420,253261.96,253261.96,0.0,0.0,0.0,1
1,CASH_OUT,9,2539898.07,2539898.07,0.0,968.0,1842864.22,1
1,CASH_OUT,328,98794.74,0.0,0.0,292897.96,391692.7,0
1,CASH_OUT,548,222310.74,171748.74,0.0,624540.6,846851.34,0
1,TRANSFER,58,246938.77,246938.77,0.0,0.0,0.0,1
1,PAYMENT,204,81.96,230212.86,230130.9,0.0,0.0,0
1,PAYMENT,233,16118.81,6887.0,0.0,0.0,0.0,0
1,PAYMENT,186,9402.84,0.0,0.0,0.0,0.0,0
1,PAYMENT,254,4529.51,0.0,0.0,0.0,0.0,0
1,DEBIT,135,19.09,0.0,0.0,178811.28,178830.37,0
1,CASH_OUT,356,111881.38,143.0,0.0,0.0,111881.38,0
1,PAYMENT,384,177.3,144467.0,144289.7,0.0,0.0,0
1,TRANSFER,93,461372.01,10955.0,0.0,0.0,461372.01,0
1,CASH_IN,277,101506.28,30748.0,132254.28,4843317.46,4741811.18,0
1,CASH_IN,7,159631.16,5000228.66,5159859.82,598066.98,0.0,0
1,PAYMENT,373,32321.4,525.0,0.0,0.0,0.0,0
1,TRANSFER,363,216534.86,216534.86,0.0,0.0,0.0,1
1,TRANSFER,402,1497841.87,12648.0,0.0,0.0,1497841.87,0
1,TRANSFER,394,1303543.6,1303543.6,0.0,0.0,0.0,1
1,PAYMENT,44,6738.97,0.0,0.0,0.0,0.0,0
1,PAYMENT,16,9425.5,214034.0,204608.5,0.0,0.0,0
1,TRANSFER,450,9228514.1,9228514.1,0.0,0.0,0.0,1
1,TRANSFER,130,795713.66,0.0,0.0,963567.14,1759280.8,0
1,PAYMENT,281,1483.96,1752.0,268.04,0.0,0.0,0
1,CASH_OUT,659,153942.3,0.0,0.0,423485.56,577427.86,0
1,PAYMENT,186,17587.98,0.0,0.0,0.0,0.0,0
1,CASH_IN,211,301287.6,752284.0,1053571.6,418936.17,117648.57,0
1,TRANSFER,446,311487.14,311487.14,0.0,0.0,0.0,1
1,CASH_IN,17,30412.99,2824839.33,2855252.32,183266.48,152853.48,0
1,CASH_OUT,38,193902.69,6060.0,0.0,31645.85,225548.54,0
1,CASH_OUT,308,133016.53,0.0,0.0,603750.66,736767.19,0
1,CASH_OUT,250,227973.71,106260.0,0.0,950745.31,1178719.02,0
1,PAYMENT,329,9827.81,0.0,0.0,0.0,0.0,0
1,CASH_OUT,613,2155569.91,2155569.91,0.0,0.0,2155569.91,1
1,CASH_OUT,19,134652.98,0.0,0.0,913622.22,1048275.2,0
1,PAYMENT,303,5246.32,428060.39,422814.07,0.0,0.0,0
1,PAYMENT,356,14347.89,1710.05,0.0,0.0,0.0,0
1,PAYMENT,355,12227.99,0.0,0.0,0.0,0.0,0
1,CASH_OUT,489,177925.98,177925.98,0.0,70857.67,248783.65,1
1,PAYMENT,282,9781.99,0.0,0.0,0.0,0.0,0
1,PAYMENT,45,2786.7,6626.69,3839.99,0.0,0.0,0
1,CASH_IN,275,100673.98,39535.0,140208.98,0.0,0.0,0
1,PAYMENT,379,34725.31,137441.89,102716.58,0.0,0.0,0
1,CASH_OUT,325,153730.28,496765.0,343034.72,0.0,153730.28,0
1,PAYMENT,260,9325.22,304427.14,295101.92,0.0,0.0,0
1,CASH_IN,178,37135.95,1943561.16,1980697.1,117543.54,80407.59,0
1,PAYMENT,285,10327.65,27382.0,17054.35,0.0,0.0,0
1,TRANSFER,234,2773516.94,0.0,0.0,6697022.19,9470539.13,0
1,CASH_IN,155,63848.32,5628811.24,5692659.56,916660.83,852812.51,0
1,CASH_OUT,396,15255.73,5652.0,0.0,0.0,15255.73,0
1,PAYMENT,20,1514.13,29707.0,28192.87,0.0,0.0,0
1,CASH_IN,209,21882.19,874043.34,895925.53,1782419.81,1760537.63,0
1,CASH_OUT,42,383043.02,3559.0,0.0,0.0,383043.02,0
1,CASH_OUT,305,400754.52,103631.0,0.0,26994.21,427748.73,0
1,TRANSFER,356,20824.12,67313.0,46488.88,660046.4,680870.52,0
1,PAYMENT,155,29985.85,219.0,0.0,0.0,0.0,0
1,PAYMENT,397,23850.63,29540.0,5689.37,0.0,0.0,0
1,CASH_OUT,229,213241.02,80731.0,0.0,0.0,213241.02,0
1,PAYMENT,139,18351.47,257915.0,239563.53,0.0,0.0,0
1,CASH_OUT,402,218763.81,0.0,0.0,753758.24,972522.04,0
1,PAYMENT,234,7387.63,211.0,0.0,0.0,0.0,0
1,PAYMENT,206,688.06,182697.0,182008.94,0.0,0.0,0
1,PAYMENT,10,8992.26,54034.0,45041.74,0.0,0.0,0
1,CASH_IN,401,128692.68,19639857.81,19768550.49,824136.18,695443.5,0
1,CASH_IN,235,371745.63,203835.0,575580.63,0.0,0.0,0
1,TRANSFER,378,822017.08,73186.57,0.0,947366.38,1769383.45,0
1,TRANSFER,158,66542.74,443517.0,376974.26,1496532.26,1563075.0,0
1,CASH_OUT,259,157017.26,0.0,0.0,225066.56,382083.82,0
1,CASH_IN,142,38012.23,6354566.32,6392578.55,172636.11,134623.88,0
1,PAYMENT,166,16042.22,0.0,0.0,0.0,0.0,0
1,PAYMENT,298,17502.3,0.0,0.0,0.0,0.0,0
1,CASH_IN,305,27561.21,3973707.27,4001268.48,135239.43,107678.22,0
1,PAYMENT,359,4432.67,53.0,0.0,0.0,0.0,0
1,PAYMENT,12,29607.35,11586.0,0.0,0.0,0.0,0
1,CASH_OUT,405,455162.17,24550.08,0.0,1392712.24,1847874.41,0
1,CASH_IN,43,156638.37,5811937.26,5968575.64,3837545.16,3722136.21,0
1,CASH_OUT,354,38478.72,602774.0,564295.28,999923.35,1038402.07,0
1,PAYMENT,237,3726.6,11539.88,7813.28,0.0,0.0,0
1,TRANSFER,297,384419.17,2617.0,0.0,1211751.47,1596170.63,0
1,CASH_OUT,209,211215.25,0.0,0.0,944583.15,1155798.39,0
1,TRANSFER,180,653892.24,0.0,0.0,1341452.64,1995344.88,0
1,TRANSFER,685,537539.97,537539.97,0.0,0.0,0.0,1
1,PAYMENT,228,3117.86,240219.75,237101.89,0.0,0.0,0
1,PAYMENT,169,2848.9,16503.06,13654.16,0.0,0.0,0
1,CASH_OUT,9,216660.43,0.0,0.0,0.0,216660.43,0
1,CASH_IN,380,247909.51,2278656.25,2526565.76,711111.94,463202.43,0
1,CASH_OUT,355,51678.53,0.0,0.0,105614.74,157293.27,0
1,CASH_OUT,308,100142.96,19936.0,0.0,0.0,100142.96,0
1,PAYMENT,45,3588.52,737.0,0.0,0.0,0.0,0
1,TRANSFER,352,1452173.23,0.0,0.0,1855378.9,3307552.13,0
1,CASH_OUT,298,72619.24,5520.0,0.0,292978.82,365598.06,0
1,CASH_OUT,42,402963.08,6371.0,0.0,175780.19,578743.27,0
1,CASH_OUT,212,159369.09,31644.0,0.0,50245.59,209614.68,0
1,CASH_OUT,251,270779.37,0.0,0.0,2826640.39,3097419.76,0
1,PAYMENT,181,14485.1,0.0,0.0,0.0,0.0,0
1,CASH_OUT,406,669627.43,669627.43,0.0,0.0,669627.43,1
1,PAYMENT,161,5970.6,0.0,0.0,0.0,0.0,0
1,PAYMENT,249,25967.08,110003.4,84036.32,0.0,0.0,0
1,PAYMENT,201,2831.32,360817.61,357986.29,0.0,0.0,0
1,PAYMENT,181,8629.54,0.0,0.0,0.0,0.0,0
1,PAYMENT,394,6242.45,0.0,0.0,0.0,0.0,0
1,CASH_OUT,687,398157.05,398157.05,0.0,703136.65,1101293.69,1
1,CASH_OUT,328,71755.0,0.0,0.0,416482.21,488237.21,0
1,CASH_OUT,590,121394.62,20532.0,0.0,314205.01,435599.63,0
1,CASH_OUT,156,214745.52,0.0,0.0,1461537.84,1676283.36,0
1,CASH_OUT,380,207636.59,0.0,0.0,1169827.18,1377463.76,0
1,PAYMENT,207,6796.14,0.0,0.0,0.0,0.0,0
1,PAYMENT,187,11457.37,0.0,0.0,0.0,0.0,0
1,CASH_OUT,19,101691.61,122240.0,20548.39,0.0,101691.61,0
1,TRANSFER,280,268762.37,268762.37,0.0,0.0,0.0,1
1,PAYMENT,379,848.05,23214.03,22365.98,0.0,0.0,0
1,TRANSFER,253,398850.01,0.0,0.0,1167626.45,1566476.45,0
1,TRANSFER,340,26478.48,26478.48,0.0,0.0,0.0,1
1,TRANSFER,355,1696799.65,2847.0,0.0,74671.27,1771470.92,0
1,CASH_OUT,377,92573.42,0.0,0.0,3769641.09,3862214.51,0
1,CASH_OUT,331,5557.32,0.0,0.0,5851441.28,5856998.6,0
1,PAYMENT,20,2561.84,21332.0,18770.16,0.0,0.0,0
1,CASH_OUT,550,232423.98,0.0,0.0,426123.2,658547.18,0
1,CASH_IN,345,251740.95,298.0,252038.95,0.0,0.0,0
1,CASH_OUT,12,231939.3,37590.0,0.0,747876.0,0.0,0
1,PAYMENT,403,9296.42,0.0,0.0,0.0,0.0,0
1,CASH_OUT,252,60758.6,0.0,0.0,228094.96,288853.56,0
1,PAYMENT,285,1592.94,17153.0,15560.06,0.0,0.0,0
1,CASH_IN,180,233518.11,49211.0,282729.11,0.0,0.0,0
1,PAYMENT,277,1153.86,55827.0,54673.14,0.0,0.0,0
1,CASH_OUT,544,412668.39,412668.39,0.0,1445047.47,1857715.86,1
1,PAYMENT,404,1914.15,20135.0,18220.85,0.0,0.0,0
1,CASH_OUT,187,223851.11,0.0,0.0,1162131.98,1385983.09,0
1,CASH_IN,40,193164.58,188.0,193352.58,542726.28,349561.71,0
1,PAYMENT,542,3394.09,35326.88,31932.78,0.0,0.0,0
1,CASH_OUT,199,80885.48,80885.48,0.0,756653.51,837538.99,1
1,PAYMENT,303,53708.01,10497.0,0.0,0.0,0.0,0
1,PAYMENT,335,9980.87,76817.0,66836.13,0.0,0.0,0
1,CASH_IN,373,93321.05,42239.0,135560.05,2621008.25,2527687.19,0
1,CASH_OUT,681,213021.79,0.0,0.0,5222503.02,5435524.81,0
1,CASH_OUT,227,135254.59,0.0,0.0,527742.55,662997.14,0
1,PAYMENT,285,23767.61,387458.25,363690.65,0.0,0.0,0
1,CASH_OUT,277,42904.83,31954.0,0.0,771169.23,814074.06,0
1,PAYMENT,22,8749.08,108393.0,99643.92,0.0,0.0,0
1,TRANSFER,235,27957.33,0.0,0.0,5358877.21,5386834.55,0
1,TRANSFER,361,54892.98,54892.98,0.0,0.0,0.0,1
1,CASH_IN,281,27854.17,82143.81,109997.98,160475.85,132621.68,0
1,PAYMENT,306,22276.9,245309.78,223032.88,0.0,0.0,0
1,CASH_OUT,250,46887.43,0.0,0.0,50391.18,97278.61,0
1,PAYMENT,431,5660.5,106115.0,100454.5,0.0,0.0,0
1,PAYMENT,347,3220.78,0.0,0.0,0.0,0.0,0
1,CASH_OUT,20,252688.21,0.0,0.0,314741.41,567429.62,0
1,PAYMENT,208,1875.1,74801.0,72925.9,0.0,0.0,0
1,CASH_OUT,182,459265.23,23031.0,0.0,8113.78,467379.01,0
1,CASH_IN,256,33888.35,2433150.51,2467038.86,416382.58,382494.24,0
1,CASH_OUT,34,32804.54,17161.0,0.0,140825.78,173630.31,0
1,CASH_IN,326,542690.24,153503.0,696193.24,3802693.23,3260002.99,0
1,CASH_OUT,322,120543.59,0.0,0.0,163461.35,284004.94,0
1,CASH_IN,19,94466.36,32480.0,126946.36,7628519.69,7534053.33,0
1,CASH_IN,303,277449.31,7853431.93,8130881.24,1014807.13,737357.82,0
1,CASH_OUT,285,117087.82,30337.0,0.0,134743.23,251831.05,0
1,TRANSFER,606,57588.67,57588.67,0.0,0.0,0.0,1
1,CASH_IN,331,88615.66,252.0,88867.66,29266.94,435982.83,0
1,TRANSFER,234,450489.27,450489.27,0.0,0.0,0.0,1
1,CASH_OUT,16,83106.38,0.0,0.0,2913340.04,2996446.42,0
1,PAYMENT,601,2151.03,0.0,0.0,0.0,0.0,0
1,CASH_IN,302,35483.55,6625824.99,6661308.54,97268.23,61784.68,0
1,PAYMENT,630,2654.76,10290.0,7635.24,0.0,0.0,0
1,PAYMENT,259,2294.53,45966.0,43671.47,0.0,0.0,0
1,CASH_IN,396,366223.61,14833.0,381056.61,0.0,0.0,0
1,CASH_OUT,393,125842.94,100740.0,0.0,2042327.29,2168170.24,0
1,PAYMENT,10,1982.21,309272.18,307289.96,0.0,0.0,0
1,CASH_IN,18,341190.37,4075248.21,4416438.58,628240.51,287050.13,0
1,TRANSFER,533,1303029.52,1303029.52,0.0,0.0,0.0,1
1,TRANSFER,405,433498.51,0.0,0.0,2129458.61,2562957.12,0
1,CASH_OUT,135,195257.86,407776.35,212518.5,961322.18,1600145.91,0
1,CASH_OUT,178,540200.26,42643.0,0.0,1752420.86,2292621.12,0
1,TRANSFER,130,1383544.51,11093.0,0.0,0.0,1383544.51,0
1,PAYMENT,187,9607.17,53107.66,43500.48,0.0,0.0,0
1,TRANSFER,35,566762.4,163481.15,0.0,132611.9,699374.3,0
1,TRANSFER,205,500121.28,0.0,0.0,1087699.86,1587821.15,0
1,CASH_IN,138,151306.47,10272.0,161578.47,370097.58,218791.11,0
1,PAYMENT,667,14650.77,103181.0,88530.23,0.0,0.0,0
1,CASH_OUT,178,1796069.2,1796069.2,0.0,0.0,1796069.2,1
1,CASH_IN,348,129362.67,49928.0,179290.67,109573.94,0.0,0
1,CASH_IN,259,94828.98,16552126.94,16646955.92,698531.38,603702.4,0
1,PAYMENT,143,13399.44,32425.0,19025.56,0.0,0.0,0
1,PAYMENT,332,783.16,0.0,0.0,0.0,0.0,0
1,CASH_OUT,399,395190.19,0.0,0.0,521057.28,916247.47,0
1,CASH_OUT,377,434859.72,10158.0,0.0,94844.77,529704.49,0
1,CASH_IN,208,87416.84,6933405.61,7020822.45,521056.69,433639.85,0
1,CASH_OUT,140,28164.56,101032.0,72867.44,105246.34,133410.89,0
1,PAYMENT,400,5622.52,97882.0,92259.48,0.0,0.0,0
1,CASH_IN,395,94094.34,5811708.62,5905802.96,2486271.67,2392177.34,0
1,CASH_OUT,326,28117.4,106214.0,78096.6,0.0,28117.4,0
1,CASH_IN,278,108295.89,544222.81,652518.7,2071195.46,1962899.58,0
1,CASH_OUT,18,42943.42,286513.61,243570.19,0.0,63796.7,0
1,CASH_OUT,233,152592.07,0.0,0.0,5639220.75,5791812.83,0
1,CASH_IN,139,185015.72,2744640.39,2929656.1,951690.72,766675.0,0
1,CASH_OUT,188,69321.02,11634.0,0.0,1199007.9,1268328.92,0
1,CASH_OUT,258,26393.16,2453.0,0.0,0.0,26393.16,0
1,CASH_OUT,302,112423.25,0.0,0.0,161749.24,274172.5,0
1,PAYMENT,377,24668.01,0.0,0.0,0.0,0.0,0
1,CASH_OUT,409,175972.28,175972.28,0.0,602609.04,778581.32,1
1,CASH_IN,304,86574.25,51662.0,138236.25,0.0,0.0,0
1,CASH_OUT,42,462184.41,115.0,0.0,3182468.52,3644652.93,0
1,PAYMENT,276,23220.47,146321.0,123100.53,0.0,0.0,0
1,TRANSFER,210,565551.61,0.0,0.0,5176351.68,5741903.29,0
1,PAYMENT,257,8820.04,295.0,0.0,0.0,0.0,0
1,CASH_OUT,346,394681.58,45261.0,0.0,250255.9,644937.48,0
1,TRANSFER,329,2461527.49,23394.0,0.0,969133.38,3430660.86,0
1,TRANSFER,136,1327753.8,87123.28,0.0,9212845.67,10540599.47,0
1,PAYMENT,136,4096.26,0.0,0.0,0.0,0.0,0
1,PAYMENT,16,9515.25,21589.0,12073.75,0.0,0.0,0
1,PAYMENT,17,33005.22,101941.0,68935.78,0.0,0.0,0
1,PAYMENT,237,2271.72,11551.0,9279.28,0.0,0.0,0
1,PAYMENT,162,10020.25,241282.0,231261.75,0.0,0.0,0
1,CASH_OUT,276,161340.17,817810.0,656469.83,355078.13,516418.3,0
1,PAYMENT,691,3900.08,52019.77,48119.69,0.0,0.0,0
1,CASH_IN,372,178733.79,22418.0,201151.79,290105.38,111371.59,0
1,TRANSFER,149,17569.42,17569.42,0.0,0.0,0.0,1
1,CASH_IN,303,88729.04,7497175.01,7585904.05,2639673.41,2550944.37,0
1,CASH_OUT,43,448917.14,5413.0,0.0,55830.73,504747.87,0
1,CASH_OUT,350,283564.72,10815.0,0.0,26141.89,309706.62,0
1,PAYMENT,96,42.52,5578.0,5535.48,0.0,0.0,0
1,PAYMENT,372,2567.17,239189.72,236622.56,0.0,0.0,0
1,CASH_OUT,138,165845.09,0.0,0.0,188443.38,354288.47,0
1,CASH_OUT,298,352782.57,0.0,0.0,499108.87,851891.44,0
1,CASH_OUT,136,268307.38,50068.0,0.0,0.0,268307.38,0
1,CASH_OUT,301,198948.0,8340.0,0.0,75000.0,273948.0,0
1,PAYMENT,309,14405.46,0.0,0.0,0.0,0.0,0
1,CASH_OUT,44,305733.12,0.0,0.0,1362543.68,2202501.94,0
1,CASH_IN,356,208487.5,57831.0,266318.5,830118.03,621630.53,0
1,TRANSFER,261,2689633.8,2689633.8,0.0,0.0,0.0,1
1,CASH_OUT,79,432254.84,432254.84,0.0,1300115.81,1732370.65,1
1,TRANSFER,39,716025.38,1155.0,0.0,0.0,716025.38,0
1,CASH_OUT,20,289081.53,0.0,0.0,1622794.45,1911875.98,0
1,PAYMENT,129,15396.43,49602.0,34205.57,0.0,0.0,0
1,TRANSFER,224,99316.36,99316.36,0.0,0.0,0.0,1
1,TRANSFER,212,408950.7,0.0,0.0,6428774.7,6837725.39,0
1,PAYMENT,183,6156.82,37873.64,31716.81,0.0,0.0,0
1,CASH_OUT,236,134996.77,0.0,0.0,637121.82,772118.58,0
1,CASH_OUT,260,17804.73,44669.0,26864.27,180802.96,198607.69,0
1,CASH_OUT,281,38418.62,104130.0,65711.38,0.0,38418.62,0
1,CASH_OUT,379,281317.23,0.0,0.0,582156.64,1069090.17,0
1,PAYMENT,305,48889.33,2042.0,0.0,0.0,0.0,0
1,TRANSFER,40,82002.13,7167.0,0.0,0.0,82002.13,0
1,CASH_OUT,205,202903.31,0.0,0.0,328902.92,531806.23,0
1,PAYMENT,140,12460.08,55265.0,42804.92,0.0,0.0,0
1,CASH_IN,324,277822.2,34651.0,312473.2,8174752.73,7896930.54,0
1,CASH_IN,275,5670.81,30587.0,36257.81,1504240.47,1498569.66,0
1,CASH_OUT,330,165477.72,0.0,0.0,3557077.45,3722555.17,0
1,TRANSFER,532,188097.08,188097.08,0.0,0.0,0.0,1
1,CASH_OUT,133,58306.06,0.0,0.0,302957.17,361263.23,0
1,PAYMENT,204,12828.12,34979.0,22150.88,0.0,0.0,0
1,CASH_IN,621,219553.89,2314060.04,2533613.93,1347605.81,1128051.92,0
1,CASH_IN,428,67359.57,2027074.43,2094434.0,76724.21,9364.64,0
1,PAYMENT,162,12705.03,89601.0,76895.97,0.0,0.0,0
1,CASH_OUT,41,150475.97,0.0,0.0,1325503.96,1475979.93,0
1,PAYMENT,300,8008.76,0.0,0.0,0.0,0.0,0
1,CASH_OUT,307,216982.12,10302.0,0.0,0.0,216982.12,0
1,CASH_OUT,439,203119.08,203119.08,0.0,1163234.67,1366353.75,1
1,PAYMENT,285,4331.65,37202.0,32870.35,0.0,0.0,0
1,CASH_OUT,373,28951.92,22436.0,0.0,115018.64,143970.56,0
1,CASH_IN,182,180638.68,2407545.59,2588184.27,839339.23,658700.55,0
1,PAYMENT,35,6022.96,678.0,0.0,0.0,0.0,0
1,CASH_OUT,129,18581.78,0.0,0.0,2064737.19,2083318.97,0
1,TRANSFER,129,175271.82,0.0,0.0,180297.42,355569.24,0
1,CASH_OUT,355,520290.39,0.0,0.0,1127052.7,1647343.09,0
1,CASH_OUT,184,63143.55,0.0,0.0,1575007.69,1638151.23,0
1,CASH_OUT,307,15344.62,18603.0,3258.38,259311.56,274656.18,0
1,CASH_IN,163,603595.93,17.0,603612.93,7245312.54,6641716.61,0
1,CASH_OUT,303,165017.84,315843.34,150825.5,599245.02,764262.86,0
1,PAYMENT,276,4928.71,79996.99,75068.28,0.0,0.0,0
1,CASH_OUT,185,114617.9,0.0,0.0,663209.26,777827.16,0
1,TRANSFER,196,436035.29,436035.29,0.0,0.0,0.0,1
1,CASH_IN,324,360025.18,13130415.81,13490441.0,2338147.85,1978122.67,0
1,TRANSFER,357,6736142.18,0.0,0.0,11751146.89,18487289.07,0
1,PAYMENT,350,5813.53,271950.72,266137.19,0.0,0.0,0
1,CASH_IN,259,375456.78,3483590.39,3859047.17,773107.47,239378.51,0
1,CASH_OUT,321,286035.65,0.0,0.0,2804801.09,3090836.74,0
1,PAYMENT,228,14116.43,540545.0,526428.57,0.0,0.0,0
1,CASH_IN,187,53147.69,31106.0,84253.69,0.0,0.0,0
1,CASH_IN,41,28699.56,8045754.39,8074453.95,270866.91,242167.35,0
1,CASH_OUT,396,233699.25,233699.25,0.0,0.0,233699.25,1
1,CASH_OUT,322,299304.4,0.0,0.0,1353236.41,1652540.81,0
1,PAYMENT,45,9567.06,10727.0,1159.94,0.0,0.0,0
1,CASH_IN,277,139191.28,6485519.71,6624710.99,261824.78,122633.5,0
1,PAYMENT,33,5362.7,0.0,0.0,0.0,0.0,0
1,PAYMENT,540,19152.69,6211.0,0.0,0.0,0.0,0
1,CASH_OUT,159,299682.61,114344.0,0.0,2118550.13,2418232.73,0
1,CASH_IN,300,23603.01,6620613.25,6644216.26,10782464.11,10758861.1,0
1,CASH_OUT,132,226817.52,0.0,0.0,3916682.95,4143500.47,0
1,CASH_OUT,12,162156.6,270821.0,108664.4,3481559.07,3643715.66,0
1,CASH_OUT,183,302839.8,0.0,0.0,478056.93,780896.72,0
1,CASH_OUT,234,158433.54,1015.0,0.0,15792626.33,15951059.86,0
1,PAYMENT,286,12489.96,163.0,0.0,0.0,0.0,0
1,PAYMENT,301,30117.22,0.0,0.0,0.0,0.0,0
1,PAYMENT,205,11789.52,0.0,0.0,0.0,0.0,0
1,CASH_OUT,14,66222.18,0.0,0.0,3997575.27,4388923.94,0
1,CASH_OUT,380,138490.92,715732.0,577241.08,0.0,138490.92,0
1,CASH_OUT,211,41767.54,41066.0,0.0,0.0,41767.54,0
1,CASH_OUT,428,43448.48,44028.0,579.52,0.0,43448.48,0
1,CASH_OUT,24,53906.22,48820.0,0.0,0.0,53906.22,0
1,CASH_OUT,37,5979556.06,5979556.06,0.0,0.0,5979556.06,1
1,CASH_OUT,203,188074.93,145533.0,0.0,327767.39,334317.88,0
1,CASH_OUT,402,424302.39,0.0,0.0,581064.98,1005367.37,0
1,CASH_OUT,378,174548.14,11049.0,0.0,279894.64,454442.78,0
1,TRANSFER,139,695366.32,199897.0,0.0,0.0,695366.32,0
1,CASH_OUT,185,61583.0,300.0,0.0,0.0,61583.0,0
1,CASH_IN,307,265696.08,74691.0,340387.08,591889.56,326193.48,0
1,TRANSFER,14,520301.87,345767.84,0.0,2322573.17,2564448.26,0
1,CASH_OUT,228,201582.85,240052.0,38469.15,0.0,201582.85,0
1,CASH_OUT,259,197741.2,48619.0,0.0,2843634.11,3041375.31,0
1,TRANSFER,139,4912.1,0.0,0.0,55429.57,60341.67,0
1,PAYMENT,12,27349.63,145876.0,118526.37,0.0,0.0,0
1,CASH_OUT,255,309380.38,49857.0,0.0,930719.97,1240100.36,0
1,TRANSFER,189,122725.8,0.0,0.0,605596.12,728321.91,0
1,CASH_IN,180,335297.47,20679.0,355976.47,2550345.02,2215047.56,0
1,PAYMENT,358,9053.26,5732.0,0.0,0.0,0.0,0
1,CASH_IN,135,61713.49,2675527.58,2737241.08,1176456.03,968033.91,0
1,CASH_IN,211,90017.37,145015.24,235032.61,1411605.66,1321588.28,0
1,PAYMENT,142,7038.63,10021.0,2982.37,0.0,0.0,0
1,CASH_IN,14,82561.37,8644.0,91205.37,1353508.8,1367449.68,0
1,TRANSFER,18,446301.96,11234.0,0.0,2970090.56,3416392.52,0
1,CASH_OUT,356,25656.84,35254.0,9597.16,0.0,25656.84,0
1,CASH_OUT,36,109045.37,44734.0,0.0,387764.06,496809.43,0
1,CASH_OUT,376,49806.04,0.0,0.0,3024188.36,3073994.41,0
1,PAYMENT,396,24876.28,0.0,0.0,0.0,0.0,0
1,CASH_OUT,595,1285.03,5433.0,4147.97,2185679.11,2186964.14,0
1,CASH_IN,159,133275.88,1984.0,135259.88,45657.0,0.0,0
1,CASH_OUT,403,186882.62,35271.0,0.0,1337464.42,1524347.03,0
1,PAYMENT,330,7110.53,281680.43,274569.9,0.0,0.0,0
1,TRANSFER,86,88649.1,88649.1,0.0,0.0,0.0,1
1,PAYMENT,229,10770.09,33056.0,22285.91,0.0,0.0,0
1,CASH_IN,44,151667.7,20458.0,172125.7,878199.98,726532.27,0
1,PAYMENT,249,17303.46,0.0,0.0,0.0,0.0,0
1,CASH_OUT,406,83734.55,90232.01,6497.47,268722.03,352456.57,0
1,CASH_IN,300,153778.77,1685641.72,1839420.49,937877.16,784098.39,0
1,PAYMENT,687,38176.27,0.0,0.0,0.0,0.0,0
1,PAYMENT,588,34361.28,0.0,0.0,0.0,0.0,0
1,CASH_OUT,236,89376.07,662.0,0.0,73979.55,163355.62,0
1,CASH_OUT,522,146908.38,146908.38,0.0,4991504.3,5138412.68,1
1,CASH_IN,377,154443.08,16093762.31,16248205.39,2091907.51,1937464.44,0
1,CASH_IN,351,153521.72,17579.0,171100.72,12775.77,0.0,0
1,PAYMENT,10,18140.66,257322.0,239181.34,0.0,0.0,0
1,CASH_IN,308,505610.43,6735330.24,7240940.67,545360.25,39749.81,0
1,PAYMENT,156,959.12,0.0,0.0,0.0,0.0,0
1,CASH_OUT,164,9215.28,0.0,0.0,701629.55,710844.83,0
1,TRANSFER,570,1021194.38,1021194.38,0.0,0.0,0.0,1
1,CASH_OUT,136,68718.89,9534.0,0.0,0.0,68718.89,0
1,CASH_IN,19,210417.73,3963921.03,4174338.76,4261942.2,3943239.16,0
1,CASH_OUT,240,74076.48,74076.48,0.0,526175.63,600252.1,1
1,CASH_IN,282,4921.28,11169.0,16090.28,44481.82,39560.54,0
1,CASH_OUT,135,135892.52,52800.0,0.0,213222.62,349115.14,0
1,PAYMENT,300,20379.83,0.0,0.0,0.0,0.0,0
1,CASH_IN,15,360303.65,726.0,361029.65,0.0,0.0,0
1,PAYMENT,20,47005.02,0.0,0.0,0.0,0.0,0
1,CASH_OUT,400,97805.29,169.0,0.0,36183.93,133989.22,0
1,PAYMENT,131,1299.73,354890.53,353590.8,0.0,0.0,0
1,PAYMENT,13,12423.06,10932.0,0.0,0.0,0.0,0
1,CASH_IN,158,124285.92,3321144.76,3445430.68,313914.74,189628.82,0
1,CASH_OUT,275,74173.0,0.0,0.0,134234.31,402611.2,0
1,PAYMENT,236,458.21,82213.0,81754.79,0.0,0.0,0
1,CASH_IN,158,113954.61,30962.0,144916.61,0.0,0.0,0
1,CASH_OUT,15,204291.4,48753.0,0.0,0.0,204291.4,0
1,PAYMENT,20,3816.75,32290.0,28473.25,0.0,0.0,0
1,TRANSFER,169,286306.33,286306.33,0.0,0.0,0.0,1
1,CASH_OUT,227,210.92,210.92,0.0,3437310.4,3437521.31,1
1,CASH_OUT,42,203336.36,0.0,0.0,247501.24,450837.6,0
1,CASH_IN,208,268049.88,21448478.45,21716528.33,2897382.13,2629332.25,0
1,PAYMENT,330,7176.51,395725.32,388548.81,0.0,0.0,0
1,PAYMENT,232,7523.57,16004.0,8480.43,0.0,0.0,0
1,PAYMENT,206,3117.66,400.0,0.0,0.0,0.0,0
1,TRANSFER,656,766257.55,766257.55,0.0,0.0,0.0,1
1,CASH_OUT,329,130626.8,98026.0,0.0,0.0,130626.8,0
1,TRANSFER,25,296333.54,296333.54,0.0,0.0,0.0,1
1,CASH_OUT,41,209608.06,29257.23,0.0,4765495.28,4975103.35,0
1,PAYMENT,193,93269.7,3156.0,0.0,0.0,0.0,0
1,PAYMENT,142,16432.93,51181.0,34748.07,0.0,0.0,0
1,TRANSFER,35,122032.62,122032.62,0.0,0.0,0.0,1
1,CASH_OUT,352,152995.84,30826.0,0.0,298606.93,451602.77,0
1,PAYMENT,130,7251.45,0.0,0.0,0.0,0.0,0
2,CASH_IN,17,214780.8,5772.0,220552.8,382244.49,167463.69,0
2,TRANSFER,135,720395.51,311.0,0.0,26794981.03,27515376.53,0
2,CASH_OUT,227,289662.59,0.0,0.0,6075130.63,6364793.22,0
2,CASH_IN,164,143767.39,3103952.7,3247720.09,245721.66,101954.27,0
2,CASH_OUT,394,215088.46,0.0,0.0,613970.92,829059.39,0
2,TRANSFER,283,309281.18,0.0,0.0,756208.04,1065489.22,0
2,CASH_IN,394,150913.94,5668049.53,5818963.47,260708.95,109795.01,0
2,CASH_OUT,307,22.86,0.0,0.0,51118.64,51141.49,0
2,PAYMENT,44,3631.84,0.0,0.0,0.0,0.0,0
2,CASH_IN,19,139656.71,173118.0,312774.71,215339.42,75682.71,0
2,CASH_IN,379,237500.8,4488698.83,4726199.63,1655541.43,1418040.63,0
2,CASH_OUT,403,265836.1,265836.1,0.0,5819149.73,6084985.83,1
2,CASH_IN,18,96432.34,76502.0,172934.34,472830.94,376398.6,0
2,CASH_OUT,334,60041.26,54544.8,0.0,2726492.6,2786533.87,0
2,CASH_OUT,403,135847.92,0.0,0.0,413076.79,548924.71,0
2,CASH_IN,42,397597.42,100120.0,497717.42,0.0,0.0,0
2,DEBIT,408,1158.55,45694.0,44535.45,89347.56,90506.11,0
2,CASH_IN,162,133342.73,6040946.52,6174289.25,6024762.06,5891419.33,0
2,CASH_OUT,42,222385.83,0.0,0.0,661698.94,884084.77,0
2,CASH_OUT,277,2392482.86,2392482.86,0.0,2414558.13,4807040.99,1
2,PAYMENT,382,31784.88,0.0,0.0,0.0,0.0,0
2,CASH_OUT,372,10844.5,0.0,0.0,11311670.46,11322514.97,0
2,TRANSFER,420,1034347.5,6583.0,0.0,337567.25,1371914.74,0
2,CASH_OUT,275,111606.52,0.0,0.0,414738.06,526344.58,0
2,CASH_IN,352,318457.29,12261988.96,12580446.25,1363146.38,1044689.09,0
2,CASH_IN,134,318752.67,1077.0,319829.67,840148.34,521395.68,0
2,PAYMENT,13,10979.16,786333.23,775354.07,0.0,0.0,0
2,TRANSFER,523,5999376.79,5999376.79,0.0,0.0,0.0,1
2,CASH_OUT,37,149038.93,0.0,0.0,2611126.14,2760165.07,0
2,PAYMENT,237,7991.61,50556.0,42564.39,0.0,0.0,0
2,CASH_OUT,469,93331.09,99395.0,6063.91,278624.86,371955.96,0
2,PAYMENT,328,3280.95,0.0,0.0,0.0,0.0,0
2,CASH_IN,135,47636.3,1262245.42,1309881.72,52220.63,4584.33,0
2,CASH_OUT,139,68368.55,0.0,0.0,1432951.37,1501319.93,0
2,PAYMENT,718,2988.11,664607.0,661618.89,0.0,0.0,0
2,CASH_OUT,16,142492.64,55642.0,0.0,169072.61,311565.25,0
2,PAYMENT,163,639.03,167083.03,166444.0,0.0,0.0,0
2,PAYMENT,96,11721.49,153797.0,142075.51,0.0,0.0,0
2,PAYMENT,403,6424.24,8658.0,2233.76,0.0,0.0,0
2,CASH_IN,163,90874.75,325141.04,416015.79,629070.77,538196.01,0
2,PAYMENT,203,8236.17,402905.97,394669.8,0.0,0.0,0
2,CASH_OUT,242,117247.97,43512.42,0.0,2410146.77,2527394.75,0
2,TRANSFER,37,417302.25,261719.5,0.0,670367.04,920704.88,0
2,PAYMENT,310,4800.33,30251.0,25450.67,0.0,0.0,0
2,CASH_OUT,412,87438.83,87438.83,0.0,69617.57,157056.4,1
2,TRANSFER,343,802417.45,802417.45,0.0,0.0,0.0,1
2,PAYMENT,348,26733.35,0.0,0.0,0.0,0.0,0
2,TRANSFER,402,337170.74,0.0,0.0,2414427.77,2751598.51,0
2,TRANSFER,329,325350.48,0.0,0.0,567512.93,892863.41,0
2,CASH_OUT,332,169885.8,67766.0,0.0,0.0,169885.8,0
2,PAYMENT,40,33006.33,601.0,0.0,0.0,0.0,0
2,CASH_OUT,119,266362.2,0.0,0.0,4084750.61,4351112.81,0
2,PAYMENT,395,10340.58,0.0,0.0,0.0,0.0,0
2,CASH_IN,130,179655.62,8094266.14,8273921.76,9644459.05,9464803.43,0
2,CASH_OUT,39,20527.39,21356.0,828.61,8444822.87,8465350.26,0
2,PAYMENT,393,2633.5,31174.0,28540.5,0.0,0.0,0
2,CASH_OUT,90,134515.36,134515.36,0.0,29488.06,164003.41,1
2,PAYMENT,263,5164.95,28618.22,23453.27,0.0,0.0,0
2,CASH_IN,159,37655.94,6428744.86,6466400.79,3441310.38,3403654.45,0
2,PAYMENT,330,11623.12,26057.0,14433.88,0.0,0.0,0
2,CASH_IN,357,198926.32,34364.0,233290.32,0.0,0.0,0
2,CASH_OUT,308,65630.03,0.0,0.0,1275578.97,1341209.0,0
2,CASH_OUT,548,102404.89,9142.0,0.0,0.0,102404.89,0
2,CASH_OUT,717,169617.48,19947.0,0.0,0.0,169617.48,0
2,CASH_OUT,183,186614.01,0.0,0.0,328074.4,514688.41,0
2,TRANSFER,368,200419.12,200419.12,0.0,0.0,0.0,1
2,CASH_OUT,332,33880.84,0.0,0.0,532615.02,566495.86,0
2,CASH_OUT,283,7106.33,0.0,0.0,242165.95,249272.28,0
2,PAYMENT,354,1197.25,8665.0,7467.75,0.0,0.0,0
2,CASH_OUT,369,1674146.06,1674146.06,0.0,4728174.27,6402320.34,1
2,PAYMENT,280,4504.2,20335.0,15830.8,0.0,0.0,0
2,PAYMENT,379,21443.29,298251.0,276807.7,0.0,0.0,0
2,CASH_OUT,36,3296.72,0.0,0.0,9228856.27,9232153.0,0
2,CASH_IN,131,60058.93,63659.0,123717.93,60901.88,842.96,0
2,TRANSFER,373,580783.11,0.0,0.0,1583836.45,2164619.56,0
2,PAYMENT,370,31932.76,31145.0,0.0,0.0,0.0,0
2,CASH_OUT,20,667374.55,0.0,0.0,894335.14,1561709.69,0
2,PAYMENT,337,17069.44,10189.7,0.0,0.0,0.0,0
2,PAYMENT,214,9735.25,20225.0,10489.75,0.0,0.0,0
2,CASH_IN,544,21170.99,2868503.84,2889674.83,256717.86,235546.87,0
2,PAYMENT,359,7361.48,256875.39,249513.91,0.0,0.0,0
2,CASH_OUT,376,89376.33,0.0,0.0,2087019.56,2176395.89,0
2,PAYMENT,380,97.91,0.0,0.0,0.0,0.0,0
2,PAYMENT,177,6603.75,20122.0,13518.25,0.0,0.0,0
2,PAYMENT,324,16379.19,68288.27,51909.08,0.0,0.0,0
2,PAYMENT,203,10285.79,6186.0,0.0,0.0,0.0,0
2,CASH_OUT,13,13809.0,0.0,0.0,3296363.2,3310172.19,0
2,CASH_OUT,133,220633.2,0.0,0.0,244525.11,465158.31,0
2,PAYMENT,323,36167.27,0.0,0.0,0.0,0.0,0
2,PAYMENT,373,14586.12,0.0,0.0,0.0,0.0,0
2,CASH_IN,525,176751.62,29788.0,206539.62,0.0,0.0,0
2,CASH_OUT,155,299232.63,0.0,0.0,3801025.09,4100257.72,0
2,PAYMENT,374,32138.44,42148.0,10009.56,0.0,0.0,0
2,CASH_OUT,164,90570.76,0.0,0.0,1640455.72,1731026.48,0
2,PAYMENT,157,14160.56,0.0,0.0,0.0,0.0,0
2,CASH_IN,397,105072.53,3037700.42,3142772.96,505711.85,400639.31,0
2,TRANSFER,238,401690.02,0.0,0.0,2319835.56,2721525.58,0
2,TRANSFER,521,98086.09,98086.09,0.0,0.0,0.0,1
2,CASH_OUT,425,10000000.0,10000000.0,0.0,0.0,10000000.0,1
2,PAYMENT,282,4007.09,24893.36,20886.28,0.0,0.0,0
2,CASH_OUT,355,197690.56,51917.0,0.0,0.0,197690.56,0
2,CASH_IN,12,239249.9,10304.0,249553.9,153947.8,0.0,0
2,CASH_OUT,451,300647.87,0.0,0.0,3594328.53,3894976.41,0
2,PAYMENT,44,1610.31,0.0,0.0,0.0,0.0,0
2,CASH_IN,204,140407.66,1055336.28,1195743.94,355359.14,214951.47,0
2,CASH_IN,177,304049.46,2360797.57,2664847.02,1285228.53,981179.07,0
2,PAYMENT,372,57704.91,0.0,0.0,0.0,0.0,0
2,CASH_OUT,209,26796.71,9993.0,0.0,0.0,26796.71,0
2,PAYMENT,331,2484.56,21115.03,18630.47,0.0,0.0,0
2,TRANSFER,542,407488.45,60004.0,0.0,0.0,407488.45,0
2,CASH_OUT,133,257673.07,0.0,0.0,1244082.55,1649113.38,0
2,CASH_IN,351,284476.88,4022.0,288498.88,383436.52,98959.63,0
2,CASH_OUT,355,17715.96,0.0,0.0,5942605.18,5960321.13,0
2,TRANSFER,377,706173.87,11050.0,0.0,97674.56,803848.43,0
2,TRANSFER,251,743669.36,0.0,0.0,1329708.73,2448755.99,0
2,CASH_IN,478,69591.7,2337769.39,2407361.09,1418765.33,1349173.63,0
2,CASH_OUT,590,14046.48,807529.25,793482.77,369173.7,383220.18,0
2,CASH_IN,21,84299.96,7160692.29,7244992.25,284614.33,200314.36,0
2,CASH_OUT,33,65384.28,0.0,0.0,2160004.28,2225388.56,0
2,PAYMENT,347,21563.83,42974.56,21410.73,0.0,0.0,0
2,CASH_OUT,346,50876.15,54386.0,3509.85,201783.27,252659.42,0
2,CASH_OUT,134,370458.92,101934.0,0.0,0.0,370458.92,0
2,CASH_IN,379,157361.37,664529.0,821890.37,0.0,0.0,0
2,CASH_IN,307,63157.87,2927574.94,2990732.81,66072.94,2915.07,0
2,PAYMENT,350,5979.59,0.0,0.0,0.0,0.0,0
2,PAYMENT,275,3081.83,19437.0,16355.17,0.0,0.0,0
2,PAYMENT,130,10090.26,10538.0,447.74,0.0,0.0,0
2,CASH_IN,9,39175.84,3986238.79,4025414.64,244812.71,162998.46,0
2,PAYMENT,13,2879.7,20460.27,17580.57,0.0,0.0,0
2,PAYMENT,401,1545.8,454956.46,453410.65,0.0,0.0,0
2,CASH_IN,188,166760.57,0.0,166760.57,245735.17,78974.6,0
2,CASH_IN,283,136904.12,11154.0,148058.12,148323.77,11419.65,0
2,CASH_OUT,138,33792.95,20589.0,0.0,758197.79,791990.73,0
2,TRANSFER,234,81575.57,441691.0,360115.43,43092.51,124668.09,0
2,PAYMENT,695,13403.14,0.0,0.0,0.0,0.0,0
2,CASH_OUT,254,60892.78,103959.0,43066.22,0.0,60892.78,0
2,CASH_IN,163,135684.38,563.0,136247.38,0.0,0.0,0
2,PAYMENT,256,4612.2,42431.0,37818.8,0.0,0.0,0
2,CASH_OUT,226,195708.55,195708.55,0.0,5705050.51,5900759.07,1
2,CASH_OUT,232,521491.17,399501.0,0.0,0.0,521491.17,0
2,CASH_IN,161,97346.39,11435.0,108781.39,0.0,0.0,0
2,PAYMENT,379,1414.72,87525.72,86111.0,0.0,0.0,0
2,CASH_OUT,326,217310.65,3119.0,0.0,0.0,217310.65,0
2,CASH_OUT,16,132746.69,32355.0,0.0,0.0,132746.69,0
2,TRANSFER,136,609372.05,10155.0,0.0,3164892.46,3774264.52,0
2,CASH_IN,95,110358.1,204831.0,315189.1,2461422.47,2351064.37,0
2,PAYMENT,659,6317.63,0.0,0.0,0.0,0.0,0
2,CASH_OUT,282,206586.07,0.0,0.0,554849.94,761436.01,0
2,PAYMENT,356,2868.43,4640.0,1771.57,0.0,0.0,0
2,PAYMENT,162,15779.93,527929.0,512149.07,0.0,0.0,0
2,CASH_OUT,370,238712.67,194920.0,0.0,0.0,238712.67,0
2,PAYMENT,250,5767.88,0.0,0.0,0.0,0.0,0
2,TRANSFER,519,1644253.61,1644253.61,0.0,0.0,0.0,1
2,CASH_OUT,42,151672.48,0.0,0.0,476610.71,628283.19,0
2,PAYMENT,259,2733.7,0.0,0.0,0.0,0.0,0
2,PAYMENT,458,13297.7,30518.34,17220.64,0.0,0.0,0
2,PAYMENT,514,11539.48,70372.0,58832.52,0.0,0.0,0
2,CASH_OUT,276,135761.88,305205.0,169443.12,5142211.11,5277972.99,0
2,CASH_IN,324,257132.81,2095123.88,2352256.69,930607.06,673474.25,0
2,PAYMENT,46,16510.01,0.0,0.0,0.0,0.0,0
2,CASH_OUT,41,355915.87,563.0,0.0,1721233.62,2077149.49,0
2,CASH_OUT,202,3347.6,0.0,0.0,10502.0,6612.9,0
2,CASH_OUT,542,92746.47,10433.0,0.0,0.0,92746.47,0
2,PAYMENT,183,18028.83,4020.0,0.0,0.0,0.0,0
2,CASH_OUT,157,125159.89,49361.11,0.0,336507.97,461667.86,0
2,PAYMENT,255,11053.67,280.0,0.0,0.0,0.0,0
2,CASH_OUT,42,185754.4,40858.0,0.0,0.0,120776.28,0
2,PAYMENT,8,12401.65,81522.0,69120.35,0.0,0.0,0
2,TRANSFER,191,326660.75,0.0,0.0,2044116.12,2370776.87,0
2,TRANSFER,322,3445853.17,0.0,0.0,7424625.44,10870478.6,0
2,CASH_OUT,379,323506.33,0.0,0.0,1215312.49,1538818.81,0
2,PAYMENT,12,8823.97,476.0,0.0,0.0,0.0,0
2,PAYMENT,544,69296.37,0.0,0.0,0.0,0.0,0
2,CASH_OUT,379,222512.19,4061.0,0.0,1755428.21,1977940.4,0
2,CASH_IN,355,97382.51,2300881.18,2398263.68,2208477.27,2111094.76,0
2,CASH_IN,279,160077.54,3820616.44,3980693.97,285907.54,125830.01,0
2,CASH_IN,302,395585.58,20280.0,415865.58,1441514.05,1045928.47,0
2,PAYMENT,45,3924.12,101883.0,97958.88,0.0,0.0,0
2,CASH_OUT,164,68080.54,18355.0,0.0,159030.35,227110.89,0
2,CASH_OUT,331,52889.53,43015.0,0.0,106611.01,159500.54,0
2,PAYMENT,394,7211.86,22392.0,15180.14,0.0,0.0,0
2,PAYMENT,345,3477.81,7562.0,4084.19,0.0,0.0,0
2,CASH_IN,137,330439.13,19944568.75,20275007.88,8020669.81,7690230.68,0
2,CASH_OUT,235,78659.76,0.0,0.0,86846.62,165506.38,0
2,PAYMENT,330,23361.16,0.0,0.0,0.0,0.0,0
2,CASH_OUT,190,103039.04,0.0,0.0,666135.03,769174.07,0
2,PAYMENT,383,22183.77,0.0,0.0,0.0,0.0,0
2,CASH_OUT,206,171628.31,39602.0,0.0,2017074.55,2546348.26,0
2,CASH_OUT,428,227263.61,43049.0,0.0,777392.31,1004655.92,0
2,CASH_IN,43,197095.31,4809258.56,5006353.87,1046136.37,849041.06,0
2,PAYMENT,258,1283.96,0.0,0.0,0.0,0.0,0
2,CASH_IN,157,44501.71,3656.0,48157.71,9976.68,0.0,0
2,CASH_IN,36,302577.63,12440.0,315017.63,175963.27,0.0,0
2,CASH_OUT,34,157875.25,0.0,0.0,1134187.06,1608816.52,0
2,CASH_OUT,349,197841.94,0.0,0.0,9938784.58,10136626.52,0
2,CASH_OUT,321,130509.53,0.0,0.0,1098674.25,1229183.78,0
2,CASH_IN,408,74492.51,5111083.07,5185575.59,5294415.5,5219922.99,0
2,CASH_OUT,299,373621.19,95265.1,0.0,544868.17,918489.36,0
2,CASH_IN,370,274896.21,122.0,275018.21,646960.74,372064.53,0
2,CASH_OUT,181,43799.97,0.0,0.0,404613.52,448413.49,0
2,CASH_OUT,322,183760.21,3184.0,0.0,63735.22,247495.42,0
2,CASH_IN,251,127862.48,10199.0,138061.48,0.0,0.0,0
2,PAYMENT,274,59.75,298058.0,297998.25,0.0,0.0,0
2,PAYMENT,282,14104.23,98635.0,84530.77,0.0,0.0,0
2,PAYMENT,22,8789.8,0.0,0.0,0.0,0.0,0
2,PAYMENT,13,10004.21,178328.65,168324.43,0.0,0.0,0
2,CASH_IN,13,280191.34,17370.0,297561.34,510373.13,230181.78,0
2,PAYMENT,286,1890.78,30667.0,28776.22,0.0,0.0,0
2,CASH_IN,208,283393.81,19181869.7,19465263.51,2485489.41,2202095.6,0
2,CASH_IN,187,137732.5,7381530.76,7519263.26,1186715.05,1048982.55,0
2,PAYMENT,134,26348.48,0.0,0.0,0.0,0.0,0
2,PAYMENT,39,11868.62,73131.0,61262.38,0.0,0.0,0
2,CASH_IN,398,110235.12,4705223.33,4815458.45,472472.84,362237.72,0
2,CASH_IN,373,275520.27,0.0,275520.27,8852095.97,8576575.7,0
2,CASH_IN,350,134266.75,4391640.34,4525907.09,204349.88,70083.13,0
2,PAYMENT,160,59.33,0.0,0.0,0.0,0.0,0
2,TRANSFER,691,185661.46,0.0,0.0,4076408.25,4262069.71,0
2,CASH_OUT,43,60280.09,0.0,0.0,2277399.76,2337679.85,0
2,PAYMENT,395,24416.2,59137.0,34720.8,0.0,0.0,0
2,CASH_IN,154,136240.81,1759827.3,1896068.11,359081.17,222840.36,0
2,CASH_IN,276,95911.45,10131.0,106042.45,0.0,0.0,0
2,PAYMENT,690,9029.6,0.0,0.0,0.0,0.0,0
2,CASH_OUT,257,127525.03,11161.0,0.0,2107027.74,2234552.77,0
2,PAYMENT,588,12999.65,5500.0,0.0,0.0,0.0,0
2,PAYMENT,357,11980.78,0.0,0.0,0.0,0.0,0
2,PAYMENT,281,12220.72,0.0,0.0,0.0,0.0,0
2,PAYMENT,18,11986.95,312.0,0.0,0.0,0.0,0
2,CASH_OUT,372,309834.72,231012.0,0.0,306248.62,616083.34,0
2,CASH_IN,133,9430.39,3790335.33,3799765.72,15404.88,5974.49,0
2,CASH_OUT,403,109615.12,31377.0,0.0,0.0,109615.12,0
2,TRANSFER,239,172007.9,34498.0,0.0,1008014.19,1180022.1,0
2,CASH_OUT,42,199526.71,31489.0,0.0,0.0,199526.71,0
2,PAYMENT,380,12375.43,2362.17,0.0,0.0,0.0,0
2,PAYMENT,589,33715.13,52492.0,18776.87,0.0,0.0,0
2,TRANSFER,24,859415.75,0.0,0.0,10440573.75,11299989.5,0
2,PAYMENT,259,9523.9,46283.0,36759.1,0.0,0.0,0
2,CASH_IN,182,214894.74,9673468.7,9888363.44,280993.76,66099.02,0
2,CASH_OUT,404,117797.71,305148.0,187350.29,268553.1,386350.81,0
2,PAYMENT,162,6292.91,58998.14,52705.23,0.0,0.0,0
2,TRANSFER,240,1182469.68,0.0,0.0,4014630.28,5197099.95,0
2,CASH_OUT,161,214977.53,186865.0,0.0,447939.49,662917.02,0
2,CASH_OUT,226,287219.91,6547.0,0.0,301990.6,589210.5,0
2,PAYMENT,304,20930.09,0.0,0.0,0.0,0.0,0
2,CASH_IN,274,156371.29,37787.0,194158.29,843090.8,686719.51,0
2,PAYMENT,469,24050.73,0.0,0.0,0.0,0.0,0
2,TRANSFER,398,550435.81,0.0,0.0,1035104.2,1585540.01,0
2,CASH_OUT,354,66099.43,106511.0,40411.57,0.0,66099.43,0
2,PAYMENT,132,26275.66,170623.48,144347.82,0.0,0.0,0
2,PAYMENT,255,1132.33,0.0,0.0,0.0,0.0,0
2,PAYMENT,132,11370.3,0.0,0.0,0.0,0.0,0
2,PAYMENT,241,836.15,82756.0,81919.85,0.0,0.0,0
2,CASH_IN,304,154508.64,23315.0,177823.64,305136.79,0.0,0
2,PAYMENT,351,12665.88,51640.0,38974.12,0.0,0.0,0
2,CASH_OUT,283,200011.28,307.0,0.0,0.0,200011.28,0
2,CASH_OUT,356,151155.51,0.0,0.0,11686360.27,11837515.79,0
2,PAYMENT,201,11042.28,0.0,0.0,0.0,0.0,0
2,PAYMENT,264,1495.26,124.0,0.0,0.0,0.0,0
2,CASH_OUT,249,3138.25,3138.25,0.0,249297.18,252435.43,1
2,CASH_OUT,306,160203.01,0.0,0.0,925196.76,1085399.76,0
2,PAYMENT,133,749.38,0.0,0.0,0.0,0.0,0
2,CASH_IN,378,821.3,897005.45,897826.75,357914.52,357093.22,0
2,CASH_IN,394,200349.32,282268.4,482617.72,9694737.84,9494388.51,0
2,CASH_IN,353,103007.98,5325862.46,5428870.44,2281471.51,2178463.53,0
2,PAYMENT,145,18825.51,0.0,0.0,0.0,0.0,0
2,CASH_OUT,138,130798.59,0.0,0.0,157899.07,425814.49,0
2,PAYMENT,137,11215.35,0.0,0.0,0.0,0.0,0
2,TRANSFER,181,307095.67,0.0,0.0,585753.73,892849.4,0
2,CASH_IN,308,43038.82,8307018.23,8350057.05,325944.28,282905.47,0
2,PAYMENT,709,47391.39,5709.0,0.0,0.0,0.0,0
2,PAYMENT,308,2964.16,0.0,0.0,0.0,0.0,0
2,CASH_OUT,235,209642.46,591.0,0.0,0.0,209642.46,0
2,CASH_OUT,332,129971.31,0.0,0.0,387738.34,109407.53,0
2,PAYMENT,370,11832.84,0.0,0.0,0.0,0.0,0
2,PAYMENT,403,5996.65,0.0,0.0,0.0,0.0,0
2,CASH_OUT,17,241406.54,20924.0,0.0,128171.16,369577.7,0
2,TRANSFER,161,465451.87,0.0,0.0,3453858.15,4206925.12,0
2,TRANSFER,678,1536733.52,1536733.52,0.0,0.0,0.0,1
2,CASH_OUT,256,13785.02,0.0,0.0,982656.12,996441.14,0
2,CASH_IN,276,259191.33,218904.01,478095.34,1445142.35,1185951.02,0
2,CASH_OUT,162,29577.1,0.0,0.0,2641405.34,2750542.05,0
2,PAYMENT,16,10378.9,10076.68,0.0,0.0,0.0,0
2,CASH_OUT,158,213459.33,290.0,0.0,467494.46,680953.79,0
2,CASH_IN,279,139137.97,5616978.47,5756116.44,9341436.82,9202298.85,0
2,PAYMENT,129,5407.38,0.0,0.0,0.0,0.0,0
2,CASH_IN,298,33646.7,85492.0,119138.7,2588846.58,2555199.88,0
2,CASH_OUT,723,72955.08,72955.08,0.0,0.0,72955.08,1
2,PAYMENT,302,17008.16,130577.65,113569.49,0.0,0.0,0
2,PAYMENT,589,18223.16,3280.0,0.0,0.0,0.0,0
2,CASH_OUT,189,104655.6,0.0,0.0,3908956.39,4013611.99,0
2,PAYMENT,323,14899.58,0.0,0.0,0.0,0.0,0
2,PAYMENT,211,13091.16,408.0,0.0,0.0,0.0,0
2,CASH_OUT,140,111247.3,0.0,0.0,134713.6,245960.9,0
2,PAYMENT,141,11114.56,0.0,0.0,0.0,0.0,0
2,DEBIT,405,1159.88,46285.0,45125.12,46961.05,48120.93,0
2,CASH_OUT,132,278017.56,0.0,0.0,3447895.58,3725913.13,0
2,PAYMENT,34,1971.02,704537.4,702566.38,0.0,0.0,0
2,CASH_OUT,354,267217.41,0.0,0.0,3424688.75,3691906.16,0
2,PAYMENT,280,16018.72,200678.59,184659.87,0.0,0.0,0
2,CASH_OUT,185,431807.83,167.0,0.0,0.0,431807.83,0
2,CASH_IN,207,65868.59,224956.0,290824.59,0.0,0.0,0
2,CASH_OUT,397,303767.85,515.0,0.0,18181.1,321948.96,0
2,PAYMENT,130,35214.21,165.0,0.0,0.0,0.0,0
2,CASH_OUT,356,280854.67,0.0,0.0,484032.16,764886.83,0
2,TRANSFER,738,106584.32,106584.32,0.0,0.0,0.0,1
2,PAYMENT,323,4767.37,16766.0,11998.63,0.0,0.0,0
2,CASH_OUT,471,66430.12,0.0,0.0,370204.98,436635.1,0
2,CASH_IN,330,373781.06,20234.0,394015.06,20283.24,0.0,0
2,CASH_OUT,234,183700.09,166.0,0.0,1260090.77,1443790.86,0
2,CASH_OUT,349,187332.11,20908.0,0.0,70458.33,257790.44,0
2,PAYMENT,213,48730.73,1541.66,0.0,0.0,0.0,0
2,CASH_OUT,164,337253.56,45048.7,0.0,1161789.69,1499043.25,0
2,CASH_OUT,330,85066.22,0.0,0.0,214347.3,299413.52,0
2,CASH_OUT,15,203975.29,0.0,0.0,6969932.29,7173907.57,0
2,PAYMENT,299,2061.92,0.0,0.0,0.0,0.0,0
2,PAYMENT,135,27456.04,41496.0,14039.96,0.0,0.0,0
2,CASH_OUT,36,373022.41,0.0,0.0,761999.57,1226295.97,0
2,PAYMENT,259,1707.32,12122.0,10414.68,0.0,0.0,0
2,CASH_OUT,160,175059.63,0.0,0.0,11882362.51,12057422.14,0
2,PAYMENT,348,12242.2,450.0,0.0,0.0,0.0,0
2,CASH_IN,402,31412.58,17894006.04,17925418.62,208527.06,177114.47,0
2,PAYMENT,215,8302.09,182000.33,173698.24,0.0,0.0,0
2,CASH_IN,356,49904.55,49636.0,99540.55,3309507.6,3259603.05,0
2,CASH_IN,33,378788.31,537828.46,916616.77,4531723.55,4152935.24,0
2,CASH_IN,179,270574.93,12286.0,282860.93,580427.28,309852.35,0
2,CASH_OUT,158,2118548.31,2118548.31,0.0,29899109.07,32017657.38,1
2,CASH_OUT,352,187977.48,76954.0,0.0,1880943.7,2068921.17,0
2,CASH_IN,397,10000.0,23921223.55,23931223.55,228125.37,218125.37,0
2,PAYMENT,345,16348.9,21023.0,4674.1,0.0,0.0,0
2,PAYMENT,209,366.24,24644.0,24277.76,0.0,0.0,0
2,CASH_OUT,137,90048.22,0.0,0.0,15494932.21,15584980.43,0
2,TRANSFER,347,743470.11,0.0,0.0,22120873.22,22864343.33,0
2,CASH_IN,41,143513.33,285623.71,429137.04,5217895.2,5074381.87,0
2,TRANSFER,403,187782.62,0.0,0.0,2426225.38,2614008.01,0
2,TRANSFER,374,643919.74,0.0,0.0,4193805.73,4837725.48,0
2,CASH_IN,234,290178.28,56117.0,346295.28,178201.18,0.0,0
2,CASH_IN,355,234989.47,9182208.8,9417198.27,690437.22,416513.55,0
2,PAYMENT,189,1965.32,39188.0,37222.68,0.0,0.0,0
2,CASH_OUT,302,46164.32,31799.0,0.0,39764.95,85929.26,0
2,TRANSFER,254,38437.8,939.0,0.0,287606.04,326043.84,0
2,CASH_IN,154,36560.85,25737158.08,25773718.93,202720.44,166159.59,0
2,TRANSFER,71,304085.48,304085.48,0.0,0.0,0.0,1
2,CASH_OUT,326,449146.52,0.0,0.0,654078.73,1103225.24,0
2,TRANSFER,201,195624.41,0.0,0.0,779286.94,974911.35,0
2,CASH_OUT,350,327966.99,0.0,0.0,6970364.85,7298331.84,0
2,PAYMENT,349,13953.51,0.0,0.0,0.0,0.0,0
2,PAYMENT,330,5713.5,0.0,0.0,0.0,0.0,0
2,PAYMENT,307,7321.95,20267.0,12945.05,0.0,0.0,0
2,CASH_OUT,259,507469.78,0.0,0.0,2663167.33,3170637.11,0
2,PAYMENT,215,5150.5,50077.0,44926.5,0.0,0.0,0
2,CASH_IN,179,74921.19,1331408.07,1406329.26,12543148.41,12468227.21,0
2,TRANSFER,95,457475.27,0.0,0.0,517851.17,975326.44,0
2,CASH_OUT,323,207520.57,126.0,0.0,59784.6,267305.17,0
2,CASH_OUT,206,355360.01,194410.0,0.0,640640.91,996000.92,0
2,CASH_OUT,326,67602.74,4147.0,0.0,0.0,67602.74,0
2,CASH_OUT,346,566137.46,0.0,0.0,6048913.51,6615050.97,0
2,CASH_IN,371,464289.65,56789.0,521078.65,4041528.19,3577238.54,0
2,CASH_OUT,403,59066.79,31049.0,0.0,0.0,59066.79,0
2,CASH_OUT,258,45883.9,74920.0,29036.1,4104984.87,4150868.77,0
2,PAYMENT,13,6529.71,429.0,0.0,0.0,0.0,0
2,PAYMENT,236,6539.15,0.0,0.0,0.0,0.0,0
2,PAYMENT,19,20994.18,313950.0,292955.82,0.0,0.0,0
2,CASH_OUT,227,220497.71,0.0,0.0,510881.48,731379.19,0
2,CASH_OUT,261,115291.23,0.0,0.0,709191.34,824482.57,0
2,CASH_OUT,261,9614.29,0.0,0.0,65993.03,75607.32,0
2,PAYMENT,162,28357.81,31140.0,2782.19,0.0,0.0,0
2,CASH_IN,160,78377.75,85055.0,163432.75,197635.92,119258.17,0
2,CASH_OUT,490,148744.7,51132.0,0.0,0.0,148744.7,0
2,TRANSFER,185,1889319.17,20948.0,0.0,2152909.27,4077014.96,0
2,PAYMENT,136,14335.31,509.0,0.0,0.0,0.0,0
2,CASH_OUT,11,77332.88,25193.0,0.0,2905139.34,2982472.22,0
2,PAYMENT,401,14974.05,0.0,0.0,0.0,0.0,0
2,CASH_OUT,332,129870.08,106892.87,0.0,1341856.42,1471726.5,0
2,CASH_IN,254,47549.58,8746083.87,8793633.44,58407.61,10858.03,0
2,DEBIT,323,1298.99,52138.0,50839.01,190442.03,191741.03,0
2,PAYMENT,179,16162.95,22090.0,5927.05,0.0,0.0,0
2,CASH_OUT,277,106025.78,397976.0,291950.22,0.0,106025.78,0
2,CASH_IN,402,119960.87,3458486.17,3578447.03,144888.73,24927.86,0
2,PAYMENT,159,10431.5,2289.69,0.0,0.0,0.0,0
2,TRANSFER,18,82273.47,1433256.93,1350983.46,178706.62,260980.09,0
2,CASH_IN,179,109870.93,1428707.84,1538578.78,1366226.42,1256355.49,0
2,CASH_OUT,306,14674.51,455047.0,440372.49,0.0,14674.51,0
2,CASH_OUT,122,91637.51,91637.51,0.0,7336697.67,7428335.18,1
2,CASH_OUT,204,92431.41,0.0,0.0,322092.88,414524.29,0
2,CASH_OUT,299,170608.39,795.0,0.0,8344802.28,8515410.67,0
2,TRANSFER,183,826775.61,51363.0,0.0,1127844.17,1954619.78,0
2,CASH_OUT,281,105686.42,286945.64,181259.23,190495.7,296182.12,0
2,TRANSFER,18,295664.18,295664.18,0.0,0.0,0.0,1
2,PAYMENT,132,12373.33,0.0,0.0,0.0,0.0,0
2,CASH_IN,183,66887.93,24155155.81,24222043.75,276830.58,209942.65,0
2,CASH_OUT,36,158958.36,103197.0,0.0,0.0,158958.36,0
2,CASH_OUT,297,532137.51,20903.0,0.0,90478.21,622615.73,0
2,CASH_IN,355,53932.61,7386883.42,7440816.02,807695.52,790492.61,0
2,CASH_OUT,356,9950.63,0.0,0.0,119944.89,129895.52,0
2,PAYMENT,210,44403.22,114757.21,70353.99,0.0,0.0,0
2,CASH_IN,138,236936.03,21408.0,258344.03,2346775.26,2152865.21,0
2,PAYMENT,326,23406.91,51503.0,28096.09,0.0,0.0,0
2,CASH_OUT,135,217523.19,0.0,0.0,614978.26,832501.45,0
2,CASH_OUT,326,141025.16,111267.0,0.0,1564440.18,1705465.33,0
2,CASH_OUT,324,212140.08,0.0,0.0,4210892.51,4423032.59,0
2,CASH_OUT,393,249167.81,401482.0,152314.19,6729625.79,6978793.6,0
2,CASH_IN,353,83393.94,20031.0,103424.94,10796935.04,10713541.1,0
2,PAYMENT,179,817.62,20250.0,19432.38,0.0,0.0,0
2,CASH_OUT,14,199868.79,0.0,0.0,4158897.37,4267493.62,0
2,CASH_OUT,8,34504.12,11398.0,0.0,798153.99,998622.3,0
2,TRANSFER,160,2432747.48,2432747.48,0.0,0.0,0.0,1
2,CASH_IN,284,198340.13,4928963.67,5127303.8,222197.62,23857.49,0
2,PAYMENT,8,11944.57,18437.0,6492.43,0.0,0.0,0
2,CASH_IN,538,233910.97,2273378.94,2507289.91,1416519.16,1182608.19,0
2,CASH_OUT,14,298043.3,40907.0,0.0,0.0,277802.44,0
2,CASH_IN,12,26674.63,759113.13,785787.76,441192.34,414517.71,0
2,PAYMENT,13,16819.32,198530.36,181711.04,0.0,0.0,0
2,CASH_IN,305,52439.43,7870901.33,7923340.77,115291.28,62851.85,0
2,CASH_OUT,18,200944.19,155.0,0.0,392881.0,1470047.69,0
2,PAYMENT,259,10342.77,60840.0,50497.23,0.0,0.0,0
2,PAYMENT,275,53347.36,0.0,0.0,0.0,0.0,0
2,PAYMENT,144,10535.41,59715.0,49179.59,0.0,0.0,0
2,CASH_IN,256,171030.17,2816549.21,2987579.38,235066.69,64036.52,0
2,CASH_OUT,254,541115.02,541115.02,0.0,51607.15,592722.17,1
2,PAYMENT,228,5808.59,548506.9,542698.31,0.0,0.0,0
2,PAYMENT,155,12577.32,0.0,0.0,0.0,0.0,0
2,CASH_IN,210,61600.39,8371251.56,8432851.95,138429.93,76829.54,0
2,TRANSFER,77,9039246.82,9039246.82,0.0,0.0,0.0,1
2,CASH_OUT,377,26704.43,0.0,0.0,218401.87,245106.3,0
2,CASH_OUT,138,211540.13,0.0,0.0,1124417.74,1335957.87,0
2,CASH_OUT,162,91316.89,509086.0,417769.11,2975405.09,3066721.98,0
2,PAYMENT,39,16031.13,148426.0,132394.87,0.0,0.0,0
2,CASH_OUT,321,115535.04,247334.12,131799.08,281877.07,397412.11,0
2,CASH_IN,235,5991.75,10012.0,16003.75,2384041.68,2378049.93,0
2,PAYMENT,18,16209.22,0.0,0.0,0.0,0.0,0
2,PAYMENT,95,1264.55,166568.0,165303.45,0.0,0.0,0
2,CASH_OUT,20,24580.17,2890.0,0.0,343597.14,368177.31,0
2,CASH_OUT,254,265339.02,853.0,0.0,0.0,265339.02,0
2,CASH_IN,403,118409.78,6236.0,124645.78,226120.28,107710.5,0
2,TRANSFER,305,10000000.0,20377.0,0.0,0.0,12015815.78,0
2,CASH_OUT,403,121137.79,0.0,0.0,1985420.58,2106558.37,0
2,PAYMENT,201,2452.39,0.0,0.0,0.0,0.0,0
2,PAYMENT,661,3683.54,33288.63,29605.09,0.0,0.0,0
2,CASH_OUT,209,89856.01,17075.0,0.0,1685729.8,1775585.82,0
2,CASH_OUT,309,103895.01,496692.0,392796.99,226682.18,330577.19,0
2,PAYMENT,96,10996.77,0.0,0.0,0.0,0.0,0
2,PAYMENT,356,11093.06,0.0,0.0,0.0,0.0,0
2,CASH_OUT,308,72118.16,1086.0,0.0,7744402.13,7816520.29,0
2,CASH_OUT,251,237742.82,0.0,0.0,1110203.69,1347946.51,0
2,PAYMENT,395,36742.65,0.0,0.0,0.0,0.0,0
2,CASH_OUT,259,249018.59,0.0,0.0,345578.61,594597.2,0
2,CASH_OUT,298,289038.46,184.0,0.0,1337113.8,1626152.26,0
2,TRANSFER,356,357226.8,357226.8,0.0,0.0,0.0,1
2,TRANSFER,730,403.56,403.56,0.0,0.0,0.0,1
2,CASH_OUT,379,111534.32,6016.0,0.0,25133.86,136668.18,0
2,CASH_OUT,348,179187.98,384744.0,205556.02,144351.89,323539.87,0
2,CASH_OUT,159,307635.37,34676.14,0.0,1617337.17,1924972.54,0
2,PAYMENT,236,21195.02,0.0,0.0,0.0,0.0,0
2,CASH_IN,212,24676.81,7011.0,31687.81,0.0,0.0,0
2,CASH_IN,163,170065.06,4036883.54,4206948.6,232941.34,62876.29,0
2,CASH_IN,329,15415.17,19337097.56,19352512.73,898423.29,883008.12,0
2,PAYMENT,158,12006.1,499244.22,487238.11,0.0,0.0,0
2,PAYMENT,17,26408.01,0.0,0.0,0.0,0.0,0
2,TRANSFER,249,906376.61,0.0,0.0,1567180.25,2473556.86,0
2,CASH_OUT,227,408553.31,5780.0,0.0,3689.05,412242.36,0
2,PAYMENT,208,18097.36,31312.0,13214.64,0.0,0.0,0
2,PAYMENT,227,25918.77,21676.0,0.0,0.0,0.0,0
2,PAYMENT,164,2062.79,8569.0,6506.21,0.0,0.0,0
2,CASH_IN,299,371756.09,11619.0,383375.09,3753240.12,3381484.03,0
2,PAYMENT,180,3354.62,0.0,0.0,0.0,0.0,0
2,PAYMENT,163,10962.84,0.0,0.0,0.0,0.0,0
2,PAYMENT,382,4402.18,21527.0,17124.82,0.0,0.0,0
2,TRANSFER,250,132815.6,0.0,0.0,1244368.3,1377183.9,0
2,TRANSFER,227,1384585.29,88060.89,0.0,3975523.8,5360109.1,0
2,PAYMENT,258,11761.28,5014.83,0.0,0.0,0.0,0
2,CASH_OUT,299,169141.35,4186.0,0.0,164968.1,334109.45,0
2,PAYMENT,230,16025.03,2742.0,0.0,0.0,0.0,0
2,TRANSFER,320,248409.56,248409.56,0.0,0.0,0.0,1
2,PAYMENT,236,26778.29,10850.0,0.0,0.0,0.0,0
2,CASH_OUT,382,68034.4,77211.0,9176.6,27323.44,95357.84,0
2,CASH_OUT,9,220015.18,11635.0,0.0,99712.0,270844.75,0
2,PAYMENT,95,8547.74,0.0,0.0,0.0,0.0,0
2,CASH_OUT,401,144934.86,8124.0,0.0,93700.1,238634.96,0
2,PAYMENT,177,3854.16,36257.74,32403.57,0.0,0.0,0
2,TRANSFER,91,28308.97,28308.97,0.0,0.0,0.0,1
2,CASH_OUT,188,279000.9,0.0,0.0,2333114.79,2612115.69,0
2,CASH_IN,324,108864.96,3269419.51,3378284.47,854772.5,745907.54,0
2,PAYMENT,439,4528.32,0.0,0.0,0.0,0.0,0
2,PAYMENT,24,11069.85,225.0,0.0,0.0,0.0,0
2,TRANSFER,235,263095.07,0.0,0.0,4531979.5,4795074.57,0
2,CASH_OUT,573,40017.21,0.0,0.0,903970.33,943987.54,0
2,PAYMENT,147,2594.47,80165.3,77570.83,0.0,0.0,0
2,CASH_IN,306,527924.38,629281.81,1157206.19,726787.09,198862.71,0
2,CASH_IN,21,182546.79,6162260.06,6344806.85,250350.51,67803.71,0
2,PAYMENT,377,24892.16,0.0,0.0,0.0,0.0,0
2,PAYMENT,353,9118.23,663857.66,654739.44,0.0,0.0,0
2,PAYMENT,138,8835.57,19867.0,11031.43,0.0,0.0,0
2,CASH_OUT,231,1638865.05,1638865.05,0.0,0.0,1638865.05,1
2,CASH_OUT,398,343976.08,12976.0,0.0,0.0,343976.08,0
2,CASH_OUT,356,118698.87,749.0,0.0,10290.89,128989.76,0
2,PAYMENT,139,17674.57,14969.0,0.0,0.0,0.0,0
2,TRANSFER,312,117345.35,117345.35,0.0,0.0,0.0,1
2,CASH_IN,157,227323.3,20862.0,248185.3,449023.03,221699.73,0
2,CASH_OUT,308,26350.88,15230.73,0.0,2598059.72,2624410.61,0
2,CASH_OUT,346,36299.1,288.0,0.0,1047603.84,1083902.94,0
2,PAYMENT,230,11250.97,64191.0,52940.03,0.0,0.0,0
3,PAYMENT,7,1922.68,167384.0,165461.32,0.0,0.0,0
3,CASH_IN,476,447901.89,4346503.05,4794404.94,7890429.03,7442527.14,0
3,CASH_IN,281,249037.08,3008518.9,3257555.98,1694644.64,1445607.56,0
3,TRANSFER,203,162123.84,60130.0,0.0,4330.17,166454.0,0
3,CASH_IN,188,430945.69,3916325.09,4347270.78,1865517.31,1434571.62,0
3,PAYMENT,188,12221.65,1090.0,0.0,0.0,0.0,0
3,TRANSFER,283,105591.5,50022.0,0.0,1124819.1,1230410.6,0
3,TRANSFER,228,418772.19,0.0,0.0,8439089.34,8857861.52,0
3,CASH_OUT,153,198949.61,0.0,0.0,18622000.07,18820949.68,0
3,CASH_OUT,353,127349.82,0.0,0.0,190339.47,317689.29,0
3,CASH_IN,278,171930.06,54928.0,226858.06,283024.74,111094.67,0
3,PAYMENT,353,34044.07,50482.76,16438.69,0.0,0.0,0
3,PAYMENT,164,8994.71,0.0,0.0,0.0,0.0,0
3,PAYMENT,302,3594.69,0.0,0.0,0.0,0.0,0
3,CASH_OUT,164,190400.61,603.0,0.0,0.0,190400.61,0
3,CASH_OUT,299,59486.34,7067.0,0.0,23813672.25,23873158.59,0
3,CASH_OUT,211,14047.25,20146.0,6098.75,1863.24,15910.49,0
3,PAYMENT,9,17445.29,0.0,0.0,0.0,0.0,0
3,CASH_IN,35,142913.07,4385493.29,4528406.36,1301960.3,1159047.23,0
3,CASH_OUT,157,253137.94,95134.0,0.0,0.0,253137.94,0
3,CASH_OUT,331,56784.06,43786.25,0.0,666141.31,722925.37,0
3,PAYMENT,237,6410.14,19696.19,13286.05,0.0,0.0,0
3,PAYMENT,207,4294.28,0.0,0.0,0.0,0.0,0
3,CASH_OUT,322,111304.55,171527.0,60222.45,233826.66,345131.2,0
3,CASH_OUT,276,157539.23,0.0,0.0,216849.98,374389.21,0
3,PAYMENT,273,3829.99,0.0,0.0,0.0,0.0,0
3,PAYMENT,185,10791.01,216.0,0.0,0.0,0.0,0
3,CASH_IN,182,597264.14,20041.0,617305.14,450768.94,0.0,0
3,CASH_OUT,403,156708.54,739789.0,583080.46,125903.87,282612.41,0
3,CASH_IN,207,40074.47,186150.0,226224.47,513273.02,473198.55,0
3,CASH_IN,255,336041.77,2603043.47,2939085.25,3232069.95,2896028.17,0
3,PAYMENT,327,19171.26,268085.36,248914.1,0.0,0.0,0
3,TRANSFER,741,10000000.0,35674547.89,25674547.89,0.0,0.0,1
3,PAYMENT,183,4538.55,0.0,0.0,0.0,0.0,0
3,PAYMENT,7,7125.4,590.0,0.0,0.0,0.0,0
3,PAYMENT,476,10498.37,25653.0,15154.63,0.0,0.0,0
3,PAYMENT,187,1139.49,40744.0,39604.51,0.0,0.0,0
3,PAYMENT,371,58071.14,0.0,0.0,0.0,0.0,0
3,CASH_OUT,402,143592.89,143592.89,0.0,0.0,143592.89,1
3,CASH_IN,254,75340.47,9197396.05,9272736.52,412516.03,337175.56,0
3,PAYMENT,354,33930.45,0.0,0.0,0.0,0.0,0
3,CASH_OUT,334,155637.09,4017.0,0.0,0.0,155637.09,0
3,CASH_OUT,203,179025.69,9257.0,0.0,165091.47,344117.16,0
3,CASH_IN,514,617.9,13803316.3,13803934.2,505391.66,504773.76,0
3,PAYMENT,44,770.93,30556.0,29785.07,0.0,0.0,0
3,CASH_OUT,323,205036.36,0.0,0.0,638202.08,843238.44,0
3,CASH_OUT,353,81483.26,0.0,0.0,887392.07,968875.33,0
3,CASH_OUT,281,223817.97,0.0,0.0,773452.72,997270.69,0
3,PAYMENT,211,4460.41,202773.0,198312.59,0.0,0.0,0
3,CASH_OUT,393,199024.81,186565.0,0.0,0.0,199024.81,0
3,CASH_IN,228,22989.61,91.0,23080.61,112515.79,89526.18,0
3,PAYMENT,394,2966.25,143019.18,140052.93,0.0,0.0,0
3,PAYMENT,209,2918.15,0.0,0.0,0.0,0.0,0
3,CASH_OUT,227,61079.43,89381.0,28301.57,458069.17,519148.6,0
3,TRANSFER,206,2957512.19,0.0,0.0,3474530.09,6432042.29,0
3,CASH_OUT,376,48659.91,679.0,0.0,0.0,48659.91,0
3,PAYMENT,135,6748.53,376741.12,369992.59,0.0,0.0,0
3,CASH_OUT,19,460419.15,0.0,0.0,577147.81,1656428.62,0
3,TRANSFER,257,723650.15,101485.0,0.0,2484647.5,3208297.65,0
3,TRANSFER,266,5494862.93,5494862.93,0.0,0.0,0.0,1
3,CASH_OUT,234,38706.83,0.0,0.0,175567.92,214274.75,0
3,PAYMENT,335,16177.23,0.0,0.0,0.0,0.0,0
3,CASH_OUT,258,241626.27,0.0,0.0,264751.97,506378.24,0
3,PAYMENT,310,21965.8,0.0,0.0,0.0,0.0,0
3,CASH_OUT,36,369668.92,250214.6,0.0,1816366.75,2186035.67,0
3,TRANSFER,589,1136820.6,51738.0,0.0,827882.3,1964702.9,0
3,CASH_IN,231,188688.23,28009.0,216697.23,544281.3,355593.07,0
3,PAYMENT,41,877.28,0.0,0.0,0.0,0.0,0
3,CASH_OUT,233,276417.13,3605.0,0.0,3521894.19,3798311.32,0
3,CASH_IN,283,378074.44,8114870.77,8492945.21,729805.02,351730.58,0
3,CASH_OUT,44,88457.12,110954.87,22497.76,423071.78,511528.89,0
3,CASH_OUT,371,190455.95,0.0,0.0,721897.54,912353.49,0
3,CASH_OUT,10,23585.71,0.0,0.0,2857007.88,5322441.18,0
3,CASH_OUT,304,112659.75,99975.0,0.0,896125.91,1008785.66,0
3,CASH_OUT,101,127905.82,127905.82,0.0,0.0,127905.82,1
3,CASH_IN,15,197068.59,1253760.72,1450829.31,2015111.1,1764990.79,0
3,CASH_IN,239,60376.9,596074.0,656450.9,526905.71,466528.81,0
3,CASH_IN,46,12061.12,1602982.01,1615043.13,334085.5,322024.37,0
3,PAYMENT,406,8079.12,0.0,0.0,0.0,0.0,0
3,CASH_OUT,303,165861.61,99956.0,0.0,5826708.58,5992570.19,0
3,CASH_OUT,9,175416.47,0.0,0.0,3318868.11,3977807.83,0
3,CASH_IN,202,189179.0,99882.0,289061.0,173298.32,0.0,0
3,TRANSFER,203,1419268.59,30607.0,0.0,106526.9,1525795.48,0
3,TRANSFER,183,476118.88,42405.0,0.0,566407.28,1042526.16,0
3,CASH_OUT,33,9887819.06,9887819.06,0.0,801913.95,10165200.11,1
3,TRANSFER,111,3595911.39,3595911.39,0.0,0.0,0.0,1
3,CASH_OUT,9,198813.95,60790.0,0.0,0.0,353544.05,0
3,TRANSFER,300,2111659.34,45308.0,0.0,0.0,2111659.34,0
3,CASH_OUT,538,137581.35,110206.0,0.0,296302.29,433883.64,0
3,PAYMENT,492,40604.18,21334.0,0.0,0.0,0.0,0
3,CASH_OUT,40,254002.2,0.0,0.0,1931768.4,2185770.6,0
3,CASH_IN,323,130289.31,80629.0,210918.31,284246.53,153957.22,0
3,PAYMENT,381,9660.03,22911.0,13250.97,0.0,0.0,0
3,CASH_IN,11,212771.89,1914590.83,2127362.72,4068516.89,3594222.64,0
3,PAYMENT,331,26236.16,346978.0,320741.84,0.0,0.0,0
3,CASH_IN,188,14066.48,500168.0,514234.48,2853143.83,2839077.36,0
3,TRANSFER,592,458361.83,458361.83,0.0,0.0,0.0,1
3,TRANSFER,304,8167452.84,0.0,0.0,30000000.0,38167452.84,0
3,PAYMENT,212,11275.86,31390.0,20114.14,0.0,0.0,0
3,CASH_OUT,373,258251.77,99721.0,0.0,18449626.89,18707878.66,0
3,PAYMENT,310,22584.91,31195.0,8610.09,0.0,0.0,0
3,CASH_IN,139,233908.22,99080.0,332988.22,267030.59,33122.37,0
3,CASH_OUT,185,10325.16,69803.0,59477.84,0.0,10325.16,0
3,CASH_OUT,253,29678.25,0.0,0.0,369902.08,399580.33,0
3,PAYMENT,400,20887.44,10024.11,0.0,0.0,0.0,0
3,TRANSFER,410,2876010.51,2876010.51,0.0,0.0,0.0,1
3,TRANSFER,396,189721.97,0.0,0.0,8912861.96,9102583.92,0
3,PAYMENT,334,13957.66,6079.0,0.0,0.0,0.0,0
3,CASH_IN,380,102630.62,3206503.9,3309134.52,414388.58,311757.96,0
3,PAYMENT,278,4140.64,1363.0,0.0,0.0,0.0,0
3,DEBIT,274,15967.24,107439.0,91471.76,350678.15,366645.4,0
3,CASH_OUT,275,165755.2,256.0,0.0,1929075.7,2094830.91,0
3,CASH_OUT,249,210973.37,0.0,0.0,1274894.37,1485867.74,0
3,CASH_OUT,18,11481.0,11481.0,0.0,761417.61,1765080.5,1
3,PAYMENT,139,7739.89,576110.93,568371.04,0.0,0.0,0
3,CASH_IN,165,92796.09,3472766.27,3565562.36,2786885.06,2694088.97,0
3,CASH_OUT,304,239989.82,0.0,0.0,1609471.83,1849461.65,0
3,PAYMENT,179,6485.39,31304.0,24818.61,0.0,0.0,0
3,CASH_OUT,400,55639.52,0.0,0.0,240879.04,296518.56,0
3,PAYMENT,307,13556.0,0.0,0.0,0.0,0.0,0
3,CASH_OUT,13,222139.19,0.0,0.0,1278485.91,1500625.09,0
3,TRANSFER,565,461691.71,77640.0,0.0,0.0,461691.71,0
3,PAYMENT,376,5419.97,0.0,0.0,0.0,0.0,0
3,CASH_OUT,41,76578.85,181025.66,104446.81,1516972.16,1593551.02,0
3,CASH_OUT,35,53179.06,80038.0,26858.94,1320983.29,1374162.35,0
3,TRANSFER,225,1002867.6,10012.0,0.0,310539.67,1313407.27,0
3,TRANSFER,106,110457.0,110457.0,0.0,0.0,0.0,1
3,CASH_OUT,136,114805.11,0.0,0.0,340316.13,455121.24,0
3,CASH_OUT,255,124471.4,0.0,0.0,165452.71,289924.11,0
3,CASH_OUT,230,342031.4,0.0,0.0,12340278.17,12682309.57,0
3,TRANSFER,183,1503297.45,1503297.45,0.0,0.0,0.0,1
3,CASH_IN,375,102607.7,2874416.27,2977023.97,2616290.61,2513682.91,0
3,CASH_IN,380,145131.14,53408.0,198539.14,17923784.5,17778653.36,0
3,CASH_IN,209,95960.61,21434.0,117394.61,3290621.06,3194660.45,0
3,PAYMENT,159,14816.76,20352.0,5535.24,0.0,0.0,0
3,PAYMENT,305,4433.66,0.0,0.0,0.0,0.0,0
3,PAYMENT,311,14311.22,0.0,0.0,0.0,0.0,0
3,PAYMENT,258,5659.43,199958.99,194299.57,0.0,0.0,0
3,CASH_IN,283,46657.21,2871082.62,2917739.83,208958.96,162301.75,0
3,PAYMENT,282,7678.66,166601.57,158922.91,0.0,0.0,0
3,CASH_IN,283,66256.41,10924822.59,10991079.0,217230.91,150974.5,0
3,CASH_OUT,254,144736.44,21105.0,0.0,660077.32,804813.76,0
3,CASH_OUT,286,68331.17,10157.85,0.0,355144.88,423476.05,0
3,CASH_IN,252,69324.37,3349341.51,3418665.88,387560.76,318236.39,0
3,DEBIT,179,412.83,314129.0,313716.17,1592164.01,1592576.84,0
3,TRANSFER,258,565489.49,0.0,0.0,4058226.0,4623715.49,0
3,TRANSFER,259,17595.82,115.0,0.0,137333.93,154929.75,0
3,CASH_IN,34,228235.7,3116.0,231351.7,1228328.38,1000092.68,0
3,CASH_IN,206,75765.84,1023056.35,1098822.19,947814.67,872048.83,0
3,CASH_OUT,155,177259.16,25180.0,0.0,10231040.17,10408299.33,0
3,CASH_IN,250,51578.79,1819891.75,1871470.54,69925.27,18346.48,0
3,CASH_IN,350,30440.94,8402565.97,8433006.91,2374106.49,2343665.55,0
3,TRANSFER,289,3374.25,3374.25,0.0,0.0,0.0,1
3,CASH_OUT,278,232828.21,0.0,0.0,280036.31,512864.52,0
3,CASH_OUT,15,357463.42,43692.0,0.0,481162.6,380026.58,0
3,PAYMENT,17,14577.81,196408.64,181830.84,0.0,0.0,0
3,PAYMENT,297,19643.62,0.0,0.0,0.0,0.0,0
3,PAYMENT,307,5624.63,17788.61,12163.99,0.0,0.0,0
3,PAYMENT,358,4584.96,0.0,0.0,0.0,0.0,0
3,CASH_OUT,164,236834.87,0.0,0.0,3546447.36,3783282.23,0
3,PAYMENT,596,16203.3,404.0,0.0,0.0,0.0,0
3,CASH_OUT,297,69931.26,0.0,0.0,692908.81,1229150.65,0
3,CASH_OUT,414,537641.8,537641.8,0.0,55732.77,593374.56,1
3,TRANSFER,312,6580427.81,6580427.81,0.0,0.0,0.0,1
3,CASH_IN,352,112417.05,791727.96,904145.02,2137304.99,2024887.94,0
3,CASH_OUT,428,49236.23,0.0,0.0,238232.03,287468.26,0
3,CASH_OUT,274,257613.41,120332.12,0.0,5814539.46,6072152.87,0
3,CASH_OUT,397,332287.69,0.0,0.0,1390479.34,1722767.04,0
3,PAYMENT,393,5953.13,224363.81,218410.68,0.0,0.0,0
3,CASH_OUT,285,158000.32,73811.0,0.0,0.0,158000.32,0
3,CASH_OUT,43,828063.36,0.0,0.0,3773340.79,5143622.33,0
3,CASH_OUT,9,76955.41,0.0,0.0,2850948.76,2927904.17,0
3,PAYMENT,297,31791.92,50764.0,18972.08,0.0,0.0,0
3,CASH_OUT,207,63648.95,0.0,0.0,98545.13,162194.08,0
3,CASH_OUT,361,3421212.04,3421212.04,0.0,57076.37,3478288.41,1
3,CASH_IN,204,159243.87,1461331.01,1620574.87,908546.47,749302.61,0
3,CASH_IN,44,101824.55,493058.44,594882.99,1112855.17,1011030.62,0
3,PAYMENT,139,12616.05,0.0,0.0,0.0,0.0,0
3,PAYMENT,308,28889.43,72703.4,43813.97,0.0,0.0,0
3,CASH_IN,155,183056.08,207280.0,390336.08,192709.23,9653.15,0
3,PAYMENT,214,6689.47,51590.0,44900.53,0.0,0.0,0
3,CASH_OUT,22,118041.71,12522.0,0.0,399995.77,518037.47,0
3,TRANSFER,9,1223407.25,0.0,0.0,3045263.32,4415570.04,0
3,CASH_IN,7,244601.31,3842229.42,4086830.73,1074318.86,6023815.62,0
3,PAYMENT,43,13271.9,0.0,0.0,0.0,0.0,0
3,PAYMENT,33,18956.62,69106.0,50149.38,0.0,0.0,0
3,PAYMENT,207,19407.79,0.0,0.0,0.0,0.0,0
3,PAYMENT,281,1645.23,29801.0,28155.77,0.0,0.0,0
3,PAYMENT,166,26457.93,42113.62,15655.7,0.0,0.0,0
3,CASH_IN,21,247262.93,12318641.84,12565904.76,702745.43,455482.51,0
3,PAYMENT,260,7059.13,374808.0,367748.87,0.0,0.0,0
3,TRANSFER,607,243348.28,243348.28,0.0,0.0,0.0,1
3,TRANSFER,35,730955.51,41235.0,0.0,1189574.0,1920529.51,0
3,CASH_OUT,17,133373.26,0.0,0.0,5342436.03,5325207.32,0
3,CASH_OUT,164,16719.73,0.0,0.0,210697.49,227417.22,0
3,PAYMENT,353,15220.92,0.0,0.0,0.0,0.0,0
3,PAYMENT,405,22633.86,291869.05,269235.19,0.0,0.0,0
3,CASH_OUT,373,96084.86,0.0,0.0,148422.21,244507.07,0
3,PAYMENT,9,2676.0,28499.0,25823.0,0.0,0.0,0
3,CASH_OUT,297,41675.27,0.0,0.0,179805.82,221481.09,0
3,CASH_IN,398,153336.8,23273917.67,23427254.47,941717.25,788380.45,0
3,PAYMENT,43,4408.09,29906.69,25498.6,0.0,0.0,0
3,CASH_OUT,616,89846.18,89846.18,0.0,5747984.77,5837830.95,1
3,PAYMENT,34,37590.82,318272.74,280681.92,0.0,0.0,0
3,CASH_OUT,187,139580.11,11439.0,0.0,63595.19,203175.3,0
3,CASH_OUT,469,13302.1,49752.0,36449.9,98519.46,111821.56,0
3,PAYMENT,372,9584.53,0.0,0.0,0.0,0.0,0
3,PAYMENT,476,3470.88,0.0,0.0,0.0,0.0,0
3,PAYMENT,153,5650.09,11250.0,5599.91,0.0,0.0,0
3,PAYMENT,302,17444.15,362196.0,344751.85,0.0,0.0,0
3,PAYMENT,548,2126.72,0.0,0.0,0.0,0.0,0
3,CASH_OUT,323,418432.71,775.0,0.0,1214590.69,1633023.4,0
3,CASH_IN,20,38249.78,7600.0,45849.78,89368.73,51118.95,0
3,TRANSFER,282,807377.62,0.0,0.0,3476383.6,4283761.22,0
3,PAYMENT,35,2705.44,0.0,0.0,0.0,0.0,0
3,CASH_OUT,354,181949.03,0.0,0.0,507164.65,689113.67,0
3,CASH_OUT,402,203505.23,401167.0,197661.77,0.0,203505.23,0
3,PAYMENT,279,12303.95,31207.0,18903.05,0.0,0.0,0
3,PAYMENT,302,104239.75,463568.66,359328.91,0.0,0.0,0
3,PAYMENT,329,9537.36,260278.61,250741.25,0.0,0.0,0
3,CASH_OUT,302,110055.51,0.0,0.0,187905.2,297960.7,0
3,CASH_IN,375,107212.22,11466384.17,11573596.39,6469543.88,6362331.65,0
3,TRANSFER,284,164502.06,164502.06,0.0,0.0,0.0,1
3,PAYMENT,23,12386.47,62066.0,49679.53,0.0,0.0,0
3,CASH_OUT,467,5937.19,5937.19,0.0,36171.27,42108.46,1
3,PAYMENT,359,6441.54,52110.0,45668.46,0.0,0.0,0
3,CASH_OUT,131,446622.77,112768.0,0.0,0.0,446622.77,0
3,PAYMENT,9,52.41,56.0,3.59,0.0,0.0,0
3,CASH_OUT,154,270323.86,0.0,0.0,985246.98,1255570.84,0
3,CASH_IN,230,71635.01,14108200.71,14179835.72,1764591.71,1692956.7,0
3,CASH_IN,36,281382.89,49916.0,331298.89,68583.57,0.0,0
3,CASH_IN,17,30655.84,513818.62,544474.46,641486.99,610831.14,0
3,CASH_OUT,500,167557.46,0.0,0.0,8203507.26,8371064.72,0
3,PAYMENT,237,3018.02,36967.51,33949.49,0.0,0.0,0
3,CASH_IN,355,498768.16,7238217.18,7736985.34,1104362.28,605594.12,0
3,CASH_IN,354,94387.02,36641.0,131028.02,1751576.08,1657189.06,0
3,CASH_OUT,202,180883.89,0.0,0.0,271567.28,452451.16,0
3,CASH_IN,353,387851.95,805532.52,1193384.47,797217.75,409365.8,0
3,PAYMENT,177,12193.06,6367.0,0.0,0.0,0.0,0
3,TRANSFER,80,62134.33,62134.33,0.0,0.0,0.0,1
3,CASH_IN,279,157824.03,13893022.38,14050846.41,3412978.17,3255154.13,0
3,CASH_OUT,208,46023.37,0.0,0.0,296229.97,342253.34,0
3,PAYMENT,400,13941.05,0.0,0.0,0.0,0.0,0
3,CASH_OUT,158,116889.59,121703.0,4813.41,0.0,116889.59,0
3,PAYMENT,357,4590.67,78495.0,73904.33,0.0,0.0,0
3,PAYMENT,234,32671.97,99201.0,66529.03,0.0,0.0,0
3,CASH_OUT,8,286769.16,187840.62,0.0,0.0,150665.89,0
3,CASH_IN,15,54185.3,138392.76,192578.06,70297.0,206263.53,0
3,CASH_OUT,282,76561.81,8454.0,0.0,0.0,76561.81,0
3,PAYMENT,276,11241.87,14998.0,3756.13,0.0,0.0,0
3,PAYMENT,355,3190.56,149162.63,145972.07,0.0,0.0,0
3,CASH_OUT,369,345835.12,0.0,0.0,1309808.62,1655643.74,0
3,CASH_OUT,20,122049.56,2587.0,0.0,231796.0,353845.56,0
3,PAYMENT,403,1967.61,54363.0,52395.39,0.0,0.0,0
3,CASH_IN,204,134658.0,9916.0,144574.0,247925.77,113267.77,0
3,CASH_OUT,407,175067.97,0.0,0.0,263488.77,438556.74,0
3,PAYMENT,399,49117.97,180031.73,130913.76,0.0,0.0,0
3,CASH_IN,237,160.74,30276.0,30436.74,0.0,0.0,0
3,CASH_IN,374,297548.18,3316.0,300864.18,1474003.96,1176455.78,0
3,CASH_OUT,373,318871.57,24511.0,0.0,0.0,318871.57,0
3,TRANSFER,371,2297032.73,107913.0,0.0,0.0,2297032.73,0
3,PAYMENT,286,25606.34,0.0,0.0,0.0,0.0,0
3,CASH_IN,399,359366.9,1732740.75,2092107.65,1699413.14,1340046.24,0
3,PAYMENT,10,7588.96,38772.0,31183.04,0.0,0.0,0
3,CASH_IN,19,44270.86,4714080.48,4758351.33,345242.32,300971.47,0
3,PAYMENT,282,5649.46,69.0,0.0,0.0,0.0,0
3,CASH_OUT,256,362189.16,82909.0,0.0,1054.0,363243.16,0
3,PAYMENT,252,47691.55,5084.0,0.0,0.0,0.0,0
3,PAYMENT,205,2925.74,0.0,0.0,0.0,0.0,0
3,CASH_OUT,306,66803.21,9984.0,0.0,100060.28,166863.49,0
3,CASH_OUT,469,252584.92,0.0,0.0,1084863.46,1337448.39,0
3,CASH_IN,209,159733.91,53068.0,212801.91,3358398.61,3198664.71,0
3,PAYMENT,349,13737.63,135623.7,121886.08,0.0,0.0,0
3,PAYMENT,375,9641.09,222634.06,212992.96,0.0,0.0,0
3,PAYMENT,574,356.32,192.0,0.0,0.0,0.0,0
3,PAYMENT,22,6249.32,794.0,0.0,0.0,0.0,0
3,PAYMENT,157,35819.18,10176.0,0.0,0.0,0.0,0
3,PAYMENT,236,3312.82,0.0,0.0,0.0,0.0,0
3,TRANSFER,402,2099728.15,50739.0,0.0,4895097.91,6994826.06,0
3,CASH_IN,18,187218.7,87631.0,274849.7,415209.21,227990.51,0
3,CASH_OUT,209,54377.28,219644.0,165266.72,207473.31,261850.59,0
3,CASH_IN,39,31965.96,19615387.35,19647353.3,6229372.8,6197406.84,0
3,TRANSFER,279,362570.39,29843.0,0.0,1337044.63,1699615.02,0
3,PAYMENT,142,7394.31,36127.3,28733.0,0.0,0.0,0
3,CASH_OUT,275,195856.42,0.0,0.0,496803.22,692659.64,0
3,CASH_OUT,285,141180.8,102700.0,0.0,74671.49,215852.29,0
3,CASH_IN,226,117837.87,2789463.67,2907301.54,3642000.98,3524163.11,0
3,CASH_OUT,227,35168.44,0.0,0.0,1817623.15,1852791.59,0
3,CASH_OUT,671,188731.21,188731.21,0.0,591154.11,779885.32,1
3,CASH_IN,330,31427.32,3012321.87,3043749.19,4652868.71,4621441.39,0
3,PAYMENT,322,39520.81,0.0,0.0,0.0,0.0,0
3,CASH_OUT,370,186826.47,69931.0,0.0,0.0,186826.47,0
3,TRANSFER,261,89702.14,0.0,0.0,1549918.2,1639620.34,0
3,CASH_IN,690,515504.73,101750.0,617254.73,2061090.68,1545585.95,0
3,CASH_OUT,140,40098.25,9119.0,0.0,0.0,40098.25,0
3,CASH_OUT,201,489961.35,100632.0,0.0,1599946.12,2089907.48,0
3,PAYMENT,18,31554.24,383581.19,352026.95,0.0,0.0,0
3,TRANSFER,380,105460.68,36384.0,0.0,997051.14,1102511.83,0
3,PAYMENT,163,4960.95,116988.2,112027.25,0.0,0.0,0
3,CASH_IN,10,181785.84,106164.0,287949.84,236712.79,54926.95,0
3,TRANSFER,300,1027203.6,0.0,0.0,1923117.96,2950321.56,0
3,CASH_OUT,352,475066.99,4141.0,0.0,4882.0,383795.56,0
3,TRANSFER,9,120512.37,0.0,0.0,726841.3,3381952.54,0
3,PAYMENT,137,11599.24,30568.0,18968.76,0.0,0.0,0
3,CASH_OUT,260,100317.87,0.0,0.0,1392848.42,1371805.47,0
3,CASH_OUT,182,120701.36,1436.0,0.0,0.0,120701.36,0
3,PAYMENT,306,19670.45,0.0,0.0,0.0,0.0,0
3,PAYMENT,229,683.78,260745.91,260062.13,0.0,0.0,0
3,CASH_OUT,379,399227.43,0.0,0.0,1111227.48,1510454.91,0
3,PAYMENT,210,492.13,69919.0,69426.87,0.0,0.0,0
3,PAYMENT,380,6678.7,5065.0,0.0,0.0,0.0,0
3,CASH_OUT,131,53340.45,53340.45,0.0,0.0,53340.45,1
3,PAYMENT,137,39208.17,347591.72,308383.55,0.0,0.0,0
3,PAYMENT,18,3529.83,8034.0,4504.17,0.0,0.0,0
3,CASH_OUT,19,60257.55,0.0,0.0,155726.68,591542.78,0
3,CASH_IN,156,79124.15,5368014.86,5447139.01,670725.92,82082.67,0
3,PAYMENT,382,12716.52,0.0,0.0,0.0,0.0,0
3,PAYMENT,353,35919.03,0.0,0.0,0.0,0.0,0
3,PAYMENT,259,4841.43,141.0,0.0,0.0,0.0,0
3,CASH_IN,189,90821.38,1728261.19,1819082.57,179898.95,89077.57,0
3,CASH_IN,395,5823.77,5076684.83,5082508.6,185773.6,179949.83,0
3,PAYMENT,38,8917.62,6235.0,0.0,0.0,0.0,0
3,PAYMENT,329,28938.6,0.0,0.0,0.0,0.0,0
3,CASH_IN,203,81527.49,7547827.04,7629354.53,99922.85,18395.36,0
3,CASH_IN,306,228617.26,2047.0,230664.26,270806.3,42189.04,0
3,PAYMENT,13,32120.73,47031.0,14910.27,0.0,0.0,0
3,CASH_IN,299,317607.45,5868576.3,6186183.75,2992322.66,2674715.21,0
3,PAYMENT,355,19868.61,95971.09,76102.48,0.0,0.0,0
3,CASH_OUT,275,321364.98,0.0,0.0,10482584.86,10803949.84,0
3,CASH_IN,206,127889.54,19348177.57,19476067.1,498534.58,370645.04,0
3,CASH_OUT,235,309958.79,309958.79,0.0,0.0,247510.12,1
3,CASH_IN,252,66552.34,7587.0,74139.34,4528354.59,4504178.34,0
3,PAYMENT,21,1374.61,0.0,0.0,0.0,0.0,0
3,CASH_OUT,234,10390.72,997513.0,987122.28,9957039.11,9967429.83,0
3,CASH_OUT,378,249516.55,31400.0,0.0,132448.92,381965.47,0
3,CASH_OUT,250,174583.14,0.0,0.0,239774.91,549531.47,0
3,PAYMENT,374,3666.11,100231.0,96564.89,0.0,0.0,0
3,CASH_OUT,286,95292.04,16482.0,0.0,2132819.04,2228111.08,0
3,PAYMENT,321,41741.05,0.0,0.0,0.0,0.0,0
3,CASH_OUT,188,371730.15,0.0,0.0,1567085.58,1938815.72,0
3,CASH_IN,186,139064.72,23268413.5,23407478.22,1931826.23,1792761.51,0
3,CASH_IN,38,17868.42,2530116.91,2547985.34,334929.79,317061.36,0
3,CASH_OUT,42,204627.19,40793.0,0.0,0.0,204627.19,0
3,TRANSFER,8,531103.13,49764.0,0.0,58648.96,589752.09,0
3,CASH_OUT,235,9340.54,0.0,0.0,14996.58,24337.13,0
3,CASH_OUT,33,93818.17,0.0,0.0,926292.5,1020110.67,0
3,CASH_OUT,323,51918.82,13998.0,0.0,26835.15,78753.97,0
3,CASH_IN,159,20401.78,14426508.88,14446910.66,749994.0,729592.22,0
3,PAYMENT,396,28006.21,0.0,0.0,0.0,0.0,0
3,PAYMENT,353,9158.68,0.0,0.0,0.0,0.0,0
3,PAYMENT,217,6002.71,10598.0,4595.29,0.0,0.0,0
3,CASH_IN,378,149035.56,6554020.06,6703055.62,451348.33,302312.77,0
3,TRANSFER,278,679097.56,61051.0,0.0,1197620.86,1876718.42,0
3,CASH_OUT,402,37522.3,16129.0,0.0,516681.71,554204.01,0
3,TRANSFER,686,826512.91,174773.28,0.0,2010814.41,2837327.32,0
3,CASH_IN,590,99175.15,6321415.89,6420591.03,11829532.61,11730357.47,0
3,PAYMENT,407,21349.89,2864.0,0.0,0.0,0.0,0
3,CASH_OUT,140,191026.97,0.0,0.0,542388.91,1439392.31,0
3,CASH_IN,399,86084.01,14974.0,101058.01,1846921.54,1864691.61,0
3,CASH_IN,249,33151.52,9452998.47,9486149.98,836394.67,803243.15,0
3,PAYMENT,550,18160.82,81164.0,63003.18,0.0,0.0,0
3,TRANSFER,351,644306.11,0.0,0.0,2741676.91,3385983.02,0
3,CASH_OUT,407,281001.64,0.0,0.0,287069.22,568070.87,0
3,TRANSFER,82,987591.59,987591.59,0.0,0.0,0.0,1
3,CASH_IN,298,170208.41,722454.84,892663.25,988321.14,818112.73,0
3,TRANSFER,327,10000000.0,62321.0,0.0,0.0,13189466.75,0
3,PAYMENT,136,3397.6,0.0,0.0,0.0,0.0,0
3,CASH_OUT,41,269179.99,0.0,0.0,9232153.0,9501332.99,0
3,CASH_OUT,160,123835.6,0.0,0.0,1147446.32,1271281.92,0
3,CASH_OUT,542,164302.02,0.0,0.0,1735684.08,1899986.1,0
3,CASH_OUT,21,95971.26,11174.0,0.0,0.0,95971.26,0
3,PAYMENT,310,15558.39,45619.0,30060.61,0.0,0.0,0
3,CASH_IN,540,215755.48,18510.0,234265.48,0.0,0.0,0
3,PAYMENT,205,8296.43,5051.0,0.0,0.0,0.0,0
3,PAYMENT,182,15563.89,236314.38,220750.49,0.0,0.0,0
3,PAYMENT,134,901.92,133856.3,132954.38,0.0,0.0,0
3,CASH_IN,187,56410.95,30110.0,86520.95,71104.0,14693.05,0
3,PAYMENT,178,19684.17,0.0,0.0,0.0,0.0,0
3,CASH_OUT,514,246416.09,31023.0,0.0,2294787.8,2541203.89,0
3,TRANSFER,322,930928.44,0.0,0.0,2717016.61,3647945.05,0
3,PAYMENT,349,13645.28,0.0,0.0,0.0,0.0,0
3,PAYMENT,375,9977.88,31230.0,21252.12,0.0,0.0,0
3,PAYMENT,256,11780.4,96.0,0.0,0.0,0.0,0
3,PAYMENT,136,4941.3,273746.27,268804.97,0.0,0.0,0
3,PAYMENT,404,7159.28,0.0,0.0,0.0,0.0,0
3,PAYMENT,41,8093.64,0.0,0.0,0.0,0.0,0
3,PAYMENT,204,11330.93,311461.2,300130.27,0.0,0.0,0
3,CASH_IN,310,210121.28,10039.0,220160.28,0.0,0.0,0
3,PAYMENT,681,8100.93,0.0,0.0,0.0,0.0,0
3,CASH_OUT,186,52800.43,119531.0,66730.57,9328636.05,9381436.48,0
3,CASH_OUT,181,213813.94,0.0,0.0,722159.97,935973.91,0
3,CASH_IN,261,175021.5,18952.0,193973.5,0.0,0.0,0
3,PAYMENT,43,2647.43,506.0,0.0,0.0,0.0,0
3,CASH_OUT,212,537840.13,0.0,0.0,945095.71,1482935.85,0
3,CASH_OUT,8,111739.82,0.0,0.0,513575.0,129782.95,0
3,PAYMENT,282,1139.82,0.0,0.0,0.0,0.0,0
3,PAYMENT,373,12579.81,832478.29,819898.49,0.0,0.0,0
3,CASH_OUT,182,545585.43,0.0,0.0,1370501.16,1916086.59,0
3,TRANSFER,252,161045.8,0.0,0.0,575672.98,736718.78,0
3,DEBIT,47,5099.18,8212.0,3112.82,159891.27,164990.45,0
3,CASH_IN,253,63078.2,1840262.61,1903340.81,365781.06,302702.86,0
3,CASH_OUT,255,244660.81,30896.0,0.0,0.0,244660.81,0
3,CASH_OUT,523,159094.64,159094.64,0.0,0.0,159094.64,1
3,CASH_IN,164,34934.47,10931.0,45865.47,153.0,0.0,0
3,CASH_OUT,356,336510.05,10140.0,0.0,0.0,336510.05,0
3,TRANSFER,329,522880.94,180472.0,0.0,0.0,871262.43,0
3,PAYMENT,21,7096.39,90253.76,83157.37,0.0,0.0,0
3,CASH_IN,162,194015.9,26331029.9,26525045.8,738835.38,544819.48,0
3,CASH_IN,355,10704.35,22123516.98,22134221.33,59637.58,48933.23,0
3,PAYMENT,376,35598.58,5474.0,0.0,0.0,0.0,0
3,PAYMENT,687,14725.2,130728.31,116003.11,0.0,0.0,0
3,CASH_IN,306,37710.76,4214008.34,4251719.09,1079285.43,1041574.67,0
3,PAYMENT,130,740.74,12396.0,11655.26,0.0,0.0,0
3,TRANSFER,13,366052.21,0.0,0.0,725350.24,1091402.45,0
3,TRANSFER,273,33380.4,0.0,0.0,226572.16,259952.56,0
3,PAYMENT,301,4963.66,0.0,0.0,0.0,0.0,0
3,PAYMENT,354,8105.48,537.0,0.0,0.0,0.0,0
3,CASH_OUT,278,622797.43,0.0,0.0,2189442.72,2812240.15,0
3,PAYMENT,590,11350.71,706627.56,695276.85,0.0,0.0,0
3,CASH_IN,201,345295.06,26424.0,371719.06,385499.66,40204.6,0
3,PAYMENT,41,7255.54,0.0,0.0,0.0,0.0,0
3,CASH_OUT,356,143315.12,0.0,0.0,355714.07,499029.19,0
3,PAYMENT,14,1184.8,0.0,0.0,0.0,0.0,0
3,CASH_OUT,305,70514.52,285.0,0.0,451382.09,521896.61,0
3,CASH_IN,135,40797.69,28577144.8,28617942.49,720996.12,680198.44,0
3,CASH_OUT,373,26122.75,0.0,0.0,142981.45,169104.2,0
3,CASH_OUT,37,159469.63,828.0,0.0,162645.81,322115.44,0
3,TRANSFER,188,90234.97,0.0,0.0,406667.73,496902.7,0
3,CASH_IN,212,21437.96,1277.0,22714.96,15050356.18,15028918.21,0
3,CASH_OUT,374,360471.25,156619.0,0.0,0.0,360471.25,0
3,CASH_IN,325,127830.25,857570.4,985400.65,2567442.29,2439612.05,0
3,PAYMENT,275,74815.18,0.0,0.0,0.0,0.0,0
3,CASH_OUT,23,761263.38,0.0,0.0,763925.09,1525188.47,0
3,PAYMENT,42,10634.59,191411.78,180777.19,0.0,0.0,0
3,CASH_OUT,164,136255.76,0.0,0.0,154252.78,290508.53,0
3,PAYMENT,139,28654.82,11223.0,0.0,0.0,0.0,0
3,CASH_OUT,351,139828.32,0.0,0.0,254751.56,394579.88,0
3,CASH_OUT,354,111118.37,21559.0,0.0,0.0,111118.37,0
3,PAYMENT,14,10620.75,390783.58,380162.84,0.0,0.0,0
3,CASH_OUT,262,148012.39,0.0,0.0,190694.28,338706.67,0
3,CASH_IN,133,158310.81,3291455.51,3449766.32,411500.68,253189.88,0
3,CASH_OUT,36,420161.92,415951.38,0.0,8122581.29,8646758.26,0
3,PAYMENT,251,6199.61,0.0,0.0,0.0,0.0,0
3,TRANSFER,12,2007.0,2007.0,0.0,0.0,0.0,1
3,TRANSFER,241,657417.64,657417.64,0.0,0.0,0.0,1
3,CASH_OUT,284,127129.68,0.0,0.0,296206.37,423336.05,0
3,CASH_OUT,131,57379.3,0.0,0.0,286820.51,344199.81,0
3,PAYMENT,158,12294.34,0.0,0.0,0.0,0.0,0
3,CASH_OUT,442,3085.45,3085.45,0.0,45631.02,48716.47,1
3,PAYMENT,380,7381.3,0.0,0.0,0.0,0.0,0
3,TRANSFER,490,422648.87,422648.87,0.0,0.0,0.0,1
3,PAYMENT,279,2542.9,57693.0,55150.1,0.0,0.0,0
3,CASH_IN,333,50688.12,5780097.86,5830785.97,7416506.3,7365818.19,0
3,CASH_OUT,326,224683.34,0.0,0.0,2470200.42,2694883.77,0
3,PAYMENT,186,2790.06,74635.2,71845.14,0.0,0.0,0
3,TRANSFER,39,1575440.76,14372.31,0.0,4677553.99,6252994.75,0
3,CASH_IN,132,294807.25,18421117.98,18715925.23,1079730.39,1064125.6,0
3,TRANSFER,304,10000000.0,60618.0,0.0,8288690.28,51999310.48,0
3,PAYMENT,44,7251.14,20306.0,13054.86,0.0,0.0,0
3,PAYMENT,10,7684.84,202895.76,195210.93,0.0,0.0,0
3,CASH_IN,276,88247.01,29313289.44,29401536.45,100559.33,12312.32,0
3,CASH_IN,20,186085.33,4423274.09,4609359.42,247597.6,86822.46,0
3,CASH_IN,135,17229.52,2636292.13,2653521.64,203839.23,186609.71,0
3,CASH_OUT,398,348133.88,186226.8,0.0,7640097.17,7988231.05,0
3,CASH_IN,163,236854.31,3021.0,239875.31,358936.6,122082.29,0
3,CASH_OUT,305,337200.25,35037.0,0.0,0.0,337200.25,0
3,CASH_OUT,404,130962.67,58066.0,0.0,0.0,130962.67,0
3,CASH_OUT,16,191007.17,11390.0,0.0,129646.0,459382.67,0
3,CASH_OUT,329,54803.45,20669.0,0.0,4297603.72,4352407.17,0
3,CASH_IN,327,30058.24,4760732.27,4790790.5,3798961.15,3768902.91,0
3,CASH_OUT,142,223382.84,0.0,0.0,278326.24,501709.08,0
3,CASH_IN,348,13401.05,4438626.66,4452027.7,317407.95,304006.9,0
3,CASH_IN,14,77408.86,39886.0,117294.86,0.0,0.0,0
3,PAYMENT,300,5382.25,0.0,0.0,0.0,0.0,0
3,PAYMENT,164,13421.56,137653.53,124231.97,0.0,0.0,0
3,CASH_OUT,329,217026.23,0.0,0.0,14037674.59,14254700.83,0
3,PAYMENT,357,734.77,194196.0,193461.23,0.0,0.0,0
3,CASH_IN,120,322549.52,8691001.46,9013550.99,2634102.91,2311553.38,0
3,PAYMENT,12,2885.8,10453.0,7567.2,0.0,0.0,0
3,TRANSFER,455,338083.76,338083.76,0.0,0.0,0.0,1
3,PAYMENT,546,3296.27,0.0,0.0,0.0,0.0,0
3,CASH_IN,12,612600.48,10300.0,622900.48,0.0,0.0,0
3,PAYMENT,307,18269.91,21564.0,3294.09,0.0,0.0,0
3,PAYMENT,398,17246.29,252.33,0.0,0.0,0.0,0
3,TRANSFER,635,182739.36,182739.36,0.0,0.0,0.0,1
3,CASH_OUT,37,79071.28,0.0,0.0,96443.42,175514.7,0
3,PAYMENT,400,66674.07,182602.24,115928.16,0.0,0.0,0
3,TRANSFER,279,380998.57,0.0,0.0,398485.32,779483.89,0
3,CASH_OUT,593,125146.75,125146.75,0.0,1820417.69,1945564.44,1
3,CASH_OUT,374,233262.81,15605.0,0.0,148936.06,382198.87,0
3,CASH_OUT,621,130315.4,26374.0,0.0,1099011.77,1229327.17,0
3,TRANSFER,333,917866.77,0.0,0.0,3225768.13,4143634.91,0
3,PAYMENT,345,7115.14,50726.0,43610.86,0.0,0.0,0
3,CASH_OUT,632,82209.71,82209.71,0.0,841367.51,923577.22,1
3,CASH_OUT,325,396346.06,0.0,0.0,4370203.19,4766549.25,0
3,PAYMENT,202,10097.69,85719.1,75621.41,0.0,0.0,0
3,CASH_IN,378,136897.19,597269.79,734166.97,729685.51,592788.32,0
3,CASH_OUT,227,117160.48,0.0,0.0,474324.26,591484.75,0
3,PAYMENT,133,12251.88,246903.44,234651.56,0.0,0.0,0
3,PAYMENT,346,14999.16,0.0,0.0,0.0,0.0,0
4,CASH_OUT,134,170334.56,610194.0,439859.44,0.0,170334.56,0
4,CASH_OUT,37,110086.66,4050.0,0.0,2034504.67,1800834.61,0
4,TRANSFER,397,2314769.16,202659.0,0.0,1061608.78,3376377.94,0
4,CASH_OUT,15,113394.56,0.0,0.0,441798.44,555192.99,0
4,CASH_OUT,303,27014.38,16055.0,0.0,120854.07,147868.45,0
4,CASH_OUT,476,87503.48,99831.0,12327.52,0.0,87503.48,0
4,TRANSFER,304,1040009.8,0.0,0.0,3792451.5,4832461.3,0
4,PAYMENT,203,11451.57,0.0,0.0,0.0,0.0,0
4,CASH_IN,280,23022.93,1016410.37,1039433.3,1410498.97,1387476.04,0
4,CASH_IN,177,96609.27,23490.0,120099.27,0.0,0.0,0
4,CASH_OUT,276,48736.85,214317.0,165580.15,0.0,48736.85,0
4,CASH_OUT,331,94580.22,0.0,0.0,1038970.06,1443720.45,0
4,CASH_IN,334,65069.37,14144.0,79213.37,14704.94,0.0,0
4,CASH_OUT,11,332781.24,0.0,0.0,7341420.27,7674201.51,0
4,TRANSFER,362,1891921.94,1891921.94,0.0,0.0,0.0,1
4,CASH_OUT,681,186929.48,179963.0,0.0,153446.02,340375.5,0
4,CASH_IN,202,451134.87,151492.0,602626.87,214432.57,0.0,0
4,CASH_OUT,355,111629.64,0.0,0.0,150758.47,262388.11,0
4,PAYMENT,205,7453.32,214466.0,207012.68,0.0,0.0,0
4,PAYMENT,42,18186.54,50652.0,32465.46,0.0,0.0,0
4,CASH_IN,231,319172.41,7793370.26,8112542.67,1306635.88,987463.47,0
4,CASH_OUT,158,15668.06,0.0,0.0,705562.38,721230.44,0
4,PAYMENT,308,6390.21,165109.0,158718.79,0.0,0.0,0
4,TRANSFER,297,1175459.88,0.0,0.0,6651174.3,7826634.18,0
4,PAYMENT,330,19113.67,5923.0,0.0,0.0,0.0,0
4,CASH_OUT,346,17654.31,0.0,0.0,712469.53,730123.83,0
4,CASH_OUT,522,242356.41,0.0,0.0,639402.64,881759.05,0
4,CASH_OUT,347,24442.15,30766.0,6323.85,143073.9,167516.05,0
4,PAYMENT,183,1486.58,3864.87,2378.28,0.0,0.0,0
4,CASH_IN,599,142908.89,6155658.1,6298566.98,3275704.97,3132796.09,0
4,CASH_OUT,546,153679.3,0.0,0.0,388339.49,542018.79,0
4,PAYMENT,348,5444.41,51915.0,46470.59,0.0,0.0,0
4,CASH_OUT,203,132337.73,0.0,0.0,167776.41,300114.14,0
4,PAYMENT,567,10053.08,0.0,0.0,0.0,0.0,0
4,CASH_IN,278,279087.74,3386380.49,3665468.23,10241668.56,9962580.82,0
4,CASH_OUT,132,134113.21,249.0,0.0,191197.54,325310.75,0
4,CASH_IN,345,98699.9,573.0,99272.9,128709.67,30009.77,0
4,TRANSFER,311,227624.3,227624.3,0.0,0.0,0.0,1
4,PAYMENT,189,13575.59,0.0,0.0,0.0,0.0,0
4,TRANSFER,20,424502.02,0.0,0.0,1367594.71,1792096.73,0
4,CASH_OUT,327,281913.98,0.0,0.0,1507726.24,1789640.22,0
4,CASH_IN,168,62321.81,49899.0,112220.81,849857.78,787535.97,0
4,CASH_IN,324,245437.26,21609.0,267046.26,0.0,0.0,0
4,CASH_IN,590,371247.65,580005.72,951253.38,2957817.35,2586569.7,0
4,CASH_OUT,295,1748611.28,1748611.28,0.0,113025.94,1861637.22,1
4,PAYMENT,164,18258.44,134103.13,115844.68,0.0,0.0,0
4,TRANSFER,601,74854.93,74854.93,0.0,0.0,0.0,1
4,CASH_OUT,469,233017.79,715.0,0.0,0.0,233017.79,0
4,CASH_OUT,254,29914.08,9970.0,0.0,67844.5,97758.58,0
4,TRANSFER,355,447607.6,11106.0,0.0,1232694.98,1680302.58,0
4,TRANSFER,279,536624.41,536624.41,536624.41,0.0,0.0,1
4,PAYMENT,189,5490.56,101883.0,96392.44,0.0,0.0,0
4,CASH_IN,353,555204.54,986304.3,1541508.84,8774347.9,8219143.36,0
4,PAYMENT,237,3841.48,13948.53,10107.05,0.0,0.0,0
4,TRANSFER,186,199854.92,0.0,0.0,298008.88,497863.8,0
4,CASH_OUT,567,21490.76,12460.04,0.0,442240.49,463731.25,0
4,PAYMENT,372,22563.74,93582.0,71018.26,0.0,0.0,0
4,PAYMENT,393,77203.21,63.0,0.0,0.0,0.0,0
4,CASH_IN,610,61102.47,2052.0,63154.47,1033081.46,971978.99,0
4,CASH_OUT,186,2361.63,0.0,0.0,1397887.15,1400248.79,0
4,PAYMENT,46,1675.12,31455.0,29779.88,0.0,0.0,0
4,CASH_IN,323,300187.73,5532337.1,5832524.83,474309.29,174121.56,0
4,TRANSFER,166,425553.78,0.0,0.0,2102052.43,2527606.21,0
4,CASH_OUT,211,308560.34,0.0,0.0,1698418.27,2006978.61,0
4,PAYMENT,283,3199.04,31504.0,28304.96,0.0,0.0,0
4,PAYMENT,393,16491.39,1002.0,0.0,0.0,0.0,0
4,CASH_IN,162,41245.75,49289.71,90535.46,2998231.29,3614221.6,0
4,CASH_OUT,202,165957.53,295.0,0.0,0.0,165957.53,0
4,CASH_OUT,400,20293.48,0.0,0.0,762386.19,782679.68,0
4,PAYMENT,34,15602.22,0.0,0.0,0.0,0.0,0
4,CASH_OUT,602,232185.56,232185.56,0.0,6053983.22,6286168.78,1
4,CASH_OUT,210,207686.54,21474.0,0.0,0.0,207686.54,0
4,CASH_OUT,257,39713.8,644.0,0.0,392021.78,276669.58,0
4,PAYMENT,142,4038.93,0.0,0.0,0.0,0.0,0
4,CASH_OUT,378,209423.33,27211.0,0.0,3201469.16,3410892.49,0
4,PAYMENT,276,4469.43,0.0,0.0,0.0,0.0,0
4,CASH_OUT,11,407808.19,278068.0,0.0,990464.82,1398273.01,0
4,CASH_IN,10,189677.48,12615897.05,12805574.53,2845873.34,3402730.53,0
4,PAYMENT,377,14646.14,16365.7,1719.55,0.0,0.0,0
4,TRANSFER,273,2230432.56,2230432.56,0.0,0.0,0.0,1
4,CASH_OUT,592,37996.82,5188.0,0.0,404953.39,442950.21,0
4,CASH_OUT,135,99043.11,0.0,0.0,183934.0,282977.11,0
4,PAYMENT,136,1792.48,31528.74,29736.26,0.0,0.0,0
4,PAYMENT,132,27329.55,525569.86,498240.31,0.0,0.0,0
4,PAYMENT,401,40200.37,280440.0,240239.63,0.0,0.0,0
4,CASH_OUT,132,88389.23,182.0,0.0,210806.67,299195.9,0
4,CASH_IN,130,195665.12,11732.0,207397.12,4371819.39,4176154.27,0
4,PAYMENT,695,22049.94,583454.79,561404.85,0.0,0.0,0
4,PAYMENT,37,1174.82,0.0,0.0,0.0,0.0,0
4,CASH_OUT,134,320955.92,50716.0,0.0,0.0,320955.92,0
4,CASH_OUT,399,184880.1,63549.28,0.0,8422409.53,8607289.63,0
4,TRANSFER,356,967850.44,102293.8,0.0,0.0,967850.44,0
4,PAYMENT,398,29526.34,0.0,0.0,0.0,0.0,0
4,CASH_OUT,254,129452.87,22928.0,0.0,0.0,129452.87,0
4,CASH_OUT,277,97048.12,0.0,0.0,318355.84,415403.95,0
4,CASH_IN,42,219800.7,23681292.43,23901093.13,747086.38,898648.7,0
4,TRANSFER,205,926715.41,0.0,0.0,1913222.51,2839937.92,0
4,CASH_OUT,157,63490.76,0.0,0.0,3454203.53,3517694.29,0
4,CASH_OUT,225,32465.22,163.0,0.0,15179.92,47645.14,0
4,PAYMENT,227,62981.59,9974.0,0.0,0.0,0.0,0
4,CASH_IN,397,302612.98,7562532.56,7865145.53,575332.77,272719.79,0
4,CASH_IN,371,217366.35,3252032.45,3469398.8,1960957.28,1743590.93,0
4,CASH_OUT,330,64611.99,36.0,0.0,0.0,64611.99,0
4,TRANSFER,46,236174.5,0.0,0.0,241759.47,477933.96,0
4,PAYMENT,375,3082.76,0.0,0.0,0.0,0.0,0
4,CASH_OUT,308,51674.44,113973.0,62298.56,77944.01,129618.46,0
4,TRANSFER,155,49372.94,49372.94,0.0,0.0,0.0,1
4,PAYMENT,297,23346.77,102863.0,79516.23,0.0,0.0,0
4,CASH_OUT,330,152112.03,3005.0,0.0,227701.17,379813.2,0
4,CASH_OUT,212,31363.04,0.0,0.0,142583.45,173946.49,0
4,TRANSFER,134,639543.62,11351.0,0.0,0.0,639543.62,0
4,TRANSFER,17,1431399.42,398250.28,0.0,0.0,1431399.42,0
4,CASH_IN,164,205126.94,509399.83,714526.77,237305.29,32178.35,0
4,PAYMENT,40,11844.5,6793.0,0.0,0.0,0.0,0
4,PAYMENT,347,1515.85,51754.0,50238.15,0.0,0.0,0
4,PAYMENT,250,5923.24,89629.0,83705.76,0.0,0.0,0
4,CASH_OUT,381,228666.72,189678.9,0.0,1669811.06,1898477.78,0
4,CASH_IN,359,112906.1,211207.86,324113.96,4823835.54,4710929.44,0
4,CASH_IN,227,20887.83,10526798.18,10547686.01,288495.89,267608.05,0
4,CASH_IN,258,170460.68,642778.22,813238.9,307224.56,136763.88,0
4,CASH_IN,43,21776.94,9350815.97,9372592.91,1168698.26,1146921.32,0
4,CASH_IN,310,123398.74,1368871.45,1492270.19,147158.96,23760.21,0
4,PAYMENT,548,13242.27,411.0,0.0,0.0,0.0,0
4,PAYMENT,356,12228.13,31104.0,18875.87,0.0,0.0,0
4,CASH_OUT,423,207241.52,207241.52,0.0,0.0,207241.52,1
4,CASH_OUT,17,158274.91,375.0,0.0,1518596.47,1676871.38,0
4,CASH_OUT,716,455386.57,455386.57,0.0,0.0,455386.57,1
4,CASH_OUT,164,71990.35,0.0,0.0,1106167.86,1178158.21,0
4,PAYMENT,255,1561.24,0.0,0.0,0.0,0.0,0
4,CASH_OUT,10,85237.34,0.0,0.0,1238928.49,1554642.73,0
4,CASH_OUT,256,112161.68,0.0,0.0,426609.54,538771.22,0
4,PAYMENT,571,4458.3,50283.89,45825.59,0.0,0.0,0
4,PAYMENT,208,268.28,528880.35,528612.07,0.0,0.0,0
4,CASH_OUT,177,1835.96,0.0,0.0,492532.48,494368.44,0
4,CASH_OUT,202,210850.95,10006.0,0.0,149880.19,360731.14,0
4,PAYMENT,229,11740.25,3864.0,0.0,0.0,0.0,0
4,CASH_IN,349,200221.56,11213.0,211434.56,0.0,0.0,0
4,CASH_OUT,241,1282731.68,1282731.68,0.0,0.0,1282731.68,1
4,CASH_OUT,230,219496.08,8833.0,0.0,57156.18,276652.26,0
4,CASH_IN,132,171415.27,448249.03,619664.3,802367.48,630952.21,0
4,CASH_OUT,404,67898.46,0.0,0.0,108999.94,176898.4,0
4,DEBIT,280,3418.42,45506.9,42088.48,856449.98,859868.39,0
4,CASH_OUT,185,88641.52,228598.0,139956.48,882477.95,971119.47,0
4,CASH_OUT,161,129509.35,0.0,0.0,6741657.95,6871167.3,0
4,CASH_OUT,725,873322.61,873322.61,0.0,258993.92,1132316.53,1
4,CASH_OUT,398,18214.9,11415.0,0.0,215040.32,233255.23,0
4,CASH_IN,280,177127.1,95861.93,272989.03,221607.09,44479.99,0
4,PAYMENT,563,6206.52,0.0,0.0,0.0,0.0,0
4,PAYMENT,163,5234.14,21580.0,16345.86,0.0,0.0,0
4,CASH_IN,205,460261.29,4927772.79,5388034.08,908554.08,448292.79,0
4,PAYMENT,39,9762.98,237961.0,228198.02,0.0,0.0,0
4,CASH_IN,163,22370.5,12499.0,34869.5,44764.0,22393.5,0
4,CASH_OUT,210,37463.8,196045.0,158581.2,152587.51,190051.31,0
4,DEBIT,22,12955.75,144400.0,131444.25,279077.56,292033.3,0
4,CASH_OUT,160,235646.58,1314.0,0.0,0.0,235646.58,0
4,CASH_IN,12,426897.19,3864209.92,4291107.11,572202.47,145305.28,0
4,TRANSFER,298,93618.91,0.0,0.0,141084.38,234703.29,0
4,CASH_OUT,331,164900.6,62345.0,0.0,0.0,164900.6,0
4,CASH_OUT,43,323524.83,0.0,0.0,1892482.3,2216007.13,0
4,CASH_OUT,235,65224.97,6438.0,0.0,0.0,65224.97,0
4,CASH_OUT,398,5618179.9,5618179.9,0.0,0.0,5618179.9,1
4,CASH_OUT,533,400517.07,400517.07,0.0,0.0,400517.07,1
4,PAYMENT,406,44385.41,0.0,0.0,0.0,0.0,0
4,CASH_OUT,16,62307.01,49840.0,0.0,895123.67,913122.52,0
4,TRANSFER,205,475315.61,475315.61,0.0,0.0,0.0,1
4,PAYMENT,211,494.76,107689.0,107194.24,0.0,0.0,0
4,CASH_IN,227,56021.03,11613.0,67634.03,0.0,0.0,0
4,CASH_IN,235,282334.46,11371391.51,11653725.98,1093742.03,811407.57,0
4,CASH_IN,325,93134.37,4164061.05,4257195.42,433225.42,340091.05,0
4,TRANSFER,234,1057960.7,6017.0,0.0,248327.63,1198534.56,0
4,PAYMENT,376,7041.98,17068.0,10026.02,0.0,0.0,0
4,CASH_IN,397,83749.28,222267.0,306016.28,0.0,0.0,0
4,TRANSFER,331,24954.08,14923.0,0.0,1597855.06,1622809.14,0
4,CASH_OUT,258,159510.51,62172.0,0.0,44474.85,203985.36,0
4,TRANSFER,300,490397.59,104255.0,0.0,1033644.34,1524041.93,0
4,CASH_IN,382,42437.13,15188321.8,15230758.94,2219659.3,2177222.17,0
4,PAYMENT,207,489.03,10607.0,10117.97,0.0,0.0,0
4,CASH_OUT,279,257962.21,104015.0,0.0,362318.41,620280.62,0
4,CASH_OUT,183,372350.31,0.0,0.0,6631896.78,7004247.09,0
4,PAYMENT,354,1483.26,0.0,0.0,0.0,0.0,0
4,TRANSFER,127,701707.89,701707.89,0.0,0.0,0.0,1
4,PAYMENT,332,8341.85,0.0,0.0,0.0,0.0,0
4,PAYMENT,157,15862.45,16854.0,991.55,0.0,0.0,0
4,CASH_OUT,301,230772.85,507.0,0.0,0.0,230772.85,0
4,CASH_IN,526,138056.53,3004334.98,3142391.5,694837.24,556780.71,0
4,CASH_OUT,13,247623.91,7411.33,0.0,427965.95,675589.86,0
4,CASH_IN,156,201191.68,120378.0,321569.68,8736640.18,8535448.51,0
4,CASH_OUT,164,175267.61,175267.61,0.0,73374.37,248641.98,1
4,CASH_OUT,34,108468.16,0.0,0.0,203647.47,312115.63,0
4,CASH_OUT,369,79580.13,938.0,0.0,0.0,79580.13,0
4,CASH_IN,201,90311.02,65439.0,155750.02,7469745.36,7379434.34,0
4,CASH_OUT,209,118516.4,0.0,0.0,289148.22,407664.63,0
4,CASH_OUT,40,203582.93,3027.0,0.0,4710922.77,4914505.7,0
4,CASH_OUT,330,13146.13,1054.0,0.0,227616.36,240762.49,0
4,PAYMENT,302,18661.41,0.0,0.0,0.0,0.0,0
4,CASH_OUT,225,258661.19,0.0,0.0,5121961.38,5380622.57,0
4,PAYMENT,167,8810.13,76143.0,67332.87,0.0,0.0,0
4,TRANSFER,493,2776637.46,0.0,0.0,8089723.45,10866360.91,0
4,CASH_IN,309,2026.63,84898.0,86924.63,0.0,0.0,0
4,PAYMENT,12,1482.69,0.0,0.0,0.0,0.0,0
4,PAYMENT,642,4850.93,826935.39,822084.46,0.0,0.0,0
4,TRANSFER,375,118462.93,118462.93,0.0,0.0,0.0,1
4,CASH_OUT,283,67839.46,0.0,0.0,244425.65,312265.11,0
4,DEBIT,312,3797.66,15260.0,11462.34,633346.15,637143.81,0
4,CASH_OUT,134,179739.47,0.0,0.0,429085.58,608825.05,0
4,CASH_OUT,129,252230.76,400766.17,148535.41,0.0,252230.76,0
4,TRANSFER,397,770119.47,102149.0,0.0,116614.43,886733.9,0
4,CASH_OUT,158,158212.3,0.0,0.0,3259375.07,3417587.37,0
4,CASH_IN,44,40304.81,88419.0,128723.81,5533.53,0.0,0
4,PAYMENT,370,23404.25,171275.0,147870.75,0.0,0.0,0
4,CASH_OUT,279,346085.04,77991.0,0.0,310339.8,656424.83,0
4,CASH_OUT,164,196198.81,11397.0,0.0,218044.81,414243.62,0
4,CASH_IN,141,7224.54,162076.0,169300.54,998900.48,991675.93,0
4,CASH_OUT,157,81534.82,0.0,0.0,2496606.19,2342086.35,0
4,CASH_OUT,404,536433.5,536433.5,0.0,3603723.8,4140157.3,1
4,PAYMENT,164,7913.56,0.0,0.0,0.0,0.0,0
4,PAYMENT,695,1136.81,52990.0,51853.19,0.0,0.0,0
4,CASH_IN,183,210399.99,0.0,210399.99,294385.13,83985.14,0
4,CASH_OUT,163,197580.65,0.0,0.0,617364.19,814944.83,0
4,PAYMENT,544,386.27,0.0,0.0,0.0,0.0,0
4,CASH_OUT,140,32239.16,76853.86,44614.7,1065180.04,1097419.19,0
4,CASH_OUT,258,426849.44,0.0,0.0,1293441.22,1720290.66,0
4,CASH_OUT,399,230586.19,167.0,0.0,0.0,230586.19,0
4,CASH_OUT,260,20864.69,0.0,0.0,53443.83,74308.52,0
4,PAYMENT,142,9693.46,359.0,0.0,0.0,0.0,0
4,PAYMENT,139,25389.12,11880.0,0.0,0.0,0.0,0
4,CASH_OUT,204,270721.67,5069.0,0.0,61035.26,331756.93,0
4,CASH_OUT,259,188001.59,0.0,0.0,760055.73,948057.32,0
4,TRANSFER,284,3469723.11,0.0,0.0,6216703.04,9686426.16,0
4,CASH_IN,354,416023.49,8585225.39,9001248.89,30295426.19,29879402.69,0
4,CASH_OUT,137,106562.49,68.0,0.0,43271.06,149833.56,0
4,PAYMENT,283,15779.91,0.0,0.0,0.0,0.0,0
4,CASH_OUT,284,384097.13,0.0,0.0,1881181.47,2265278.59,0
4,CASH_IN,17,199800.76,34456.0,234256.76,99850.84,402013.18,0
4,TRANSFER,352,471246.37,3077.0,0.0,1188702.89,1659949.27,0
4,CASH_OUT,135,220472.77,9005.0,0.0,717477.63,937950.39,0
4,TRANSFER,297,1274957.25,0.0,0.0,2675197.38,3950154.63,0
4,CASH_OUT,406,214449.19,0.0,0.0,490213.44,704662.64,0
4,PAYMENT,330,8669.31,45898.8,37229.5,0.0,0.0,0
4,CASH_OUT,268,754874.26,754874.26,0.0,0.0,754874.26,1
4,TRANSFER,683,93483.23,93483.23,0.0,0.0,0.0,1
4,CASH_IN,43,12101.73,9380936.18,9393037.91,931862.46,919760.73,0
4,CASH_OUT,372,189506.39,700822.0,511315.61,0.0,189506.39,0
4,CASH_IN,394,356203.02,668614.29,1024817.31,422392.38,66189.36,0
4,CASH_IN,330,178384.02,3450257.76,3628641.78,4739647.36,4561263.34,0
4,CASH_OUT,306,59444.69,0.0,0.0,1061401.64,1120846.33,0
4,CASH_OUT,348,163508.53,39851.0,0.0,28062.95,191571.48,0
4,CASH_IN,380,71252.07,21996544.6,22067796.67,334262.48,263010.41,0
4,CASH_OUT,540,346669.11,300732.0,0.0,1071346.45,1418015.55,0
4,CASH_OUT,163,16769.76,0.0,0.0,149162.1,165931.86,0
4,CASH_IN,250,402040.43,19153667.92,19555708.35,624672.16,222631.73,0
4,CASH_OUT,394,16910.66,34474.0,17563.34,0.0,16910.66,0
4,CASH_OUT,177,328708.23,46977.0,0.0,94877.36,423585.59,0
4,CASH_OUT,403,56219.55,0.0,0.0,471027.52,527247.06,0
4,CASH_OUT,188,20415.46,0.0,0.0,5232375.81,5252791.27,0
4,CASH_OUT,307,144268.8,44158.0,0.0,2393111.43,2537380.24,0
4,CASH_IN,325,445851.83,10858.0,456709.83,847470.41,401618.59,0
4,TRANSFER,481,1710180.37,1710180.37,0.0,0.0,0.0,1
4,PAYMENT,159,1804.19,0.0,0.0,0.0,0.0,0
4,PAYMENT,564,9929.01,0.0,0.0,0.0,0.0,0
4,TRANSFER,207,1410086.77,0.0,0.0,7634642.52,9044729.29,0
4,CASH_IN,256,36152.28,16654714.98,16690867.26,191484.48,155332.2,0
4,CASH_OUT,278,173143.79,0.0,0.0,5193818.41,5366962.2,0
4,CASH_IN,402,75599.92,7144888.23,7220488.15,83450.05,7850.13,0
4,CASH_OUT,44,85937.36,36316.0,0.0,1519270.7,1605208.07,0
4,PAYMENT,307,24865.1,0.0,0.0,0.0,0.0,0
4,CASH_OUT,406,74691.64,120265.0,45573.36,0.0,74691.64,0
4,CASH_OUT,374,459362.77,594832.0,135469.23,4002.04,463364.81,0
4,CASH_OUT,178,85017.99,85017.99,0.0,0.0,85017.99,1
4,CASH_OUT,20,142341.36,81370.0,0.0,0.0,142341.36,0
4,PAYMENT,383,4265.24,223730.0,219464.76,0.0,0.0,0
4,CASH_OUT,380,114282.4,75444.0,0.0,845639.72,959922.12,0
4,TRANSFER,97,253498.36,253498.36,0.0,0.0,0.0,1
4,CASH_OUT,19,57861.25,0.0,0.0,2756513.43,3063496.89,0
4,CASH_OUT,373,230166.62,0.0,0.0,1244906.75,1475073.37,0
4,CASH_OUT,209,1917.28,12459.0,10541.72,1318269.91,1320187.19,0
4,CASH_OUT,522,110865.98,5995.0,0.0,612341.48,723207.46,0
4,CASH_OUT,13,208380.17,51927.0,0.0,254738.63,744361.25,0
4,CASH_OUT,156,321964.57,4591.0,0.0,0.0,321964.57,0
4,CASH_OUT,327,30430.43,0.0,0.0,4264984.78,4295415.21,0
4,PAYMENT,211,18728.16,0.0,0.0,0.0,0.0,0
4,CASH_IN,362,262152.38,3736090.55,3998242.93,683764.42,421612.04,0
4,CASH_IN,371,9542.71,40381.0,49923.71,3317536.65,3307993.94,0
4,PAYMENT,19,8491.02,10221.0,1729.98,0.0,0.0,0
4,PAYMENT,299,1794.41,0.0,0.0,0.0,0.0,0
4,PAYMENT,226,32548.21,30421.0,0.0,0.0,0.0,0
4,CASH_OUT,491,580387.06,580387.06,0.0,1624593.89,2204980.95,1
4,PAYMENT,352,37675.97,95114.0,57438.03,0.0,0.0,0
4,PAYMENT,184,2268.68,32650.84,30382.16,0.0,0.0,0
4,CASH_OUT,160,156.33,0.0,0.0,107590.66,107746.99,0
4,CASH_OUT,260,189977.57,123136.0,0.0,7822.81,197800.37,0
4,CASH_OUT,129,75264.66,0.0,0.0,2241419.48,2841396.82,0
4,PAYMENT,372,2589.57,363178.02,360588.45,0.0,0.0,0
4,PAYMENT,9,6342.85,176534.0,170191.15,0.0,0.0,0
4,PAYMENT,281,14445.46,0.0,0.0,0.0,0.0,0
4,PAYMENT,263,4552.11,518249.0,513696.89,0.0,0.0,0
4,PAYMENT,36,3535.23,0.0,0.0,0.0,0.0,0
4,PAYMENT,137,7858.04,0.0,0.0,0.0,0.0,0
4,TRANSFER,185,992142.17,0.0,0.0,2839091.85,3527319.48,0
4,CASH_IN,33,226381.73,0.0,226381.73,319214.75,0.0,0
4,CASH_IN,359,4768.81,20972534.04,20977302.85,3787974.94,3783206.13,0
4,TRANSFER,64,31574.65,31574.65,0.0,0.0,0.0,1
4,CASH_OUT,138,304728.54,0.0,0.0,1047246.56,1351975.1,0
4,PAYMENT,416,17094.06,0.0,0.0,0.0,0.0,0
4,CASH_OUT,157,465241.78,0.0,0.0,861339.69,1326581.47,0
4,CASH_OUT,204,121012.96,0.0,0.0,242030.11,363043.08,0
4,CASH_IN,253,304604.67,1161505.52,1466110.19,5800831.32,5496226.65,0
4,CASH_OUT,162,598636.47,173.0,0.0,692103.46,1290739.93,0
4,PAYMENT,232,6892.34,0.0,0.0,0.0,0.0,0
4,CASH_IN,186,318121.26,0.0,318121.26,0.0,0.0,0
4,PAYMENT,135,14308.97,361385.62,347076.65,0.0,0.0,0
4,TRANSFER,180,170320.22,0.0,0.0,905963.31,1076283.53,0
4,TRANSFER,322,1242536.76,10057.0,0.0,0.0,1242536.76,0
4,PAYMENT,355,4787.2,0.0,0.0,0.0,0.0,0
4,PAYMENT,525,2320.37,38016.66,35696.29,0.0,0.0,0
4,PAYMENT,332,522.11,169.0,0.0,0.0,0.0,0
4,PAYMENT,619,8714.97,0.0,0.0,0.0,0.0,0
4,PAYMENT,253,46856.92,20913.0,0.0,0.0,0.0,0
4,CASH_OUT,22,68449.78,0.0,0.0,7795800.1,7864249.88,0
4,PAYMENT,330,14730.04,344054.47,329324.43,0.0,0.0,0
4,TRANSFER,14,353700.65,0.0,0.0,4073439.44,5273469.44,0
4,PAYMENT,376,15048.44,0.0,0.0,0.0,0.0,0
4,CASH_OUT,39,60218.73,0.0,0.0,265602.8,325821.53,0
4,TRANSFER,540,1989311.31,1989311.31,0.0,0.0,0.0,1
4,PAYMENT,400,10115.84,373815.76,363699.92,0.0,0.0,0
4,CASH_OUT,323,283315.34,408.0,0.0,240739.09,524054.43,0
4,CASH_OUT,327,396732.82,49622.0,0.0,0.0,396732.82,0
4,CASH_OUT,374,228044.18,400935.6,172891.42,396726.4,624770.59,0
4,PAYMENT,13,3708.01,0.0,0.0,0.0,0.0,0
4,CASH_OUT,310,186197.03,0.0,0.0,5145111.74,5331308.77,0
4,CASH_IN,547,136275.53,665.0,136940.53,2096456.69,1960181.16,0
4,CASH_IN,216,59972.8,2153573.75,2213546.55,403887.08,343914.28,0
4,TRANSFER,408,324377.78,0.0,0.0,786434.98,1110812.77,0
4,CASH_IN,372,77993.7,611457.43,689451.13,853392.41,775398.71,0
4,CASH_OUT,190,10000000.0,10000000.0,0.0,2876.18,10002876.18,1
4,PAYMENT,235,13860.89,11492.0,0.0,0.0,0.0,0
4,TRANSFER,324,4174395.25,0.0,0.0,51444770.89,55619166.15,0
4,CASH_IN,40,50902.85,3081350.48,3132253.33,1405524.11,1354621.26,0
4,PAYMENT,428,18686.79,0.0,0.0,0.0,0.0,0
4,TRANSFER,425,10000000.0,29585040.37,19585040.37,0.0,0.0,1
4,CASH_OUT,20,72427.62,0.0,0.0,461893.57,775422.61,0
4,PAYMENT,202,6232.62,49823.0,43590.38,0.0,0.0,0
4,CASH_IN,235,25286.32,40623.0,65909.32,0.0,0.0,0
4,PAYMENT,348,13561.95,20995.0,7433.05,0.0,0.0,0
4,TRANSFER,403,166999.64,0.0,0.0,664202.2,831201.85,0
4,CASH_IN,156,355360.48,57567.0,412927.48,225544.66,0.0,0
4,CASH_OUT,53,6215.44,6215.44,0.0,191197.42,197412.85,1
4,CASH_OUT,234,91965.45,23567.0,0.0,0.0,91965.45,0
4,CASH_IN,206,558557.47,2772739.52,3331297.0,21803188.6,21244631.12,0
4,CASH_IN,136,458784.02,6052.0,464836.02,472.0,0.0,0
4,TRANSFER,250,554271.17,0.0,0.0,4775154.23,5329425.4,0
4,CASH_OUT,239,52245.05,0.0,0.0,4313822.93,4366067.99,0
4,CASH_OUT,133,237218.72,11146.0,0.0,2692118.77,2929337.49,0
4,CASH_IN,694,275491.91,4361275.93,4636767.84,9406631.45,9131139.53,0
4,CASH_OUT,404,71799.37,0.0,0.0,200560.38,272359.75,0
4,TRANSFER,630,728256.03,728256.03,0.0,0.0,0.0,1
4,CASH_OUT,181,175183.58,0.0,0.0,356380.18,531563.76,0
4,PAYMENT,215,1049.91,68775.0,67725.09,0.0,0.0,0
4,PAYMENT,283,8334.16,6290.0,0.0,0.0,0.0,0
4,PAYMENT,212,16888.59,0.0,0.0,0.0,0.0,0
4,CASH_IN,205,339951.76,24851764.9,25191716.66,1373140.09,1033188.33,0
4,CASH_OUT,661,6695070.79,6695070.79,0.0,4177322.28,10872393.07,1
4,TRANSFER,549,668473.23,668473.23,0.0,0.0,0.0,1
4,PAYMENT,165,4037.11,0.0,0.0,0.0,0.0,0
4,CASH_IN,227,9727.03,177482.98,187210.01,5586504.19,5576777.16,0
4,CASH_IN,479,25762.03,3487930.55,3513692.58,1250633.6,1224871.57,0
4,CASH_IN,139,144691.05,15223342.89,15368033.94,33388952.3,33244261.25,0
4,CASH_OUT,348,380457.76,22378.0,0.0,4670650.58,5051108.33,0
4,TRANSFER,132,178892.93,0.0,0.0,517509.08,696402.0,0
4,PAYMENT,354,12637.22,0.0,0.0,0.0,0.0,0
4,TRANSFER,604,4672401.04,4672401.04,0.0,0.0,0.0,1
4,PAYMENT,17,3699.68,0.0,0.0,0.0,0.0,0
4,PAYMENT,587,26999.85,71776.0,44776.15,0.0,0.0,0
4,PAYMENT,231,40937.18,0.0,0.0,0.0,0.0,0
4,PAYMENT,253,25333.48,16457.51,0.0,0.0,0.0,0
4,CASH_OUT,321,149463.65,9931.0,0.0,5186029.16,5335492.81,0
4,PAYMENT,202,6258.27,220075.49,213817.21,0.0,0.0,0
4,PAYMENT,165,8550.88,14447.0,5896.12,0.0,0.0,0
4,PAYMENT,41,2722.28,0.0,0.0,0.0,0.0,0
4,CASH_OUT,179,552988.49,6027.0,0.0,709921.78,1262910.27,0
4,PAYMENT,375,35447.96,735175.13,699727.17,0.0,0.0,0
4,TRANSFER,332,509243.99,0.0,0.0,934617.37,1443861.36,0
4,PAYMENT,207,16718.82,0.0,0.0,0.0,0.0,0
4,CASH_OUT,35,387523.98,0.0,0.0,1144631.87,1532155.85,0
4,CASH_OUT,140,108292.69,31135.0,0.0,2288924.46,2397217.15,0
4,PAYMENT,188,5577.63,0.0,0.0,0.0,0.0,0
4,PAYMENT,596,334.04,0.0,0.0,0.0,0.0,0
4,CASH_IN,276,62011.86,1342902.47,1404914.33,1205558.1,1143546.24,0
4,PAYMENT,323,589.42,0.0,0.0,0.0,0.0,0
4,CASH_OUT,157,134943.01,0.0,0.0,3058864.72,3193807.73,0
4,PAYMENT,232,17218.89,105079.0,87860.11,0.0,0.0,0
4,PAYMENT,179,1876.14,27924.0,26047.86,0.0,0.0,0
4,CASH_OUT,205,19200.97,0.0,0.0,270511.5,289712.47,0
4,PAYMENT,227,97224.33,5947.0,0.0,0.0,0.0,0
4,TRANSFER,60,1026208.84,1026208.84,0.0,0.0,0.0,1
4,CASH_OUT,386,33404.18,0.0,0.0,60304.77,93708.94,0
4,PAYMENT,47,1892.71,0.0,0.0,0.0,0.0,0
4,TRANSFER,237,1489599.2,0.0,0.0,4847289.07,6336888.28,0
4,PAYMENT,349,6042.94,21071.0,15028.06,0.0,0.0,0
4,PAYMENT,139,21453.86,0.0,0.0,0.0,0.0,0
4,PAYMENT,205,14785.01,5018.0,0.0,0.0,0.0,0
4,PAYMENT,346,6767.8,0.0,0.0,0.0,0.0,0
4,PAYMENT,215,3755.23,8115.0,4359.77,0.0,0.0,0
4,PAYMENT,17,30219.96,165005.33,134785.37,0.0,0.0,0
4,CASH_IN,132,69234.83,6030678.06,6099912.89,497669.2,428434.37,0
4,PAYMENT,33,9523.01,0.0,0.0,0.0,0.0,0
4,CASH_IN,323,130782.69,27868446.05,27999228.75,7175015.88,7044233.18,0
4,CASH_IN,563,20751.19,2402618.06,2423369.25,138551.68,117800.49,0
4,PAYMENT,183,19176.96,9942.0,0.0,0.0,0.0,0
4,CASH_OUT,130,179552.39,0.0,0.0,4176700.04,4356252.43,0
4,CASH_OUT,646,10000000.0,10000000.0,0.0,235170.07,10235170.07,1
4,CASH_IN,134,764.78,1073824.23,1074589.01,183211.33,426754.92,0
4,TRANSFER,154,68437.32,0.0,0.0,3003353.29,3071790.61,0
4,CASH_IN,298,55582.67,16546.0,72128.67,0.0,0.0,0
4,PAYMENT,326,21187.95,0.0,0.0,0.0,0.0,0
4,CASH_OUT,131,20157.14,0.0,0.0,482791.08,502948.22,0
4,CASH_OUT,194,132041.78,180784.29,48742.51,466758.73,598800.51,0
4,PAYMENT,466,41299.52,7408.0,0.0,0.0,0.0,0
4,CASH_IN,376,14469.63,4823.0,19292.63,0.0,0.0,0
4,PAYMENT,134,12292.61,15562.0,3269.39,0.0,0.0,0
4,PAYMENT,40,751.96,23351.58,22599.63,0.0,0.0,0
4,DEBIT,47,13285.27,11515.0,0.0,1576537.75,1589823.02,0
4,CASH_IN,263,174591.43,1590799.15,1765390.59,1659528.88,1484937.44,0
4,PAYMENT,19,20027.28,0.0,0.0,0.0,0.0,0
4,PAYMENT,160,12028.05,0.0,0.0,0.0,0.0,0
4,PAYMENT,399,4237.29,0.0,0.0,0.0,0.0,0
4,TRANSFER,258,99232.18,0.0,0.0,2672045.89,2771278.07,0
4,TRANSFER,9,931144.88,0.0,0.0,1185434.0,1118361.97,0
4,CASH_OUT,547,420524.8,0.0,0.0,2844344.96,3264869.76,0
4,PAYMENT,422,12913.09,0.0,0.0,0.0,0.0,0
4,DEBIT,299,65469.19,72133.0,6663.81,971244.47,1036713.66,0
4,TRANSFER,8,668083.91,22513.0,0.0,447196.98,2455385.38,0
4,CASH_OUT,625,367631.15,367631.15,0.0,0.0,367631.15,1
4,PAYMENT,234,368.47,0.0,0.0,0.0,0.0,0
4,CASH_IN,137,74537.06,14391701.74,14466238.8,1039388.39,964851.33,0
4,PAYMENT,592,43710.35,693049.0,649338.65,0.0,0.0,0
4,PAYMENT,10,4900.94,0.0,0.0,0.0,0.0,0
4,CASH_OUT,348,402007.49,1131.0,0.0,45441.37,447448.86,0
4,CASH_OUT,451,206429.59,223949.27,17519.68,452486.78,658916.38,0
4,CASH_OUT,142,122356.1,302443.0,180086.9,1595071.31,1717427.41,0
4,CASH_OUT,132,31003.76,0.0,0.0,204558.66,235562.42,0
4,PAYMENT,249,4504.85,26046.0,21541.15,0.0,0.0,0
4,CASH_OUT,699,181545.14,181545.14,0.0,2357597.32,2539142.46,1
4,CASH_IN,257,115513.39,1421522.9,1537036.3,3870211.42,3754698.02,0
4,TRANSFER,502,669536.75,669536.75,0.0,0.0,0.0,1
4,CASH_IN,136,112846.89,4410958.52,4523805.41,137863.96,25017.07,0
4,CASH_OUT,161,9152.81,39001.0,29848.19,576476.07,585628.88,0
4,CASH_OUT,182,386453.77,40676.0,0.0,75247.18,461700.94,0
4,CASH_OUT,374,249816.0,62673.0,0.0,179873.2,429689.2,0
4,CASH_OUT,274,292702.1,124.0,0.0,0.0,292702.1,0
4,CASH_IN,397,193979.8,3031.0,197010.8,0.0,0.0,0
4,CASH_OUT,212,234523.77,0.0,0.0,6481913.09,6716436.85,0
4,CASH_OUT,205,60448.19,0.0,0.0,150639.26,211087.45,0
4,CASH_IN,154,43325.37,2087360.78,2130686.15,235665.85,192340.48,0
4,TRANSFER,262,68230.32,68230.32,0.0,0.0,0.0,1
4,CASH_IN,206,42327.9,3598.0,45925.9,0.0,0.0,0
4,CASH_IN,163,293426.76,1418057.33,1711484.1,397066.52,103639.76,0
4,PAYMENT,190,4708.31,79748.0,75039.69,0.0,0.0,0
4,PAYMENT,165,10898.93,0.0,0.0,0.0,0.0,0
4,CASH_OUT,345,228253.52,0.0,0.0,550987.73,779241.25,0
4,CASH_OUT,374,220624.45,22323.0,0.0,485170.03,705794.48,0
4,PAYMENT,8,646.09,0.0,0.0,0.0,0.0,0
4,CASH_OUT,42,122043.92,19416.0,0.0,264996.36,387040.28,0
4,CASH_IN,235,87859.52,4704313.01,4792172.53,248560.52,160700.99,0
4,CASH_OUT,676,3542716.02,3542716.02,0.0,4746.62,3547462.65,1
4,PAYMENT,328,16436.47,0.0,0.0,0.0,0.0,0
4,PAYMENT,373,2422.48,0.0,0.0,0.0,0.0,0
4,TRANSFER,94,170154.03,0.0,0.0,8956593.57,9126747.59,0
4,CASH_IN,300,253275.18,3487629.55,3740904.74,321719.69,68444.5,0
4,TRANSFER,167,1201741.34,0.0,0.0,4819200.39,6020941.73,0
4,PAYMENT,133,14511.81,0.0,0.0,0.0,0.0,0
4,PAYMENT,379,6275.07,281584.45,275309.38,0.0,0.0,0
4,CASH_OUT,129,347443.32,0.0,0.0,2631463.33,2978906.64,0
4,CASH_OUT,395,49078.79,114874.0,65795.21,1182423.32,1231502.1,0
4,CASH_OUT,522,146468.11,176325.0,29856.89,7168.18,153636.28,0
4,CASH_IN,131,83331.9,1854806.21,1938138.11,140726.76,57394.86,0
4,CASH_OUT,319,1033878.67,1033878.67,0.0,6177505.77,7211384.44,1
4,TRANSFER,69,353313.55,353313.55,0.0,0.0,0.0,1
4,PAYMENT,370,2331.45,32562.0,30230.55,0.0,0.0,0
4,PAYMENT,20,5402.31,16383.0,10980.69,0.0,0.0,0
4,PAYMENT,250,33010.56,71560.0,38549.44,0.0,0.0,0
4,CASH_IN,182,154860.25,32327.0,187187.25,0.0,0.0,0
4,CASH_IN,16,218041.16,2608987.96,2827029.12,3858213.36,3686598.39,0
4,CASH_IN,210,63336.74,260884.21,324220.95,375723.95,312387.21,0
4,CASH_OUT,210,84024.15,0.0,0.0,729936.23,813960.38,0
4,CASH_IN,165,174070.63,16887422.16,17061492.79,785031.81,610961.18,0
4,TRANSFER,10,2064787.88,10459.0,0.0,2141130.6,4205918.48,0
4,PAYMENT,135,2834.99,24622.12,21787.12,0.0,0.0,0
4,CASH_IN,324,49238.74,4436655.94,4485894.69,165552.19,116313.45,0
4,PAYMENT,399,270.19,11366.0,11095.81,0.0,0.0,0
4,PAYMENT,44,5841.42,209593.25,203751.82,0.0,0.0,0
4,CASH_OUT,356,159027.59,0.0,0.0,3762053.44,3921081.03,0
4,PAYMENT,167,5044.63,11900.0,6855.37,0.0,0.0,0
4,CASH_IN,34,163808.79,10047.0,173855.79,474565.75,310756.95,0
4,CASH_OUT,548,56862.43,70082.0,13219.57,0.0,56862.43,0
4,PAYMENT,252,25788.58,0.0,0.0,0.0,0.0,0
4,PAYMENT,225,12641.84,0.0,0.0,0.0,0.0,0
4,PAYMENT,204,7940.94,0.0,0.0,0.0,0.0,0
4,TRANSFER,207,28132.53,0.0,0.0,386554.82,414687.34,0
4,CASH_OUT,36,103056.0,103056.0,0.0,444182.13,547238.13,1
5,CASH_OUT,15,351457.46,0.0,0.0,1157347.03,1508804.49,0
5,CASH_OUT,375,443323.58,0.0,0.0,984683.58,1428007.16,0
5,PAYMENT,394,12775.84,0.0,0.0,0.0,0.0,0
5,PAYMENT,590,17126.06,363241.83,346115.77,0.0,0.0,0
5,CASH_IN,326,183876.58,8576163.81,8760040.39,656193.57,472316.99,0
5,CASH_OUT,403,266440.0,10413.0,0.0,5638908.18,5905348.18,0
5,TRANSFER,138,2348857.13,0.0,0.0,6315145.19,8664002.33,0
5,CASH_OUT,544,210041.47,0.0,0.0,8817411.5,9027452.98,0
5,TRANSFER,171,1786247.31,1786247.31,0.0,0.0,0.0,1
5,CASH_IN,298,184910.66,748137.42,933048.08,267082.38,82171.72,0
5,PAYMENT,19,14843.57,348675.51,333831.95,0.0,0.0,0
5,CASH_OUT,401,14046.49,529.0,0.0,0.0,14046.49,0
5,PAYMENT,154,4971.18,0.0,0.0,0.0,0.0,0
5,TRANSFER,544,412668.39,412668.39,0.0,0.0,0.0,1
5,CASH_OUT,350,177833.75,12597.0,0.0,543962.44,721796.19,0
5,CASH_OUT,307,143811.24,30764.0,0.0,0.0,143811.24,0
5,CASH_OUT,11,204384.3,0.0,0.0,434455.5,638839.8,0
5,CASH_IN,283,122002.88,179131.91,301134.8,395718.5,528107.96,0
5,PAYMENT,206,14191.12,31757.46,17566.34,0.0,0.0,0
5,CASH_IN,332,94373.47,13259037.58,13353411.05,35990524.1,35896150.63,0
5,CASH_OUT,257,50096.97,0.0,0.0,101693.38,151790.35,0
5,CASH_OUT,88,4022408.76,4022408.76,0.0,4542879.5,8565288.26,1
5,PAYMENT,326,55133.67,0.0,0.0,0.0,0.0,0
5,CASH_IN,202,110328.18,1052.0,111380.18,0.0,0.0,0
5,PAYMENT,331,7569.71,42404.37,34834.66,0.0,0.0,0
5,CASH_OUT,136,38239.62,0.0,0.0,6466726.79,6504966.42,0
5,CASH_OUT,240,134335.41,29596.74,0.0,1962357.76,2096693.17,0
5,TRANSFER,183,58077.91,0.0,0.0,1241897.41,1299975.32,0
5,PAYMENT,394,46558.1,0.0,0.0,0.0,0.0,0
5,PAYMENT,19,2168.34,0.0,0.0,0.0,0.0,0
5,TRANSFER,394,449659.81,0.0,0.0,2423398.56,2873058.37,0
5,PAYMENT,43,3282.3,703266.31,699984.01,0.0,0.0,0
5,CASH_IN,183,273352.36,3501.0,276853.36,132926.41,0.0,0
5,TRANSFER,255,32733.43,32733.43,0.0,0.0,0.0,1
5,PAYMENT,235,34.24,0.0,0.0,0.0,0.0,0
5,PAYMENT,180,76555.3,30721.72,0.0,0.0,0.0,0
5,CASH_OUT,33,52466.53,387281.0,334814.47,117471.38,169937.91,0
5,TRANSFER,701,8537861.24,8537861.24,0.0,0.0,0.0,1
5,CASH_IN,308,67516.86,155925.0,223441.86,1817579.09,1750062.23,0
5,PAYMENT,250,25707.77,313004.0,287296.23,0.0,0.0,0
5,CASH_OUT,158,241819.11,21052.0,0.0,0.0,241819.11,0
5,CASH_IN,254,97999.66,797.0,98796.66,38065.83,0.0,0
5,CASH_IN,276,24196.23,2830188.04,2854384.28,11332518.09,11308321.85,0
5,TRANSFER,20,116356.45,0.0,0.0,732744.03,663046.99,0
5,PAYMENT,162,26851.98,203774.0,176922.02,0.0,0.0,0
5,TRANSFER,540,3707342.38,3707342.38,0.0,0.0,0.0,1
5,CASH_OUT,596,143778.32,398.0,0.0,724361.88,868140.2,0
5,CASH_OUT,137,215774.5,55391.0,0.0,0.0,8063.31,0
5,TRANSFER,325,30846.84,30846.84,0.0,0.0,0.0,1
5,CASH_OUT,472,653983.93,653983.93,0.0,659112.38,1313096.31,1
5,CASH_OUT,37,28351.01,0.0,0.0,789066.59,817417.6,0
5,CASH_IN,379,54753.44,1207172.86,1261926.3,3779969.34,3725215.9,0
5,CASH_OUT,308,40963.7,0.0,0.0,3926671.94,3967635.65,0
5,CASH_OUT,39,129174.75,0.0,0.0,536269.55,665444.3,0
5,PAYMENT,162,22162.74,135472.41,113309.67,0.0,0.0,0
5,CASH_OUT,253,339476.67,564.0,0.0,0.0,339476.67,0
5,CASH_OUT,136,53047.99,0.0,0.0,62191.57,115239.57,0
5,TRANSFER,348,1613574.4,0.0,0.0,8978641.79,10592216.18,0
5,CASH_OUT,354,321651.19,21651.0,0.0,0.0,321651.19,0
5,CASH_OUT,41,174754.14,0.0,0.0,935296.65,1110050.79,0
5,CASH_IN,307,93107.15,5689082.27,5782189.43,862393.81,769286.66,0
5,PAYMENT,348,4626.89,80704.0,76077.11,0.0,0.0,0
5,CASH_OUT,401,240374.33,121.0,0.0,574473.19,814847.52,0
5,PAYMENT,229,5092.75,0.0,0.0,0.0,0.0,0
5,PAYMENT,182,12373.29,0.0,0.0,0.0,0.0,0
5,CASH_IN,180,206968.26,5486340.82,5693309.08,1760741.52,1553773.26,0
5,CASH_IN,131,121817.62,552.0,122369.62,2338396.67,2216579.05,0
5,CASH_OUT,181,290402.43,0.0,0.0,1486058.97,1720264.95,0
5,CASH_OUT,204,117493.76,42247.0,0.0,0.0,117493.76,0
5,PAYMENT,617,5208.94,141374.0,136165.06,0.0,0.0,0
5,CASH_OUT,360,86417.11,0.0,0.0,4767252.96,4853670.07,0
5,CASH_OUT,208,37402.89,466756.0,429353.11,1032299.14,1069702.03,0
5,CASH_OUT,206,38056.48,11858.0,0.0,0.0,38056.48,0
5,CASH_OUT,510,3425386.69,3425386.69,0.0,0.0,3425386.69,1
5,PAYMENT,323,12585.78,0.0,0.0,0.0,0.0,0
5,CASH_OUT,204,463558.46,0.0,0.0,637912.0,977210.47,0
5,TRANSFER,36,10978.64,0.0,0.0,423154.31,434132.95,0
5,DEBIT,358,438.26,14817.0,14378.74,866207.09,866645.35,0
5,PAYMENT,252,14884.99,0.0,0.0,0.0,0.0,0
5,CASH_OUT,37,43310.34,0.0,0.0,1543210.45,1586520.79,0
5,CASH_OUT,234,119838.56,500250.58,380412.02,1021683.27,1141521.83,0
5,CASH_IN,373,167106.65,7824612.87,7991719.52,325508.89,158402.24,0
5,TRANSFER,41,202535.88,0.0,0.0,1534439.63,1736975.52,0
5,CASH_OUT,352,47424.41,0.0,0.0,85076.44,132500.85,0
5,CASH_IN,137,174280.08,101219.0,275499.08,0.0,0.0,0
5,TRANSFER,187,72725.31,0.0,0.0,992559.79,1065285.11,0
5,CASH_OUT,163,212593.73,5567.0,0.0,446431.49,659025.21,0
5,CASH_OUT,405,354293.5,0.0,0.0,6030402.07,6384695.56,0
5,CASH_IN,284,141860.44,2466351.8,2608212.24,917020.86,775160.42,0
5,PAYMENT,11,2215.86,230682.05,228466.19,0.0,0.0,0
5,CASH_IN,137,199265.07,176652.88,375917.95,3546023.7,3346758.62,0
5,CASH_OUT,116,1562871.32,1562871.32,0.0,802340.28,2365211.6,1
5,CASH_IN,274,3835.81,1391556.79,1395392.6,143803.49,139967.68,0
5,CASH_OUT,234,279983.4,385497.0,105513.6,317030.66,597014.06,0
5,CASH_IN,544,202422.06,626805.0,829227.06,167070.55,0.0,0
5,TRANSFER,183,611972.61,0.0,0.0,2580996.93,3192969.53,0
5,PAYMENT,19,12447.5,11127.0,0.0,0.0,0.0,0
5,CASH_OUT,15,34746.04,41455.0,6708.96,902878.03,937624.07,0
5,CASH_IN,353,98756.12,656262.82,755018.94,1312637.31,1213881.19,0
5,CASH_OUT,234,450489.27,450489.27,0.0,122047.64,572536.91,1
5,CASH_IN,228,421948.12,1483146.55,1905094.67,2550043.72,2128095.6,0
5,TRANSFER,135,679570.64,14933.0,0.0,0.0,679570.64,0
5,CASH_OUT,522,126994.38,0.0,0.0,2727905.62,2854900.0,0
5,CASH_OUT,186,139143.87,0.0,0.0,144429.52,283573.38,0
5,CASH_OUT,44,220139.05,0.0,0.0,2397654.18,2617793.22,0
5,CASH_OUT,325,107834.85,107834.85,0.0,0.0,107834.85,1
5,CASH_IN,401,324213.92,6594.0,330807.92,7652.22,0.0,0
5,CASH_IN,129,14661.07,105770.0,120431.07,0.0,0.0,0
5,CASH_IN,612,342632.89,9303.0,351935.89,0.0,0.0,0
5,CASH_OUT,348,296483.42,53050.0,0.0,59458.38,355941.79,0
5,CASH_OUT,235,222150.32,20488.0,0.0,16067.08,238217.4,0
5,CASH_OUT,307,300070.63,0.0,0.0,2446137.52,2746208.15,0
5,PAYMENT,401,25143.62,25059.0,0.0,0.0,0.0,0
5,PAYMENT,323,15936.13,0.0,0.0,0.0,0.0,0
5,CASH_OUT,12,138354.94,0.0,0.0,221287.01,128852.29,0
5,CASH_IN,684,276014.04,8170521.07,8446535.11,888943.57,612929.53,0
5,CASH_IN,43,6380.33,5730735.77,5737116.1,461245.39,454865.06,0
5,TRANSFER,60,742973.53,742973.53,0.0,0.0,0.0,1
5,CASH_OUT,16,224523.43,0.0,0.0,1747661.8,1972185.22,0
5,CASH_OUT,154,15241.86,0.0,0.0,24881.0,40122.86,0
5,CASH_IN,370,71859.24,42142.0,114001.24,251868.02,180008.78,0
5,PAYMENT,227,7240.72,8217.0,976.28,0.0,0.0,0
5,TRANSFER,355,1757309.02,27680.0,0.0,13165.78,1770474.79,0
5,CASH_OUT,298,355312.1,0.0,0.0,411019.69,766331.78,0
5,CASH_OUT,351,308416.34,35049.0,0.0,169749.17,478165.51,0
5,CASH_OUT,283,154804.31,0.0,0.0,11817346.23,11972150.55,0
5,CASH_IN,250,134690.47,2028681.21,2163371.68,1581584.13,1446893.66,0
5,PAYMENT,187,7660.51,50159.0,42498.49,0.0,0.0,0
5,CASH_IN,158,40714.56,4689900.89,4730615.45,804748.97,764034.4,0
5,CASH_OUT,374,139464.46,0.0,0.0,1564926.18,1704390.64,0
5,CASH_IN,134,347714.71,266702.31,614417.02,272488.97,0.0,0
5,PAYMENT,36,26760.91,0.0,0.0,0.0,0.0,0
5,CASH_IN,215,10198.06,3045546.03,3055744.09,272622.21,262424.16,0
5,CASH_OUT,9,361559.69,361559.69,0.0,504667.31,189441.24,1
5,CASH_OUT,298,394471.79,0.0,0.0,6434674.65,6829146.44,0
5,CASH_OUT,154,57117.69,30410.0,0.0,189321.82,291067.2,0
5,CASH_IN,234,297666.63,13858392.68,14156059.31,989415.17,691748.54,0
5,PAYMENT,255,8575.16,0.0,0.0,0.0,0.0,0
5,CASH_IN,422,55065.77,125010.0,180075.77,164452.65,109386.88,0
5,PAYMENT,234,10890.14,244253.98,233363.84,0.0,0.0,0
5,PAYMENT,36,29180.81,0.0,0.0,0.0,0.0,0
5,CASH_IN,376,34087.46,993751.51,1027838.97,426101.84,392014.38,0
5,PAYMENT,166,1782.57,0.0,0.0,0.0,0.0,0
5,CASH_IN,163,131814.45,32333.0,164147.45,2500347.46,2368533.01,0
5,CASH_OUT,379,41614.59,1260.0,0.0,475936.31,517550.9,0
5,CASH_OUT,305,79493.58,103938.0,24444.42,0.0,79493.58,0
5,CASH_OUT,282,134637.02,137053.0,2415.98,54192.26,188829.28,0
5,PAYMENT,309,32136.96,15039.0,0.0,0.0,0.0,0
5,PAYMENT,143,24452.57,0.0,0.0,0.0,0.0,0
5,PAYMENT,327,12152.04,203921.0,191768.96,0.0,0.0,0
5,CASH_OUT,158,149304.56,0.0,0.0,939076.25,1088380.81,0
5,CASH_OUT,284,165032.71,201552.0,36519.29,260861.26,425893.97,0
5,PAYMENT,36,3970.2,235100.56,231130.36,0.0,0.0,0
5,PAYMENT,304,12506.53,260641.98,248135.44,0.0,0.0,0
5,CASH_IN,306,127515.23,178445.4,305960.63,3151076.73,3023561.5,0
5,CASH_OUT,13,188764.71,10315.0,0.0,81823.09,270587.8,0
5,CASH_IN,393,144237.21,33269.0,177506.21,0.0,0.0,0
5,CASH_OUT,273,41135.67,0.0,0.0,1863059.53,1904195.2,0
5,CASH_OUT,158,237457.67,11929.0,0.0,295556.59,533014.26,0
5,PAYMENT,331,5643.26,146315.58,140672.32,0.0,0.0,0
5,CASH_OUT,209,267371.22,2679.0,0.0,0.0,267371.22,0
5,CASH_OUT,11,75227.07,0.0,0.0,1809550.62,1604087.94,0
5,CASH_OUT,277,92532.04,65354.0,0.0,0.0,92532.04,0
5,PAYMENT,10,24064.6,10652.0,0.0,0.0,0.0,0
5,PAYMENT,252,27132.03,21603.0,0.0,0.0,0.0,0
5,PAYMENT,380,8904.95,60396.0,51491.05,0.0,0.0,0
5,PAYMENT,276,743.75,28395.9,27652.15,0.0,0.0,0
5,CASH_IN,231,438366.59,79635.19,518001.78,1465877.58,1027511.0,0
5,PAYMENT,297,286.52,0.0,0.0,0.0,0.0,0
5,CASH_OUT,117,251621.18,251621.18,0.0,8078266.37,8329887.55,1
5,CASH_OUT,135,370877.29,0.0,0.0,1377286.54,1748163.83,0
5,PAYMENT,13,17058.93,118127.38,101068.45,0.0,0.0,0
5,TRANSFER,183,153244.03,49525.0,0.0,4706911.41,4860155.44,0
5,CASH_OUT,518,1165187.89,1165187.89,0.0,0.0,1165187.89,1
5,PAYMENT,214,11845.26,13150.53,1305.28,0.0,0.0,0
5,CASH_IN,324,208866.34,852658.28,1061524.62,274092.03,65225.7,0
5,PAYMENT,45,10023.27,52950.0,42926.73,0.0,0.0,0
5,CASH_OUT,164,291657.21,0.0,0.0,1521489.57,1813146.78,0
5,TRANSFER,134,50474.25,10707.0,0.0,157523.49,207997.74,0
5,TRANSFER,36,1385649.86,29958.0,0.0,4361736.05,5747385.92,0
5,CASH_OUT,395,405277.33,10482.0,0.0,74135.05,479412.38,0
5,CASH_OUT,162,137336.96,189.0,0.0,0.0,137336.96,0
5,CASH_OUT,393,335459.21,0.0,0.0,1819673.14,2155132.35,0
5,CASH_IN,36,263181.09,3506002.66,3769183.75,395934.68,132753.59,0
5,PAYMENT,361,33413.24,63176.0,29762.76,0.0,0.0,0
5,CASH_OUT,378,113213.49,49096.0,0.0,0.0,113213.49,0
5,CASH_IN,139,240152.21,1758515.7,1998667.91,366810.89,126658.68,0
5,PAYMENT,211,15789.77,0.0,0.0,0.0,0.0,0
5,PAYMENT,526,5505.79,14418.0,8912.21,0.0,0.0,0
5,CASH_OUT,207,161096.48,0.0,0.0,457311.36,618407.84,0
5,CASH_IN,275,208170.46,51714.0,259884.46,0.0,0.0,0
5,CASH_OUT,135,191009.6,0.0,0.0,1037953.15,1228962.75,0
5,TRANSFER,351,6417789.09,6417789.09,0.0,0.0,0.0,1
5,PAYMENT,404,4287.61,28740.56,24452.95,0.0,0.0,0
5,TRANSFER,161,63108.44,0.0,0.0,407886.63,470995.06,0
5,CASH_IN,156,141275.86,6758.0,148033.86,326954.97,111725.13,0
5,CASH_IN,188,59563.47,9162.0,68725.47,68579.08,9015.62,0
5,PAYMENT,16,3793.31,70874.0,67080.69,0.0,0.0,0
5,CASH_IN,458,275489.68,2729692.56,3005182.24,7235802.27,6960312.59,0
5,TRANSFER,229,286048.32,7666.0,0.0,1145752.24,1431800.56,0
5,CASH_OUT,129,1864022.05,1864022.05,0.0,1435908.91,3299930.96,1
5,PAYMENT,500,4549.77,0.0,0.0,0.0,0.0,0
5,PAYMENT,9,13948.42,668247.58,654299.16,0.0,0.0,0
5,CASH_IN,309,19909.53,10402306.37,10422215.9,1078954.8,1059045.27,0
5,TRANSFER,177,158000.29,158000.29,0.0,0.0,0.0,1
5,PAYMENT,206,7768.05,0.0,0.0,0.0,0.0,0
5,CASH_IN,12,271452.16,5032.0,276484.16,793651.99,527281.41,0
5,PAYMENT,492,15105.31,401263.0,386157.68,0.0,0.0,0
5,CASH_OUT,132,17184.86,0.0,0.0,1742996.02,2352034.38,0
5,PAYMENT,401,22482.98,79345.0,56862.02,0.0,0.0,0
5,CASH_OUT,20,22336.25,0.0,0.0,591807.21,614143.46,0
5,TRANSFER,302,468287.85,0.0,0.0,2717214.66,3104470.75,0
5,CASH_OUT,10,393213.25,7568.0,0.0,0.0,497759.35,0
5,CASH_IN,301,343751.12,289207.76,632958.88,459925.37,116174.25,0
5,PAYMENT,285,16717.66,0.0,0.0,0.0,0.0,0
5,PAYMENT,322,5599.4,43783.93,38184.53,0.0,0.0,0
5,CASH_IN,590,18786.06,0.0,18786.06,715589.42,696803.36,0
5,CASH_OUT,228,2313.42,0.0,0.0,157761.71,160075.13,0
5,CASH_OUT,178,259952.64,0.0,0.0,676440.66,936393.3,0
5,CASH_OUT,33,67036.16,0.0,0.0,521707.94,588744.1,0
5,CASH_OUT,202,240561.26,16585.0,0.0,1546993.35,1787554.62,0
5,CASH_OUT,420,129617.58,178310.85,48693.27,1464464.66,1594082.24,0
5,PAYMENT,130,34409.82,0.0,0.0,0.0,0.0,0
5,PAYMENT,403,38118.17,0.0,0.0,0.0,0.0,0
5,CASH_OUT,186,178290.01,61510.0,0.0,3610.49,181900.49,0
5,PAYMENT,307,3744.58,100300.33,96555.74,0.0,0.0,0
5,CASH_IN,136,14213.02,5850298.91,5864511.93,524625.16,510412.15,0
5,PAYMENT,201,10380.3,106959.0,96578.7,0.0,0.0,0
5,PAYMENT,236,3011.88,0.0,0.0,0.0,0.0,0
5,PAYMENT,43,11704.87,35935.86,24230.99,0.0,0.0,0
5,CASH_IN,177,88580.49,2660238.33,2748818.82,125242.17,36661.68,0
5,PAYMENT,96,267.12,0.0,0.0,0.0,0.0,0
5,CASH_OUT,278,89842.08,0.0,0.0,19536497.19,19626339.28,0
5,PAYMENT,167,4278.29,11473.0,7194.71,0.0,0.0,0
5,PAYMENT,274,11747.12,720.0,0.0,0.0,0.0,0
5,CASH_OUT,741,383661.1,383661.1,0.0,1788112.7,2171773.8,1
5,CASH_IN,308,164849.17,2868438.8,3033287.97,1284047.29,1119198.12,0
5,CASH_OUT,307,188638.61,31189.0,0.0,874281.24,1062919.85,0
5,TRANSFER,263,616288.37,418.19,0.0,3821366.4,4437654.77,0
5,CASH_IN,37,140327.0,5834177.31,5974504.31,197228.9,56901.9,0
5,CASH_IN,258,155742.6,3066.0,158808.6,0.0,0.0,0
5,PAYMENT,139,3920.59,0.0,0.0,0.0,0.0,0
5,TRANSFER,355,459302.76,71245.0,0.0,41997.93,501300.69,0
5,PAYMENT,211,1191.98,0.0,0.0,0.0,0.0,0
5,PAYMENT,234,522.76,238.0,0.0,0.0,0.0,0
5,CASH_IN,202,378437.6,2312202.71,2690640.31,393574.94,15137.34,0
5,TRANSFER,374,97095.52,15268.0,0.0,0.0,97095.52,0
5,CASH_IN,15,336742.46,1640744.3,1977486.76,1172192.04,835449.58,0
5,PAYMENT,17,3748.09,0.0,0.0,0.0,0.0,0
5,PAYMENT,284,27384.36,0.0,0.0,0.0,0.0,0
5,PAYMENT,187,13720.58,272413.13,258692.55,0.0,0.0,0
5,CASH_OUT,209,83615.74,51607.0,0.0,0.0,83615.74,0
5,CASH_IN,349,218554.4,8050008.02,8268562.42,3706143.64,3487589.25,0
5,PAYMENT,692,17738.53,267.0,0.0,0.0,0.0,0
5,CASH_OUT,372,69241.8,59620.0,0.0,1194459.21,1263701.01,0
5,TRANSFER,277,342487.97,0.0,0.0,856820.78,1199308.75,0
5,CASH_OUT,158,171456.83,171456.83,0.0,546812.73,718269.56,1
5,CASH_OUT,691,203243.63,10857.0,0.0,0.0,203243.63,0
5,PAYMENT,592,16290.87,0.0,0.0,0.0,0.0,0
5,PAYMENT,35,21267.39,0.0,0.0,0.0,0.0,0
5,PAYMENT,184,32065.17,195633.0,163567.83,0.0,0.0,0
5,PAYMENT,140,12871.36,51468.0,38596.64,0.0,0.0,0
5,CASH_OUT,186,229909.57,0.0,0.0,0.0,229909.57,1
5,PAYMENT,134,7494.82,48230.52,40735.7,0.0,0.0,0
5,CASH_OUT,309,121513.74,0.0,0.0,2479741.2,2601254.95,0
5,PAYMENT,351,26628.68,0.0,0.0,0.0,0.0,0
5,CASH_IN,19,346535.67,151966.0,498501.67,504150.33,157614.66,0
5,PAYMENT,236,1770.66,1559.0,0.0,0.0,0.0,0
5,PAYMENT,38,18523.8,2542.0,0.0,0.0,0.0,0
5,CASH_IN,282,354396.21,1793001.14,2147397.35,893930.13,539533.93,0
5,CASH_OUT,396,442146.65,0.0,0.0,588043.37,1030190.01,0
5,CASH_IN,162,210291.3,7803107.42,8013398.72,1151402.66,941111.36,0
5,CASH_OUT,277,286022.25,0.0,0.0,8276722.47,8562744.71,0
5,CASH_OUT,406,134287.54,0.0,0.0,436391.87,570679.4,0
5,PAYMENT,283,11241.12,0.0,0.0,0.0,0.0,0
5,CASH_OUT,329,110260.51,1121.0,0.0,18705.75,128966.26,0
5,CASH_IN,19,74643.78,531406.42,606050.2,147617.97,72974.18,0
5,CASH_OUT,308,282287.38,222371.0,0.0,226169.53,508456.9,0
5,PAYMENT,180,2270.81,29757.0,27486.19,0.0,0.0,0
5,PAYMENT,211,7951.44,15864.0,7912.56,0.0,0.0,0
5,PAYMENT,373,15941.54,193748.4,177806.86,0.0,0.0,0
5,CASH_IN,395,402597.55,11425.0,414022.55,0.0,0.0,0
5,PAYMENT,9,10337.12,34156.0,23818.88,0.0,0.0,0
5,CASH_OUT,187,127729.58,20245.0,0.0,740498.9,868228.48,0
5,CASH_IN,168,111454.04,6826374.41,6937828.46,2047095.58,1935641.54,0
5,PAYMENT,205,8152.08,1502.0,0.0,0.0,0.0,0
5,CASH_OUT,249,22022.53,0.0,0.0,2516125.13,2538147.66,0
5,PAYMENT,8,9525.72,0.0,0.0,0.0,0.0,0
5,CASH_OUT,78,2254934.36,2254934.36,0.0,364128.61,2619062.97,1
5,CASH_OUT,500,179866.57,18184.0,0.0,173045.23,352911.8,0
5,PAYMENT,11,20094.09,0.0,0.0,0.0,0.0,0
5,CASH_OUT,17,339392.57,3059.0,0.0,2049979.0,2389371.57,0
5,CASH_OUT,157,426143.64,40160.41,0.0,432524.38,858668.02,0
5,CASH_IN,277,50417.09,4953843.73,5004260.82,140048.57,89631.48,0
5,CASH_OUT,401,27495.99,0.0,0.0,83116.56,110612.54,0
5,CASH_OUT,202,2263927.04,2263927.04,0.0,0.0,2263927.04,1
5,CASH_OUT,217,13266.93,13266.93,0.0,963180.13,976447.07,1
5,CASH_OUT,162,447103.18,31826.0,0.0,76008.74,523111.92,0
5,CASH_OUT,307,376660.6,425292.0,48631.4,4648780.61,5025441.21,0
5,PAYMENT,353,26256.44,43948.0,17691.56,0.0,0.0,0
5,CASH_OUT,373,124986.81,0.0,0.0,1124752.89,1249739.69,0
5,CASH_IN,304,1841.1,5324263.0,5326104.1,645237.92,643396.82,0
5,CASH_OUT,138,169017.82,25084.0,0.0,0.0,169017.82,0
5,CASH_OUT,140,307086.48,0.0,0.0,614254.99,921341.48,0
5,PAYMENT,12,14938.48,0.0,0.0,0.0,0.0,0
5,CASH_OUT,307,251420.04,30540.0,0.0,60304.0,292218.44,0
5,TRANSFER,298,1419724.86,17045.0,0.0,0.0,1419724.86,0
5,PAYMENT,214,2762.0,10016.0,7254.0,0.0,0.0,0
5,PAYMENT,371,19742.35,21271.0,1528.65,0.0,0.0,0
5,CASH_OUT,232,195219.8,119385.0,0.0,442431.83,637651.63,0
5,TRANSFER,305,10000000.0,15919.0,0.0,458549.91,15900209.14,0
5,TRANSFER,357,354003.18,12830.0,0.0,0.0,354003.18,0
5,CASH_OUT,12,1275.15,11241.0,9965.85,186.0,133431.95,0
5,CASH_OUT,350,8701.93,148708.0,140006.07,0.0,8701.93,0
5,CASH_OUT,19,154699.15,313364.77,158665.62,374419.53,529118.68,0
5,CASH_OUT,17,71197.37,60.0,0.0,0.0,71197.37,0
5,CASH_OUT,162,49730.28,18792.0,0.0,0.0,49730.28,0
5,CASH_IN,34,101992.58,3161955.5,3263948.07,528441.18,103435.37,0
5,CASH_OUT,303,167966.8,0.0,0.0,212081.95,380048.76,0
5,CASH_OUT,163,156649.61,10850.0,0.0,0.0,156649.61,0
5,CASH_OUT,237,286086.68,36504.97,0.0,1013448.42,1299535.1,0
5,CASH_OUT,138,127198.7,0.0,0.0,633455.66,760654.36,0
5,CASH_OUT,188,21575.55,205961.0,184385.45,406423.09,427998.63,0
5,PAYMENT,15,18439.67,95961.92,77522.25,0.0,0.0,0
5,CASH_OUT,211,72902.25,0.0,0.0,2217366.23,2497655.03,0
5,TRANSFER,649,963966.56,963966.56,0.0,0.0,0.0,1
5,PAYMENT,215,806.1,99413.0,98606.9,0.0,0.0,0
5,CASH_IN,394,48632.82,5651212.24,5699845.06,329260.44,280627.62,0
5,PAYMENT,212,20988.17,0.0,0.0,0.0,0.0,0
5,PAYMENT,234,7318.34,0.0,0.0,0.0,0.0,0
5,TRANSFER,456,4017972.88,4017972.88,0.0,0.0,0.0,1
5,CASH_IN,279,309890.47,9523.0,319413.47,109911.51,0.0,0
5,PAYMENT,204,8064.77,4577.0,0.0,0.0,0.0,0
5,CASH_IN,228,310400.6,709453.33,1019853.93,1227820.94,917420.34,0
5,CASH_OUT,354,53643.56,0.0,0.0,87304.48,116828.1,0
5,TRANSFER,303,447009.83,447009.83,0.0,0.0,0.0,1
5,CASH_IN,12,149355.18,1912996.11,2062351.28,586647.18,437292.01,0
5,PAYMENT,287,16589.34,10585.0,0.0,0.0,0.0,0
5,CASH_OUT,231,105080.35,105080.35,0.0,1949100.08,2054180.43,1
5,TRANSFER,209,1516823.73,1516823.73,0.0,0.0,0.0,1
5,CASH_OUT,180,170990.48,31334.0,0.0,800289.72,562151.39,0
5,CASH_IN,188,141187.69,2343260.94,2484448.63,284524.33,143336.64,0
5,CASH_IN,280,139975.09,8068837.57,8208812.66,533818.32,393843.24,0
5,CASH_OUT,34,10455.81,0.0,0.0,155699.52,446890.7,0
5,CASH_OUT,258,249707.57,0.0,0.0,652687.66,902395.23,0
5,CASH_IN,325,426636.51,10397.0,437033.51,36856.59,0.0,0
5,TRANSFER,395,101260.36,598443.0,497182.64,165725.59,266985.95,0
5,PAYMENT,401,58750.23,4748.0,0.0,0.0,0.0,0
5,PAYMENT,202,7320.5,134.0,0.0,0.0,0.0,0
5,CASH_IN,182,110492.3,136618.0,247110.3,1919866.57,1809374.28,0
5,PAYMENT,94,132.09,220.0,87.91,0.0,0.0,0
5,CASH_OUT,11,83733.31,2196652.37,2112919.06,0.0,83733.31,0
5,PAYMENT,43,19122.53,1439.0,0.0,0.0,0.0,0
5,CASH_OUT,45,9241.92,10366.0,1124.08,243601.3,252843.22,0
5,CASH_IN,373,229049.57,11802444.34,12031493.91,3007223.49,2778173.92,0
5,CASH_OUT,153,284017.48,0.0,0.0,397288.38,681305.86,0
5,CASH_IN,202,95514.21,20292.0,115806.21,0.0,0.0,0
5,CASH_IN,233,41989.24,259059.9,301049.14,2528214.99,2486225.74,0
5,CASH_OUT,733,105903.18,105903.18,0.0,350240.31,456143.49,1
5,PAYMENT,379,15724.9,576.0,0.0,0.0,0.0,0
5,TRANSFER,133,275818.29,13905.0,0.0,204442.15,555371.65,0
5,CASH_OUT,280,114607.01,50334.0,0.0,1728486.19,1843093.19,0
5,CASH_OUT,212,277362.65,40123.12,0.0,3272881.95,3550244.6,0
5,CASH_OUT,204,224148.19,2543.0,0.0,0.0,224148.19,0
5,CASH_OUT,188,530550.24,0.0,0.0,1428242.93,1958793.17,0
5,CASH_OUT,354,76555.34,0.0,0.0,1831239.65,1907794.99,0
5,PAYMENT,165,7123.91,67880.0,60756.09,0.0,0.0,0
5,CASH_IN,686,357438.8,705301.0,1062739.8,0.0,0.0,0
5,CASH_OUT,166,189814.18,500177.0,310362.82,0.0,189814.18,0
5,CASH_OUT,230,308269.46,15300.0,0.0,0.0,308269.46,0
5,PAYMENT,187,13980.89,21311.0,7330.11,0.0,0.0,0
5,PAYMENT,299,9832.35,0.0,0.0,0.0,0.0,0
5,CASH_IN,130,46157.37,6018553.12,6064710.49,1604170.05,1558012.68,0
5,CASH_OUT,378,173002.95,21270.0,0.0,0.0,173002.95,0
5,CASH_IN,397,641029.72,22782.0,663811.72,2976309.14,2335279.42,0
5,CASH_OUT,261,196561.69,196561.69,0.0,4186.45,200748.14,1
5,CASH_OUT,383,175663.54,0.0,0.0,335334.38,510997.91,0
5,CASH_OUT,14,199752.02,0.0,0.0,5135708.87,5300496.42,0
5,PAYMENT,336,3177.4,0.0,0.0,0.0,0.0,0
5,PAYMENT,206,11598.5,70859.71,59261.21,0.0,0.0,0
5,CASH_OUT,19,217297.21,11809.0,0.0,0.0,217297.21,0
5,CASH_OUT,202,37597.08,10876.0,0.0,14436246.13,14729345.36,0
5,TRANSFER,722,59263.88,59263.88,0.0,0.0,0.0,1
5,PAYMENT,522,4985.85,223746.0,218760.15,0.0,0.0,0
5,PAYMENT,135,27667.49,11271.0,0.0,0.0,0.0,0
5,CASH_OUT,140,319620.12,0.0,0.0,357217.18,676837.3,0
5,CASH_OUT,211,9019.43,0.0,0.0,817974.73,826994.16,0
5,CASH_OUT,403,189563.78,9984.0,0.0,14516.83,204080.62,0
5,CASH_IN,33,173652.36,19856.0,193508.36,0.0,0.0,0
5,DEBIT,487,1952.49,24869.0,22916.51,1677591.4,1679543.88,0
5,CASH_OUT,94,161118.03,10814.0,0.0,101234.37,262352.4,0
5,CASH_IN,43,214839.57,4347438.67,4562278.23,1535296.55,1320456.98,0
5,CASH_OUT,235,10056.17,0.0,0.0,211098.02,221154.19,0
5,CASH_OUT,274,2274566.61,2274566.61,0.0,0.0,2274566.61,1
5,PAYMENT,133,22335.93,0.0,0.0,0.0,0.0,0
5,PAYMENT,212,4006.78,27186.0,23179.22,0.0,0.0,0
5,CASH_IN,11,371310.74,0.0,371310.74,1105777.59,846602.66,0
5,CASH_IN,298,94322.65,51892.0,146214.65,120812.71,26490.07,0
5,CASH_IN,139,188991.02,3027178.65,3216169.67,273097.53,84106.51,0
5,CASH_OUT,278,93539.56,0.0,0.0,607164.45,700704.01,0
5,PAYMENT,232,20642.44,0.0,0.0,0.0,0.0,0
5,CASH_OUT,351,118111.77,118111.77,0.0,0.0,118111.77,1
5,TRANSFER,567,2088774.57,0.0,0.0,2575891.44,4664666.01,0
5,PAYMENT,202,3607.87,524863.68,521255.81,0.0,0.0,0
5,PAYMENT,93,15121.98,0.0,0.0,0.0,0.0,0
5,PAYMENT,185,6601.99,0.0,0.0,0.0,0.0,0
5,CASH_IN,402,239654.54,21296.0,260950.54,550007.11,310352.57,0
5,CASH_OUT,44,19252.41,0.0,0.0,244448.78,263701.19,0
5,PAYMENT,180,5194.64,21054.0,15859.36,0.0,0.0,0
5,CASH_IN,262,179394.61,637062.08,816456.69,3373105.41,3193710.8,0
5,PAYMENT,352,11364.09,24641.0,13276.91,0.0,0.0,0
5,PAYMENT,495,30676.73,229210.0,198533.27,0.0,0.0,0
5,CASH_IN,403,151386.16,246939.16,398325.32,1331861.31,1180475.15,0
5,PAYMENT,35,2086.48,0.0,0.0,0.0,0.0,0
5,PAYMENT,11,26784.55,0.0,0.0,0.0,0.0,0
5,CASH_OUT,405,402529.67,0.0,0.0,17565874.3,17968403.97,0
5,PAYMENT,202,24221.32,0.0,0.0,0.0,0.0,0
5,CASH_OUT,308,84796.8,1715.0,0.0,64359652.68,64444449.47,0
5,TRANSFER,69,5521483.54,5521483.54,0.0,0.0,0.0,1
5,CASH_OUT,282,13335.91,33044.0,19708.09,201216.2,214552.12,0
5,CASH_OUT,298,77466.6,0.0,0.0,8983058.49,9060525.09,0
5,PAYMENT,250,14465.3,158990.0,144524.7,0.0,0.0,0
5,CASH_OUT,160,77447.34,442.0,0.0,997792.56,1075239.9,0
5,CASH_OUT,228,296258.29,5884.0,0.0,0.0,296258.29,0
5,CASH_OUT,40,74465.2,0.0,0.0,237817.67,312282.87,0
5,PAYMENT,15,13180.07,0.0,0.0,0.0,0.0,0
5,CASH_OUT,130,595409.84,12512.0,0.0,4826640.95,5422050.79,0
5,TRANSFER,369,1472333.98,150326.97,0.0,3284539.44,4756873.41,0
5,CASH_OUT,227,108803.07,0.0,0.0,575740.44,684543.51,0
5,TRANSFER,14,143032.0,143032.0,0.0,0.0,0.0,1
5,CASH_OUT,34,139652.47,0.0,0.0,1222113.04,1361765.51,0
5,TRANSFER,203,443927.58,0.0,0.0,800269.62,1244197.2,0
5,CASH_OUT,206,68094.08,20021.0,0.0,335245.73,313527.45,0
5,CASH_OUT,162,27358.39,0.0,0.0,256200.64,50158.85,0
5,PAYMENT,139,38177.28,0.0,0.0,0.0,0.0,0
5,CASH_IN,42,186257.65,6969.0,193226.65,33689.66,0.0,0
5,CASH_OUT,256,288089.98,0.0,0.0,510438.97,798528.95,0
5,CASH_OUT,157,227266.79,31399.0,0.0,363716.67,590983.47,0
5,CASH_OUT,136,377591.5,12057.0,0.0,1020930.84,1398522.33,0
5,CASH_OUT,42,199697.93,72319.0,0.0,392079.49,591777.41,0
5,PAYMENT,157,11286.23,30337.0,19050.77,0.0,0.0,0
5,CASH_OUT,185,286254.7,136.0,0.0,228951.94,556487.39,0
5,CASH_IN,522,218363.66,6699199.23,6917562.9,367086.58,148722.92,0
5,PAYMENT,281,31906.62,0.0,0.0,0.0,0.0,0
5,CASH_OUT,133,70498.43,345094.0,274595.57,2833141.04,3091674.0,0
5,CASH_OUT,463,4152435.91,4152435.91,0.0,0.0,4152435.91,1
5,CASH_IN,285,92054.57,2531384.31,2623438.88,621460.1,529405.53,0
5,CASH_OUT,375,124343.46,105760.0,0.0,90697.3,215040.76,0
5,CASH_IN,306,195240.68,466.0,195706.68,125063.37,0.0,0
5,PAYMENT,37,53545.95,1.0,0.0,0.0,0.0,0
5,CASH_OUT,61,1735466.52,1735466.52,0.0,0.0,1735466.52,1
5,CASH_IN,226,191658.67,6256062.85,6447721.52,412294.14,220635.47,0
5,TRANSFER,498,142791.28,142791.28,0.0,0.0,0.0,1
5,PAYMENT,282,12807.34,212312.82,199505.48,0.0,0.0,0
5,PAYMENT,256,1461.03,1141.0,0.0,0.0,0.0,0
5,CASH_OUT,252,193552.32,0.0,0.0,513259.95,706812.28,0
5,PAYMENT,329,29767.35,174.0,0.0,0.0,0.0,0
5,PAYMENT,153,8275.53,0.0,0.0,0.0,0.0,0
5,CASH_OUT,43,209706.32,934.0,0.0,0.0,209706.32,0
5,PAYMENT,399,37436.78,0.0,0.0,0.0,0.0,0
5,CASH_OUT,179,99923.04,0.0,0.0,445666.41,545589.44,0
5,CASH_OUT,36,143162.93,34001.0,0.0,792491.06,935653.99,0
5,CASH_OUT,356,304249.06,0.0,0.0,2520383.46,2824632.52,0
5,CASH_IN,304,8784.44,2646010.1,2654794.54,153052.15,144267.71,0
5,TRANSFER,42,377527.75,0.0,0.0,740165.99,1117693.74,0
5,TRANSFER,35,271649.05,0.0,0.0,2977661.53,3249310.58,0
5,PAYMENT,136,10023.03,0.0,0.0,0.0,0.0,0
5,PAYMENT,327,2121.95,0.0,0.0,0.0,0.0,0
5,PAYMENT,396,19254.08,4047.0,0.0,0.0,0.0,0
5,PAYMENT,158,415.62,183121.03,182705.41,0.0,0.0,0
5,PAYMENT,155,4296.95,0.0,0.0,0.0,0.0,0
5,CASH_IN,301,146644.9,14199.0,160843.9,366099.35,219454.45,0
5,PAYMENT,211,1327.28,827.0,0.0,0.0,0.0,0
5,PAYMENT,238,8921.68,0.0,0.0,0.0,0.0,0
5,CASH_IN,183,83856.1,22682.0,106538.1,0.0,0.0,0
5,PAYMENT,382,3110.26,100901.0,97790.74,0.0,0.0,0
5,PAYMENT,140,11922.21,2247.0,0.0,0.0,0.0,0
5,PAYMENT,233,38763.81,1527.0,0.0,0.0,0.0,0
5,CASH_IN,45,92092.88,9209.0,101301.88,0.0,0.0,0
5,TRANSFER,285,6249265.86,6249265.86,0.0,0.0,0.0,1
5,PAYMENT,185,9660.2,531952.25,522292.05,0.0,0.0,0
5,CASH_OUT,138,81875.91,65399.0,0.0,21072.98,102948.89,0
5,CASH_OUT,208,137244.18,23075.0,0.0,1970527.49,2092546.33,0
5,TRANSFER,547,176192.37,100603.0,0.0,1515023.69,1691216.06,0
5,PAYMENT,299,6362.81,0.0,0.0,0.0,0.0,0
5,PAYMENT,130,13274.04,157293.64,144019.6,0.0,0.0,0
5,CASH_IN,40,169824.12,4941927.52,5111751.64,315625.98,145801.86,0
5,CASH_OUT,236,363343.88,0.0,0.0,1325477.14,1688821.03,0
5,CASH_OUT,396,27702.52,0.0,0.0,271135.84,298838.36,0
5,TRANSFER,162,172363.35,20624.0,0.0,0.0,172363.35,0
5,CASH_OUT,141,293809.84,84102.0,0.0,975454.52,1269264.36,0
5,CASH_OUT,160,271710.27,0.0,0.0,7651643.63,7923353.91,0
5,CASH_OUT,284,157037.26,956210.0,799172.74,0.0,157037.26,0
5,PAYMENT,407,12779.47,21253.0,8473.53,0.0,0.0,0
5,PAYMENT,255,2880.7,0.0,0.0,0.0,0.0,0
5,CASH_OUT,179,679756.95,90489.0,0.0,17828841.94,18508598.89,0
5,PAYMENT,332,6020.52,0.0,0.0,0.0,0.0,0
5,PAYMENT,254,4316.07,0.0,0.0,0.0,0.0,0
5,TRANSFER,183,224378.1,224378.1,0.0,0.0,0.0,1
5,PAYMENT,182,23062.89,0.0,0.0,0.0,0.0,0
6,CASH_OUT,482,296186.51,296186.51,0.0,668223.65,964410.16,1
6,TRANSFER,330,660290.6,7910.0,0.0,0.0,660290.6,0
6,TRANSFER,584,597806.2,597806.2,0.0,0.0,0.0,1
6,PAYMENT,278,6864.19,0.0,0.0,0.0,0.0,0
6,PAYMENT,178,22363.56,144240.87,121877.32,0.0,0.0,0
6,CASH_OUT,133,80623.81,0.0,0.0,97171.04,177794.84,0
6,PAYMENT,228,33456.82,86938.0,53481.18,0.0,0.0,0
6,CASH_OUT,252,19699.24,0.0,0.0,4919316.89,4939016.12,0
6,CASH_IN,330,485033.74,4950.0,489983.74,165928.02,0.0,0
6,PAYMENT,396,27471.31,205459.77,177988.46,0.0,0.0,0
6,CASH_OUT,345,69336.66,0.0,0.0,2240194.07,2309530.74,0
6,CASH_IN,335,59915.84,21519957.81,21579873.65,541244.04,481328.2,0
6,PAYMENT,11,85.38,0.0,0.0,0.0,0.0,0
6,CASH_OUT,143,188586.96,0.0,0.0,7966674.37,8155261.33,0
6,TRANSFER,206,567947.09,0.0,0.0,735213.06,1303160.16,0
6,CASH_OUT,376,15016.56,0.0,0.0,455444.04,470460.6,0
6,CASH_OUT,306,310147.11,95.0,0.0,108667.29,418814.4,0
6,PAYMENT,191,2628.82,60986.0,58357.18,0.0,0.0,0
6,CASH_OUT,329,142401.84,969.0,0.0,246471.31,388873.16,0
6,CASH_IN,9,203263.95,10321695.54,10524959.49,237121.4,33857.45,0
6,PAYMENT,355,2975.12,0.0,0.0,0.0,0.0,0
6,PAYMENT,17,23592.79,30130.0,6537.21,0.0,0.0,0
6,CASH_OUT,440,1102791.66,1102791.66,0.0,2677101.89,3779893.55,1
6,CASH_OUT,188,115988.9,0.0,0.0,2968207.62,3084196.52,0
6,CASH_IN,259,131513.18,7941464.43,8072977.61,729096.86,597583.67,0
6,CASH_IN,661,385409.29,1204386.57,1589795.86,830359.92,444950.63,0
6,CASH_OUT,548,30343.92,40277.0,9933.08,0.0,30343.92,0
6,CASH_OUT,353,315300.84,0.0,0.0,6673931.87,6989232.72,0
6,TRANSFER,588,16619.95,16619.95,0.0,0.0,0.0,1
6,PAYMENT,153,17200.5,29015.0,11814.5,0.0,0.0,0
6,CASH_OUT,156,96065.98,33330.0,0.0,0.0,96065.98,0
6,CASH_OUT,41,427067.57,68837.94,0.0,0.0,427067.57,0
6,PAYMENT,303,2477.32,0.0,0.0,0.0,0.0,0
6,CASH_IN,250,208039.12,19655696.8,19863735.92,1808724.74,1261698.38,0
6,CASH_OUT,352,246053.07,246255.38,202.3,2652691.45,2898744.53,0
6,TRANSFER,168,521692.18,0.0,0.0,785692.26,1307384.45,0
6,TRANSFER,21,785323.0,785323.0,0.0,0.0,0.0,1
6,CASH_IN,279,61952.25,13014.0,74966.25,278960.71,217008.46,0
6,PAYMENT,180,3160.18,0.0,0.0,0.0,0.0,0
6,PAYMENT,305,6187.17,458846.82,452659.65,0.0,0.0,0
6,CASH_IN,9,29228.58,464087.9,493316.48,319383.92,290155.34,0
6,PAYMENT,137,20483.23,610.0,0.0,0.0,0.0,0
6,CASH_OUT,299,213872.36,15955.0,0.0,199012.68,412885.04,0
6,CASH_IN,261,132497.98,15553.0,148050.98,24149.35,0.0,0
6,CASH_OUT,710,33613.11,33613.11,0.0,0.0,33613.11,1
6,CASH_OUT,162,139271.79,14980.0,0.0,341483.58,480755.37,0
6,CASH_IN,210,177272.5,541241.26,718513.76,439813.89,262541.38,0
6,CASH_IN,249,278700.83,12538.0,291238.83,0.0,0.0,0
6,PAYMENT,234,15639.36,301882.91,286243.55,0.0,0.0,0
6,PAYMENT,20,18132.06,151281.58,133149.52,0.0,0.0,0
6,CASH_OUT,379,54859.05,19103.0,0.0,28713.97,83573.02,0
6,CASH_IN,326,95535.32,135.0,95670.32,48979.14,0.0,0
6,CASH_OUT,132,175172.48,0.0,0.0,1229881.5,1405053.98,0
6,PAYMENT,8,10548.4,27929.94,17381.54,0.0,0.0,0
6,CASH_OUT,323,112311.42,20034.0,0.0,3935353.28,4047664.7,0
6,PAYMENT,33,20856.55,22473.72,1617.18,0.0,0.0,0
6,PAYMENT,1,10777.89,105804.0,95026.11,0.0,0.0,0
6,CASH_OUT,334,54632.22,0.0,0.0,93314.18,147946.39,0
6,CASH_IN,10,107749.29,518539.87,626289.16,592130.78,777826.79,0
6,CASH_IN,34,169129.38,11207.0,180336.38,0.0,0.0,0
6,PAYMENT,10,12056.58,108.0,0.0,0.0,0.0,0
6,CASH_OUT,448,5888.94,0.0,0.0,458983.83,464872.77,0
6,CASH_IN,355,151051.49,607127.49,758178.99,322412.91,171361.41,0
6,PAYMENT,328,20450.75,61013.0,40562.25,0.0,0.0,0
6,CASH_IN,16,59302.21,40843.0,100145.21,2036101.2,3826169.96,0
6,CASH_OUT,402,350008.27,55543.0,0.0,1000984.59,1350992.85,0
6,CASH_OUT,135,119949.63,51378.0,0.0,4959928.9,5079878.53,0
6,CASH_OUT,377,116180.89,51039.0,0.0,1312311.21,1428492.1,0
6,CASH_IN,41,128567.24,5061.0,133628.24,7357067.37,7228500.13,0
6,TRANSFER,229,38580.45,38580.45,0.0,0.0,0.0,1
6,CASH_OUT,330,10319.59,99090.0,88770.41,0.0,10319.59,0
6,PAYMENT,181,10133.56,0.0,0.0,0.0,0.0,0
6,PAYMENT,20,18508.37,0.0,0.0,0.0,0.0,0
6,CASH_OUT,231,138253.49,0.0,0.0,2407460.43,2545713.93,0
6,CASH_OUT,251,66647.01,40376.0,0.0,1320349.87,1386996.87,0
6,PAYMENT,163,31857.44,0.0,0.0,0.0,0.0,0
6,CASH_OUT,160,49781.46,0.0,0.0,121988.75,171770.21,0
6,CASH_IN,204,249158.86,14647246.98,14896405.84,451415.15,202256.29,0
6,CASH_OUT,9,45691.21,0.0,0.0,2400281.61,7892113.58,0
6,PAYMENT,352,2626.21,39450.84,36824.63,0.0,0.0,0
6,CASH_OUT,237,100896.06,55259.0,0.0,0.0,100896.06,0
6,CASH_IN,210,464105.75,4668711.12,5132816.87,1153341.42,689235.67,0
6,CASH_OUT,202,114226.74,23927.0,0.0,228018.37,342245.11,0
6,CASH_IN,308,283646.21,6394635.43,6678281.64,303083.86,19437.66,0
6,CASH_OUT,34,384758.42,158.0,0.0,204585.41,589343.84,0
6,CASH_IN,187,196588.01,12343.0,208931.01,146874.72,0.0,0
6,CASH_OUT,356,207903.11,507869.17,299966.06,603289.25,811192.37,0
6,CASH_OUT,265,881187.51,881187.51,0.0,35321.01,916508.52,1
6,PAYMENT,8,18961.66,25504.0,6542.34,0.0,0.0,0
6,CASH_OUT,230,33867.31,0.0,0.0,181595.17,215462.48,0
6,CASH_OUT,236,417149.75,0.0,0.0,464522.67,881672.42,0
6,CASH_OUT,279,235900.04,331253.0,95352.96,143176.84,379076.89,0
6,CASH_OUT,274,368466.95,0.0,0.0,1304622.57,1673089.52,0
6,CASH_OUT,231,123019.17,0.0,0.0,904313.63,1027332.81,0
6,PAYMENT,282,13400.34,12984.0,0.0,0.0,0.0,0
6,CASH_IN,384,361164.27,2389815.19,2750979.47,502734.59,141570.32,0
6,CASH_IN,297,200969.59,24472750.69,24673720.28,1180669.22,979699.63,0
6,CASH_OUT,36,218682.38,81931.0,0.0,1483486.1,1702168.48,0
6,CASH_IN,13,175023.69,8340820.5,8515844.18,559977.25,384953.56,0
6,PAYMENT,153,4580.21,212414.07,207833.85,0.0,0.0,0
6,PAYMENT,305,6463.6,3405.27,0.0,0.0,0.0,0
6,TRANSFER,155,350341.17,278557.84,0.0,350913.8,701254.97,0
6,PAYMENT,235,5653.43,29889.0,24235.57,0.0,0.0,0
6,CASH_OUT,607,243348.28,243348.28,0.0,0.0,243348.28,1
6,CASH_OUT,35,109554.8,0.0,0.0,2872992.11,2982546.91,0
6,CASH_IN,283,181741.31,3894873.23,4076614.54,930232.8,748491.49,0
6,CASH_IN,542,71462.9,32375.0,103837.9,3072632.62,3001169.72,0
6,CASH_OUT,400,388749.79,0.0,0.0,1924953.06,2313702.85,0
6,TRANSFER,19,284976.83,0.0,0.0,1387513.79,1672490.62,0
6,TRANSFER,352,30248.27,0.0,0.0,160873.94,191122.21,0
6,PAYMENT,283,426.66,0.0,0.0,0.0,0.0,0
6,PAYMENT,285,3401.76,103980.73,100578.97,0.0,0.0,0
6,CASH_OUT,330,160442.9,30916.0,0.0,154192.51,314635.41,0
6,PAYMENT,301,45916.01,864210.0,818293.99,0.0,0.0,0
6,TRANSFER,480,181104.66,181104.66,0.0,0.0,0.0,1
6,CASH_OUT,42,184651.18,0.0,0.0,415202.62,599853.79,0
6,CASH_IN,621,84434.89,634.0,85068.89,94391.67,9956.79,0
6,CASH_IN,263,390988.32,559686.67,950674.99,900626.26,509637.94,0
6,CASH_OUT,330,113726.18,29838.0,0.0,17492.17,131218.35,0
6,CASH_OUT,182,64825.56,0.0,0.0,133461.22,198286.78,0
6,CASH_OUT,38,37943.52,2063.0,0.0,440285.28,478228.8,0
6,PAYMENT,394,19590.83,41377.0,21786.17,0.0,0.0,0
6,CASH_OUT,373,112835.43,112835.43,0.0,857193.78,970029.21,1
6,CASH_OUT,378,327785.07,0.0,0.0,7681146.67,8008931.74,0
6,CASH_IN,139,5962.4,7668861.67,7674824.07,563583.83,557621.43,0
6,CASH_IN,13,333882.96,16280.0,350162.96,8130409.89,7931247.96,0
6,CASH_IN,257,159576.74,6998970.26,7158547.0,3737612.22,3689378.09,0
6,CASH_OUT,139,156333.95,210.0,0.0,26357.74,182691.69,0
6,TRANSFER,214,2485467.28,2485467.28,0.0,0.0,0.0,1
6,CASH_OUT,235,99038.26,212443.23,113404.98,1297033.55,1396071.8,0
6,CASH_OUT,594,7112.8,20420.0,13307.2,126256.46,133369.26,0
6,CASH_IN,162,286883.48,5556.0,292439.48,0.0,0.0,0
6,CASH_OUT,237,223582.77,31541.0,0.0,2638182.65,2861765.42,0
6,CASH_OUT,208,13492.17,11018.0,0.0,121846.38,135338.55,0
6,CASH_OUT,163,105411.97,139552.06,34140.09,1877756.66,1983168.63,0
6,CASH_OUT,604,277582.53,277582.53,0.0,0.0,277582.53,1
6,PAYMENT,478,15536.32,0.0,0.0,0.0,0.0,0
6,TRANSFER,303,401236.41,0.0,0.0,1740795.02,2142031.43,0
6,TRANSFER,299,1976977.82,10430.0,0.0,0.0,1785893.6,0
6,PAYMENT,38,10878.73,106465.0,95586.27,0.0,0.0,0
6,CASH_IN,158,400889.63,16224259.82,16625149.45,427153.42,26263.8,0
6,PAYMENT,354,14679.45,0.0,0.0,0.0,0.0,0
6,CASH_OUT,40,256399.71,5067.0,0.0,0.0,256399.71,0
6,CASH_IN,157,32527.56,10114.0,42641.56,107721.21,75193.65,0
6,PAYMENT,156,31191.62,0.0,0.0,0.0,0.0,0
6,PAYMENT,210,11195.28,0.0,0.0,0.0,0.0,0
6,CASH_OUT,252,47778.67,49547.0,1768.33,571509.83,619288.51,0
6,CASH_IN,404,36443.34,10658169.05,10694612.38,1822792.59,1786349.25,0
6,CASH_IN,304,17321.2,208316.0,225637.2,11597.0,215792.35,0
6,CASH_OUT,182,81893.53,347.0,0.0,59140.49,141034.02,0
6,CASH_OUT,372,17173.64,0.0,0.0,51562.63,68736.27,0
6,PAYMENT,355,6496.17,25417.0,18920.83,0.0,0.0,0
6,PAYMENT,10,15085.64,102287.0,87201.36,0.0,0.0,0
6,CASH_OUT,355,108183.75,0.0,0.0,478790.98,586974.73,0
6,PAYMENT,352,12889.71,9973.0,0.0,0.0,0.0,0
6,CASH_IN,226,354967.82,5046.0,360013.82,3676421.76,3321453.94,0
6,PAYMENT,41,7785.97,17897.0,10111.03,0.0,0.0,0
6,CASH_IN,373,161980.66,1317719.62,1479700.28,450644.11,288663.45,0
6,CASH_OUT,259,203079.05,30562.0,0.0,145859.98,348939.04,0
6,TRANSFER,629,547672.2,547672.2,0.0,0.0,0.0,1
6,PAYMENT,346,19704.74,520.0,0.0,0.0,0.0,0
6,CASH_OUT,514,136451.3,0.0,0.0,213156.73,349608.03,0
6,CASH_OUT,378,20969.1,11069.0,0.0,387639.57,408608.68,0
6,CASH_OUT,14,117681.46,251547.0,133865.54,10015.0,0.0,0
6,PAYMENT,375,17171.79,95879.51,78707.72,0.0,0.0,0
6,PAYMENT,359,4076.62,10679.0,6602.38,0.0,0.0,0
6,CASH_IN,286,76845.79,5807488.66,5884334.44,400122.57,323276.79,0
6,CASH_IN,18,122002.95,355856.0,477858.95,1080524.9,958521.95,0
6,CASH_OUT,351,141945.66,0.0,0.0,941345.26,1083290.92,0
6,CASH_IN,133,93666.98,4902532.56,4996199.54,339920.97,246253.99,0
6,CASH_OUT,153,266223.25,20643.0,0.0,1769389.35,2035612.59,0
6,TRANSFER,317,241337.83,241337.83,0.0,0.0,0.0,1
6,PAYMENT,41,5891.3,99176.0,93284.7,0.0,0.0,0
6,CASH_IN,187,14774.97,42379.0,57153.97,750769.96,735994.99,0
6,CASH_IN,371,145978.0,6666589.06,6812567.07,7956060.65,7810082.64,0
6,PAYMENT,282,1245.1,0.0,0.0,0.0,0.0,0
6,CASH_IN,185,66605.85,4391612.25,4458218.1,77652.59,11046.74,0
6,TRANSFER,73,12619.29,12619.29,0.0,0.0,0.0,1
6,CASH_OUT,13,158778.43,53923.0,0.0,0.0,158778.43,0
6,CASH_IN,141,49510.75,1068.0,50578.75,1664.89,0.0,0
6,CASH_IN,43,137821.05,8576.0,146397.05,257638.12,119817.07,0
6,CASH_IN,155,385643.57,18832.0,404475.57,92644.09,0.0,0
6,PAYMENT,208,2657.35,270.0,0.0,0.0,0.0,0
6,CASH_OUT,182,29893.45,0.0,0.0,4793304.9,4823198.35,0
6,TRANSFER,383,113921.02,113921.02,0.0,0.0,0.0,1
6,PAYMENT,186,1525.16,126385.52,124860.36,0.0,0.0,0
6,TRANSFER,255,748211.94,11137.0,0.0,1489928.11,2238140.05,0
6,PAYMENT,38,18180.74,59088.0,40907.26,0.0,0.0,0
6,PAYMENT,212,4412.32,0.0,0.0,0.0,0.0,0
6,CASH_OUT,329,12155.34,0.0,0.0,1335097.1,1347252.44,0
6,CASH_IN,162,210076.21,129.0,210205.21,280348.5,70272.28,0
6,PAYMENT,156,2707.4,0.0,0.0,0.0,0.0,0
6,TRANSFER,724,309488.9,309488.9,0.0,0.0,0.0,1
6,CASH_OUT,235,144328.33,47643.37,0.0,4487927.5,4632255.83,0
6,PAYMENT,353,3547.44,226441.42,222893.98,0.0,0.0,0
6,PAYMENT,333,59651.48,127012.0,67360.52,0.0,0.0,0
6,PAYMENT,592,4999.71,35812.0,30812.29,0.0,0.0,0
6,TRANSFER,153,163482.94,0.0,0.0,3054863.16,3218346.1,0
6,CASH_OUT,337,2673.46,0.0,0.0,7832599.4,7835272.86,0
6,CASH_OUT,571,213630.25,11932.0,0.0,0.0,213630.25,0
6,CASH_OUT,595,249624.15,153736.0,0.0,0.0,249624.15,0
6,CASH_IN,329,426291.49,13495029.97,13921321.45,1107378.81,681087.32,0
6,TRANSFER,239,1215267.07,0.0,0.0,3895804.07,5111071.14,0
6,CASH_OUT,135,352155.76,290301.32,0.0,642342.6,994498.36,0
6,CASH_OUT,637,3845765.36,3845765.36,0.0,0.0,3845765.36,1
6,PAYMENT,250,1637.21,0.0,0.0,0.0,0.0,0
6,CASH_OUT,398,371771.44,371771.44,0.0,4665671.71,5037443.15,1
6,CASH_OUT,37,26337.55,0.0,0.0,153322.4,179659.94,0
6,CASH_IN,226,167715.03,48.0,167763.03,124652.78,0.0,0
6,CASH_OUT,17,248814.03,0.0,0.0,6244528.11,6650492.01,0
6,CASH_IN,256,105180.3,7350210.95,7455391.25,330456.01,225275.71,0
6,CASH_OUT,8,279329.71,0.0,0.0,533612.71,1311387.88,0
6,CASH_IN,20,324182.04,3559624.87,3883806.91,642791.31,375545.02,0
6,CASH_OUT,308,27675.22,0.0,0.0,1429036.99,1456712.21,0
6,CASH_IN,332,104723.36,6237699.67,6342423.02,245973.09,141249.74,0
6,TRANSFER,354,1156072.6,0.0,0.0,1414029.98,2570102.58,0
6,PAYMENT,186,5291.91,16277.0,10985.09,0.0,0.0,0
6,PAYMENT,354,7687.29,0.0,0.0,0.0,0.0,0
6,CASH_IN,308,390087.61,2601497.39,2991585.0,1336418.32,946330.7,0
6,CASH_OUT,186,14370.08,21632.69,7262.6,999660.81,1014030.9,0
6,CASH_OUT,376,234893.53,429.0,0.0,0.0,234893.53,0
6,PAYMENT,329,15060.93,0.0,0.0,0.0,0.0,0
6,PAYMENT,349,16886.77,183.0,0.0,0.0,0.0,0
6,PAYMENT,346,27882.66,50994.49,23111.82,0.0,0.0,0
6,CASH_IN,355,227140.34,14873.0,242013.34,4431203.2,4204062.85,0
6,PAYMENT,283,14968.16,0.0,0.0,0.0,0.0,0
6,CASH_OUT,299,336346.8,96089.0,0.0,7344.41,343691.21,0
6,PAYMENT,35,11940.24,130678.98,118738.74,0.0,0.0,0
6,CASH_OUT,402,248500.4,7861.0,0.0,385574.08,634074.48,0
6,TRANSFER,209,511203.15,0.0,0.0,836238.54,1347441.68,0
6,PAYMENT,44,3123.29,72337.0,69213.71,0.0,0.0,0
6,CASH_OUT,550,35897.8,25712.0,0.0,0.0,35897.8,0
6,PAYMENT,276,22618.81,30877.0,8258.19,0.0,0.0,0
6,CASH_OUT,501,9301213.46,9301213.46,0.0,277228.74,9578442.2,1
6,CASH_OUT,585,198051.3,29964.0,0.0,88590.74,286642.03,0
6,CASH_IN,210,88309.0,11845336.65,11933645.64,8359991.46,8271682.47,0
6,CASH_IN,209,455.23,45377.0,45832.23,366649.76,366194.53,0
6,CASH_IN,204,55644.08,2983707.4,3039351.48,766606.15,710962.08,0
6,PAYMENT,381,21587.55,0.0,0.0,0.0,0.0,0
6,CASH_IN,214,46148.94,10998133.16,11044282.1,465361.85,419212.91,0
6,TRANSFER,436,539658.73,539658.73,0.0,0.0,0.0,1
6,CASH_OUT,380,73998.36,56767.0,0.0,217468.9,291467.26,0
6,TRANSFER,251,8276235.5,8276235.5,0.0,0.0,0.0,1
6,PAYMENT,178,3042.87,0.0,0.0,0.0,0.0,0
6,PAYMENT,189,12092.53,50383.0,38290.47,0.0,0.0,0
6,PAYMENT,307,5963.38,109620.01,103656.63,0.0,0.0,0
6,PAYMENT,378,6028.06,0.0,0.0,0.0,0.0,0
6,CASH_OUT,163,73655.87,0.0,0.0,245968.49,196137.03,0
6,PAYMENT,37,33989.67,80728.0,46738.33,0.0,0.0,0
6,CASH_OUT,735,123146.28,123146.28,0.0,0.0,123146.28,1
6,CASH_OUT,256,113016.55,333115.55,220099.0,394003.87,507020.42,0
6,PAYMENT,139,5511.11,751.06,0.0,0.0,0.0,0
6,CASH_OUT,234,218610.61,50811.0,0.0,122823.81,341434.42,0
6,CASH_IN,236,29192.96,5275628.52,5304821.48,1145735.59,1116542.63,0
6,CASH_OUT,210,10912.84,40096.7,29183.86,356536.76,367449.6,0
6,CASH_OUT,227,30501.28,6667.0,0.0,2927655.03,2958156.31,0
6,CASH_IN,33,174760.0,1876701.86,2051461.85,198883.97,24123.97,0
6,PAYMENT,585,14708.9,15685.38,976.48,0.0,0.0,0
6,TRANSFER,382,4604937.29,0.0,0.0,30330704.99,34935642.28,0
6,CASH_IN,250,88417.39,100058.0,188475.39,36994.38,0.0,0
6,PAYMENT,226,1088.49,614724.61,613636.13,0.0,0.0,0
6,PAYMENT,281,29998.48,257726.6,227728.11,0.0,0.0,0
6,PAYMENT,235,3728.41,145.81,0.0,0.0,0.0,0
6,CASH_OUT,40,50889.39,0.0,0.0,1641139.12,1692028.51,0
6,PAYMENT,383,14920.25,5568.0,0.0,0.0,0.0,0
6,CASH_IN,357,366576.86,1541078.45,1907655.31,533808.06,167231.2,0
6,PAYMENT,33,9613.21,8093.0,0.0,0.0,0.0,0
6,PAYMENT,351,12204.39,329478.86,317274.47,0.0,0.0,0
6,CASH_OUT,8,27112.42,0.0,0.0,163229.61,29206.12,0
6,CASH_OUT,187,304782.24,8675.0,0.0,4530926.64,4512162.12,0
6,CASH_OUT,329,120153.16,22427.0,0.0,4064194.94,4184348.1,0
6,PAYMENT,305,13372.27,0.0,0.0,0.0,0.0,0
6,CASH_IN,235,375687.31,9977.0,385664.31,0.0,0.0,0
6,CASH_OUT,371,314330.14,214050.0,0.0,212401.31,526731.44,0
6,CASH_IN,393,227512.88,16451640.69,16679153.57,817485.17,589972.29,0
6,CASH_OUT,377,243176.98,60643.0,0.0,169820.64,412997.62,0
6,TRANSFER,273,16033.79,0.0,0.0,409770.08,553539.05,0
6,CASH_IN,404,540685.49,6632808.74,7173494.22,13018273.47,12477587.98,0
6,CASH_OUT,187,168474.24,94750.0,0.0,54704.99,223179.24,0
6,CASH_OUT,163,359866.12,0.0,0.0,12287963.51,12647829.63,0
6,PAYMENT,372,32500.93,76571.0,44070.07,0.0,0.0,0
6,CASH_OUT,379,239129.9,0.0,0.0,759450.17,998580.08,0
6,PAYMENT,212,30930.07,0.0,0.0,0.0,0.0,0
6,CASH_OUT,204,259547.69,0.0,0.0,4441088.93,4700636.62,0
6,CASH_OUT,331,205646.26,0.0,0.0,3489835.66,3695481.93,0
6,PAYMENT,15,13437.69,124740.14,111302.45,0.0,0.0,0
6,PAYMENT,18,13880.92,411252.0,397371.08,0.0,0.0,0
6,CASH_OUT,7,21729.0,21729.0,0.0,27335.0,0.0,1
6,CASH_IN,44,59358.65,1533.0,60891.65,240339.5,180980.85,0
6,CASH_IN,185,10482.53,9723125.34,9733607.87,5074722.21,5064239.68,0
6,PAYMENT,332,4082.38,121060.0,116977.62,0.0,0.0,0
6,PAYMENT,138,23568.81,148737.58,125168.76,0.0,0.0,0
6,CASH_IN,396,180378.6,10765.0,191143.6,0.0,0.0,0
6,TRANSFER,206,235750.53,235750.53,0.0,0.0,0.0,1
6,CASH_IN,33,312613.2,2313968.65,2626581.85,882102.65,569489.45,0
6,TRANSFER,213,27046.19,0.0,0.0,402859.46,429905.65,0
6,CASH_OUT,354,196574.59,0.0,0.0,969716.8,1166291.4,0
6,CASH_OUT,380,425583.0,0.0,0.0,1845174.89,2270757.88,0
6,PAYMENT,253,17923.09,9139.68,0.0,0.0,0.0,0
6,PAYMENT,136,11600.84,367.75,0.0,0.0,0.0,0
6,TRANSFER,212,165925.37,165925.37,0.0,0.0,0.0,1
6,CASH_IN,328,11134.36,0.0,11134.36,552740.68,541606.32,0
6,CASH_OUT,12,491655.02,15347.0,0.0,0.0,972123.8,0
6,PAYMENT,40,341.17,664453.7,664112.53,0.0,0.0,0
6,CASH_IN,258,282888.82,201068.0,483956.82,0.0,0.0,0
6,CASH_IN,383,137356.05,4573310.59,4710666.63,6507059.47,6369703.42,0
6,TRANSFER,6,30521.02,30521.02,0.0,0.0,0.0,1
6,PAYMENT,164,11158.93,258814.54,247655.61,0.0,0.0,0
6,CASH_OUT,661,232034.56,0.0,0.0,247254.36,479288.92,0
6,CASH_OUT,187,79367.49,21918.0,0.0,1957012.96,2036380.45,0
6,CASH_OUT,207,243059.15,0.0,0.0,522955.84,766014.99,0
6,TRANSFER,72,3243092.91,3243092.91,0.0,0.0,0.0,1
6,CASH_OUT,252,95473.23,0.0,0.0,667327.36,762800.6,0
6,CASH_OUT,164,168375.65,11095.0,0.0,567325.72,735701.37,0
6,TRANSFER,638,5101855.95,5101855.95,0.0,0.0,0.0,1
6,CASH_OUT,574,56125.55,56125.55,0.0,157761.5,213887.05,1
6,CASH_IN,282,321389.56,5781606.77,6102996.33,4289938.53,3968548.98,0
6,PAYMENT,228,60145.9,186905.22,126759.32,0.0,0.0,0
6,CASH_OUT,403,24761.95,0.0,0.0,1289231.65,1313993.59,0
6,CASH_OUT,331,329444.99,0.0,0.0,340380.39,669825.38,0
6,PAYMENT,154,728.49,0.0,0.0,0.0,0.0,0
6,PAYMENT,381,8847.48,122835.0,113987.52,0.0,0.0,0
6,PAYMENT,48,1321.13,15111.0,13789.87,0.0,0.0,0
6,CASH_IN,227,12769.74,4141199.22,4153968.96,182737.0,169967.27,0
6,CASH_OUT,239,77650.33,1313.32,0.0,578728.17,656378.5,0
6,CASH_IN,20,74158.3,4233490.94,4307649.24,387148.69,312990.39,0
6,CASH_OUT,233,442874.9,48787.0,0.0,109466.73,552341.63,0
6,CASH_OUT,275,172547.54,9458.0,0.0,14039.07,186586.61,0
6,CASH_IN,353,59784.22,2477263.1,2537047.32,107645.95,47861.73,0
6,CASH_OUT,9,144068.72,0.0,0.0,1279696.0,68441.76,0
6,PAYMENT,322,7276.06,122111.0,114834.94,0.0,0.0,0
6,PAYMENT,324,26809.22,19877.0,0.0,0.0,0.0,0
6,CASH_IN,35,168053.78,10535.0,178588.78,456590.72,288536.94,0
6,PAYMENT,34,30261.81,0.0,0.0,0.0,0.0,0
6,PAYMENT,355,7016.18,102836.0,95819.82,0.0,0.0,0
6,CASH_OUT,617,15203.56,20023.0,4819.44,0.0,15203.56,0
6,CASH_IN,185,188809.06,11523.0,200332.06,0.0,0.0,0
6,PAYMENT,141,36968.71,0.0,0.0,0.0,0.0,0
6,PAYMENT,351,3610.38,0.0,0.0,0.0,0.0,0
6,CASH_OUT,12,240059.06,0.0,0.0,429313.33,669372.39,0
6,CASH_OUT,681,229146.96,10323.0,0.0,1231126.82,1460273.78,0
6,CASH_IN,416,48218.86,4799917.97,4848136.83,93651.17,45432.31,0
6,PAYMENT,206,15545.02,40539.0,24993.98,0.0,0.0,0
6,CASH_IN,37,296431.26,5025458.46,5321889.72,297730.5,1299.23,0
6,PAYMENT,210,14963.75,133164.6,118200.85,0.0,0.0,0
6,CASH_OUT,140,156070.34,137707.0,0.0,1949369.45,2105439.8,0
6,CASH_IN,135,239571.43,3068107.0,3307678.42,594187.59,354616.16,0
6,PAYMENT,479,13811.06,50092.94,36281.88,0.0,0.0,0
6,CASH_OUT,228,120491.56,120491.56,0.0,0.0,120491.56,1
6,CASH_OUT,228,2874626.02,2874626.02,0.0,60869.24,2935495.26,1
6,PAYMENT,376,33385.42,1127.0,0.0,0.0,0.0,0
6,PAYMENT,285,2410.59,3386.99,976.4,0.0,0.0,0
6,TRANSFER,21,127663.88,0.0,0.0,642167.95,598318.68,0
6,PAYMENT,11,8519.63,20667.0,12147.37,0.0,0.0,0
6,PAYMENT,19,1928.41,210867.39,208938.98,0.0,0.0,0
6,PAYMENT,238,5812.67,0.0,0.0,0.0,0.0,0
6,PAYMENT,380,2273.43,20672.0,18398.57,0.0,0.0,0
6,TRANSFER,166,321426.57,1273.0,0.0,361102.27,682528.84,0
6,CASH_IN,355,166264.3,6720276.85,6886541.15,2405258.1,2238993.8,0
6,PAYMENT,235,9418.81,115125.0,105706.19,0.0,0.0,0
6,TRANSFER,380,330218.85,330218.85,0.0,0.0,0.0,1
6,CASH_IN,230,135700.09,6069659.6,6205359.69,3484412.49,3348712.41,0
6,CASH_IN,20,223630.52,313559.46,537189.98,362708.94,139078.42,0
6,PAYMENT,19,12757.14,0.0,0.0,0.0,0.0,0
6,CASH_OUT,585,12742.17,0.0,0.0,422804.76,435546.92,0
6,PAYMENT,95,47509.05,0.0,0.0,0.0,0.0,0
6,PAYMENT,306,14253.4,39960.0,25706.6,0.0,0.0,0
6,CASH_IN,179,96929.06,649633.0,746562.06,842892.48,745963.41,0
6,CASH_IN,129,231967.66,46845.0,278812.66,569444.4,337476.74,0
6,CASH_IN,44,183454.06,469383.0,652837.06,95142.31,0.0,0
6,CASH_OUT,374,313374.95,0.0,0.0,880472.51,1193847.46,0
6,PAYMENT,182,6578.23,50201.0,43622.77,0.0,0.0,0
6,CASH_IN,229,41762.81,6469551.09,6511313.9,715025.76,673262.95,0
6,CASH_OUT,17,153314.08,149273.54,0.0,40504.0,193818.08,0
6,CASH_IN,188,159536.09,2788865.84,2948401.93,1961537.21,1802001.12,0
6,CASH_OUT,138,257164.82,0.0,0.0,841747.26,1098912.08,0
6,CASH_OUT,191,119461.09,30560.0,0.0,0.0,119461.09,0
6,PAYMENT,132,3587.36,318796.68,315209.32,0.0,0.0,0
6,CASH_IN,301,80274.58,10626890.64,10707165.22,1486391.43,1406116.85,0
6,CASH_IN,260,29798.91,24975.0,54773.91,124162.37,94363.47,0
6,PAYMENT,214,6755.47,344651.0,337895.53,0.0,0.0,0
6,PAYMENT,373,718.82,0.0,0.0,0.0,0.0,0
6,TRANSFER,187,330710.0,0.0,0.0,1360015.25,1690725.26,0
6,TRANSFER,552,266757.88,0.0,0.0,803577.08,1070334.96,0
6,PAYMENT,403,29400.26,0.0,0.0,0.0,0.0,0
6,CASH_OUT,301,175018.77,0.0,0.0,626196.95,801215.71,0
6,TRANSFER,225,985408.81,12.0,0.0,3062394.96,4047803.77,0
6,CASH_OUT,633,125107.12,125107.12,0.0,0.0,125107.12,1
6,PAYMENT,143,1675.08,0.0,0.0,0.0,0.0,0
6,CASH_IN,495,530384.42,18637.0,549021.42,479488.22,0.0,0
6,CASH_OUT,253,36701.04,0.0,0.0,498566.51,324574.37,0
6,CASH_OUT,402,49745.5,323454.0,273708.5,640808.77,690554.27,0
6,PAYMENT,400,24903.75,574541.54,549637.79,0.0,0.0,0
6,TRANSFER,230,119687.28,0.0,0.0,2273841.78,2393529.05,0
6,CASH_IN,259,28326.11,32250.0,60576.11,0.0,0.0,0
6,CASH_OUT,354,108848.02,0.0,0.0,2079220.01,2188068.03,0
6,CASH_OUT,400,328827.75,0.0,0.0,13719042.94,14047870.69,0
6,PAYMENT,205,2736.43,184.0,0.0,0.0,0.0,0
6,CASH_IN,38,265651.9,9173458.66,9439110.56,1403421.46,1137769.56,0
6,TRANSFER,153,2035312.84,60163.0,0.0,0.0,2155699.49,0
6,CASH_OUT,365,3244067.13,3244067.13,0.0,94273.57,3338340.7,1
6,DEBIT,329,9718.08,11267.0,1548.92,249031.76,258749.84,0
6,CASH_OUT,400,193128.79,703.0,0.0,568679.98,761808.77,0
6,PAYMENT,167,899.05,68039.0,67139.95,0.0,0.0,0
6,CASH_OUT,282,371669.59,371669.59,0.0,1636.52,373306.12,1
6,CASH_OUT,379,129183.43,106174.0,0.0,835743.95,964927.38,0
6,CASH_OUT,394,111746.7,147854.0,36107.3,2324941.33,2436688.04,0
6,PAYMENT,307,19398.63,592810.0,573411.37,0.0,0.0,0
6,CASH_IN,538,191790.06,5419433.14,5611223.2,350922.54,159132.48,0
6,PAYMENT,298,48658.33,133249.0,84590.67,0.0,0.0,0
6,TRANSFER,46,92773.61,11744.8,0.0,313392.1,406165.72,0
6,CASH_OUT,258,157977.52,113.0,0.0,198338.69,356316.21,0
6,PAYMENT,159,5053.24,0.0,0.0,0.0,0.0,0
6,TRANSFER,184,552813.42,0.0,0.0,607022.74,763964.16,0
6,CASH_OUT,186,418407.44,0.0,0.0,905592.61,1324000.05,0
6,TRANSFER,41,357627.46,0.0,0.0,476983.94,984871.21,0
6,CASH_IN,307,400238.61,996604.83,1396843.44,418921.16,18682.55,0
6,CASH_OUT,306,169971.69,192.0,0.0,0.0,169971.69,0
6,PAYMENT,597,1188.45,141707.0,140518.55,0.0,0.0,0
6,TRANSFER,591,221107.56,221107.56,0.0,0.0,0.0,1
6,CASH_OUT,155,231951.45,72146.0,0.0,0.0,231951.45,0
6,CASH_OUT,687,37093.69,11166.0,0.0,58169.06,95262.75,0
6,CASH_OUT,250,378162.28,0.0,0.0,9237166.62,9615328.9,0
6,CASH_IN,19,47842.18,35712.0,83554.18,21027.0,0.0,0
6,PAYMENT,129,42155.78,0.0,0.0,0.0,0.0,0
6,PAYMENT,300,2153.71,178.0,0.0,0.0,0.0,0
6,CASH_OUT,350,64658.36,0.0,0.0,3089922.05,3154580.41,0
6,CASH_OUT,639,305846.12,305846.12,0.0,0.0,305846.12,1
6,PAYMENT,17,16428.8,28843.0,12414.2,0.0,0.0,0
6,PAYMENT,164,298.61,0.0,0.0,0.0,0.0,0
6,TRANSFER,502,236636.77,0.0,0.0,990857.0,1227493.77,0
6,CASH_OUT,210,29392.48,188378.17,158985.69,318455.38,347847.86,0
6,CASH_OUT,47,6506.63,22179.0,15672.37,56560.46,63067.09,0
6,PAYMENT,264,4449.47,32665.0,28215.53,0.0,0.0,0
6,PAYMENT,394,34652.91,50306.0,15653.09,0.0,0.0,0
6,PAYMENT,160,24313.84,0.0,0.0,0.0,0.0,0
6,PAYMENT,201,1595.03,202178.0,200582.97,0.0,0.0,0
6,PAYMENT,138,13589.22,0.0,0.0,0.0,0.0,0
6,CASH_OUT,136,81195.86,77977.0,0.0,0.0,81195.86,0
6,CASH_OUT,43,110856.93,51180.0,0.0,984313.29,1095170.22,0
6,PAYMENT,308,13830.99,169488.82,155657.82,0.0,0.0,0
6,TRANSFER,43,819654.74,0.0,0.0,1007040.61,1826695.35,0
6,PAYMENT,276,18353.1,84926.31,66573.21,0.0,0.0,0
6,CASH_OUT,18,90730.81,19962.0,0.0,392562.34,483293.15,0
6,DEBIT,403,1870.81,0.0,0.0,58485.02,60355.83,0
6,PAYMENT,358,22431.97,210902.0,188470.03,0.0,0.0,0
6,CASH_OUT,275,184473.34,0.0,0.0,4182088.27,4366561.62,0
6,CASH_OUT,41,135383.38,498031.0,362647.62,763290.0,884143.39,0
6,CASH_OUT,328,287093.99,0.0,0.0,619587.9,906681.9,0
6,CASH_IN,236,11198.72,30455.0,41653.72,0.0,0.0,0
6,CASH_IN,260,158427.08,2931.0,161358.08,2905763.28,2747336.2,0
6,PAYMENT,178,227.86,63210.0,62982.14,0.0,0.0,0
6,CASH_IN,299,216031.59,2241296.07,2457327.65,2723626.05,2507594.46,0
6,CASH_IN,130,136423.59,13168667.57,13305091.17,482488.75,346065.16,0
6,CASH_IN,399,7355.98,958845.88,966201.86,19732.52,12376.54,0
6,CASH_IN,205,169758.47,1414004.43,1583762.91,6168072.78,5998314.31,0
6,CASH_OUT,357,49676.64,124824.0,75147.36,0.0,49676.64,0
6,CASH_OUT,405,8221.23,72309.0,64087.77,275229.18,283450.41,0
6,TRANSFER,458,256556.98,256556.98,0.0,0.0,0.0,1
6,TRANSFER,48,561374.78,561374.78,0.0,0.0,0.0,1
6,CASH_OUT,393,111527.71,0.0,0.0,305195.43,416723.13,0
6,CASH_OUT,139,11770.53,12295.0,524.47,2073040.78,2084811.31,0
6,CASH_OUT,229,31676.07,0.0,0.0,6281064.88,6312740.95,0
6,TRANSFER,46,441458.53,218122.09,0.0,1034021.53,1475480.06,0
6,TRANSFER,260,331875.78,0.0,0.0,618497.21,950373.0,0
6,CASH_OUT,326,378724.25,0.0,0.0,879577.57,1258301.82,0
6,CASH_IN,399,217155.56,25980.0,243135.56,1386961.36,1169805.79,0
6,PAYMENT,212,6105.27,20558.0,14452.73,0.0,0.0,0
6,CASH_OUT,401,154764.84,796129.0,641364.16,142157.03,296921.87,0
6,PAYMENT,236,67810.36,0.0,0.0,0.0,0.0,0
6,CASH_OUT,198,2153055.36,2153055.36,0.0,2394343.5,4547398.86,1
6,TRANSFER,230,10000000.0,13774746.08,3774746.08,0.0,0.0,1
6,CASH_OUT,202,219077.0,5126.0,0.0,0.0,219077.0,0
6,TRANSFER,703,337287.72,337287.72,0.0,0.0,0.0,1
6,CASH_OUT,301,91814.23,0.0,0.0,895967.04,987781.27,0
6,CASH_OUT,374,196299.04,0.0,0.0,3443837.46,3640136.51,0
6,CASH_OUT,227,195400.73,444229.0,248828.27,654495.41,849896.14,0
6,PAYMENT,251,2502.88,10154.0,7651.12,0.0,0.0,0
6,CASH_OUT,204,85370.2,0.0,0.0,1520549.98,1605920.18,0
6,PAYMENT,9,8001.04,52505.0,44503.96,0.0,0.0,0
6,TRANSFER,306,402954.57,19060.0,0.0,3221238.09,3624192.66,0
6,PAYMENT,157,8195.68,30298.0,22102.32,0.0,0.0,0
6,CASH_OUT,278,385942.42,929.0,0.0,1677418.19,2063360.61,0
6,PAYMENT,235,10739.08,37510.0,26770.92,0.0,0.0,0
6,CASH_OUT,403,240677.94,0.0,0.0,10217609.98,10458287.92,0
6,TRANSFER,656,110528.53,110528.53,0.0,0.0,0.0,1
6,PAYMENT,136,5813.0,0.0,0.0,0.0,0.0,0
6,PAYMENT,335,1099.68,0.0,0.0,0.0,0.0,0
6,CASH_OUT,138,328868.7,275.0,0.0,455968.49,784837.19,0
6,CASH_OUT,18,95055.66,0.0,0.0,851996.79,797869.02,0
6,CASH_IN,353,112959.52,6065603.5,6178563.02,468679.73,355720.21,0
6,PAYMENT,283,8669.06,0.0,0.0,0.0,0.0,0
6,CASH_OUT,299,18292.03,10006.0,0.0,0.0,18292.03,0
6,CASH_OUT,38,776682.38,148330.0,0.0,117563.3,894245.68,0
6,CASH_OUT,9,386288.48,0.0,0.0,1490980.16,2905048.13,0
6,PAYMENT,394,38060.94,22438.0,0.0,0.0,0.0,0
6,CASH_OUT,298,194804.04,43543.0,0.0,948319.57,1143123.61,0
6,CASH_IN,40,237217.75,901.0,238118.75,0.0,0.0,0
6,CASH_OUT,142,106287.87,125.0,0.0,902534.33,1008822.2,0
6,CASH_OUT,132,254006.74,0.0,0.0,373278.27,627285.01,0
7,CASH_IN,228,451364.94,2279441.97,2730806.92,5025223.72,4573858.78,0
7,TRANSFER,395,179915.39,88802.45,0.0,660732.76,840648.15,0
7,PAYMENT,212,6894.34,253571.0,246676.66,0.0,0.0,0
7,PAYMENT,253,31865.16,15307.0,0.0,0.0,0.0,0
7,CASH_OUT,279,131043.04,0.0,0.0,3452821.73,3583864.77,0
7,CASH_OUT,187,78040.4,28749.0,0.0,3001711.63,3079752.03,0
7,PAYMENT,255,846.95,316131.81,315284.86,0.0,0.0,0
7,CASH_OUT,129,399318.4,268385.0,0.0,1302674.66,1701993.06,0
7,CASH_OUT,282,101759.69,12.0,0.0,46381.69,148141.38,0
7,CASH_OUT,548,36002.97,0.0,0.0,258613.29,294616.26,0
7,PAYMENT,154,1170.14,20126.0,18955.86,0.0,0.0,0
7,CASH_IN,257,159941.56,706041.87,865983.44,2912939.93,2752998.37,0
7,CASH_OUT,161,113844.65,0.0,0.0,813454.64,927299.29,0
7,TRANSFER,522,287276.13,0.0,0.0,290643.58,577919.71,0
7,PAYMENT,20,7849.41,25503.35,17653.94,0.0,0.0,0
7,CASH_OUT,403,11574.55,21101.0,9526.45,281891.65,293466.2,0
7,PAYMENT,596,10836.52,0.0,0.0,0.0,0.0,0
7,PAYMENT,227,5058.18,0.0,0.0,0.0,0.0,0
7,PAYMENT,18,1580.16,0.0,0.0,0.0,0.0,0
7,PAYMENT,11,21276.97,58779.32,37502.34,0.0,0.0,0
7,TRANSFER,352,1903320.27,0.0,0.0,2667725.14,4571045.4,0
7,PAYMENT,709,68.52,34782.0,34713.48,0.0,0.0,0
7,CASH_OUT,298,182890.12,302.0,0.0,85075.04,267965.16,0
7,CASH_OUT,203,69452.06,0.0,0.0,237610.78,307062.84,0
7,CASH_OUT,158,266766.56,11230.0,0.0,0.0,266766.56,0
7,CASH_OUT,28,491517.77,491517.77,0.0,518777.34,1010295.11,1
7,CASH_IN,217,237054.82,5606291.99,5843346.82,1408168.73,1171113.91,0
7,CASH_OUT,142,439578.24,7102.65,0.0,2131565.38,2571143.63,0
7,CASH_OUT,156,281189.55,6156.0,0.0,123690.44,261677.35,0
7,PAYMENT,282,12970.52,46018.0,33047.48,0.0,0.0,0
7,CASH_OUT,355,113161.23,0.0,0.0,127484.62,240645.85,0
7,PAYMENT,225,25615.07,11495.0,0.0,0.0,0.0,0
7,CASH_OUT,351,24529.32,0.0,0.0,3044881.8,3069411.13,0
7,TRANSFER,252,59827.11,0.0,0.0,116790.15,176617.26,0
7,TRANSFER,299,172382.94,0.0,0.0,281082.92,453465.86,0
7,CASH_IN,400,404101.52,1488637.56,1892739.08,2844352.12,2440250.6,0
7,CASH_OUT,370,379437.39,105926.0,0.0,2235901.08,2615338.47,0
7,CASH_IN,204,376484.77,1633661.05,2010145.82,2380451.93,2003967.16,0
7,CASH_OUT,327,193373.34,14530.0,0.0,2015074.41,2208447.76,0
7,CASH_OUT,137,274251.5,14474.0,0.0,381344.36,655595.86,0
7,PAYMENT,640,14682.15,0.0,0.0,0.0,0.0,0
7,PAYMENT,358,36980.92,42256.0,5275.08,0.0,0.0,0
7,CASH_OUT,230,167992.58,119186.0,0.0,0.0,167992.58,0
7,CASH_OUT,299,113431.26,10353.0,0.0,0.0,113431.26,0
7,PAYMENT,370,18220.63,0.0,0.0,0.0,0.0,0
7,TRANSFER,669,57658.26,57658.26,0.0,0.0,0.0,1
7,TRANSFER,298,807093.62,0.0,0.0,2493885.41,3300979.03,0
7,PAYMENT,306,30920.42,329.0,0.0,0.0,0.0,0
7,CASH_IN,357,131366.86,10553.0,141919.86,1273040.89,1141674.03,0
7,PAYMENT,181,20853.98,920801.03,899947.06,0.0,0.0,0
7,PAYMENT,188,12562.8,0.0,0.0,0.0,0.0,0
7,CASH_OUT,11,197918.38,164.0,0.0,162.0,198080.38,0
7,TRANSFER,232,728804.13,0.0,0.0,2310159.85,3038963.99,0
7,PAYMENT,304,9662.37,0.0,0.0,0.0,0.0,0
7,PAYMENT,393,29175.71,210478.0,181302.29,0.0,0.0,0
7,TRANSFER,355,162192.97,0.0,0.0,482220.09,644413.06,0
7,PAYMENT,287,2242.03,0.0,0.0,0.0,0.0,0
7,TRANSFER,137,1494895.32,0.0,0.0,1806102.49,3300997.81,0
7,CASH_OUT,542,108514.06,0.0,0.0,1308512.6,1417026.66,0
7,CASH_OUT,234,100928.5,981.0,0.0,57313.25,158241.75,0
7,TRANSFER,557,188844.13,188844.13,0.0,0.0,0.0,1
7,CASH_IN,259,34347.95,13368150.52,13402498.47,400514.04,366166.09,0
7,TRANSFER,180,1852027.98,224611.0,0.0,836005.35,2688033.34,0
7,PAYMENT,323,67846.37,0.0,0.0,0.0,0.0,0
7,CASH_OUT,138,39014.65,0.0,0.0,2307195.36,2346210.01,0
7,CASH_IN,249,21969.41,237683.0,259652.41,0.0,0.0,0
7,CASH_IN,282,112961.16,6337126.86,6450088.02,171203.43,58242.26,0
7,CASH_OUT,37,296728.05,3758.0,0.0,3885608.97,4182337.02,0
7,PAYMENT,226,111.96,0.0,0.0,0.0,0.0,0
7,CASH_IN,189,19447.45,154.0,19601.45,777645.4,758197.95,0
7,PAYMENT,279,6584.68,0.0,0.0,0.0,0.0,0
7,TRANSFER,528,392767.71,392767.71,0.0,0.0,0.0,1
7,PAYMENT,307,15697.58,0.0,0.0,0.0,0.0,0
7,CASH_OUT,178,111234.67,25370.0,0.0,0.0,111234.67,0
7,CASH_IN,378,162735.0,3940655.36,4103390.36,662699.72,581317.5,0
7,CASH_OUT,181,498896.33,21289.0,0.0,0.0,498896.33,0
7,PAYMENT,251,13924.55,0.0,0.0,0.0,0.0,0
7,PAYMENT,351,6001.06,0.0,0.0,0.0,0.0,0
7,CASH_IN,131,178585.16,22064.0,200649.16,2509589.82,2331004.66,0
7,CASH_OUT,397,185522.34,349293.11,163770.77,666822.7,852345.03,0
7,PAYMENT,18,9584.97,13437.34,3852.37,0.0,0.0,0
7,CASH_OUT,283,86441.53,196673.0,110231.47,283970.67,370412.21,0
7,PAYMENT,19,1476.79,10033.0,8556.21,0.0,0.0,0
7,PAYMENT,207,10322.45,2093.0,0.0,0.0,0.0,0
7,CASH_OUT,69,271731.05,271731.05,0.0,0.0,271731.05,1
7,CASH_OUT,485,1425802.24,1425802.24,0.0,3978784.16,5404586.4,1
7,CASH_OUT,44,244636.8,2161.0,0.0,0.0,244636.8,0
7,CASH_OUT,674,10000000.0,10000000.0,0.0,879169.43,10879169.43,1
7,TRANSFER,377,90448.77,0.0,0.0,1916963.3,2007412.07,0
7,TRANSFER,250,805808.46,0.0,0.0,916839.51,1722647.97,0
7,CASH_IN,307,148083.09,50874.0,198957.09,207190.33,59107.24,0
7,CASH_IN,184,29500.03,13935659.76,13965159.79,6566690.67,6537190.64,0
7,CASH_OUT,45,43444.33,277791.0,234346.67,326264.22,369708.55,0
7,CASH_OUT,38,224770.29,2019.0,0.0,0.0,224770.29,0
7,CASH_IN,141,29666.11,11990826.76,12020492.86,825215.78,795549.67,0
7,CASH_OUT,36,305629.62,0.0,0.0,740077.75,3094427.44,0
7,PAYMENT,18,4437.18,0.0,0.0,0.0,0.0,0
7,CASH_IN,323,62066.47,311276.0,373342.47,418951.04,356884.57,0
7,PAYMENT,34,16686.25,293.0,0.0,0.0,0.0,0
7,CASH_IN,154,168385.43,1741688.44,1910073.87,375286.38,206900.95,0
7,TRANSFER,236,54106.72,0.0,0.0,469257.09,523363.81,0
7,CASH_OUT,184,35751.69,1191746.38,1155994.69,0.0,35751.69,0
7,PAYMENT,159,77.02,50915.0,50837.98,0.0,0.0,0
7,TRANSFER,184,891541.1,99833.0,0.0,565396.77,1456937.88,0
7,CASH_OUT,399,66185.04,0.0,0.0,132068.23,198253.26,0
7,CASH_OUT,354,5956.2,0.0,0.0,61484.09,67440.29,0
7,PAYMENT,353,6226.32,0.0,0.0,0.0,0.0,0
7,CASH_OUT,45,3774.36,785623.27,781848.92,244610.82,248385.18,0
7,CASH_OUT,135,14788.43,0.0,0.0,1011224.64,1026013.07,0
7,TRANSFER,370,563149.41,563149.41,0.0,0.0,0.0,1
7,TRANSFER,186,295572.73,0.0,0.0,1039387.16,2150853.15,0
7,CASH_OUT,14,406085.32,672.0,0.0,3969104.56,4321542.45,0
7,CASH_OUT,15,92313.11,0.0,0.0,1153784.39,1246097.49,0
7,CASH_IN,252,435359.8,55756.0,491115.8,515618.42,80258.63,0
7,CASH_OUT,182,118906.9,10057.0,0.0,152660.55,271567.45,0
7,CASH_IN,129,57082.77,9293135.28,9350218.05,288541.31,231458.55,0
7,TRANSFER,388,20393.12,20393.12,0.0,0.0,0.0,1
7,CASH_OUT,138,82717.72,11323.0,0.0,1637638.35,1720356.06,0
7,CASH_OUT,186,140125.8,0.0,0.0,3735511.75,3875637.55,0
7,CASH_OUT,129,359687.2,0.0,0.0,626155.69,985842.89,0
7,CASH_IN,183,38724.64,19314761.49,19353486.13,112573.37,73848.72,0
7,CASH_IN,140,125185.99,9951.0,135136.99,465323.29,340137.3,0
7,CASH_OUT,25,781953.11,781953.11,0.0,0.0,781953.11,1
7,PAYMENT,307,5338.68,389027.08,383688.4,0.0,0.0,0
7,PAYMENT,405,7869.19,51162.0,43292.81,0.0,0.0,0
7,CASH_OUT,186,78123.04,0.0,0.0,505670.6,583793.63,0
7,PAYMENT,42,2497.25,6434.73,3937.48,0.0,0.0,0
7,CASH_IN,187,15424.95,14245580.3,14261005.25,1582444.65,1567019.7,0
7,CASH_OUT,19,353724.77,54161.0,0.0,866985.71,2792451.75,0
7,CASH_IN,140,3149.29,13980.0,17129.29,217208.6,214059.31,0
7,CASH_OUT,692,197376.27,103887.0,0.0,0.0,197376.27,0
7,CASH_IN,355,83037.28,4537195.22,4620232.5,5818425.07,5735387.8,0
7,PAYMENT,324,4637.02,0.0,0.0,0.0,0.0,0
7,CASH_OUT,227,78237.26,0.0,0.0,356736.74,434974.0,0
7,PAYMENT,206,87.29,227.0,139.71,0.0,0.0,0
7,CASH_OUT,348,254248.83,0.0,0.0,287590.9,541839.73,0
7,PAYMENT,355,10850.72,0.0,0.0,0.0,0.0,0
7,PAYMENT,297,21448.63,0.0,0.0,0.0,0.0,0
7,CASH_OUT,236,116235.22,0.0,0.0,1454381.61,1570616.83,0
7,TRANSFER,15,170.0,170.0,0.0,0.0,0.0,1
7,CASH_OUT,161,136667.51,0.0,0.0,238602.39,375269.9,0
7,CASH_OUT,396,370926.56,26379.0,0.0,0.0,370926.56,0
7,CASH_IN,16,291563.68,2206527.29,2498090.97,2299448.44,2007884.76,0
7,CASH_OUT,187,147154.45,0.0,0.0,231504.78,378659.24,0
7,TRANSFER,356,103407.28,15006.0,0.0,87072.59,190479.87,0
7,PAYMENT,370,41098.94,36216.65,0.0,0.0,0.0,0
7,CASH_IN,372,178031.51,31792.0,209823.51,12682.31,0.0,0
7,CASH_IN,20,85034.66,10046.0,95080.66,39711.02,0.0,0
7,CASH_IN,284,146298.74,576.0,146874.74,0.0,0.0,0
7,PAYMENT,227,29976.19,0.0,0.0,0.0,0.0,0
7,CASH_IN,262,165690.29,135353.0,301043.29,3894936.61,3729246.32,0
7,TRANSFER,229,379320.07,0.0,0.0,3074657.18,3453977.26,0
7,CASH_IN,350,344558.08,10395419.19,10739977.27,1193946.14,849388.07,0
7,CASH_OUT,285,309374.69,304789.0,0.0,15456.0,324830.69,0
7,CASH_OUT,326,100090.1,20970.0,0.0,42999.75,143089.86,0
7,CASH_IN,211,22152.23,105084.0,127236.23,2348173.08,2326020.85,0
7,PAYMENT,332,9695.92,0.0,0.0,0.0,0.0,0
7,CASH_OUT,187,127979.09,526783.67,398804.58,193649.71,321628.8,0
7,TRANSFER,74,4375931.29,4375931.29,0.0,0.0,0.0,1
7,CASH_IN,281,4590.73,20112.0,24702.73,3401207.87,3396617.14,0
7,PAYMENT,10,10246.37,153885.29,143638.92,0.0,0.0,0
7,CASH_OUT,354,619.86,0.0,0.0,1967811.14,1968431.0,0
7,CASH_OUT,110,743311.65,743311.65,0.0,0.0,743311.65,1
7,PAYMENT,144,19818.05,101396.0,81577.95,0.0,0.0,0
7,CASH_OUT,202,226829.21,0.0,0.0,409268.14,1193450.48,0
7,CASH_OUT,690,113690.87,31231.0,0.0,2028010.13,2141700.99,0
7,TRANSFER,500,332546.13,54378.0,0.0,727819.14,1060365.26,0
7,PAYMENT,280,992.16,22549.0,21556.84,0.0,0.0,0
7,PAYMENT,226,15005.41,0.0,0.0,0.0,0.0,0
7,PAYMENT,212,18234.5,264240.1,246005.6,0.0,0.0,0
7,CASH_OUT,212,159423.83,48909.18,0.0,840765.25,1000189.08,0
7,TRANSFER,397,3690083.97,82.0,0.0,20951484.52,24641568.5,0
7,CASH_IN,495,105599.43,4721424.55,4827023.98,3197189.7,3091590.27,0
7,CASH_OUT,155,76262.36,11829.0,0.0,0.0,76262.36,0
7,PAYMENT,253,9909.13,0.0,0.0,0.0,0.0,0
7,CASH_OUT,419,533092.45,533092.45,0.0,1480922.8,2014015.24,1
7,PAYMENT,35,3758.12,109315.69,105557.57,0.0,0.0,0
7,PAYMENT,398,26905.73,270036.0,243130.27,0.0,0.0,0
7,CASH_OUT,202,143658.6,85286.0,0.0,0.0,143658.6,0
7,CASH_OUT,680,1819405.69,1819405.69,0.0,7549887.38,9369293.07,1
7,PAYMENT,186,10267.05,121138.83,110871.78,0.0,0.0,0
7,CASH_OUT,21,176727.24,10491.0,0.0,6667393.92,6844121.16,0
7,CASH_IN,254,210273.31,2988571.94,3198845.25,706295.38,496022.08,0
7,PAYMENT,37,10678.19,0.0,0.0,0.0,0.0,0
7,CASH_IN,469,99294.65,11156.0,110450.65,63337.21,0.0,0
7,PAYMENT,284,9044.5,0.0,0.0,0.0,0.0,0
7,TRANSFER,12,2083960.22,0.0,0.0,6632951.32,8042219.51,0
7,CASH_IN,297,90818.86,52088.0,142906.86,0.0,0.0,0
7,PAYMENT,16,11607.01,45577.0,33969.99,0.0,0.0,0
7,CASH_OUT,380,102286.81,5304.0,0.0,934324.16,1036610.97,0
7,PAYMENT,393,1366.33,0.0,0.0,0.0,0.0,0
7,TRANSFER,211,485962.61,0.0,0.0,586232.9,903063.54,0
7,CASH_OUT,142,78810.3,78810.3,0.0,802788.52,881598.82,1
7,CASH_IN,352,142794.7,8777117.93,8919912.64,558833.46,416038.76,0
7,PAYMENT,228,17321.07,333302.59,315981.52,0.0,0.0,0
7,CASH_OUT,286,461835.84,0.0,0.0,1554508.41,2016344.25,0
7,PAYMENT,692,3745.66,0.0,0.0,0.0,0.0,0
7,PAYMENT,259,814.63,293583.33,292768.7,0.0,0.0,0
7,CASH_OUT,166,137800.62,172.0,0.0,2086154.08,2223954.7,0
7,PAYMENT,190,22312.98,0.0,0.0,0.0,0.0,0
7,CASH_IN,163,78411.77,974155.0,1052566.77,9133104.18,9054692.41,0
7,CASH_IN,307,100925.82,7433338.69,7534264.51,189442.34,88516.52,0
7,CASH_OUT,323,291687.59,0.0,0.0,902933.56,1194621.15,0
7,CASH_OUT,418,892376.71,892376.71,0.0,31730514.36,32622891.07,1
7,TRANSFER,742,652993.91,652993.91,0.0,0.0,0.0,1
7,CASH_OUT,279,68576.85,50699.0,0.0,3905876.95,3974453.8,0
7,CASH_IN,259,48199.56,123261.0,171460.56,0.0,0.0,0
7,CASH_OUT,356,284686.94,0.0,0.0,7126960.07,7411647.01,0
7,CASH_IN,258,73779.97,457.0,74236.97,4119921.75,4046141.78,0
7,TRANSFER,359,345467.64,0.0,0.0,3878816.55,4224284.18,0
7,TRANSFER,583,459378.91,459378.91,0.0,0.0,0.0,1
7,TRANSFER,43,350789.59,350789.59,0.0,0.0,276871.71,1
7,PAYMENT,235,22752.8,14626.0,0.0,0.0,0.0,0
7,TRANSFER,498,207261.07,207261.07,0.0,0.0,0.0,1
7,PAYMENT,397,48362.93,21540.0,0.0,0.0,0.0,0
7,CASH_IN,251,346598.13,12453.0,359051.13,128298.04,0.0,0
7,CASH_IN,189,449603.44,2695909.76,3145513.19,1844787.64,1395184.21,0
7,TRANSFER,261,68315.46,0.0,0.0,130312.71,198628.17,0
7,TRANSFER,155,640017.45,0.0,0.0,1404382.13,2207121.73,0
7,CASH_OUT,374,171726.91,0.0,0.0,3910129.91,4081856.82,0
7,PAYMENT,180,28885.08,0.0,0.0,0.0,0.0,0
7,CASH_IN,18,238738.26,32928.0,271666.26,23318.63,0.0,0
7,CASH_OUT,284,57300.32,0.0,0.0,303311.18,145216.68,0
7,CASH_OUT,138,378234.34,0.0,0.0,2418343.08,2553343.99,0
7,CASH_IN,209,231876.06,1184549.02,1416425.08,338352.08,106476.02,0
7,TRANSFER,422,3855733.88,678.0,0.0,309742.04,4165475.92,0
7,CASH_IN,202,199642.23,18128055.7,18327697.93,2210692.48,2011050.25,0
7,CASH_OUT,12,26361.43,0.0,0.0,116743.77,143105.19,0
7,CASH_IN,9,49384.42,794828.58,844213.0,10206620.58,10369423.37,0
7,PAYMENT,164,16948.68,0.0,0.0,0.0,0.0,0
7,TRANSFER,305,676024.39,0.0,0.0,2932219.21,3608243.6,0
7,CASH_OUT,303,56095.77,214138.0,158042.23,950929.7,1007025.48,0
7,CASH_OUT,21,209778.21,123393.0,0.0,0.0,209778.21,0
7,PAYMENT,137,21546.31,0.0,0.0,0.0,0.0,0
7,PAYMENT,394,11571.19,0.0,0.0,0.0,0.0,0
7,PAYMENT,358,12186.05,85066.0,72879.95,0.0,0.0,0
7,PAYMENT,5,5188.61,20721.0,15532.39,0.0,0.0,0
7,PAYMENT,202,9645.3,73.0,0.0,0.0,0.0,0
7,CASH_OUT,565,114355.21,0.0,0.0,8647114.51,8761469.72,0
7,CASH_OUT,351,181328.57,101587.0,0.0,0.0,181328.57,0
7,CASH_OUT,309,29841.4,66344.0,36502.6,0.0,29841.4,0
7,TRANSFER,372,587885.43,0.0,0.0,3908543.02,4496428.45,0
7,CASH_IN,255,311779.0,21242.0,333021.0,1389868.57,1078089.56,0
7,CASH_OUT,260,214959.81,20846.0,0.0,1097433.83,1312393.64,0
7,CASH_OUT,350,99025.23,72315.77,0.0,302913.12,401938.35,0
7,CASH_IN,306,25989.2,10207.0,36196.2,0.0,0.0,0
7,PAYMENT,38,419.4,51239.0,50819.6,0.0,0.0,0
7,CASH_OUT,400,141988.63,0.0,0.0,519300.42,661289.06,0
7,PAYMENT,381,8635.31,85342.94,76707.63,0.0,0.0,0
7,TRANSFER,224,8111.09,8111.09,0.0,0.0,0.0,1
7,CASH_OUT,18,82478.73,10515.0,0.0,0.0,82478.73,0
7,CASH_OUT,329,60858.56,0.0,0.0,641249.79,702108.35,0
7,CASH_IN,405,258767.95,9927875.72,10186643.67,315916.73,57148.79,0
7,PAYMENT,139,2815.65,0.0,0.0,0.0,0.0,0
7,PAYMENT,324,55232.21,47713.42,0.0,0.0,0.0,0
7,CASH_OUT,355,72841.87,404.0,0.0,134909.64,207751.51,0
7,PAYMENT,306,3358.88,0.0,0.0,0.0,0.0,0
7,CASH_OUT,232,342386.86,0.0,0.0,1225376.16,1567763.02,0
7,CASH_IN,18,195765.18,277.0,196042.18,59662.52,0.0,0
7,PAYMENT,215,1478.2,12150.0,10671.8,0.0,0.0,0
7,PAYMENT,374,42681.36,0.0,0.0,0.0,0.0,0
7,PAYMENT,260,2390.36,36961.13,34570.77,0.0,0.0,0
7,PAYMENT,210,11575.04,0.0,0.0,0.0,0.0,0
7,PAYMENT,9,19419.61,0.0,0.0,0.0,0.0,0
7,PAYMENT,187,12373.43,0.0,0.0,0.0,0.0,0
7,PAYMENT,178,9096.03,402448.62,393352.59,0.0,0.0,0
7,TRANSFER,2,1096187.24,1096187.24,0.0,0.0,0.0,1
7,TRANSFER,44,414765.34,12065.0,0.0,0.0,262988.15,0
7,CASH_IN,139,394880.36,24999794.27,25394674.63,1230067.57,835187.21,0
7,PAYMENT,348,37712.94,264724.69,227011.75,0.0,0.0,0
7,CASH_OUT,332,64494.71,11139.0,0.0,290972.63,355467.34,0
7,TRANSFER,16,773815.56,27861.0,0.0,0.0,1063530.09,0
7,CASH_OUT,379,116060.85,0.0,0.0,507002.77,623063.62,0
7,CASH_OUT,177,452804.42,452804.42,0.0,4020.0,0.0,1
7,PAYMENT,404,12991.09,0.0,0.0,0.0,0.0,0
7,CASH_OUT,351,122766.86,0.0,0.0,134180.38,256947.24,0
7,PAYMENT,38,19010.7,41878.0,22867.3,0.0,0.0,0
7,PAYMENT,14,13701.45,30955.0,17253.55,0.0,0.0,0
7,CASH_OUT,36,155888.85,206000.92,50112.07,9557550.5,9713439.35,0
7,CASH_IN,8,609510.35,31668.0,641178.35,11429.0,0.0,0
7,CASH_IN,398,66421.83,6050356.59,6116778.42,1352237.73,1285815.9,0
7,CASH_IN,163,72087.14,16543021.59,16615108.74,2131121.93,2059034.79,0
7,PAYMENT,203,19441.36,29220.0,9778.64,0.0,0.0,0
7,TRANSFER,350,1007626.23,0.0,0.0,5204792.17,6212418.4,0
7,CASH_OUT,522,31646.82,0.0,0.0,863579.48,895226.3,0
7,CASH_OUT,256,20222.6,0.0,0.0,1121435.47,1141658.06,0
7,CASH_OUT,40,188418.25,11515.0,0.0,491708.9,680127.14,0
7,PAYMENT,37,39923.16,146.0,0.0,0.0,0.0,0
7,TRANSFER,534,136245.39,136245.39,0.0,0.0,0.0,1
7,CASH_OUT,95,64976.91,79912.0,14935.09,0.0,64976.91,0
7,CASH_IN,131,17691.11,4888445.78,4906136.89,78328.22,60637.11,0
7,CASH_OUT,273,601494.61,601494.61,0.0,0.0,601494.61,1
7,PAYMENT,179,1443.76,3873.79,2430.03,0.0,0.0,0
7,CASH_OUT,352,111695.0,79243.0,0.0,184685.71,296380.71,0
7,CASH_OUT,252,158582.18,15118.0,0.0,31569.73,190151.91,0
7,CASH_OUT,41,105328.4,23135.0,0.0,36998.09,142326.5,0
7,CASH_OUT,399,375291.13,0.0,0.0,1791729.73,2167020.87,0
7,TRANSFER,202,312596.9,0.0,0.0,941791.64,1254388.54,0
7,CASH_IN,372,295545.12,8091756.97,8387302.09,13963939.63,13668394.51,0
7,CASH_IN,18,135861.15,374295.41,510156.56,2095125.93,1959264.78,0
7,TRANSFER,159,412811.1,1639.0,0.0,0.0,412811.1,0
7,CASH_IN,10,453313.6,333096.0,786409.6,28984.15,0.0,0
7,PAYMENT,211,14772.42,114615.75,99843.34,0.0,0.0,0
7,CASH_IN,209,243490.43,104220.0,347710.43,28412.19,0.0,0
7,CASH_OUT,396,76330.19,260096.5,183766.31,3940097.49,4016427.68,0
7,CASH_OUT,132,76846.2,20312.0,0.0,0.0,76846.2,0
7,PAYMENT,190,8448.33,8825.0,376.67,0.0,0.0,0
7,CASH_OUT,357,4984.84,196.0,0.0,11196120.69,11201105.53,0
7,CASH_IN,202,92467.74,74316.0,166783.74,2238691.37,2146223.64,0
7,CASH_OUT,190,107194.97,953.0,0.0,3409584.3,3516779.27,0
7,CASH_IN,231,271392.51,8048559.27,8319951.77,275820.79,4428.28,0
7,PAYMENT,189,3256.51,51602.0,48345.49,0.0,0.0,0
7,CASH_OUT,14,155019.92,439520.0,284500.08,0.0,19794.64,0
7,CASH_IN,403,117854.94,7126064.15,7243919.09,723147.2,605292.26,0
7,CASH_OUT,332,462924.5,0.0,0.0,1056391.74,1519316.25,0
7,CASH_IN,36,8866.35,16505148.78,16514015.13,1433714.29,1424847.94,0
7,TRANSFER,281,88908.83,3833.0,0.0,0.0,88908.83,0
7,CASH_OUT,254,107503.92,24376.0,0.0,184009.97,291513.89,0
7,CASH_OUT,278,99579.0,0.0,0.0,2883995.28,2983574.28,0
7,CASH_OUT,178,40084.8,15539.0,0.0,2233812.0,2273896.8,0
7,CASH_OUT,140,222925.48,52052.0,0.0,328282.74,551208.22,0
7,CASH_OUT,307,57297.83,0.0,0.0,292374.1,349671.93,0
7,CASH_OUT,351,63.8,63.8,0.0,0.0,63.8,1
7,PAYMENT,299,578.77,0.0,0.0,0.0,0.0,0
7,CASH_IN,348,253650.58,2080055.09,2333705.67,537988.3,284337.72,0
7,CASH_IN,165,25128.56,4945220.32,4970348.88,354798.2,329669.63,0
7,PAYMENT,186,21817.07,6056.0,0.0,0.0,0.0,0
7,PAYMENT,164,17108.32,43923.01,26814.69,0.0,0.0,0
7,CASH_OUT,374,330072.15,283727.0,0.0,4138315.8,4468387.95,0
7,PAYMENT,36,27976.76,0.0,0.0,0.0,0.0,0
7,CASH_IN,260,366248.27,3895528.75,4261777.02,679899.28,313651.02,0
7,PAYMENT,402,11566.49,30801.0,19234.51,0.0,0.0,0
7,PAYMENT,186,155.91,153.0,0.0,0.0,0.0,0
7,CASH_OUT,347,146960.5,0.0,0.0,262745.23,409705.73,0
7,CASH_OUT,12,178657.51,0.0,0.0,5419360.04,5689996.72,0
7,PAYMENT,180,7815.71,30379.0,22563.29,0.0,0.0,0
7,CASH_IN,348,110018.9,212882.3,322901.2,832222.45,722203.55,0
7,PAYMENT,48,7308.38,20393.0,13084.62,0.0,0.0,0
7,TRANSFER,182,1486052.97,1486052.97,0.0,0.0,0.0,1
7,TRANSFER,594,102601.05,0.0,0.0,7428725.53,7531326.58,0
7,PAYMENT,687,9454.61,0.0,0.0,0.0,0.0,0
7,CASH_OUT,208,1703.72,423640.0,421936.28,166828.49,168532.21,0
7,PAYMENT,142,5816.73,20710.0,14893.27,0.0,0.0,0
7,CASH_OUT,281,301136.5,0.0,0.0,655834.38,956970.88,0
7,CASH_OUT,84,10000000.0,10000000.0,0.0,0.0,10000000.0,1
7,CASH_OUT,42,67656.89,30322.0,0.0,139454.53,190950.41,0
7,PAYMENT,256,11026.45,0.0,0.0,0.0,0.0,0
7,TRANSFER,400,1142470.09,3071.0,0.0,0.0,1142470.09,0
7,CASH_OUT,301,215786.09,0.0,0.0,2584881.69,2800667.78,0
7,PAYMENT,329,8399.73,240050.47,231650.74,0.0,0.0,0
7,CASH_OUT,13,86690.59,0.0,0.0,3028595.42,3910035.28,0
7,TRANSFER,42,573966.24,0.0,0.0,4251646.64,4825612.88,0
7,PAYMENT,379,4825.15,0.0,0.0,0.0,0.0,0
7,CASH_OUT,256,29996.27,1939.0,0.0,800993.21,830989.48,0
7,PAYMENT,382,8064.28,99440.0,91375.72,0.0,0.0,0
7,CASH_OUT,16,257895.82,52396.0,0.0,450472.46,677631.19,0
7,CASH_OUT,456,760984.58,760984.58,0.0,1550675.96,2311660.54,1
7,CASH_OUT,192,17490.15,0.0,0.0,2604560.93,2622051.09,0
7,CASH_IN,14,124238.32,11288.0,135526.32,22710.79,0.0,0
7,CASH_OUT,265,415437.27,415437.27,0.0,1355367.57,1770804.84,1
7,CASH_IN,260,71614.38,2909887.96,2981502.34,289486.85,217872.47,0
7,PAYMENT,379,3299.46,0.0,0.0,0.0,0.0,0
7,PAYMENT,280,1051.65,0.0,0.0,0.0,0.0,0
7,CASH_IN,9,359168.15,9969600.07,10328768.22,2705414.7,2346246.55,0
7,CASH_OUT,375,66916.79,148507.61,81590.82,332413.08,399329.87,0
7,PAYMENT,249,244.92,42042.0,41797.08,0.0,0.0,0
7,CASH_OUT,255,25597.17,0.0,0.0,159851.94,185449.11,0
7,TRANSFER,581,121142.75,121142.75,0.0,0.0,0.0,1
7,PAYMENT,379,22530.93,0.0,0.0,0.0,0.0,0
7,CASH_OUT,17,1639676.27,1639676.27,0.0,448954.92,2198318.48,1
7,PAYMENT,311,13283.05,55.0,0.0,0.0,0.0,0
7,PAYMENT,17,4156.48,709927.87,705771.39,0.0,0.0,0
7,TRANSFER,461,125153.57,125153.57,0.0,0.0,0.0,1
7,PAYMENT,37,7776.9,0.0,0.0,0.0,0.0,0
7,PAYMENT,236,2203.44,0.0,0.0,0.0,0.0,0
7,CASH_IN,335,336934.05,1118503.44,1455437.49,688952.23,352018.18,0
7,CASH_OUT,138,303432.45,303432.45,0.0,0.0,522695.73,1
7,PAYMENT,307,5115.41,68045.26,62929.86,0.0,0.0,0
7,CASH_OUT,134,287442.19,0.0,0.0,711234.67,998676.86,0
7,PAYMENT,158,24108.51,0.0,0.0,0.0,0.0,0
7,CASH_OUT,187,95402.6,39712.0,0.0,0.0,95402.6,0
7,PAYMENT,237,12970.25,50492.0,37521.75,0.0,0.0,0
7,CASH_OUT,400,349237.99,22064.0,0.0,0.0,349237.99,0
7,TRANSFER,625,6870369.62,6870369.62,0.0,0.0,0.0,1
7,PAYMENT,131,14825.37,463907.18,449081.81,0.0,0.0,0
7,PAYMENT,314,3077.64,50893.0,47815.36,0.0,0.0,0
7,PAYMENT,369,23119.94,0.0,0.0,0.0,0.0,0
7,CASH_OUT,144,113810.0,0.0,0.0,663415.52,777225.52,0
7,CASH_IN,46,126487.96,498794.6,625282.57,1465796.07,1339308.1,0
7,PAYMENT,163,1927.86,332.0,0.0,0.0,0.0,0
7,CASH_OUT,399,197686.32,51908.0,0.0,6898.49,204584.81,0
7,CASH_OUT,331,8543.72,0.0,0.0,2519235.81,2527779.53,0
7,TRANSFER,251,516066.45,7212.0,0.0,0.0,516066.45,0
7,PAYMENT,262,4083.01,31061.0,26977.99,0.0,0.0,0
7,CASH_OUT,308,127598.52,0.0,0.0,267339.21,394937.73,0
7,TRANSFER,18,486993.06,448369.0,0.0,0.0,671503.04,0
7,CASH_OUT,250,119677.86,459.0,0.0,1823975.93,2007799.92,0
7,CASH_OUT,260,93478.2,12011.0,0.0,593364.67,686842.87,0
7,CASH_IN,203,178024.5,1762352.49,1940376.99,952682.3,774657.8,0
7,CASH_OUT,17,227493.12,49333.0,0.0,137427.22,567180.75,0
7,CASH_IN,162,15866.97,399800.27,415667.24,125025.45,109158.48,0
7,CASH_OUT,404,540914.12,540914.12,0.0,36447.52,577361.64,1
7,CASH_IN,303,25577.29,0.0,25577.29,709861.98,684284.68,0
7,TRANSFER,323,550432.78,186.0,0.0,0.0,550432.78,0
7,CASH_IN,255,92755.98,26696.0,119451.98,937885.88,845129.9,0
7,CASH_OUT,94,207363.96,0.0,0.0,344862.68,552226.64,0
7,CASH_IN,233,160282.21,279563.0,439845.21,745849.41,585567.2,0
7,TRANSFER,282,8091.78,8091.78,0.0,0.0,0.0,1
7,CASH_IN,227,139850.29,51100.0,190950.29,773417.21,633566.92,0
7,TRANSFER,43,306647.97,0.0,0.0,1675240.51,1981888.48,0
7,CASH_OUT,359,105733.45,105733.45,0.0,934471.58,1040205.03,1
7,PAYMENT,285,11254.59,5501.0,0.0,0.0,0.0,0
7,CASH_OUT,16,290492.84,0.0,0.0,2658439.28,2948932.11,0
7,CASH_IN,21,40347.99,918756.38,959104.37,203930.71,260581.83,0
7,CASH_OUT,351,270503.03,89945.0,0.0,292515.66,563018.69,0
7,CASH_OUT,328,458318.04,86189.0,0.0,301762.81,760080.85,0
7,CASH_OUT,10,5211.86,2836555.75,2831343.89,330767.76,335979.62,0
7,CASH_IN,398,220100.54,8060925.17,8281025.72,1067126.21,847025.67,0
7,PAYMENT,487,2320.92,10327.0,8006.08,0.0,0.0,0
7,PAYMENT,226,44576.14,0.0,0.0,0.0,0.0,0
7,CASH_IN,186,214059.51,587386.17,801445.67,2651655.26,2437595.75,0
7,PAYMENT,348,4255.57,126066.79,121811.21,0.0,0.0,0
7,CASH_IN,237,481321.33,7652396.3,8133717.63,798558.69,317237.36,0
7,CASH_OUT,357,25368.93,0.0,0.0,733356.98,758725.91,0
7,CASH_IN,376,35882.22,6555565.57,6591447.79,229927.74,194045.52,0
7,CASH_OUT,38,306038.85,165.0,0.0,711516.33,1017555.18,0
7,TRANSFER,329,575714.67,215.0,0.0,1397097.9,1972812.57,0
7,PAYMENT,284,4367.67,20380.0,16012.33,0.0,0.0,0
7,CASH_IN,185,40886.61,10035.0,50921.61,383958.84,343072.23,0
7,PAYMENT,595,3597.07,35067.0,31469.93,0.0,0.0,0
7,CASH_OUT,229,601286.26,86179.0,0.0,430777.36,1032063.61,0
7,CASH_OUT,45,316936.91,0.0,0.0,1342098.5,1659035.41,0
7,PAYMENT,11,10684.75,408328.81,397644.07,0.0,0.0,0
7,CASH_IN,297,261067.91,260595.0,521662.91,976775.29,715707.38,0
7,CASH_IN,184,49259.81,4050972.73,4100232.54,3311565.45,3262305.64,0
7,PAYMENT,226,9735.19,123466.47,113731.28,0.0,0.0,0
7,PAYMENT,250,35629.48,6551.0,0.0,0.0,0.0,0
7,CASH_IN,640,14324.25,1677225.27,1691549.53,205898.98,191574.73,0
7,CASH_OUT,46,71372.0,71372.0,0.0,613464.04,684836.04,1
7,CASH_IN,130,85119.61,9548798.57,9633918.18,2003244.82,1918125.21,0
7,TRANSFER,407,2133483.14,0.0,0.0,2316948.94,4450432.07,0
7,PAYMENT,33,4883.46,0.0,0.0,0.0,0.0,0
7,PAYMENT,354,20571.6,0.0,0.0,0.0,0.0,0
7,CASH_IN,260,67819.63,8250504.09,8318323.72,2936264.15,2868444.53,0
7,PAYMENT,307,4265.29,155854.0,151588.71,0.0,0.0,0
7,TRANSFER,42,334276.08,334276.08,0.0,0.0,0.0,1
7,CASH_IN,15,473222.61,44072.0,517294.61,0.0,0.0,0
7,PAYMENT,38,129.72,0.0,0.0,0.0,0.0,0
7,PAYMENT,263,2783.95,5071.0,2287.05,0.0,0.0,0
7,CASH_OUT,185,168327.04,0.0,0.0,2464677.09,2633004.13,0
7,CASH_OUT,397,3774.39,0.0,0.0,44269.44,48043.83,0
7,CASH_OUT,16,135389.83,0.0,0.0,383319.73,518709.56,0
7,CASH_IN,373,45398.65,6309438.45,6354837.11,1840677.81,1795279.16,0
7,CASH_IN,252,149345.05,98940.0,248285.05,697656.2,548311.16,0
7,PAYMENT,351,4639.97,0.0,0.0,0.0,0.0,0
7,PAYMENT,10,29704.07,0.0,0.0,0.0,0.0,0
7,PAYMENT,407,6295.4,40.0,0.0,0.0,0.0,0
7,PAYMENT,225,26182.34,142866.0,116683.66,0.0,0.0,0
7,CASH_OUT,333,296447.85,638.0,0.0,81685.28,378133.13,0
7,PAYMENT,209,8342.12,262054.0,253711.88,0.0,0.0,0
7,CASH_OUT,206,97535.09,70904.0,0.0,0.0,97535.09,0
7,PAYMENT,253,6774.99,145617.98,138842.99,0.0,0.0,0
7,TRANSFER,395,135913.4,0.0,0.0,3749935.09,3885848.49,0
7,CASH_OUT,43,216143.53,0.0,0.0,228773.97,444917.5,0
7,CASH_IN,185,313513.11,30241.0,343754.11,0.0,0.0,0
7,PAYMENT,211,731.49,115273.97,114542.48,0.0,0.0,0
7,TRANSFER,303,914418.97,0.0,0.0,1116747.75,2031166.72,0
7,CASH_OUT,234,284391.47,0.0,0.0,333703.09,618094.57,0
7,PAYMENT,327,9066.27,0.0,0.0,0.0,0.0,0
7,PAYMENT,401,56057.45,11624.0,0.0,0.0,0.0,0
7,CASH_OUT,354,52075.8,51189.0,0.0,846237.06,898312.86,0
7,CASH_OUT,328,474467.2,474467.2,0.0,121181.01,295538.25,1
7,TRANSFER,203,611903.58,28296.0,0.0,773981.85,1180289.7,0
7,CASH_IN,307,49598.0,232817.43,282415.42,106986.11,57388.11,0
7,CASH_OUT,212,32659.0,0.0,0.0,640439.22,673098.23,0
7,CASH_IN,21,160605.3,202614.0,363219.3,366754.71,206149.41,0
7,CASH_OUT,47,827921.27,827921.27,0.0,1025081.63,1853002.91,1
7,PAYMENT,163,808.78,0.0,0.0,0.0,0.0,0
7,CASH_OUT,202,64046.45,0.0,0.0,425467.52,489513.97,0
7,TRANSFER,379,619083.89,19416.0,0.0,0.0,619083.89,0
7,CASH_IN,206,461708.86,438.0,462146.86,0.0,0.0,0
7,CASH_OUT,15,200882.93,11181.0,0.0,1191387.72,1392270.66,0
7,PAYMENT,240,2383.01,0.0,0.0,0.0,0.0,0
7,CASH_OUT,398,245034.09,0.0,0.0,7305942.38,7550976.46,0
7,PAYMENT,187,8468.31,0.0,0.0,0.0,0.0,0
7,CASH_OUT,699,215013.3,215013.3,0.0,17301734.96,17516748.26,1
7,CASH_OUT,129,68175.33,0.0,0.0,194374.85,9588.77,0
7,PAYMENT,236,11775.07,17569.13,5794.06,0.0,0.0,0
7,PAYMENT,44,55364.98,0.0,0.0,0.0,0.0,0
7,PAYMENT,130,10009.54,13280.97,3271.43,0.0,0.0,0
7,PAYMENT,614,10368.51,51358.26,40989.75,0.0,0.0,0
7,CASH_IN,351,47672.65,251261.0,298933.65,859506.2,811833.55,0
7,CASH_OUT,162,323182.03,25258.0,0.0,0.0,323182.03,0
7,CASH_IN,237,133365.87,2247859.87,2381225.74,422765.11,289399.23,0
7,CASH_IN,189,140958.27,1297.0,142255.27,1180751.16,1039792.89,0
7,CASH_OUT,398,281244.18,42911.0,0.0,105401.3,386645.48,0
7,CASH_IN,329,395427.22,77716.0,473143.22,1047028.45,651601.23,0
7,CASH_OUT,282,111089.44,35430.0,0.0,61660.05,172749.49,0
7,CASH_OUT,284,91592.8,222905.0,131312.2,314234.67,405827.47,0
7,CASH_OUT,577,681525.62,681525.62,0.0,2250319.57,2931845.19,1
8,CASH_OUT,188,198972.17,0.0,0.0,853879.7,1052851.87,0
8,TRANSFER,226,1200727.82,0.0,0.0,1436034.33,2636762.15,0
8,PAYMENT,351,16744.42,0.0,0.0,0.0,0.0,0
8,CASH_OUT,232,607170.44,166.0,0.0,0.0,607170.44,0
8,CASH_OUT,254,93609.27,0.0,0.0,769529.71,863138.98,0
8,PAYMENT,377,8220.29,385444.85,377224.56,0.0,0.0,0
8,CASH_OUT,256,47082.53,196280.98,149198.45,665458.45,712540.98,0
8,CASH_OUT,256,16496.63,0.0,0.0,677957.5,694454.13,0
8,CASH_IN,258,207182.13,5021.0,212203.13,167212.12,0.0,0
8,CASH_IN,140,259502.89,40281.0,299783.89,234720.15,0.0,0
8,PAYMENT,492,17428.47,587853.83,570425.36,0.0,0.0,0
8,PAYMENT,131,5794.26,183114.1,177319.84,0.0,0.0,0
8,PAYMENT,282,3992.63,29679.79,25687.16,0.0,0.0,0
8,CASH_OUT,310,92239.66,0.0,0.0,113769.23,206008.89,0
8,TRANSFER,301,681073.76,7558.0,0.0,1734.47,682808.23,0
8,CASH_IN,376,75207.91,9317965.31,9393173.22,206633.9,131425.99,0
8,CASH_OUT,379,292409.21,0.0,0.0,2002586.64,2294995.85,0
8,PAYMENT,329,14789.62,0.0,0.0,0.0,0.0,0
8,CASH_OUT,323,199815.41,0.0,0.0,1077626.29,1277441.7,0
8,PAYMENT,373,18113.71,165213.86,147100.15,0.0,0.0,0
8,CASH_IN,129,57988.32,53031.0,111019.32,2226140.15,2168151.83,0
8,PAYMENT,260,9492.69,0.0,0.0,0.0,0.0,0
8,TRANSFER,612,2082884.49,2082884.49,0.0,0.0,0.0,1
8,PAYMENT,345,15043.91,0.0,0.0,0.0,0.0,0
8,PAYMENT,163,6347.61,0.0,0.0,0.0,0.0,0
8,CASH_IN,211,295297.1,18885246.73,19180543.83,7311028.09,7015730.98,0
8,PAYMENT,207,2974.06,16955.28,13981.22,0.0,0.0,0
8,CASH_OUT,204,112992.88,987.0,0.0,187666.97,361627.42,0
8,PAYMENT,287,997.55,0.0,0.0,0.0,0.0,0
8,PAYMENT,254,10685.46,0.0,0.0,0.0,0.0,0
8,CASH_OUT,33,304294.4,0.0,0.0,4292913.67,4597208.07,0
8,CASH_OUT,177,202893.35,0.0,0.0,1366289.24,1569182.58,0
8,CASH_IN,42,201535.66,16126.0,217661.66,6666860.88,6465325.22,0
8,TRANSFER,39,64296.17,42687.0,0.0,248005.33,312301.5,0
8,PAYMENT,9,16530.37,70498.0,53967.63,0.0,0.0,0
8,TRANSFER,140,4400457.84,4400457.84,0.0,0.0,0.0,1
8,CASH_IN,183,374182.55,1197349.32,1571531.87,523265.99,149083.44,0
8,CASH_IN,41,38255.47,7225347.61,7263603.08,441046.02,402790.55,0
8,CASH_OUT,346,372798.63,0.0,0.0,8579035.24,8951833.87,0
8,CASH_OUT,333,115634.44,7357.82,0.0,4070162.77,4185797.21,0
8,CASH_IN,35,389167.99,187279.43,576447.42,1339301.08,950133.08,0
8,PAYMENT,327,36510.11,11239.0,0.0,0.0,0.0,0
8,CASH_IN,33,55073.96,7968918.06,8023992.02,718109.6,663035.64,0
8,CASH_OUT,258,237632.13,496.0,0.0,270210.21,507842.35,0
8,CASH_OUT,397,298945.89,29507.0,0.0,0.0,298945.89,0
8,CASH_OUT,209,96601.08,100.0,0.0,597669.77,694270.86,0
8,PAYMENT,155,19071.41,0.0,0.0,0.0,0.0,0
8,CASH_OUT,43,23084.41,5108.0,0.0,74469.17,97553.57,0
8,CASH_OUT,231,148022.11,0.0,0.0,565894.0,713916.11,0
8,PAYMENT,133,38863.87,51434.0,12570.13,0.0,0.0,0
8,CASH_IN,297,66462.13,103533.0,169995.13,0.0,0.0,0
8,PAYMENT,227,102597.39,0.0,0.0,0.0,0.0,0
8,CASH_OUT,42,370578.61,225460.77,0.0,436794.74,807373.35,0
8,PAYMENT,261,4838.73,0.0,0.0,0.0,0.0,0
8,TRANSFER,7,172317.33,0.0,0.0,317268.0,1278933.03,0
8,TRANSFER,235,233471.0,0.0,0.0,571518.89,804989.89,0
8,PAYMENT,140,11396.83,0.0,0.0,0.0,0.0,0
8,PAYMENT,18,7975.66,0.0,0.0,0.0,0.0,0
8,CASH_OUT,397,111463.23,0.0,0.0,1342522.39,1453985.62,0
8,PAYMENT,256,4361.39,0.0,0.0,0.0,0.0,0
8,CASH_OUT,323,86622.16,0.0,0.0,3243564.09,3330186.25,0
8,CASH_OUT,356,193254.99,196.0,0.0,107526.78,300781.78,0
8,PAYMENT,208,907.49,0.0,0.0,0.0,0.0,0
8,PAYMENT,503,4601.5,1641.0,0.0,0.0,0.0,0
8,CASH_OUT,137,219438.65,0.0,0.0,227717.79,447156.44,0
8,CASH_OUT,19,169527.9,0.0,0.0,831467.55,1000995.45,0
8,PAYMENT,164,5934.5,20713.0,14778.5,0.0,0.0,0
8,CASH_OUT,185,322163.74,0.0,0.0,787982.13,1110145.87,0
8,CASH_OUT,156,577549.35,0.0,0.0,3381562.78,3959112.13,0
8,CASH_IN,180,98937.33,20427.0,119364.33,0.0,0.0,0
8,CASH_IN,179,76176.91,85849.0,162025.91,1046165.58,1254769.11,0
8,CASH_OUT,133,435078.66,0.0,0.0,2817133.35,3252212.01,0
8,CASH_IN,285,186745.56,466.0,187211.56,308843.73,122098.17,0
8,CASH_OUT,306,121689.63,0.0,0.0,9619806.37,9741496.0,0
8,TRANSFER,249,3195942.28,50275.91,0.0,11559558.84,14755501.12,0
8,PAYMENT,402,23782.03,231256.27,207474.24,0.0,0.0,0
8,PAYMENT,17,27237.04,20601.0,0.0,0.0,0.0,0
8,PAYMENT,18,14113.59,2487.0,0.0,0.0,0.0,0
8,PAYMENT,157,19509.1,106014.0,86504.9,0.0,0.0,0
8,PAYMENT,380,8255.58,0.0,0.0,0.0,0.0,0
8,CASH_IN,307,104678.53,4688726.73,4793405.26,1551571.31,1446892.78,0
8,CASH_OUT,520,91429.17,0.0,0.0,2543338.94,2634768.11,0
8,CASH_OUT,45,111310.28,0.0,0.0,174979.32,377831.27,0
8,CASH_OUT,180,43800.24,0.0,0.0,1471900.38,1515700.63,0
8,PAYMENT,322,58253.23,0.0,0.0,0.0,0.0,0
8,TRANSFER,383,150406.91,150406.91,0.0,0.0,0.0,1
8,CASH_IN,688,55970.49,365454.0,421424.49,1053628.5,997658.0,0
8,CASH_IN,395,48280.3,4700860.7,4749141.0,524638.68,476358.38,0
8,CASH_OUT,354,353526.3,336.0,0.0,77418.31,430944.61,0
8,CASH_OUT,201,186416.01,0.0,0.0,1264737.37,1451153.37,0
8,TRANSFER,258,54822.76,0.0,0.0,347382.81,402205.57,0
8,PAYMENT,207,13112.78,10171.0,0.0,0.0,0.0,0
8,PAYMENT,375,22522.34,21597.0,0.0,0.0,0.0,0
8,CASH_OUT,258,110440.36,2309.0,0.0,205968.96,316409.32,0
8,CASH_OUT,354,9299230.13,9299230.13,0.0,11291600.74,20590830.88,1
8,PAYMENT,162,11617.93,58285.57,46667.64,0.0,0.0,0
8,CASH_IN,369,187297.35,4630270.49,4817567.84,234244.99,46947.64,0
8,PAYMENT,397,11531.1,0.0,0.0,0.0,0.0,0
8,PAYMENT,405,20360.22,0.0,0.0,0.0,0.0,0
8,CASH_OUT,101,2388251.16,2388251.16,0.0,2624386.6,5012637.76,1
8,CASH_OUT,235,328753.68,0.0,0.0,7527927.3,7856680.98,0
8,PAYMENT,401,6454.52,30509.0,24054.48,0.0,0.0,0
8,CASH_IN,143,285958.49,16365940.68,16651899.17,4464472.22,4178513.73,0
8,CASH_IN,138,42477.66,124381.0,166858.66,6167.9,0.0,0
8,CASH_OUT,229,118108.24,0.0,0.0,434995.82,553104.06,0
8,CASH_OUT,549,461442.52,461442.52,0.0,11029.55,472472.07,1
8,CASH_OUT,308,149316.24,0.0,0.0,928184.87,1077501.11,0
8,PAYMENT,331,19912.93,502610.0,482697.07,0.0,0.0,0
8,CASH_OUT,631,10000000.0,10000000.0,0.0,1852708.45,11852708.45,1
8,CASH_IN,404,193293.63,5889002.22,6082295.85,698505.79,505212.16,0
8,PAYMENT,44,14999.52,0.0,0.0,0.0,0.0,0
8,CASH_OUT,372,27506.49,41700.83,14194.34,12196826.29,11840686.93,0
8,TRANSFER,618,34473.07,34473.07,0.0,0.0,0.0,1
8,CASH_OUT,210,41355.57,11578.0,0.0,0.0,41355.57,0
8,CASH_IN,189,434434.95,839063.12,1273498.07,4832703.15,4398268.2,0
8,CASH_OUT,228,472960.13,133532.0,0.0,889.63,473849.76,0
8,CASH_IN,328,75633.36,153716.0,229349.36,2077294.72,2001661.36,0
8,TRANSFER,385,617882.66,617882.66,0.0,0.0,0.0,1
8,PAYMENT,163,3670.88,0.0,0.0,0.0,0.0,0
8,TRANSFER,311,2479691.37,2479691.37,0.0,0.0,0.0,1
8,TRANSFER,259,690898.41,80186.33,0.0,3338593.22,4029491.63,0
8,PAYMENT,276,8901.53,201127.82,192226.28,0.0,0.0,0
8,CASH_OUT,310,2081051.56,2081051.56,0.0,3480217.18,5561268.74,1
8,CASH_OUT,398,5300.11,1804.0,0.0,152859.17,158159.27,0
8,CASH_IN,383,193422.08,3961824.32,4155246.4,3654987.4,3461565.32,0
8,PAYMENT,134,11379.73,0.0,0.0,0.0,0.0,0
8,TRANSFER,209,250930.19,11416.0,0.0,367964.92,618895.11,0
8,PAYMENT,302,16875.66,40116.0,23240.34,0.0,0.0,0
8,CASH_OUT,163,8607.61,379659.22,371051.61,199744.77,208352.38,0
8,CASH_OUT,297,8018.43,10278.0,2259.57,16927.21,24945.64,0
8,CASH_OUT,157,338372.58,0.0,0.0,370033.7,839453.72,0
8,PAYMENT,202,16573.39,334337.84,317764.45,0.0,0.0,0
8,CASH_IN,592,113967.65,696338.0,810305.65,3773.36,0.0,0
8,CASH_OUT,254,366657.9,0.0,0.0,1268770.36,1635428.27,0
8,CASH_IN,178,72282.54,40964.0,113246.54,7794261.32,7721978.79,0
8,CASH_IN,130,554908.91,587209.41,1142118.32,951662.24,396753.33,0
8,CASH_OUT,22,138519.91,20861.0,0.0,6297560.93,6436080.84,0
8,CASH_OUT,69,2960254.17,2960254.17,0.0,620822.89,3581077.07,1
8,CASH_OUT,259,176219.46,15923.0,0.0,0.0,176219.46,0
8,PAYMENT,139,25604.89,1868.0,0.0,0.0,0.0,0
8,CASH_OUT,334,4047.74,0.0,0.0,741466.81,745514.55,0
8,PAYMENT,323,20253.58,19445.0,0.0,0.0,0.0,0
8,CASH_OUT,283,154592.98,20980.0,0.0,9749667.31,9904260.29,0
8,CASH_IN,15,269822.13,101852.0,371674.13,483971.86,214149.73,0
8,PAYMENT,11,22872.44,683334.54,660462.1,0.0,0.0,0
8,CASH_OUT,228,138169.45,687738.93,549569.48,1038768.03,1176937.48,0
8,TRANSFER,691,32935.25,32935.25,0.0,0.0,0.0,1
8,CASH_OUT,379,127463.59,3240.0,0.0,0.0,127463.59,0
8,CASH_OUT,355,281155.18,1164.0,0.0,291187.48,572342.66,0
8,TRANSFER,400,89672.99,1603.0,0.0,1609739.5,1699412.5,0
8,CASH_IN,379,88062.59,235754.0,323816.59,1954062.63,1866000.03,0
8,TRANSFER,282,350328.29,140.0,0.0,220553.27,570881.56,0
8,CASH_OUT,102,548335.12,548335.12,0.0,6534669.47,7083004.6,1
8,CASH_IN,299,238731.45,41403.0,280134.45,493701.45,254970.0,0
8,PAYMENT,458,2471.43,10962.0,8490.57,0.0,0.0,0
8,TRANSFER,305,2182864.98,0.0,0.0,989271.04,3172136.01,0
8,PAYMENT,238,12403.43,54354.0,41950.57,0.0,0.0,0
8,PAYMENT,163,887.69,40178.0,39290.31,0.0,0.0,0
8,CASH_OUT,232,86421.35,0.0,0.0,1185406.87,1271828.22,0
8,CASH_IN,135,277433.27,5524085.94,5801519.22,1830880.41,1553447.14,0
8,PAYMENT,255,7786.11,107285.0,99498.89,0.0,0.0,0
8,PAYMENT,43,8164.41,15469.1,7304.69,0.0,0.0,0
8,CASH_OUT,353,230372.59,0.0,0.0,2813178.42,3043551.01,0
8,PAYMENT,358,17245.23,771.0,0.0,0.0,0.0,0
8,CASH_IN,351,425050.71,226611.69,651662.4,12148227.48,11723176.77,0
8,CASH_OUT,11,224288.37,0.0,0.0,2934088.45,3158376.81,0
8,CASH_OUT,161,146233.85,0.0,0.0,1419965.56,2067305.35,0
8,CASH_OUT,331,15679.37,23951.0,8271.63,190939.85,206619.21,0
8,CASH_OUT,40,98884.85,0.0,0.0,1315726.35,1414611.2,0
8,CASH_OUT,283,160442.9,0.0,0.0,792950.36,953393.26,0
8,PAYMENT,357,2355.77,388622.92,386267.15,0.0,0.0,0
8,PAYMENT,163,11081.08,0.0,0.0,0.0,0.0,0
8,PAYMENT,301,22189.9,0.0,0.0,0.0,0.0,0
8,CASH_OUT,398,301269.03,44966.0,0.0,29296.01,330565.04,0
8,CASH_IN,492,332201.25,4845808.89,5178010.14,1918922.81,1586721.57,0
8,CASH_OUT,212,166930.35,0.0,0.0,6137737.63,6304667.98,0
8,PAYMENT,211,5156.68,0.0,0.0,0.0,0.0,0
8,CASH_OUT,276,97765.08,0.0,0.0,268210.57,365975.65,0
8,TRANSFER,259,51770.45,0.0,0.0,837720.41,889490.86,0
8,PAYMENT,355,5850.44,0.0,0.0,0.0,0.0,0
8,CASH_OUT,37,20023.63,14609.0,0.0,124678.19,144701.82,0
8,DEBIT,375,248.3,0.0,0.0,534160.12,534408.42,0
8,PAYMENT,375,18989.3,706.0,0.0,0.0,0.0,0
8,CASH_IN,206,367365.17,1253569.6,1620934.77,371110.48,3745.3,0
8,CASH_IN,251,7930.78,578252.0,586182.78,0.0,0.0,0
8,CASH_OUT,405,184574.74,557348.1,372773.36,1436000.52,1620575.26,0
8,CASH_IN,181,270053.79,6098967.48,6369021.27,361557.84,91504.06,0
8,PAYMENT,37,20130.95,20802.0,671.05,0.0,0.0,0
8,CASH_OUT,44,90031.72,0.0,0.0,419660.45,509692.16,0
8,PAYMENT,258,6275.92,0.0,0.0,0.0,0.0,0
8,CASH_OUT,65,385556.82,385556.82,0.0,60032.11,445588.93,1
8,CASH_OUT,139,21251.55,8145.0,0.0,0.0,21251.55,0
8,PAYMENT,34,17529.9,1169.0,0.0,0.0,0.0,0
8,CASH_IN,164,175842.81,4032.0,179874.81,0.0,0.0,0
8,CASH_OUT,375,101691.93,160445.0,58753.07,0.0,101691.93,0
8,CASH_IN,33,103359.05,30395.0,133754.05,4330281.97,4226922.92,0
8,CASH_OUT,242,428174.7,428174.7,0.0,63746.81,491921.52,1
8,CASH_OUT,232,312408.3,594046.0,281637.7,0.0,312408.3,0
8,TRANSFER,39,213702.75,0.0,0.0,223396.11,437098.87,0
8,PAYMENT,43,3504.6,16964.0,13459.4,0.0,0.0,0
8,CASH_OUT,176,455709.8,455709.8,0.0,46498.39,502208.18,1
8,PAYMENT,209,416.06,0.0,0.0,0.0,0.0,0
8,PAYMENT,156,8268.67,13129.34,4860.67,0.0,0.0,0
8,PAYMENT,347,668.58,9277.0,8608.42,0.0,0.0,0
8,TRANSFER,390,4525901.25,4525901.25,0.0,0.0,0.0,1
8,TRANSFER,368,199414.45,199414.45,0.0,0.0,0.0,1
8,CASH_OUT,228,159228.66,0.0,0.0,616885.22,776113.88,0
8,PAYMENT,275,6589.45,20964.0,14374.55,0.0,0.0,0
8,PAYMENT,242,4565.39,21447.0,16881.61,0.0,0.0,0
8,CASH_IN,215,253912.76,10332.0,264244.76,0.0,0.0,0
8,PAYMENT,476,35223.58,28355.0,0.0,0.0,0.0,0
8,TRANSFER,187,301216.59,0.0,0.0,557344.1,858560.69,0
8,TRANSFER,503,114497.49,0.0,0.0,357958.58,472456.07,0
8,PAYMENT,22,4733.09,170848.0,166114.91,0.0,0.0,0
8,PAYMENT,203,4199.44,1894.28,0.0,0.0,0.0,0
8,PAYMENT,183,7500.14,0.0,0.0,0.0,0.0,0
8,TRANSFER,325,202090.23,0.0,0.0,837742.12,1039832.35,0
8,PAYMENT,132,3949.55,0.0,0.0,0.0,0.0,0
8,PAYMENT,178,10866.14,161710.12,150843.98,0.0,0.0,0
8,PAYMENT,12,15623.99,646570.03,630946.04,0.0,0.0,0
8,CASH_OUT,325,409145.88,0.0,0.0,1058694.08,1467839.95,0
8,PAYMENT,402,14447.96,0.0,0.0,0.0,0.0,0
8,CASH_IN,9,171365.18,33744.0,205109.18,17048.0,0.0,0
8,CASH_OUT,46,15479.67,10957.0,0.0,0.0,15479.67,0
8,PAYMENT,186,6999.21,0.0,0.0,0.0,0.0,0
8,TRANSFER,515,290211.26,290211.26,0.0,0.0,0.0,1
8,CASH_IN,13,92033.3,948348.45,1040381.75,184861.37,92828.06,0
8,CASH_IN,690,313695.33,47.0,313742.33,413529.54,99834.21,0
8,CASH_OUT,9,144957.78,0.0,0.0,356414.06,575092.56,0
8,CASH_OUT,186,260810.89,182142.0,0.0,0.0,260810.89,0
8,CASH_IN,205,227533.94,686579.02,914112.96,1359416.79,1131882.84,0
8,CASH_IN,179,235060.81,4942860.94,5177921.75,3998215.83,3763155.02,0
8,CASH_OUT,184,500676.7,21857.0,0.0,91672.1,592348.8,0
8,CASH_OUT,299,202785.39,0.0,0.0,249216.93,452002.32,0
8,TRANSFER,321,2664300.37,0.0,0.0,2859256.31,5523556.67,0
8,TRANSFER,44,75089.86,0.0,0.0,29604168.12,29679257.98,0
8,CASH_OUT,41,294687.85,159.0,0.0,914282.94,1208970.79,0
8,CASH_IN,44,25126.67,510180.85,535307.52,703928.08,678801.42,0
8,CASH_OUT,673,645104.5,645104.5,0.0,0.0,645104.5,1
8,CASH_IN,306,131839.76,430978.99,562818.74,202297.95,70458.2,0
8,PAYMENT,283,9780.89,0.0,0.0,0.0,0.0,0
8,PAYMENT,237,7198.71,39708.0,32509.29,0.0,0.0,0
8,TRANSFER,280,206551.67,0.0,0.0,285062.89,491614.56,0
8,CASH_OUT,250,15272.35,0.0,0.0,182719.39,197991.73,0
8,CASH_OUT,32,604933.67,604933.67,0.0,35839.7,640773.38,1
8,CASH_OUT,465,4690769.98,4690769.98,0.0,0.0,4690769.98,1
8,TRANSFER,501,705647.68,705647.68,0.0,0.0,0.0,1
8,CASH_IN,134,113195.44,1809572.91,1922768.35,1772241.22,1659045.78,0
8,CASH_OUT,401,126779.04,0.0,0.0,878938.99,1005718.03,0
8,CASH_IN,131,130576.39,6446361.52,6576937.91,1249626.73,1119050.35,0
8,CASH_OUT,403,107277.7,2379.0,0.0,0.0,107277.7,0
8,PAYMENT,637,8635.24,546.0,0.0,0.0,0.0,0
8,PAYMENT,359,17391.53,8198.51,0.0,0.0,0.0,0
8,CASH_OUT,472,63440.63,63440.63,0.0,26850.23,90290.87,1
8,TRANSFER,302,43235.71,43235.71,0.0,0.0,0.0,1
8,PAYMENT,234,2752.33,0.0,0.0,0.0,0.0,0
8,PAYMENT,205,2341.17,0.0,0.0,0.0,0.0,0
8,TRANSFER,13,377383.67,9337.0,0.0,1164769.49,1542153.16,0
8,PAYMENT,380,13197.25,99921.0,86723.75,0.0,0.0,0
8,CASH_OUT,526,319883.28,319883.28,0.0,102882.01,422765.29,1
8,TRANSFER,397,1504283.44,0.0,0.0,4047848.37,5552131.81,0
8,CASH_IN,381,61879.91,6696195.39,6758075.29,190402.82,128522.91,0
8,TRANSFER,137,260568.03,21017.0,0.0,1750872.58,2011440.61,0
8,CASH_IN,160,37667.68,2493185.83,2530853.51,202756.87,165089.19,0
8,TRANSFER,250,1093712.92,0.0,0.0,1146406.32,2240119.24,0
8,PAYMENT,661,14456.78,78532.0,64075.22,0.0,0.0,0
8,CASH_OUT,211,147989.89,498769.0,350779.11,1440116.91,1588106.8,0
8,CASH_IN,160,135131.44,121491.0,256622.44,2485786.14,2350654.7,0
8,CASH_OUT,39,8268.53,20808.0,12539.47,1549315.05,1557583.58,0
8,PAYMENT,11,2835.48,0.0,0.0,0.0,0.0,0
8,CASH_OUT,332,53466.61,0.0,0.0,8459591.94,8513058.55,0
8,CASH_IN,405,22026.24,10910774.6,10932800.84,48325.42,26299.18,0
8,PAYMENT,376,3741.46,0.0,0.0,0.0,0.0,0
8,CASH_IN,331,279578.32,2571258.27,2850836.6,1627613.99,1348035.67,0
8,PAYMENT,375,15422.87,0.0,0.0,0.0,0.0,0
8,TRANSFER,38,265271.73,0.0,0.0,344193.71,609465.44,0
8,CASH_OUT,45,30087.84,113535.0,83447.16,1355816.48,1385904.32,0
8,CASH_IN,402,334686.47,15539947.0,15874633.47,1606103.1,1271416.63,0
8,TRANSFER,42,540483.27,340749.0,0.0,2053685.11,2594168.39,0
8,PAYMENT,11,4267.97,35451.0,31183.03,0.0,0.0,0
8,PAYMENT,398,1977.57,338175.44,336197.87,0.0,0.0,0
8,PAYMENT,37,897.43,26435.0,25537.57,0.0,0.0,0
8,TRANSFER,148,288032.02,288032.02,0.0,0.0,0.0,1
8,TRANSFER,201,746615.82,47986.45,0.0,3567158.92,4313774.74,0
8,CASH_OUT,230,146743.27,52685.0,0.0,48593.44,195336.71,0
8,TRANSFER,330,504139.92,16387.0,0.0,5469894.42,5974034.35,0
8,CASH_OUT,175,895565.06,895565.06,0.0,100335.14,995900.2,1
8,CASH_IN,135,340684.21,5287027.21,5627711.42,1319074.64,978390.43,0
8,CASH_OUT,660,6749.18,6749.18,0.0,136928.04,143677.22,1
8,CASH_IN,188,141756.57,11549.0,153305.57,2472836.05,2331079.48,0
8,CASH_IN,203,87144.37,749908.68,837053.06,483763.51,396619.14,0
8,TRANSFER,24,291305.98,291305.98,0.0,0.0,0.0,1
8,CASH_OUT,709,137596.03,14290.0,0.0,28522.32,166118.35,0
8,TRANSFER,487,1205760.86,1205760.86,0.0,0.0,0.0,1
8,CASH_OUT,383,302999.79,0.0,0.0,556112.9,859112.7,0
8,PAYMENT,249,25645.63,21332.0,0.0,0.0,0.0,0
8,CASH_OUT,36,170846.94,50522.0,0.0,1076546.41,1247393.35,0
8,CASH_OUT,305,76265.07,24762.0,0.0,432632.37,508897.44,0
8,PAYMENT,17,19576.27,229313.25,209736.98,0.0,0.0,0
8,TRANSFER,372,268224.14,1467.0,0.0,397022.7,665246.84,0
8,CASH_OUT,138,47230.18,1023.0,0.0,0.0,47230.18,0
8,PAYMENT,397,28204.14,0.0,0.0,0.0,0.0,0
8,TRANSFER,484,26654.46,26654.46,0.0,0.0,0.0,1
8,PAYMENT,281,8886.99,0.0,0.0,0.0,0.0,0
8,CASH_OUT,426,342556.24,105158.0,0.0,36285.81,378842.05,0
8,PAYMENT,335,10999.08,51699.0,40699.92,0.0,0.0,0
8,CASH_OUT,306,61713.22,340937.0,279223.78,0.0,61713.22,0
8,PAYMENT,185,9765.98,31337.0,21571.02,0.0,0.0,0
8,CASH_OUT,349,153261.97,77413.0,0.0,245712.08,398974.05,0
8,CASH_OUT,161,76465.68,3412.0,0.0,0.0,76465.68,0
8,TRANSFER,64,1814483.97,1814483.97,0.0,0.0,0.0,1
8,CASH_OUT,379,115572.24,65100.0,0.0,0.0,115572.24,0
8,CASH_OUT,310,1085637.56,1085637.56,0.0,0.0,1085637.56,1
8,PAYMENT,44,16650.68,666216.7,649566.01,0.0,0.0,0
8,CASH_OUT,259,115126.91,0.0,0.0,431481.43,546608.33,0
8,CASH_OUT,44,209339.06,0.0,0.0,492166.77,701505.83,0
8,PAYMENT,354,24892.89,0.0,0.0,0.0,0.0,0
8,CASH_OUT,400,356029.39,0.0,0.0,2552194.3,2908223.69,0
8,CASH_OUT,140,227075.38,0.0,0.0,1798898.24,2198133.08,0
8,CASH_OUT,163,18670.51,9901.0,0.0,0.0,18670.51,0
8,TRANSFER,181,412277.83,0.0,0.0,2193037.77,2605315.6,0
8,CASH_OUT,133,564462.18,0.0,0.0,6418659.86,6983122.04,0
8,CASH_OUT,306,89851.38,0.0,0.0,201003.69,290855.07,0
8,PAYMENT,162,924.09,0.0,0.0,0.0,0.0,0
8,CASH_IN,159,34780.65,2736611.64,2771392.29,60516.53,25735.88,0
8,TRANSFER,404,33360.33,79790.0,46429.67,0.0,33360.33,0
8,PAYMENT,162,11541.71,120141.18,108599.46,0.0,0.0,0
8,CASH_OUT,377,61998.39,0.0,0.0,2856138.95,2918137.34,0
8,TRANSFER,402,104574.55,0.0,0.0,17398438.33,17503012.88,0
8,TRANSFER,381,2052293.25,0.0,0.0,2106702.98,4158996.24,0
8,PAYMENT,371,45798.39,0.0,0.0,0.0,0.0,0
8,CASH_IN,33,177113.94,905999.99,1083113.93,1119401.35,942287.42,0
8,CASH_IN,276,382423.69,568204.94,950628.64,2094390.45,1711966.75,0
8,TRANSFER,41,824548.24,10219.0,0.0,6347856.4,6995618.09,0
8,CASH_OUT,565,192372.63,26417.37,0.0,1790739.77,1983112.39,0
8,PAYMENT,398,23618.72,0.0,0.0,0.0,0.0,0
8,CASH_OUT,356,144992.85,0.0,0.0,1150043.06,1295035.91,0
8,CASH_OUT,282,13775.45,0.0,0.0,393536.43,407311.88,0
8,TRANSFER,399,798747.37,0.0,0.0,1589529.88,2388277.25,0
8,CASH_OUT,188,199132.25,17844.0,0.0,22374.23,221506.48,0
8,TRANSFER,205,49040.26,10897.0,0.0,0.0,49040.26,0
8,CASH_OUT,9,73877.04,15022.0,0.0,0.0,73877.04,0
8,CASH_IN,133,541382.85,3577.0,544959.85,2395322.45,1853939.6,0
8,CASH_OUT,382,100173.24,70148.0,0.0,0.0,100173.24,0
8,PAYMENT,203,13090.24,16539.0,3448.76,0.0,0.0,0
8,TRANSFER,283,101515.68,101515.68,0.0,0.0,0.0,1
8,CASH_OUT,308,51853.25,0.0,0.0,6942207.12,6994060.37,0
8,CASH_IN,212,179310.57,380711.0,560021.57,619937.63,440627.06,0
8,CASH_IN,257,166175.9,6170074.32,6336250.22,534994.12,368818.22,0
8,CASH_OUT,231,21589.65,0.0,0.0,1393195.93,1414785.58,0
8,CASH_IN,353,236701.45,36606.0,273307.45,2142718.36,1906016.91,0
8,CASH_OUT,396,40161.43,0.0,0.0,26392662.58,26432824.01,0
8,PAYMENT,336,4929.41,1768.0,0.0,0.0,0.0,0
8,CASH_OUT,243,995710.58,995710.58,0.0,396838.56,1392549.14,1
8,CASH_IN,205,156801.9,19284.0,176085.9,160270.02,3468.12,0
8,PAYMENT,186,3366.3,10332.0,6965.7,0.0,0.0,0
8,CASH_OUT,74,1311150.9,1311150.9,0.0,0.0,1311150.9,1
8,TRANSFER,606,3973479.44,3973479.44,0.0,0.0,0.0,1
8,PAYMENT,283,9245.29,0.0,0.0,0.0,0.0,0
8,PAYMENT,573,7714.38,28175.0,20460.62,0.0,0.0,0
8,CASH_IN,187,160759.94,6417455.33,6578215.27,8314622.16,8153862.21,0
8,PAYMENT,253,15495.19,0.0,0.0,0.0,0.0,0
8,CASH_OUT,185,157260.08,1549.0,0.0,552618.39,709878.47,0
8,CASH_IN,355,107466.7,351424.47,458891.16,192097.67,84630.98,0
8,TRANSFER,166,106799.3,11035.0,0.0,0.0,106799.3,0
8,TRANSFER,262,370279.4,976.0,0.0,49280.12,419559.52,0
8,PAYMENT,139,7156.33,4043.32,0.0,0.0,0.0,0
8,TRANSFER,299,17639088.76,0.0,0.0,79515446.92,97154535.68,0
8,CASH_OUT,297,45673.57,21914.0,0.0,3361808.06,3407481.64,0
8,DEBIT,346,850.33,104488.0,103637.67,2244818.58,2245668.91,0
8,PAYMENT,234,1309.99,0.0,0.0,0.0,0.0,0
8,PAYMENT,522,8371.87,0.0,0.0,0.0,0.0,0
8,CASH_OUT,396,523911.11,353.0,0.0,0.0,523911.11,0
8,TRANSFER,188,372086.74,0.0,0.0,8257788.09,8629874.83,0
8,TRANSFER,140,1309258.88,0.0,0.0,3577741.73,4887000.61,0
8,CASH_OUT,44,74939.17,954.0,0.0,0.0,74939.17,0
8,CASH_IN,275,99021.23,105748.0,204769.23,0.0,0.0,0
8,CASH_IN,348,543042.21,3240125.14,3783167.36,14606109.09,14063066.88,0
8,CASH_IN,210,336005.95,850.0,336855.95,0.0,0.0,0
8,PAYMENT,301,35855.19,0.0,0.0,0.0,0.0,0
8,PAYMENT,299,11836.57,10434.51,0.0,0.0,0.0,0
8,TRANSFER,307,653405.16,61167.0,0.0,0.0,926912.53,0
8,CASH_IN,136,238883.76,178966.0,417849.76,0.0,353161.95,0
8,PAYMENT,209,1111.44,8205.0,7093.56,0.0,0.0,0
8,CASH_OUT,213,141943.19,0.0,0.0,735689.97,877633.15,0
8,CASH_OUT,347,110770.92,0.0,0.0,542586.5,653357.42,0
8,CASH_IN,382,117599.23,1037.0,118636.23,245008.11,127408.88,0
8,CASH_IN,500,317983.07,339760.97,657744.04,384329.36,66346.3,0
8,CASH_IN,394,261078.89,1282246.51,1543325.4,1129237.64,868158.75,0
8,PAYMENT,394,19089.3,10432.0,0.0,0.0,0.0,0
8,CASH_OUT,257,96373.69,0.0,0.0,1671090.96,1767464.65,0
8,CASH_IN,286,49985.38,42050.0,92035.38,256707.43,206722.05,0
8,PAYMENT,420,7901.07,8894.0,992.93,0.0,0.0,0
8,PAYMENT,375,6465.73,949.0,0.0,0.0,0.0,0
8,CASH_OUT,213,49084.27,49526.0,441.73,13383.46,62467.73,0
8,PAYMENT,36,30977.58,12418.0,0.0,0.0,0.0,0
8,CASH_OUT,352,34929.59,15928.0,0.0,1221648.56,1256578.15,0
8,PAYMENT,303,22426.44,0.0,0.0,0.0,0.0,0
8,PAYMENT,180,33151.83,442711.0,409559.17,0.0,0.0,0
8,TRANSFER,33,514031.52,25391.0,0.0,102352.54,2332595.89,0
8,CASH_OUT,131,229814.52,0.0,0.0,891759.19,1121573.71,0
8,TRANSFER,511,2491.85,2491.85,0.0,0.0,0.0,1
8,CASH_OUT,163,65158.1,3126.0,0.0,0.0,65158.1,0
8,CASH_IN,155,69594.8,50285.0,119879.8,4897040.08,4827445.28,0
8,PAYMENT,234,37891.92,520961.21,483069.29,0.0,0.0,0
8,TRANSFER,403,333808.21,13806.0,0.0,0.0,333808.21,0
8,PAYMENT,154,16900.8,11108.0,0.0,0.0,0.0,0
8,PAYMENT,283,9581.25,15425.0,5843.75,0.0,0.0,0
8,CASH_OUT,306,128097.01,34157.0,0.0,986546.34,1114643.35,0
8,CASH_OUT,326,296288.39,1192.0,0.0,177272.68,473561.07,0
8,CASH_IN,161,153659.12,1424888.8,1578547.92,292159.8,138500.69,0
8,CASH_OUT,329,133403.21,0.0,0.0,4638402.55,4771805.76,0
8,PAYMENT,683,26661.77,193643.95,166982.18,0.0,0.0,0
8,CASH_OUT,38,81724.77,421.0,0.0,0.0,81724.77,0
8,PAYMENT,324,21891.27,0.0,0.0,0.0,0.0,0
8,CASH_OUT,348,46901.67,178.0,0.0,366375.47,413277.14,0
8,CASH_IN,187,2765.38,16004922.26,16007687.64,746214.88,743449.51,0
8,PAYMENT,33,27316.3,0.0,0.0,0.0,0.0,0
8,PAYMENT,239,5143.95,14.0,0.0,0.0,0.0,0
8,PAYMENT,302,8206.89,104994.0,96787.11,0.0,0.0,0
8,TRANSFER,552,221077.97,221077.97,0.0,0.0,0.0,1
8,CASH_IN,180,191361.95,3212368.73,3403730.68,532687.62,341325.67,0
8,CASH_OUT,353,215434.16,984.0,0.0,481836.38,697270.54,0
8,CASH_OUT,155,272894.38,0.0,0.0,9399493.44,9672387.82,0
8,PAYMENT,335,2117.05,20755.0,18637.95,0.0,0.0,0
8,CASH_OUT,250,245428.22,0.0,0.0,933417.54,1178845.76,0
8,PAYMENT,205,487.14,1755.96,1268.83,0.0,0.0,0
8,CASH_IN,333,142622.79,6183350.82,6325973.61,4031945.7,3889322.91,0
8,CASH_OUT,234,38117.17,12471.0,0.0,380425.71,418542.88,0
8,CASH_IN,381,10151.87,11392.0,21543.87,0.0,0.0,0
8,PAYMENT,183,22047.19,70102.0,48054.81,0.0,0.0,0
8,PAYMENT,183,25346.85,2553.57,0.0,0.0,0.0,0
8,CASH_OUT,278,112719.6,0.0,0.0,959301.03,1072020.63,0
8,PAYMENT,19,10656.34,202798.31,192141.97,0.0,0.0,0
8,PAYMENT,193,25426.07,100774.0,75347.93,0.0,0.0,0
8,CASH_IN,235,73756.28,2933195.52,3006951.79,1771742.77,1697986.5,0
8,PAYMENT,336,3983.02,11123.0,7139.98,0.0,0.0,0
8,TRANSFER,254,1582890.79,22734.0,0.0,3102713.28,4685604.06,0
8,TRANSFER,260,276983.21,0.0,0.0,278135.42,555118.63,0
8,PAYMENT,332,7121.78,54850.45,47728.68,0.0,0.0,0
8,PAYMENT,186,20643.14,29777.0,9133.86,0.0,0.0,0
8,TRANSFER,349,670227.4,0.0,0.0,1444557.09,2114784.49,0
8,PAYMENT,143,4044.11,301.0,0.0,0.0,0.0,0
8,PAYMENT,404,6665.66,124481.81,117816.15,0.0,0.0,0
8,PAYMENT,227,9527.52,60371.0,50843.48,0.0,0.0,0
8,CASH_OUT,37,88835.05,32305.0,0.0,3712385.92,3801220.96,0
8,CASH_IN,44,224855.05,42957.0,267812.05,463248.01,238392.97,0
8,PAYMENT,210,3797.2,13107.0,9309.8,0.0,0.0,0
8,CASH_IN,275,42037.33,867077.7,909115.04,549002.91,506965.57,0
8,CASH_OUT,13,10826.19,0.0,0.0,372950.34,383776.53,0
8,PAYMENT,230,10035.1,40034.0,29998.9,0.0,0.0,0
8,PAYMENT,288,49194.38,13498.0,0.0,0.0,0.0,0
8,CASH_IN,377,418928.74,1515.0,420443.74,0.0,0.0,0
8,PAYMENT,186,14399.29,0.0,0.0,0.0,0.0,0
8,CASH_OUT,305,22847.52,0.0,0.0,706079.59,728927.11,0
8,PAYMENT,36,73094.0,0.0,0.0,0.0,0.0,0
8,PAYMENT,346,39018.98,71355.92,32336.95,0.0,0.0,0
8,CASH_OUT,256,48240.63,264616.22,216375.59,677780.08,726020.71,0
8,PAYMENT,321,25708.78,0.0,0.0,0.0,0.0,0
8,PAYMENT,161,6455.66,0.0,0.0,0.0,0.0,0
8,PAYMENT,514,33270.76,5407.0,0.0,0.0,0.0,0
8,PAYMENT,307,2062.58,21333.0,19270.42,0.0,0.0,0
8,PAYMENT,380,23121.79,49627.0,26505.21,0.0,0.0,0
8,PAYMENT,375,32739.96,157724.69,124984.74,0.0,0.0,0
8,PAYMENT,153,2661.4,75898.0,73236.6,0.0,0.0,0
8,CASH_IN,14,244460.88,2195327.89,2439788.77,575021.04,330560.16,0
8,PAYMENT,330,8186.73,43212.0,35025.27,0.0,0.0,0
8,PAYMENT,134,18854.74,0.0,0.0,0.0,0.0,0
8,TRANSFER,709,385373.1,105111.0,0.0,208104.0,593477.1,0
8,PAYMENT,395,5923.12,0.0,0.0,0.0,0.0,0
8,CASH_OUT,501,73328.47,73328.47,0.0,121670.8,194999.27,1
8,PAYMENT,334,1735.48,489117.92,487382.43,0.0,0.0,0
8,CASH_OUT,188,4105.68,244422.0,240316.32,849636.37,853742.04,0
8,CASH_OUT,187,22749.92,79258.85,56508.93,458252.08,481002.0,0
8,TRANSFER,717,407275.43,407275.43,0.0,0.0,0.0,1
8,CASH_OUT,277,119171.4,0.0,0.0,140314.16,259485.56,0
8,CASH_IN,177,200954.72,0.0,200954.72,1452101.21,1251146.49,0
8,CASH_OUT,375,80338.84,52171.0,0.0,3871990.97,3952329.81,0
8,PAYMENT,41,8399.34,0.0,0.0,0.0,0.0,0
8,TRANSFER,354,96079.71,0.0,0.0,7392145.01,7488224.73,0
8,CASH_IN,372,101828.0,37445.0,139273.0,302712.82,200884.81,0
8,CASH_OUT,397,23980.14,0.0,0.0,163654.13,187634.26,0
8,CASH_OUT,138,145635.74,205547.16,59911.42,165988.16,311623.89,0
8,CASH_IN,204,289850.68,20544.0,310394.68,0.0,0.0,0
8,CASH_IN,133,389910.99,6675842.39,7065753.38,522715.5,132804.5,0
8,CASH_IN,299,58720.34,6693179.43,6751899.78,3158600.27,3099879.93,0
8,CASH_IN,232,388894.65,1544758.78,1933653.43,3261422.79,2872528.14,0
8,CASH_OUT,354,231786.19,252960.0,21173.81,238929.97,470716.16,0
8,PAYMENT,323,28580.61,190470.5,161889.89,0.0,0.0,0
8,CASH_IN,11,163951.85,25196.0,189147.85,0.0,0.0,0
8,CASH_IN,135,79557.82,1624110.16,1703667.98,4776012.22,4696454.4,0
8,CASH_OUT,136,431063.93,19005.0,0.0,2215719.3,2646783.24,0
8,TRANSFER,207,209035.83,0.0,0.0,677627.13,886662.96,0
8,CASH_OUT,15,113448.43,29249.0,0.0,4962792.0,5076240.43,0
8,PAYMENT,189,16405.83,0.0,0.0,0.0,0.0,0
8,PAYMENT,396,7740.59,0.0,0.0,0.0,0.0,0
8,CASH_IN,181,30498.05,20422.0,50920.05,74026.83,43528.78,0
8,PAYMENT,350,21975.25,117101.47,95126.22,0.0,0.0,0
8,CASH_IN,375,360338.34,1946431.45,2306769.79,6178055.36,5817717.02,0
8,PAYMENT,335,1611.97,0.0,0.0,0.0,0.0,0
9,CASH_OUT,22,35234.55,10019.0,0.0,68846.39,104080.95,0
9,CASH_IN,302,336005.11,125195.0,461200.11,0.0,0.0,0
9,CASH_OUT,298,208571.34,0.0,0.0,1610710.31,1819281.66,0
9,PAYMENT,210,2383.4,0.0,0.0,0.0,0.0,0
9,PAYMENT,162,12724.54,0.0,0.0,0.0,0.0,0
9,CASH_OUT,397,85971.15,50696.0,0.0,4101679.45,4187650.61,0
9,CASH_OUT,188,54370.29,57319.0,2948.71,50690.78,105061.07,0
9,CASH_IN,372,293559.18,720575.25,1014134.43,309022.82,15463.64,0
9,PAYMENT,189,6387.73,200574.0,194186.27,0.0,0.0,0
9,TRANSFER,402,354253.07,387834.0,33580.93,7770001.98,8124255.06,0
9,PAYMENT,181,7380.35,0.0,0.0,0.0,0.0,0
9,CASH_IN,302,43483.88,910338.23,953822.11,255184.66,211700.78,0
9,CASH_OUT,34,633039.96,12685.0,0.0,675615.56,1308655.52,0
9,PAYMENT,95,4823.32,634.0,0.0,0.0,0.0,0
9,PAYMENT,544,19711.23,40561.0,20849.77,0.0,0.0,0
9,CASH_OUT,140,135452.08,0.0,0.0,1279994.58,1415446.66,0
9,PAYMENT,20,4339.49,0.0,0.0,0.0,0.0,0
9,CASH_IN,254,236212.86,7572.0,243784.86,199613.24,0.0,0
9,TRANSFER,33,334805.11,0.0,0.0,3286006.58,3620811.69,0
9,PAYMENT,597,23096.9,0.0,0.0,0.0,0.0,0
9,CASH_OUT,202,224783.24,0.0,0.0,4159726.94,4384510.18,0
9,CASH_OUT,211,344235.19,0.0,0.0,2457561.85,2801797.04,0
9,CASH_IN,159,100689.53,5060190.77,5160880.3,340619.73,239930.2,0
9,CASH_OUT,162,44407.5,26576.56,0.0,1788467.87,1832875.37,0
9,CASH_OUT,303,46670.23,0.0,0.0,324461.09,371131.32,0
9,PAYMENT,298,42258.11,180129.0,137870.89,0.0,0.0,0
9,PAYMENT,184,11890.06,20621.0,8730.94,0.0,0.0,0
9,CASH_IN,154,51622.27,5147193.52,5198815.78,61523.12,9900.85,0
9,PAYMENT,360,9082.13,5008.9,0.0,0.0,0.0,0
9,PAYMENT,380,19202.73,0.0,0.0,0.0,0.0,0
9,PAYMENT,348,37680.19,30760.0,0.0,0.0,0.0,0
9,CASH_IN,178,152962.93,14501.0,167463.93,1045122.24,892159.31,0
9,CASH_IN,298,399781.73,205028.0,604809.73,6184890.49,5785108.75,0
9,TRANSFER,36,823087.73,65931.24,0.0,1535260.59,2358348.32,0
9,PAYMENT,210,3441.01,0.0,0.0,0.0,0.0,0
9,CASH_OUT,12,16556.92,565970.99,549414.07,368.0,0.0,0
9,PAYMENT,213,4583.11,8877.0,4293.89,0.0,0.0,0
9,CASH_IN,208,174330.35,25071.0,199401.35,360742.1,186411.75,0
9,CASH_OUT,356,91323.22,120479.0,29155.78,25885.05,117208.27,0
9,CASH_OUT,411,427373.65,427373.65,0.0,64983.82,492357.46,1
9,PAYMENT,19,7840.68,0.0,0.0,0.0,0.0,0
9,CASH_OUT,181,264681.84,11145.0,0.0,4471607.19,4736289.04,0
9,CASH_IN,590,51529.3,1641184.8,1692714.11,59686.39,8157.09,0
9,PAYMENT,33,430.05,0.0,0.0,0.0,0.0,0
9,PAYMENT,334,7425.75,0.0,0.0,0.0,0.0,0
9,PAYMENT,205,4857.38,10819.0,5961.62,0.0,0.0,0
9,CASH_OUT,135,144161.41,0.0,0.0,454917.0,697757.62,0
9,CASH_OUT,189,311146.47,0.0,0.0,1181209.13,1492355.6,0
9,CASH_OUT,187,60743.21,0.0,0.0,164371.76,225114.97,0
9,CASH_OUT,322,71329.73,71329.73,0.0,0.0,71329.73,1
9,CASH_OUT,402,172245.89,84097.0,0.0,0.0,172245.89,0
9,CASH_IN,332,25956.31,4706804.08,4732760.39,156008.2,130051.89,0
9,PAYMENT,261,7080.55,0.0,0.0,0.0,0.0,0
9,CASH_IN,275,37030.4,9805972.47,9843002.87,26752821.67,26715791.28,0
9,PAYMENT,254,1633.0,0.0,0.0,0.0,0.0,0
9,CASH_IN,397,51888.16,1149438.25,1201326.4,212957.19,161069.04,0
9,TRANSFER,692,496304.51,632748.0,136443.49,326993.82,823298.33,0
9,CASH_OUT,210,11061.3,65177.0,54115.7,45193.04,56254.35,0
9,PAYMENT,139,25819.68,26425.19,605.52,0.0,0.0,0
9,PAYMENT,398,3674.03,310905.0,307230.97,0.0,0.0,0
9,CASH_IN,300,186510.68,9786572.45,9973083.13,5353665.82,5167155.14,0
9,TRANSFER,157,760644.64,10999.0,0.0,493651.72,1254296.36,0
9,CASH_OUT,163,82881.94,58748.0,0.0,0.0,82881.94,0
9,CASH_OUT,331,163826.12,0.0,0.0,978659.66,1142485.78,0
9,TRANSFER,158,457448.31,0.0,0.0,1118588.43,1576036.73,0
9,PAYMENT,164,11559.5,69827.0,58267.5,0.0,0.0,0
9,CASH_IN,299,127696.31,11651.0,139347.31,16972.28,0.0,0
9,CASH_OUT,36,383389.26,0.0,0.0,840647.35,1224036.62,0
9,TRANSFER,159,1001714.59,0.0,0.0,1441049.58,2442764.18,0
9,PAYMENT,322,19716.47,156701.5,136985.04,0.0,0.0,0
9,CASH_IN,37,66320.96,8041532.65,8107853.61,1977281.78,1910960.81,0
9,CASH_OUT,324,91616.48,0.0,0.0,309960.77,401577.24,0
9,CASH_OUT,33,43578.65,0.0,0.0,1019925.53,1063504.19,0
9,PAYMENT,380,7972.04,131694.0,123721.96,0.0,0.0,0
9,PAYMENT,192,2168.96,144657.22,142488.25,0.0,0.0,0
9,CASH_OUT,275,12425.86,0.0,0.0,827849.87,840275.73,0
9,CASH_OUT,12,59946.7,0.0,0.0,315076.21,132035.9,0
9,CASH_IN,19,302353.75,113.0,302466.75,5560471.19,5258117.44,0
9,PAYMENT,42,13144.2,33169.0,20024.8,0.0,0.0,0
9,PAYMENT,188,6642.0,11424.0,4782.0,0.0,0.0,0
9,TRANSFER,258,450696.51,0.0,0.0,4244406.94,4695103.46,0
9,PAYMENT,137,5268.05,0.0,0.0,0.0,0.0,0
9,PAYMENT,132,23190.05,0.0,0.0,0.0,0.0,0
9,CASH_IN,398,221642.03,5683246.14,5904888.17,2355384.08,2133742.05,0
9,TRANSFER,305,9050295.92,0.0,0.0,12090472.6,21140768.52,0
9,PAYMENT,226,21329.07,0.0,0.0,0.0,0.0,0
9,PAYMENT,136,10440.32,2864.0,0.0,0.0,0.0,0
9,CASH_OUT,352,79804.04,104311.0,24506.96,0.0,79804.04,0
9,PAYMENT,277,20156.93,21879.0,1722.07,0.0,0.0,0
9,CASH_IN,299,59771.96,1790536.06,1850308.02,2500573.82,2440801.85,0
9,PAYMENT,12,40367.65,0.0,0.0,0.0,0.0,0
9,CASH_OUT,586,245991.5,245991.5,0.0,54630.66,300622.16,1
9,CASH_OUT,380,42329.08,0.0,0.0,2027604.0,2069933.08,0
9,CASH_OUT,355,44016.36,0.0,0.0,54818.68,98835.04,0
9,PAYMENT,187,665.34,0.0,0.0,0.0,0.0,0
9,CASH_IN,307,197685.2,6282.0,203967.2,236282.34,38597.14,0
9,CASH_OUT,403,97167.09,0.0,0.0,423076.61,520243.7,0
9,CASH_OUT,15,7893.48,26.0,0.0,371617.7,379511.18,0
9,CASH_OUT,33,375514.83,29121.0,0.0,255662.59,631177.42,0
9,CASH_IN,404,261082.77,1117924.94,1379007.71,334580.67,73497.9,0
9,CASH_OUT,130,290252.75,0.0,0.0,1542811.8,1833064.54,0
9,CASH_OUT,328,169553.54,78.0,0.0,0.0,169553.54,0
9,CASH_IN,369,1396.71,777869.55,779266.25,530218.23,528821.52,0
9,TRANSFER,83,286769.07,286769.07,0.0,0.0,0.0,1
9,PAYMENT,142,7083.3,0.0,0.0,0.0,0.0,0
9,CASH_OUT,351,198931.29,0.0,0.0,2464842.32,2663773.61,0
9,CASH_OUT,18,333841.91,0.0,0.0,4635721.78,4961215.93,0
9,CASH_OUT,130,354272.47,0.0,0.0,9980771.91,10335044.38,0
9,CASH_OUT,44,161837.02,6691.0,0.0,596226.54,758063.56,0
9,TRANSFER,348,237001.16,0.0,0.0,275863.29,512864.45,0
9,CASH_IN,379,43805.57,7447462.86,7491268.43,8407049.17,8363243.59,0
9,PAYMENT,688,16995.93,0.0,0.0,0.0,0.0,0
9,CASH_OUT,19,149743.49,0.0,0.0,724123.08,873866.56,0
9,CASH_IN,191,83518.86,11329722.18,11413241.04,4395683.64,4312164.78,0
9,CASH_IN,226,37977.85,2599449.63,2637427.47,2694957.93,2656980.08,0
9,CASH_IN,640,175494.81,3477224.49,3652719.3,540884.98,365390.16,0
9,CASH_OUT,386,6063657.03,6063657.03,0.0,1215280.38,7278937.41,1
9,PAYMENT,277,8372.3,0.0,0.0,0.0,0.0,0
9,CASH_OUT,256,85136.8,219517.0,134380.2,549038.59,634175.39,0
9,CASH_IN,181,78000.68,20991392.06,21069392.74,6428797.81,6350797.13,0
9,TRANSFER,162,375506.42,22643.16,0.0,1311689.31,1687195.73,0
9,CASH_IN,168,269673.97,8345283.87,8614957.84,866159.18,596485.2,0
9,PAYMENT,404,12972.11,0.0,0.0,0.0,0.0,0
9,PAYMENT,158,2894.46,0.0,0.0,0.0,0.0,0
9,PAYMENT,211,12496.59,17873.0,5376.41,0.0,0.0,0
9,PAYMENT,399,18508.21,72816.15,54307.95,0.0,0.0,0
9,TRANSFER,225,18980.45,0.0,0.0,141058.2,160038.65,0
9,PAYMENT,469,14892.69,0.0,0.0,0.0,0.0,0
9,PAYMENT,19,1694.59,37824.0,36129.41,0.0,0.0,0
9,CASH_OUT,189,137160.7,293807.0,156646.3,2430.03,139590.73,0
9,CASH_OUT,137,229015.69,0.0,0.0,921302.63,1150318.33,0
9,CASH_OUT,233,70357.83,4160.0,0.0,269375.69,339733.52,0
9,CASH_IN,185,58066.73,940329.29,998396.02,666972.62,608905.89,0
9,CASH_OUT,202,65378.04,0.0,0.0,200674.95,266052.99,0
9,CASH_OUT,379,25005.25,21537.0,0.0,2727.63,27732.89,0
9,PAYMENT,236,2508.28,321984.0,319475.72,0.0,0.0,0
9,PAYMENT,253,8557.92,280022.07,271464.15,0.0,0.0,0
9,PAYMENT,133,27412.24,90231.44,62819.2,0.0,0.0,0
9,CASH_IN,642,47049.83,1361.0,48410.83,108211.13,61161.29,0
9,PAYMENT,14,19078.15,95626.03,76547.88,0.0,0.0,0
9,CASH_OUT,15,291010.79,0.0,0.0,742594.02,1565760.21,0
9,CASH_OUT,335,95596.51,16590.74,0.0,1167529.59,1263126.1,0
9,PAYMENT,371,44308.18,11335.0,0.0,0.0,0.0,0
9,CASH_OUT,402,264533.11,0.0,0.0,2275899.06,2540432.17,0
9,PAYMENT,393,23691.77,0.0,0.0,0.0,0.0,0
9,CASH_OUT,379,291831.14,0.0,0.0,823386.53,1115217.67,0
9,CASH_OUT,162,236062.2,10010.0,0.0,333424.94,569487.15,0
9,PAYMENT,402,6860.2,46929.0,40068.8,0.0,0.0,0
9,CASH_IN,42,73112.25,20021906.57,20095018.83,528861.92,455749.66,0
9,CASH_OUT,379,107190.77,49190.0,0.0,0.0,107190.77,0
9,CASH_OUT,139,218800.57,11252.0,0.0,0.0,218800.57,0
9,CASH_OUT,406,19434.73,282.0,0.0,495342.99,514777.73,0
9,CASH_OUT,181,86391.03,29925.0,0.0,0.0,86391.03,0
9,PAYMENT,260,11703.38,247620.0,235916.62,0.0,0.0,0
9,CASH_OUT,398,231345.81,302177.0,70831.19,0.0,231345.81,0
9,PAYMENT,279,1188.62,141451.0,140262.38,0.0,0.0,0
9,CASH_OUT,326,266911.86,160832.0,0.0,0.0,266911.86,0
9,CASH_OUT,185,10905.79,0.0,0.0,702436.16,713341.95,0
9,CASH_OUT,404,2754759.04,2754759.04,0.0,0.0,2754759.04,1
9,PAYMENT,328,47243.83,11096.0,0.0,0.0,0.0,0
9,PAYMENT,263,5813.88,47685.71,41871.82,0.0,0.0,0
9,CASH_OUT,228,1323909.85,1323909.85,0.0,1010731.91,2334641.76,1
9,CASH_IN,139,65137.51,3333919.12,3399056.63,213095.54,147958.03,0
9,CASH_IN,178,101213.12,3312229.15,3413442.27,534301.75,433088.63,0
9,CASH_OUT,150,119454.86,119454.86,0.0,0.0,119454.86,1
9,CASH_IN,374,246264.68,5957700.18,6203964.86,2826367.59,2580102.9,0
9,TRANSFER,514,4426987.93,344.0,0.0,306362.47,4733350.4,0
9,CASH_OUT,323,127239.67,0.0,0.0,455179.42,582419.08,0
9,CASH_OUT,329,52708.89,19749.0,0.0,131290.42,183999.31,0
9,CASH_OUT,178,173200.29,151294.0,0.0,3435.0,158106.26,0
9,PAYMENT,252,20976.67,5600.0,0.0,0.0,0.0,0
9,CASH_IN,226,517084.53,3742054.5,4259139.03,1363567.48,846482.95,0
9,CASH_OUT,255,147360.48,0.0,0.0,372269.53,519630.01,0
9,TRANSFER,692,507756.88,27.0,0.0,667510.7,1175267.59,0
9,PAYMENT,251,2153.28,12575.0,10421.72,0.0,0.0,0
9,PAYMENT,16,889.31,31043.6,30154.29,0.0,0.0,0
9,CASH_OUT,236,76895.71,0.0,0.0,655009.2,731904.91,0
9,CASH_IN,301,78819.29,6394639.27,6473458.56,216166.13,137346.84,0
9,PAYMENT,13,3269.12,38496.39,35227.27,0.0,0.0,0
9,CASH_OUT,235,199915.65,0.0,0.0,801070.84,1000986.49,0
9,CASH_OUT,399,409290.43,51635.0,0.0,0.0,409290.43,0
9,TRANSFER,162,444922.65,0.0,0.0,1159299.43,1604222.08,0
9,PAYMENT,166,9258.85,15869.0,6610.15,0.0,0.0,0
9,CASH_OUT,329,170689.8,0.0,0.0,10532638.97,10619530.02,0
9,CASH_IN,130,287541.9,11040245.31,11327787.21,604053.44,316511.54,0
9,PAYMENT,10,4775.97,36077.0,31301.03,0.0,0.0,0
9,PAYMENT,328,54773.38,32718.99,0.0,0.0,0.0,0
9,CASH_OUT,229,175625.83,30625.0,0.0,517242.95,600763.24,0
9,PAYMENT,13,30474.68,0.0,0.0,0.0,0.0,0
9,CASH_OUT,297,36948.03,119.0,0.0,39129.61,76077.64,0
9,PAYMENT,307,4019.32,4907.36,888.03,0.0,0.0,0
9,CASH_OUT,257,51035.64,0.0,0.0,6868130.14,6919165.78,0
9,TRANSFER,188,51867.93,0.0,0.0,4020191.16,4072059.09,0
9,PAYMENT,187,4151.33,0.0,0.0,0.0,0.0,0
9,PAYMENT,330,243.91,0.0,0.0,0.0,0.0,0
9,PAYMENT,140,14914.98,0.0,0.0,0.0,0.0,0
9,CASH_OUT,40,253595.33,297852.0,44256.67,196189.0,449784.33,0
9,CASH_OUT,312,124522.57,0.0,0.0,359516.47,484039.05,0
9,CASH_OUT,542,1068398.61,1068398.61,0.0,0.0,1068398.61,1
9,CASH_IN,298,10652.37,30352.0,41004.37,0.0,0.0,0
9,CASH_OUT,40,54440.1,0.0,0.0,73675.07,128115.17,0
9,PAYMENT,393,17006.25,24966.0,7959.75,0.0,0.0,0
9,PAYMENT,400,16038.1,116009.87,99971.77,0.0,0.0,0
9,CASH_OUT,139,4569.98,0.0,0.0,534594.43,539164.41,0
9,PAYMENT,155,18259.93,21069.0,2809.07,0.0,0.0,0
9,TRANSFER,207,642643.56,0.0,0.0,3750101.64,4392745.2,0
9,PAYMENT,134,21819.72,0.0,0.0,0.0,0.0,0
9,CASH_OUT,304,360294.59,0.0,0.0,391975.18,752269.77,0
9,PAYMENT,540,2654.11,45740.0,43085.89,0.0,0.0,0
9,CASH_OUT,13,145904.33,0.0,0.0,488727.88,634632.21,0
9,CASH_OUT,141,242136.73,209202.0,0.0,0.0,242136.73,0
9,CASH_IN,260,4354.71,9206256.69,9210611.4,414639.88,410285.18,0
9,CASH_OUT,43,189241.8,0.0,0.0,553118.92,742360.72,0
9,CASH_OUT,180,173309.11,173309.11,0.0,0.0,173309.11,1
9,PAYMENT,154,24537.58,0.0,0.0,0.0,0.0,0
9,PAYMENT,545,18974.21,84546.8,65572.59,0.0,0.0,0
9,CASH_IN,588,282789.12,4597070.88,4879859.99,758308.86,475519.74,0
9,PAYMENT,10,8792.87,577962.9,569170.03,0.0,0.0,0
9,CASH_OUT,380,198259.74,0.0,0.0,7867515.81,8065775.55,0
9,CASH_OUT,370,135263.8,294.0,0.0,1284723.09,1419986.89,0
9,PAYMENT,180,22601.31,1312.0,0.0,0.0,0.0,0
9,CASH_OUT,136,211295.23,724.0,0.0,1675.83,212971.06,0
9,PAYMENT,404,11238.9,12403.0,1164.1,0.0,0.0,0
9,CASH_OUT,160,204537.19,50007.0,0.0,0.0,204537.19,0
9,CASH_OUT,256,395925.73,3454.0,0.0,148424.57,544350.3,0
9,TRANSFER,108,566142.89,566142.89,0.0,0.0,0.0,1
9,PAYMENT,207,12303.81,0.0,0.0,0.0,0.0,0
9,CASH_OUT,300,394962.55,244213.0,0.0,0.0,394962.55,0
9,CASH_OUT,184,351388.46,30842.0,0.0,1885442.74,2236831.19,0
9,CASH_OUT,12,233879.02,10246.0,0.0,898753.1,1279762.04,0
9,CASH_IN,163,79202.77,11512.0,90714.77,970294.21,891091.44,0
9,CASH_OUT,284,122939.88,0.0,0.0,192099.06,315038.94,0
9,CASH_OUT,619,37192.36,44711.0,7518.64,0.0,37192.36,0
9,PAYMENT,251,23377.04,0.0,0.0,0.0,0.0,0
9,PAYMENT,373,15351.38,19701.0,4349.62,0.0,0.0,0
9,CASH_IN,137,223647.54,2874.0,226521.54,165447.16,0.0,0
9,CASH_IN,133,187030.68,5117397.09,5304427.77,601716.48,414685.8,0
9,CASH_IN,333,131781.25,3010317.28,3142098.54,287291.25,155510.0,0
9,CASH_IN,371,49558.11,2080169.61,2129727.72,499522.64,449964.53,0
9,PAYMENT,396,6007.3,41673.0,35665.7,0.0,0.0,0
9,PAYMENT,22,12405.99,50839.0,38433.01,0.0,0.0,0
9,TRANSFER,56,136562.78,136562.78,0.0,0.0,0.0,1
9,TRANSFER,230,759831.7,24679.0,0.0,673364.64,1433196.35,0
9,CASH_OUT,325,163136.13,0.0,0.0,573970.46,737106.59,0
9,CASH_OUT,305,342731.46,46664.0,0.0,155082.26,497813.72,0
9,TRANSFER,17,724093.09,50216.0,0.0,500050.83,1224143.92,0
9,TRANSFER,347,685343.89,10442.0,0.0,0.0,685343.89,0
9,CASH_OUT,326,138577.51,14611.0,0.0,0.0,138577.51,0
9,PAYMENT,227,20044.53,291.0,0.0,0.0,0.0,0
9,CASH_OUT,518,95105.01,95105.01,0.0,1779246.39,1874351.4,1
9,CASH_IN,236,20388.34,28704.0,49092.34,0.0,0.0,0
9,CASH_IN,43,498645.67,1470602.49,1969248.16,2262778.48,1764132.81,0
9,CASH_OUT,567,84293.22,0.0,0.0,236435.68,320728.9,0
9,CASH_OUT,43,5538.9,0.0,0.0,3734718.18,3740257.08,0
9,CASH_IN,162,187730.48,21303.0,209033.48,0.0,0.0,0
9,TRANSFER,404,270558.67,0.0,0.0,320110.19,590668.86,0
9,TRANSFER,543,57204.07,57204.07,0.0,0.0,0.0,1
9,CASH_OUT,274,43259.72,16489.25,0.0,43757.91,87017.63,0
9,CASH_OUT,182,285257.32,41960.0,0.0,92272.82,377530.13,0
9,CASH_IN,41,248089.23,341042.46,589131.68,4425978.64,4177889.41,0
9,CASH_IN,544,44506.11,3517305.2,3561811.31,384664.65,340158.54,0
9,TRANSFER,739,176549.59,176549.59,0.0,0.0,0.0,1
9,CASH_IN,204,293543.23,2971713.17,3265256.41,3613202.34,3319659.11,0
9,PAYMENT,232,16056.32,0.0,0.0,0.0,0.0,0
9,CASH_IN,278,31081.48,886482.86,917564.34,864749.01,833667.53,0
9,CASH_IN,346,114080.97,2430274.5,2544355.47,515962.83,401881.87,0
9,CASH_IN,326,19138.81,6980844.79,6999983.6,3517717.91,3498579.1,0
9,CASH_IN,155,257079.41,753276.86,1010356.27,1649018.93,1391939.52,0
9,CASH_IN,394,206976.5,7656680.43,7863656.93,3067684.96,2860708.46,0
9,CASH_OUT,18,8552.19,0.0,0.0,7715117.16,7033033.84,0
9,TRANSFER,179,87080.18,0.0,0.0,3129206.36,3216286.53,0
9,CASH_IN,395,116265.66,3637232.84,3753498.49,897477.18,781211.52,0
9,TRANSFER,228,497526.17,497526.17,0.0,0.0,0.0,1
9,PAYMENT,370,4778.73,485120.5,480341.78,0.0,0.0,0
9,PAYMENT,160,11656.06,211381.2,199725.14,0.0,0.0,0
9,CASH_IN,333,174248.03,5507800.61,5682048.64,281526.96,107278.93,0
9,PAYMENT,257,8387.14,11266.0,2878.86,0.0,0.0,0
9,CASH_IN,381,29328.88,204240.26,233569.14,339290.72,309961.84,0
9,CASH_IN,35,38253.54,15937.0,54190.54,22808.49,0.0,0
9,PAYMENT,234,4051.52,0.0,0.0,0.0,0.0,0
9,CASH_IN,404,244773.0,2483.0,247256.0,0.0,0.0,0
9,CASH_IN,37,290393.67,6222885.65,6513279.32,492345.64,201951.97,0
9,CASH_OUT,327,163403.67,95342.0,0.0,475384.74,638788.4,0
9,CASH_OUT,153,46144.74,0.0,0.0,471963.64,725099.18,0
9,CASH_IN,235,78707.81,16815.0,95522.81,1815886.73,1737178.92,0
9,CASH_OUT,383,9161.22,35708.31,26547.09,1309231.09,1318392.31,0
9,PAYMENT,397,31405.51,49575.0,18169.49,0.0,0.0,0
9,TRANSFER,232,269677.29,50318.0,0.0,1078443.49,1348120.79,0
9,CASH_OUT,212,231445.78,0.0,0.0,892751.28,1124197.06,0
9,CASH_IN,330,267445.32,9589070.35,9856515.67,1885976.94,1618531.62,0
9,CASH_OUT,253,304623.36,808200.0,503576.64,0.0,304623.36,0
9,CASH_OUT,42,322014.46,335.0,0.0,307836.8,629851.26,0
9,CASH_OUT,40,7887.75,7887.75,0.0,0.0,7887.75,1
9,CASH_OUT,321,414583.15,59738.0,0.0,0.0,414583.15,0
9,TRANSFER,143,810599.16,810599.16,0.0,0.0,0.0,1
9,PAYMENT,137,17406.68,0.0,0.0,0.0,0.0,0
9,CASH_IN,186,111783.25,3110.0,114893.25,0.0,0.0,0
9,CASH_IN,190,436465.41,61969.0,498434.41,163256.92,0.0,0
9,CASH_OUT,18,40397.15,0.0,0.0,3585605.16,3843473.6,0
9,CASH_IN,278,166649.6,3240502.08,3407151.68,334642.58,167992.98,0
9,PAYMENT,227,8534.36,0.0,0.0,0.0,0.0,0
9,CASH_OUT,373,198081.63,258.0,0.0,328556.21,526637.84,0
9,TRANSFER,304,1187272.58,407521.98,0.0,2787051.47,3974324.04,0
9,PAYMENT,140,2137.06,30544.0,28406.94,0.0,0.0,0
9,CASH_OUT,275,41560.79,104647.0,63086.21,0.0,41560.79,0
9,CASH_OUT,601,74854.93,74854.93,0.0,8622604.94,8697459.86,1
9,PAYMENT,327,16373.52,40636.0,24262.48,0.0,0.0,0
9,CASH_OUT,356,54708.04,0.0,0.0,612643.17,667351.2,0
9,TRANSFER,173,20311.17,20311.17,0.0,0.0,0.0,1
9,PAYMENT,230,7278.44,442.0,0.0,0.0,0.0,0
9,CASH_IN,212,86470.89,8266764.45,8353235.34,5068394.14,4981923.25,0
9,CASH_IN,253,165339.1,1494597.73,1659936.83,242296.58,76957.48,0
9,CASH_OUT,178,168449.15,0.0,0.0,10462709.38,10631158.53,0
9,CASH_IN,399,72854.95,3436730.68,3509585.63,3358912.68,3286057.73,0
9,PAYMENT,378,4634.88,0.0,0.0,0.0,0.0,0
9,CASH_OUT,323,406275.49,19846.0,0.0,610011.55,1016287.04,0
9,TRANSFER,227,2826695.44,24928.79,0.0,17917040.79,20743736.23,0
9,CASH_IN,154,139102.13,4461997.28,4601099.42,2032286.87,1893184.74,0
9,CASH_IN,403,641445.53,3190282.66,3831728.19,1082564.94,441119.41,0
9,TRANSFER,330,249007.69,0.0,0.0,323541.5,572549.19,0
9,PAYMENT,259,17996.87,35963.34,17966.47,0.0,0.0,0
9,PAYMENT,394,17620.77,0.0,0.0,0.0,0.0,0
9,CASH_OUT,34,246664.41,496821.0,250156.59,1092680.68,1339345.09,0
9,CASH_IN,157,236258.88,20017.0,256275.88,1393431.29,1157172.41,0
9,PAYMENT,370,8296.86,28271.0,19974.14,0.0,0.0,0
9,TRANSFER,422,2897907.81,2897907.81,0.0,0.0,0.0,1
9,PAYMENT,374,13459.99,449493.95,436033.96,0.0,0.0,0
9,TRANSFER,179,194235.13,5331.8,0.0,291912.46,486147.59,0
9,PAYMENT,505,7879.08,16201.0,8321.92,0.0,0.0,0
9,CASH_OUT,522,73856.16,0.0,0.0,404623.91,478480.07,0
9,TRANSFER,234,2346105.9,0.0,0.0,13310047.43,15656153.34,0
9,PAYMENT,426,12650.91,0.0,0.0,0.0,0.0,0
9,CASH_IN,324,254111.55,292859.29,546970.84,262321.5,8209.95,0
9,CASH_OUT,579,1540624.7,1540624.7,0.0,78012.35,1618637.05,1
9,PAYMENT,352,19222.93,385997.0,366774.07,0.0,0.0,0
9,CASH_OUT,690,5208.02,11150.36,5942.34,2325583.33,2330791.36,0
9,CASH_OUT,187,190704.93,0.0,0.0,2232329.0,2423033.93,0
9,CASH_OUT,138,38239.61,41011.0,2771.39,162902.48,201142.09,0
9,TRANSFER,329,204801.21,19925.0,0.0,0.0,204801.21,0
9,PAYMENT,353,8762.73,206589.24,197826.52,0.0,0.0,0
9,CASH_OUT,206,236928.32,0.0,0.0,381711.39,618639.71,0
9,PAYMENT,48,8838.18,50627.0,41788.82,0.0,0.0,0
9,PAYMENT,356,9860.64,0.0,0.0,0.0,0.0,0
9,CASH_OUT,155,259447.4,153676.85,0.0,3117363.94,3300365.93,0
9,CASH_IN,330,133306.04,300157.42,433463.47,191542.96,58236.92,0
9,PAYMENT,251,34427.45,199840.0,165412.55,0.0,0.0,0
9,PAYMENT,161,26734.97,0.0,0.0,0.0,0.0,0
9,CASH_OUT,374,166005.4,0.0,0.0,708577.55,874582.95,0
9,TRANSFER,100,28871.9,28871.9,0.0,0.0,0.0,1
9,CASH_OUT,249,87631.26,30234.0,0.0,11159085.14,11246716.4,0
9,PAYMENT,235,5175.69,48672.11,43496.42,0.0,0.0,0
9,PAYMENT,177,13792.37,0.0,0.0,0.0,0.0,0
9,CASH_OUT,276,455017.15,0.0,0.0,2605669.85,3060687.0,0
9,CASH_IN,210,163580.51,3362800.73,3526381.24,219472.75,55892.25,0
9,PAYMENT,180,13707.2,0.0,0.0,0.0,0.0,0
9,TRANSFER,284,28044905.96,0.0,0.0,29390520.76,57435426.72,0
9,PAYMENT,297,807.34,213195.64,212388.29,0.0,0.0,0
9,CASH_OUT,204,69775.65,1470.0,0.0,0.0,69775.65,0
9,CASH_OUT,188,81091.09,129.0,0.0,0.0,81091.09,0
9,CASH_OUT,350,5963850.34,5963850.34,0.0,224597.16,6188447.5,1
9,PAYMENT,20,1429.91,0.0,0.0,0.0,0.0,0
9,CASH_IN,37,73169.03,16260011.28,16333180.32,447373.85,651494.51,0
9,CASH_OUT,20,210627.67,0.0,0.0,387972.94,598600.61,0
9,CASH_OUT,205,249928.02,15725.0,0.0,1496721.4,1746649.42,0
9,CASH_OUT,681,807466.16,807466.16,0.0,103628.07,911094.22,1
9,CASH_OUT,331,182097.52,462618.52,280521.0,1164682.36,1346779.89,0
9,DEBIT,162,4672.28,10662.0,5989.72,1132543.66,1137215.94,0
9,CASH_IN,487,237523.71,1996191.84,2233715.55,571261.32,333737.6,0
9,PAYMENT,370,11776.35,0.0,0.0,0.0,0.0,0
9,PAYMENT,162,13487.19,12368.0,0.0,0.0,0.0,0
9,DEBIT,203,5646.52,21543.0,15896.48,781497.1,787143.62,0
9,TRANSFER,162,1159754.66,99438.0,0.0,1643413.84,2803168.5,0
9,CASH_OUT,396,3742.48,19586.0,15843.52,544876.48,548618.97,0
9,PAYMENT,395,8586.73,0.0,0.0,0.0,0.0,0
9,CASH_OUT,255,61705.16,68652.0,6946.84,0.0,61705.16,0
9,CASH_OUT,14,23602.78,0.0,0.0,111627.98,162655.66,0
9,CASH_IN,670,80323.71,7387840.83,7468164.54,1564889.23,1484565.52,0
9,PAYMENT,329,5528.78,690.0,0.0,0.0,0.0,0
9,CASH_OUT,347,69579.44,49940.0,0.0,0.0,69579.44,0
9,CASH_OUT,17,200690.01,0.0,0.0,207960.48,408650.5,0
9,CASH_OUT,181,40756.66,0.0,0.0,232251.79,513916.97,0
9,CASH_OUT,425,287720.41,287720.41,0.0,174700.67,462421.08,1
9,CASH_IN,140,191499.98,640213.33,831713.31,1602788.77,1411288.79,0
9,TRANSFER,728,287040.14,287040.14,0.0,0.0,0.0,1
9,CASH_IN,206,85268.4,212800.0,298068.4,0.0,0.0,0
9,PAYMENT,134,2086.31,0.0,0.0,0.0,0.0,0
9,CASH_IN,12,652786.93,40480.03,693266.96,828527.28,175740.34,0
9,CASH_IN,163,111713.93,0.0,111713.93,654729.78,543015.86,0
9,CASH_OUT,301,194515.19,11555.0,0.0,2714938.53,3072420.95,0
9,PAYMENT,10,16303.42,60228.0,43924.58,0.0,0.0,0
9,PAYMENT,287,14132.26,0.0,0.0,0.0,0.0,0
9,PAYMENT,17,12437.54,0.0,0.0,0.0,0.0,0
9,CASH_IN,187,70669.95,847864.36,918534.31,1079173.35,1008503.4,0
9,CASH_IN,136,172352.11,3731485.09,3903837.2,5516769.93,5344417.82,0
9,CASH_OUT,20,254181.07,0.0,0.0,11251005.97,11505187.03,0
9,CASH_OUT,273,174446.31,248451.0,74004.69,118743.18,293189.49,0
9,CASH_OUT,254,85734.55,0.0,0.0,1773398.2,1859132.75,0
9,CASH_OUT,7,112683.32,22993.11,0.0,284590.44,397273.75,0
9,CASH_OUT,205,188473.09,188473.09,0.0,209686.58,398159.67,1
9,CASH_IN,257,63881.2,12720011.12,12783892.32,172914.77,109033.56,0
9,CASH_IN,384,196783.29,4575747.96,4772531.25,8720998.31,8524215.02,0
9,PAYMENT,306,10790.23,0.0,0.0,0.0,0.0,0
9,CASH_IN,285,62352.49,53200.91,115553.4,189663.8,127311.31,0
9,CASH_OUT,345,215355.76,0.0,0.0,1680637.68,1895993.44,0
9,PAYMENT,257,8228.98,0.0,0.0,0.0,0.0,0
9,PAYMENT,324,9761.76,0.0,0.0,0.0,0.0,0
9,CASH_OUT,307,133692.62,327537.0,193844.38,3918267.47,4051960.08,0
9,CASH_IN,406,131479.09,3889186.68,4020665.77,196912.0,65432.91,0
9,CASH_IN,17,122831.26,5151621.32,5274452.58,1008116.78,1158773.65,0
9,CASH_OUT,274,134212.41,74633.0,0.0,1893179.06,2027391.47,0
9,CASH_OUT,14,367103.15,50122.0,0.0,452103.23,1162530.79,0
9,CASH_OUT,258,150327.76,0.0,0.0,267834.05,418161.81,0
9,CASH_IN,262,3582.73,4879393.58,4882976.32,2670949.84,2667367.11,0
9,CASH_OUT,701,731113.99,731113.99,0.0,6041587.18,6772701.17,1
9,CASH_OUT,181,172860.79,0.0,0.0,577677.17,750537.96,0
9,CASH_OUT,208,182475.03,0.0,0.0,3539128.54,3721603.57,0
9,CASH_OUT,369,159708.01,80342.0,0.0,1787826.45,1947534.46,0
9,CASH_IN,259,44718.77,128508.0,173226.77,0.0,0.0,0
9,CASH_OUT,11,355932.55,0.0,0.0,532981.06,974947.11,0
9,CASH_IN,14,30955.84,9079559.13,9110514.97,3518553.82,4180225.71,0
9,PAYMENT,329,337.61,753422.88,753085.27,0.0,0.0,0
9,CASH_OUT,138,260650.05,0.0,0.0,3559286.28,3819936.33,0
9,PAYMENT,236,6825.43,95577.0,88751.57,0.0,0.0,0
9,TRANSFER,212,263455.62,0.0,0.0,496436.27,759891.89,0
9,CASH_IN,34,22073.16,23168266.68,23190339.84,171227.13,149153.97,0
9,CASH_OUT,589,67389.74,0.0,0.0,29741731.36,29809121.09,0
9,CASH_OUT,275,78697.28,0.0,0.0,270037.16,348734.44,0
9,CASH_IN,328,120403.64,20533.0,140936.64,282494.13,162090.49,0
9,CASH_IN,156,62158.75,16458260.11,16520418.86,818664.76,756506.01,0
9,PAYMENT,228,34409.14,97332.33,62923.19,0.0,0.0,0
9,PAYMENT,37,16739.19,0.0,0.0,0.0,0.0,0
9,TRANSFER,158,193171.29,13046.0,0.0,290880.02,417175.43,0
9,PAYMENT,587,5248.33,37522.0,32273.67,0.0,0.0,0
9,PAYMENT,356,14412.83,0.0,0.0,0.0,0.0,0
9,TRANSFER,215,1694952.08,290646.17,0.0,1720900.95,3415853.03,0
9,CASH_OUT,373,109080.48,11672.0,0.0,1015432.64,1124513.12,0
9,TRANSFER,183,2075328.73,2075328.73,0.0,0.0,0.0,1
9,DEBIT,191,4714.75,51837.0,47122.25,1174775.3,1179490.05,0
9,CASH_OUT,321,214798.85,0.0,0.0,662567.01,877365.85,0
9,CASH_OUT,187,55763.51,15941.0,0.0,8334603.65,8390367.16,0
9,TRANSFER,348,8386298.46,6157.0,0.0,6768.51,8393066.97,0
9,PAYMENT,140,12524.68,127225.03,114700.35,0.0,0.0,0
9,CASH_OUT,302,289938.67,20419.0,0.0,0.0,289938.67,0
9,CASH_IN,202,144855.81,3489198.13,3634053.94,861116.33,716260.53,0
9,TRANSFER,643,4222595.06,4222595.06,0.0,0.0,0.0,1
9,CASH_OUT,355,90273.62,0.0,0.0,2471227.59,2561501.22,0
9,CASH_OUT,253,257348.5,3044.0,0.0,0.0,257348.5,0
9,CASH_OUT,20,188074.48,0.0,0.0,1202750.95,1390825.43,0
9,PAYMENT,232,3071.48,126553.0,123481.52,0.0,0.0,0
9,CASH_OUT,406,79776.31,0.0,0.0,181783.96,261560.26,0
9,CASH_OUT,260,228137.17,143832.0,0.0,213365.04,441502.22,0
9,CASH_OUT,252,472635.63,703.0,0.0,198986.05,671621.68,0
9,CASH_IN,230,45924.41,4812304.32,4858228.73,122152.12,76227.71,0
9,CASH_OUT,153,42355.91,0.0,0.0,1227004.38,1269360.28,0
9,PAYMENT,159,16277.73,118830.0,102552.27,0.0,0.0,0
9,PAYMENT,212,8113.01,63299.41,55186.4,0.0,0.0,0
9,TRANSFER,226,323319.19,0.0,0.0,615408.55,938727.75,0
9,CASH_OUT,282,122939.85,0.0,0.0,288089.09,411028.94,0
9,CASH_OUT,14,202686.38,0.0,0.0,297384.57,500070.95,0
9,CASH_OUT,141,168423.71,22524.0,0.0,0.0,168423.71,0
9,PAYMENT,153,13834.52,59879.0,46044.48,0.0,0.0,0
9,CASH_IN,351,272292.12,20320.0,292612.12,0.0,0.0,0
9,CASH_OUT,275,284302.45,0.0,0.0,300712.18,585014.62,0
9,PAYMENT,298,39930.97,70095.0,30164.03,0.0,0.0,0
9,PAYMENT,331,8529.23,164989.75,156460.53,0.0,0.0,0
9,PAYMENT,205,803.11,157110.98,156307.87,0.0,0.0,0
9,TRANSFER,206,359287.25,20242.0,0.0,1059714.44,1419001.69,0
9,PAYMENT,354,1777.26,0.0,0.0,0.0,0.0,0
9,PAYMENT,251,31940.1,22322.0,0.0,0.0,0.0,0
9,PAYMENT,395,16877.07,0.0,0.0,0.0,0.0,0
9,TRANSFER,522,154982.31,0.0,0.0,777953.4,932935.72,0
9,CASH_OUT,154,6402.83,18186.0,11783.17,0.0,6402.83,0
9,CASH_IN,379,59174.16,24604363.7,24663537.86,478179.59,419005.43,0
9,PAYMENT,10,28753.06,10245.0,0.0,0.0,0.0,0
9,TRANSFER,330,398995.08,15664.0,0.0,180569.04,579564.12,0
9,CASH_OUT,211,246813.67,0.0,0.0,735930.37,982744.03,0
9,CASH_IN,250,260685.46,14301.0,274986.46,0.0,0.0,0
9,PAYMENT,656,7425.53,42546.0,35120.47,0.0,0.0,0
9,PAYMENT,233,15003.81,0.0,0.0,0.0,0.0,0
9,PAYMENT,251,4028.92,406.0,0.0,0.0,0.0,0
9,PAYMENT,163,2370.42,0.0,0.0,0.0,0.0,0
9,CASH_OUT,253,150133.63,0.0,0.0,187402.86,337536.5,0
9,CASH_OUT,305,2321633.57,2321633.57,0.0,0.0,2321633.57,1
9,CASH_IN,155,212865.68,2091262.87,2304128.56,6603006.5,6390140.81,0
9,TRANSFER,16,519968.03,90153.0,0.0,0.0,519968.03,0
9,PAYMENT,134,36318.78,232224.0,195905.22,0.0,0.0,0
9,PAYMENT,210,117.04,70929.0,70811.96,0.0,0.0,0
9,TRANSFER,723,72955.08,72955.08,0.0,0.0,0.0,1
9,PAYMENT,215,10434.33,10077.0,0.0,0.0,0.0,0
9,TRANSFER,644,70669.49,70669.49,0.0,0.0,0.0,1
9,CASH_OUT,166,183439.72,159.0,0.0,74311.54,257751.26,0
9,CASH_IN,42,174736.25,11154.0,185890.25,6422824.6,6248088.35,0
9,CASH_IN,136,24823.37,13700.0,38523.37,0.0,0.0,0
9,CASH_IN,378,235380.42,24449.0,259829.42,134817.44,0.0,0
9,CASH_IN,283,66989.7,3212750.67,3279740.37,332369.61,265379.91,0
9,PAYMENT,276,30201.08,11232.0,0.0,0.0,0.0,0
9,CASH_OUT,249,227811.22,0.0,0.0,649429.3,877240.51,0
9,PAYMENT,162,2991.16,0.0,0.0,0.0,0.0,0
9,PAYMENT,330,14208.3,0.0,0.0,0.0,0.0,0
9,CASH_OUT,667,429257.45,429257.45,0.0,0.0,429257.45,1
