window_id,type,step,amount,oldbalanceOrg,newbalanceOrig,oldbalanceDest,newbalanceDest,isFraud
0,CASH_OUT,307,99354.18,42619.0,0.0,0.0,99354.18,0
0,CASH_OUT,235,159540.81,225.0,0.0,1452978.32,1612519.13,0
0,CASH_IN,326,299739.02,10421262.83,10721001.85,7525136.84,7225397.82,0
0,CASH_OUT,161,237685.97,0.0,0.0,2717517.98,2955203.94,0
0,CASH_OUT,45,68154.83,214255.52,146100.69,319254.61,387409.44,0
0,TRANSFER,262,639680.32,639680.32,0.0,0.0,0.0,1
0,CASH_OUT,735,92735.71,92735.71,0.0,921583.3,1014319.01,1
0,PAYMENT,203,3381.4,51568.62,48187.22,0.0,0.0,0
0,CASH_IN,278,189211.49,3774736.68,3963948.18,1272157.29,1082945.8,0
0,PAYMENT,202,1610.09,321532.67,319922.58,0.0,0.0,0
0,CASH_IN,186,36153.68,171234.0,207387.68,1368592.03,1332438.35,0
0,PAYMENT,394,11081.99,0.0,0.0,0.0,0.0,0
0,PAYMENT,383,8549.95,176.0,0.0,0.0,0.0,0
0,PAYMENT,694,7420.32,16138.0,8717.68,0.0,0.0,0
0,CASH_OUT,274,20636.86,0.0,0.0,7171659.5,7192296.37,0
0,PAYMENT,208,11361.71,0.0,0.0,0.0,0.0,0
0,CASH_IN,235,246947.28,2772.0,249719.28,8854508.26,8607560.98,0
0,CASH_OUT,235,88046.17,2900.0,0.0,13623779.42,13711825.59,0
0,CASH_OUT,567,94603.88,105082.0,10478.12,117506.61,212110.49,0
0,CASH_IN,394,268861.83,2062728.6,2331590.43,461353.97,192492.14,0
0,TRANSFER,596,119009.48,1170.0,0.0,345121.16,464130.64,0
0,PAYMENT,204,4623.87,11626.0,7002.13,0.0,0.0,0
0,CASH_IN,283,83782.6,50258.0,134040.6,14789.47,0.0,0
0,CASH_OUT,16,364745.01,0.0,0.0,1615392.57,1972536.58,0
0,PAYMENT,351,6840.77,0.0,0.0,0.0,0.0,0
0,CASH_OUT,21,196810.89,0.0,0.0,1948047.12,2144858.01,0
0,CASH_IN,206,135385.01,9943346.16,10078731.17,488059.32,352674.31,0
0,CASH_IN,206,219236.21,248303.0,467539.21,516643.83,297407.62,0
0,CASH_OUT,287,301761.72,0.0,0.0,2730035.92,3031797.64,0
0,CASH_OUT,353,362023.38,123359.0,0.0,33014.13,395037.51,0
0,TRANSFER,415,3242183.64,3242183.64,0.0,0.0,0.0,1
0,PAYMENT,15,2811.74,193865.41,191053.67,0.0,0.0,0
0,CASH_OUT,304,146437.0,281896.0,135459.0,8156.7,154593.7,0
0,CASH_OUT,397,298933.41,0.0,0.0,899162.54,1198095.95,0
0,CASH_IN,325,99070.42,5863856.71,5962927.14,631324.94,532254.51,0
0,CASH_OUT,569,3618.63,153.0,0.0,303104.9,306723.53,0
0,TRANSFER,9,351650.52,0.0,0.0,1184858.32,1309731.22,0
0,CASH_OUT,19,132924.1,155420.58,22496.47,1566491.04,1699415.14,0
0,CASH_OUT,165,7603.62,370.0,0.0,0.0,7603.62,0
0,PAYMENT,14,10920.21,0.0,0.0,0.0,0.0,0
0,PAYMENT,404,9227.0,30689.0,21462.0,0.0,0.0,0
0,CASH_IN,13,93508.06,4296494.7,4390002.76,170330.26,76822.21,0
0,PAYMENT,191,1840.6,3505.0,1664.4,0.0,0.0,0
0,CASH_OUT,282,260292.74,0.0,0.0,3336329.17,3596621.92,0
0,CASH_OUT,301,165287.51,51986.0,0.0,334705.27,499992.78,0
0,PAYMENT,398,10783.08,570816.89,560033.81,0.0,0.0,0
0,PAYMENT,354,4387.08,0.0,0.0,0.0,0.0,0
0,CASH_IN,10,7432.16,11930913.65,11938345.81,6242982.87,7246708.77,0
0,CASH_OUT,235,195573.08,21360.0,0.0,546519.79,742092.88,0
0,CASH_IN,277,137072.64,1149400.88,1286473.52,464356.66,327284.02,0
0,PAYMENT,346,19994.0,5857.0,0.0,0.0,0.0,0
0,CASH_OUT,304,86483.26,150037.09,63553.83,3467280.37,3553763.63,0
0,PAYMENT,694,1242.94,591.0,0.0,0.0,0.0,0
0,CASH_IN,156,194808.34,20195.0,215003.34,519239.52,324431.18,0
0,CASH_OUT,129,139210.23,139210.23,0.0,389208.21,528418.44,1
0,CASH_OUT,18,343968.11,49821.0,0.0,588580.37,932548.48,0
0,PAYMENT,207,12586.48,0.0,0.0,0.0,0.0,0
0,TRANSFER,118,3794763.63,3794763.63,0.0,0.0,0.0,1
0,CASH_OUT,351,81961.78,0.0,0.0,670292.51,752254.29,0
0,CASH_OUT,354,58157.78,15755.0,0.0,0.0,58157.78,0
0,PAYMENT,16,48858.49,0.0,0.0,0.0,0.0,0
0,CASH_IN,403,156947.14,41270.0,198217.14,224992.28,68045.15,0
0,TRANSFER,715,329424.14,329424.14,0.0,0.0,0.0,1
0,CASH_OUT,393,180063.4,20820.0,0.0,0.0,180063.4,0
0,CASH_OUT,351,201483.28,146711.17,0.0,582308.62,783791.9,0
0,PAYMENT,383,26873.65,0.0,0.0,0.0,0.0,0
0,CASH_OUT,134,164213.71,0.0,0.0,3973836.42,4138050.13,0
0,PAYMENT,308,7868.09,406831.0,398962.91,0.0,0.0,0
0,CASH_OUT,33,6648389.9,6648389.9,0.0,2609209.55,9257599.45,1
0,PAYMENT,251,1644.39,0.0,0.0,0.0,0.0,0
0,CASH_IN,283,358118.72,668980.34,1027099.06,806847.49,448728.76,0
0,CASH_IN,240,20964.64,3498911.33,3519875.97,5481874.97,5460910.32,0
0,CASH_OUT,39,281156.29,118700.0,0.0,163533.97,444690.25,0
0,PAYMENT,216,894.14,86118.0,85223.86,0.0,0.0,0
0,CASH_OUT,400,35238.99,16856.0,0.0,0.0,35238.99,0
0,PAYMENT,211,11473.71,2089.24,0.0,0.0,0.0,0
0,CASH_OUT,302,154531.49,0.0,0.0,175346.78,329878.27,0
0,PAYMENT,40,8578.01,0.0,0.0,0.0,0.0,0
0,CASH_OUT,346,131592.98,0.0,0.0,4590732.22,4722325.2,0
0,CASH_OUT,180,124286.13,0.0,0.0,3263154.46,3387440.59,0
0,CASH_OUT,163,6340.22,0.0,0.0,383063.68,389403.9,0
0,CASH_IN,204,86264.69,112.0,86376.69,0.0,0.0,0
0,PAYMENT,303,12487.04,0.0,0.0,0.0,0.0,0
0,PAYMENT,406,5758.4,11058.0,5299.6,0.0,0.0,0
0,CASH_OUT,357,187816.38,0.0,0.0,1102378.29,1290194.67,0
0,CASH_IN,131,106431.11,48082.0,154513.11,3871830.37,3765399.25,0
0,CASH_OUT,19,270600.54,21603.42,0.0,91040.3,361640.84,0
0,CASH_OUT,399,191080.13,0.0,0.0,354583.07,545663.21,0
0,CASH_IN,33,228958.81,8381272.29,8610231.1,805825.73,576866.92,0
0,CASH_OUT,186,230586.71,0.0,0.0,2080583.16,2311169.87,0
0,CASH_OUT,293,234673.76,234673.76,0.0,281289.1,515962.86,1
0,CASH_IN,42,113193.93,275400.42,388594.35,642086.49,528892.56,0
0,PAYMENT,46,6084.35,143312.52,137228.17,0.0,0.0,0
0,CASH_OUT,232,71015.17,0.0,0.0,74607.86,145623.04,0
0,CASH_OUT,349,215847.04,533336.95,317489.91,13138.86,228985.9,0
0,TRANSFER,177,1262250.94,72619.0,0.0,216295.7,1478546.64,0
0,CASH_OUT,140,2610.74,0.0,0.0,668893.93,671504.67,0
0,CASH_IN,323,135456.22,24641.0,160097.22,277483.78,142027.56,0
0,CASH_OUT,96,211297.74,807504.0,596206.26,2668885.84,2880183.58,0
0,CASH_OUT,522,101461.79,0.0,0.0,224802.78,326264.56,0
0,CASH_IN,14,163802.3,10091246.75,10255049.05,638048.89,866119.38,0
0,TRANSFER,139,33108.01,11627.0,0.0,77435.02,110543.02,0
0,TRANSFER,325,107834.85,107834.85,0.0,0.0,0.0,1
0,CASH_OUT,686,329208.73,30203.0,0.0,0.0,329208.73,0
0,PAYMENT,136,8753.85,0.0,0.0,0.0,0.0,0
0,TRANSFER,263,1750257.8,0.0,0.0,12221976.02,13972233.83,0
0,CASH_OUT,160,12282.09,0.0,0.0,8525369.29,8537651.38,0
0,PAYMENT,235,3413.28,39844.0,36430.72,0.0,0.0,0
0,PAYMENT,321,31077.42,30288.0,0.0,0.0,0.0,0
0,PAYMENT,230,16689.49,362223.02,345533.54,0.0,0.0,0
0,CASH_IN,214,153956.67,1700561.08,1854517.75,2036640.56,1882683.9,0
0,CASH_IN,357,27239.34,3171231.6,3198470.95,227998.32,200758.98,0
0,CASH_OUT,136,74115.92,0.0,0.0,0.0,74115.92,0
0,CASH_OUT,286,274992.1,0.0,0.0,767047.6,1042039.7,0
0,CASH_IN,211,40241.99,5553240.1,5593482.09,127963.25,146355.78,0
0,CASH_OUT,629,7922.98,7922.98,0.0,0.0,7922.98,1
0,CASH_OUT,521,27483.79,27483.79,0.0,66220.65,93704.43,1
0,CASH_IN,306,98543.47,101820.0,200363.47,9603623.67,9505080.2,0
0,CASH_OUT,132,494400.42,52234.0,0.0,0.0,494400.42,0
0,CASH_OUT,139,39137.01,0.0,0.0,670820.67,709957.68,0
0,TRANSFER,324,840786.63,0.0,0.0,8060696.28,8901482.91,0
0,CASH_OUT,588,187128.57,187128.57,0.0,846965.44,1034094.01,1
0,PAYMENT,232,17754.08,31730.0,13975.92,0.0,0.0,0
0,CASH_OUT,298,166674.95,0.0,0.0,191730.67,358405.62,0
0,CASH_IN,178,58104.1,29858.0,87962.1,1826134.61,1768030.51,0
0,PAYMENT,277,8533.43,9084.0,550.57,0.0,0.0,0
0,CASH_OUT,542,37446.38,151822.0,114375.62,495484.02,532930.4,0
0,TRANSFER,229,257250.66,0.0,0.0,364266.04,686211.55,0
0,CASH_OUT,41,59324.24,83069.0,23744.76,0.0,59324.24,0
0,CASH_OUT,353,110614.87,32396.0,0.0,0.0,110614.87,0
0,PAYMENT,280,17803.27,1608.09,0.0,0.0,0.0,0
0,CASH_OUT,237,305298.93,0.0,0.0,674344.91,979643.84,0
0,CASH_IN,204,24873.19,1333361.58,1358234.77,1616847.13,1591973.94,0
0,CASH_IN,188,275688.1,238022.5,513710.6,415227.51,139539.41,0
0,CASH_OUT,274,38090.72,0.0,0.0,289194.79,327285.51,0
0,CASH_IN,36,356437.61,5572.0,362009.61,195440.1,0.0,0
0,CASH_OUT,210,12979.14,761.0,0.0,465426.56,478405.7,0
0,CASH_OUT,209,170131.24,12100.0,0.0,121164.18,291295.41,0
0,CASH_OUT,391,1309940.05,1309940.05,0.0,0.0,1309940.05,1
0,CASH_OUT,207,95736.37,0.0,0.0,981806.34,1077542.71,0
0,CASH_IN,142,326294.62,2211782.34,2538076.96,1786991.19,1460696.58,0
0,CASH_OUT,34,16536.54,183526.0,166989.46,49919.95,108034.24,0
0,PAYMENT,280,15707.82,0.0,0.0,0.0,0.0,0
0,TRANSFER,186,327282.92,327282.92,0.0,0.0,0.0,1
0,CASH_OUT,351,37140.9,16858.0,0.0,19981.77,57122.67,0
0,CASH_OUT,40,81214.77,48607.0,0.0,0.0,81214.77,0
0,PAYMENT,565,36068.51,0.0,0.0,0.0,0.0,0
0,PAYMENT,160,11290.63,124522.16,113231.53,0.0,0.0,0
0,TRANSFER,161,59618.13,0.0,0.0,1510065.48,1344864.02,0
0,PAYMENT,332,565.81,70198.0,69632.19,0.0,0.0,0
0,PAYMENT,10,8844.22,0.0,0.0,0.0,0.0,0
0,TRANSFER,235,1330184.04,0.0,0.0,4165466.58,5495650.61,0
0,CASH_IN,399,61392.21,3863109.53,3924501.74,838576.73,777184.53,0
0,CASH_OUT,300,173251.44,0.0,0.0,207526.01,380777.44,0
0,CASH_IN,15,135697.02,20073.0,155770.02,425256.76,289559.74,0
0,PAYMENT,326,38000.05,196861.8,158861.76,0.0,0.0,0
0,PAYMENT,178,562.47,0.0,0.0,0.0,0.0,0
0,CASH_OUT,252,71077.83,0.0,0.0,210320.0,281397.83,0
0,PAYMENT,349,37045.49,133859.0,96813.51,0.0,0.0,0
0,CASH_OUT,141,74459.11,184704.09,110244.98,110486.0,184945.11,0
0,PAYMENT,349,16990.68,3673.0,0.0,0.0,0.0,0
0,TRANSFER,378,168503.92,29937.0,0.0,0.0,168503.92,0
0,CASH_IN,353,269124.97,1809546.2,2078671.16,1619102.6,1349977.63,0
0,PAYMENT,226,15707.91,0.0,0.0,0.0,0.0,0
0,PAYMENT,9,20320.46,1588219.66,1567899.2,0.0,0.0,0
0,CASH_IN,710,95755.23,10331.0,106086.23,0.0,0.0,0
0,CASH_IN,207,139594.29,65271.0,204865.29,252912.22,113317.92,0
0,CASH_IN,190,89593.97,71571.0,161164.97,1183780.94,1094186.97,0
0,CASH_OUT,328,2098.86,24839.0,22740.14,525266.07,527364.94,0
0,CASH_IN,332,163033.29,3545139.79,3708173.08,402760.23,239726.93,0
0,CASH_IN,14,345322.31,2770430.73,3115753.04,851009.21,579479.47,0
0,CASH_OUT,279,75512.22,0.0,0.0,449222.38,524734.6,0
0,CASH_IN,371,197061.35,19949.0,217010.35,0.0,0.0,0
0,PAYMENT,282,13617.14,0.0,0.0,0.0,0.0,0
0,CASH_OUT,348,219326.17,5521.0,0.0,14316643.42,14535969.59,0
0,CASH_IN,281,38385.25,577793.68,616178.93,462180.06,423794.81,0
0,PAYMENT,274,4862.88,536.0,0.0,0.0,0.0,0
0,PAYMENT,455,21413.7,13715.52,0.0,0.0,0.0,0
0,CASH_OUT,678,1536733.52,1536733.52,0.0,244150.15,1780883.67,1
0,CASH_OUT,136,448491.53,9267.0,0.0,484881.2,933372.73,0
0,PAYMENT,356,11832.73,0.0,0.0,0.0,0.0,0
0,PAYMENT,202,13489.62,100202.0,86712.38,0.0,0.0,0
0,CASH_IN,156,107547.26,272.0,107819.26,0.0,0.0,0
0,CASH_IN,277,174076.32,6798891.17,6972967.49,251761.41,77685.09,0
0,CASH_IN,281,219466.67,3704787.0,3924253.66,533176.59,313709.92,0
0,TRANSFER,249,989197.91,70444.0,0.0,180960.11,1170158.02,0
0,CASH_OUT,325,249358.26,4584.0,0.0,4749535.89,4998894.15,0
0,CASH_OUT,207,9344.01,0.0,0.0,379927.07,389271.08,0
0,PAYMENT,274,4050.01,0.0,0.0,0.0,0.0,0
0,PAYMENT,225,12178.71,0.0,0.0,0.0,0.0,0
0,CASH_OUT,188,299995.94,108938.0,0.0,142785.94,442781.88,0
0,CASH_IN,17,24979.0,10601.0,35580.0,200557.19,175578.2,0
0,TRANSFER,257,412424.07,0.0,0.0,1525476.78,1937900.85,0
0,CASH_IN,179,21795.35,168360.0,190155.35,40267.94,18472.59,0
0,CASH_OUT,204,197930.64,101724.0,0.0,210159.34,408089.99,0
0,PAYMENT,43,374.37,19972.0,19597.63,0.0,0.0,0
0,CASH_OUT,283,102864.1,966.0,0.0,0.0,102864.1,0
0,CASH_IN,157,253549.73,21563.0,275112.73,2589772.82,2336223.09,0
0,CASH_OUT,161,517811.58,39679.0,0.0,30734.78,548546.36,0
0,CASH_OUT,236,49006.29,174680.0,125673.71,0.0,49006.29,0
0,CASH_IN,33,164708.13,39765.0,204473.13,8668.61,0.0,0
0,CASH_OUT,346,181530.83,125.0,0.0,0.0,181530.83,0
0,CASH_OUT,372,185232.08,0.0,0.0,2377707.55,2562939.64,0
0,CASH_IN,153,86199.79,13945738.71,14031938.5,551353.72,465153.93,0
0,CASH_IN,178,226233.9,87963.0,314196.9,196810.13,0.0,0
0,CASH_OUT,230,48078.85,48078.85,0.0,288760.9,336839.74,1
0,CASH_IN,287,260007.04,1609719.88,1869726.92,420825.48,160818.44,0
0,PAYMENT,34,7837.53,0.0,0.0,0.0,0.0,0
0,PAYMENT,348,9854.78,0.0,0.0,0.0,0.0,0
0,CASH_IN,15,103286.54,1052720.04,1156006.58,176603.01,73316.48,0
0,TRANSFER,238,107113.36,0.0,0.0,4118173.83,4225287.19,0
0,PAYMENT,42,3307.83,0.0,0.0,0.0,0.0,0
0,CASH_OUT,677,1600721.32,1600721.32,0.0,0.0,1600721.32,1
0,CASH_IN,377,399188.92,31058.0,430246.92,5029045.25,4629856.33,0
0,CASH_OUT,46,275226.63,0.0,0.0,429113.27,704339.9,0
0,PAYMENT,587,12439.29,153736.59,141297.3,0.0,0.0,0
0,CASH_OUT,284,216534.58,1019.0,0.0,0.0,216534.58,0
0,PAYMENT,276,21963.75,0.0,0.0,0.0,0.0,0
0,PAYMENT,188,7449.01,20419.0,12969.99,0.0,0.0,0
0,PAYMENT,207,649.75,65075.0,64425.25,0.0,0.0,0
0,CASH_OUT,325,252731.66,0.0,0.0,2975762.83,3228494.48,0
0,PAYMENT,378,1835.46,281125.36,279289.9,0.0,0.0,0
0,CASH_IN,186,177274.99,17285.0,194559.99,0.0,0.0,0
0,CASH_OUT,132,101710.73,0.0,0.0,121374.85,91372.76,0
0,CASH_IN,164,209507.6,2593256.33,2802763.93,452431.62,242924.03,0
0,CASH_OUT,211,43869.62,0.0,0.0,1676969.44,1720839.06,0
0,CASH_OUT,398,211288.13,0.0,0.0,1595128.63,1806416.76,0
0,PAYMENT,590,646.89,0.0,0.0,0.0,0.0,0
0,CASH_OUT,350,141442.29,11009.0,0.0,0.0,141442.29,0
0,CASH_IN,400,107762.93,5948813.38,6056576.31,4121360.51,4013597.58,0
0,CASH_IN,19,26470.88,3280446.06,3306916.94,230834.41,256422.75,0
0,TRANSFER,436,2388542.02,2388542.02,0.0,0.0,0.0,1
0,CASH_IN,229,83565.74,162.0,83727.74,0.0,0.0,0
0,CASH_OUT,45,151959.21,1154.0,0.0,0.0,151959.21,0
0,CASH_OUT,140,258994.45,19202.0,0.0,0.0,258994.45,0
0,CASH_OUT,404,87881.3,0.0,0.0,1033824.86,1121706.16,0
0,CASH_OUT,354,30536.82,0.0,0.0,128569.31,159106.13,0
0,CASH_IN,226,273966.33,20148.0,294114.33,248865.53,0.0,0
0,CASH_OUT,235,252111.99,15620.0,0.0,48503.8,300615.78,0
0,PAYMENT,161,8327.95,0.0,0.0,0.0,0.0,0
0,CASH_OUT,13,483565.38,10026.0,0.0,0.0,483565.38,0
0,TRANSFER,354,504238.7,148.0,0.0,5444797.17,5949035.87,0
0,PAYMENT,182,21235.43,0.0,0.0,0.0,0.0,0
0,CASH_OUT,47,139542.02,36850.36,0.0,3848275.27,3987817.29,0
0,CASH_OUT,94,481927.09,0.0,0.0,2143267.46,2625194.56,0
0,CASH_OUT,228,214382.69,181633.16,0.0,302602.95,516985.64,0
0,CASH_OUT,355,85221.34,0.0,0.0,1143419.54,663889.19,0
0,PAYMENT,232,18022.61,307.0,0.0,0.0,0.0,0
0,CASH_IN,307,58696.37,15233.0,73929.37,1259931.59,1201235.22,0
0,CASH_OUT,297,132314.59,10649.0,0.0,200364.11,332678.7,0
0,PAYMENT,546,7857.78,0.0,0.0,0.0,0.0,0
0,CASH_OUT,351,28574.85,23487.0,0.0,122981.52,151556.37,0
0,PAYMENT,379,7938.72,47611.0,39672.28,0.0,0.0,0
0,PAYMENT,129,16810.14,23751.0,6940.86,0.0,0.0,0
0,CASH_OUT,705,62898.81,62898.81,0.0,0.0,62898.81,1
0,TRANSFER,661,6695070.79,6695070.79,0.0,0.0,0.0,1
0,TRANSFER,323,949756.1,232177.96,0.0,1500423.22,2450179.32,0
0,CASH_IN,707,33536.49,50768.0,84304.49,0.0,0.0,0
0,PAYMENT,133,25194.89,6081.0,0.0,0.0,0.0,0
0,PAYMENT,212,9902.0,314569.46,304667.45,0.0,0.0,0
0,PAYMENT,140,3824.67,1841.58,0.0,0.0,0.0,0
0,TRANSFER,211,5689516.13,5689516.13,0.0,0.0,0.0,1
0,PAYMENT,38,21238.51,150054.12,128815.61,0.0,0.0,0
0,PAYMENT,310,3501.41,25282.0,21780.59,0.0,0.0,0
0,CASH_OUT,325,125688.06,0.0,0.0,3353629.07,3479317.12,0
0,CASH_OUT,208,108264.05,0.0,0.0,123932.65,232196.7,0
0,CASH_IN,44,256376.03,661548.91,917924.94,1284702.52,1028326.5,0
0,PAYMENT,619,1676.22,29629.0,27952.78,0.0,0.0,0
0,TRANSFER,510,844348.52,844348.52,0.0,0.0,0.0,1
0,CASH_IN,138,162711.34,2617513.15,2780224.5,1566004.4,1403293.06,0
0,PAYMENT,299,8339.53,0.0,0.0,0.0,0.0,0
0,TRANSFER,258,570701.68,0.0,0.0,1434578.67,2005280.35,0
0,CASH_IN,202,72693.47,10448.0,83141.47,382377.4,74456.25,0
0,CASH_IN,256,233606.35,108587.0,342193.35,0.0,0.0,0
0,PAYMENT,490,17045.28,29392.0,12346.72,0.0,0.0,0
0,PAYMENT,156,10120.62,0.0,0.0,0.0,0.0,0
0,CASH_IN,334,63890.02,6144169.56,6208059.58,536300.91,472410.89,0
0,TRANSFER,180,796192.19,10527.0,0.0,38347.32,834539.51,0
0,CASH_OUT,310,223480.59,0.0,0.0,1356352.53,1579833.12,0
0,TRANSFER,130,111587.21,0.0,0.0,539436.03,651023.24,0
0,CASH_OUT,254,238992.57,50877.93,0.0,7032379.02,7271371.59,0
0,CASH_OUT,256,128996.04,1794.0,0.0,582014.69,711010.73,0
0,PAYMENT,234,18615.9,106310.0,87694.1,0.0,0.0,0
0,CASH_OUT,33,49247.33,0.0,0.0,297553.09,0.0,0
0,CASH_OUT,12,161192.71,11616.0,0.0,24000.97,185193.68,0
0,CASH_OUT,188,14106.32,0.0,0.0,4312364.32,4326470.64,0
0,CASH_OUT,307,139551.43,0.0,0.0,492677.59,632229.02,0
0,CASH_IN,129,162300.64,10654.0,172954.64,0.0,0.0,0
0,CASH_IN,374,18029.7,4274.0,22303.7,0.0,0.0,0
0,TRANSFER,274,128630.09,0.0,0.0,4037937.99,4166568.08,0
0,CASH_OUT,573,43110.29,0.0,0.0,10890383.81,10933494.1,0
0,CASH_IN,13,454000.61,11340999.16,11794999.76,3653764.99,2952406.06,0
0,PAYMENT,357,8516.4,21237.0,12720.6,0.0,0.0,0
0,CASH_OUT,155,233230.65,40626.0,0.0,0.0,233230.65,0
0,TRANSFER,347,1869308.39,0.0,0.0,8531186.19,10400494.58,0
0,CASH_IN,281,138114.48,445725.12,583839.6,5561987.65,5423873.17,0
0,PAYMENT,284,10158.72,186175.12,176016.4,0.0,0.0,0
0,TRANSFER,139,1335585.15,0.0,0.0,1399909.19,2916634.11,0
0,CASH_OUT,327,129040.17,374452.0,245411.83,31808.33,160848.5,0
0,CASH_OUT,185,457579.05,0.0,0.0,3713375.55,4170954.6,0
0,CASH_OUT,350,67836.58,4743.28,0.0,99934.91,167771.49,0
0,CASH_OUT,95,87999.25,87999.25,0.0,0.0,87999.25,1
0,CASH_IN,10,157906.2,2678.0,160584.2,3827659.2,3669753.0,0
0,CASH_IN,183,357597.58,6773342.08,7130939.66,1273486.7,915889.12,0
0,PAYMENT,322,16201.73,18586.0,2384.27,0.0,0.0,0
0,CASH_IN,326,276885.51,1312922.98,1589808.49,453703.36,176817.85,0
0,PAYMENT,379,4735.76,0.0,0.0,0.0,0.0,0
0,TRANSFER,9,1116547.61,0.0,0.0,4094687.06,5550696.63,0
0,CASH_IN,18,33598.5,16685130.55,16718729.05,318439.42,284840.91,0
0,PAYMENT,354,11283.68,40509.0,29225.32,0.0,0.0,0
0,CASH_IN,129,177374.79,161.0,177535.79,0.0,0.0,0
0,CASH_IN,322,183187.58,258774.0,441961.58,304845.3,411019.07,0
0,CASH_IN,43,200771.98,16091.0,216862.98,1133189.78,932417.8,0
0,CASH_IN,162,93891.71,4087.0,97978.71,1479.0,0.0,0
0,PAYMENT,237,2495.53,858.0,0.0,0.0,0.0,0
0,CASH_IN,378,108387.67,106512.0,214899.67,84853.04,0.0,0
0,CASH_OUT,325,131779.67,152646.0,20866.33,896924.17,1028703.84,0
0,PAYMENT,288,72245.84,322390.0,250144.16,0.0,0.0,0
0,TRANSFER,209,143039.33,220199.49,77160.16,888732.44,1031771.77,0
0,TRANSFER,259,439124.86,25789.3,0.0,1414192.23,1853317.09,0
0,TRANSFER,138,889103.13,0.0,0.0,2091348.98,2257400.11,0
0,PAYMENT,348,21447.35,9080.31,0.0,0.0,0.0,0
0,PAYMENT,380,7122.0,40238.0,33116.0,0.0,0.0,0
0,PAYMENT,370,15452.01,0.0,0.0,0.0,0.0,0
0,PAYMENT,12,771.18,89672.13,88900.95,0.0,0.0,0
0,PAYMENT,204,16847.16,209091.37,192244.21,0.0,0.0,0
0,CASH_OUT,207,107626.86,179.0,0.0,249048.3,356675.16,0
0,PAYMENT,167,16908.67,1449.0,0.0,0.0,0.0,0
0,CASH_IN,39,94524.53,6638205.16,6732729.69,1872022.68,1777498.15,0
0,PAYMENT,38,4569.8,675150.49,670580.69,0.0,0.0,0
0,PAYMENT,231,14398.08,423179.0,408780.92,0.0,0.0,0
0,CASH_IN,358,104989.44,1655030.65,1760020.09,314203.33,209213.88,0
0,TRANSFER,140,468090.79,0.0,0.0,6985614.27,7453705.06,0
0,CASH_OUT,226,299688.44,0.0,0.0,964957.23,1264645.67,0
0,CASH_OUT,375,53580.86,30546.0,0.0,721178.51,774759.36,0
0,CASH_IN,350,108827.23,18489546.18,18598373.4,458829.04,350001.81,0
0,CASH_OUT,403,112614.66,41598.0,0.0,0.0,112614.66,0
0,PAYMENT,229,478.58,51730.0,51251.42,0.0,0.0,0
0,PAYMENT,36,10767.8,0.0,0.0,0.0,0.0,0
0,CASH_OUT,44,7288.6,0.0,0.0,35659.47,42948.06,0
0,CASH_OUT,19,282189.99,0.0,0.0,776717.12,1742362.66,0
0,CASH_IN,379,145935.31,3659420.77,3805356.08,307797.77,161862.46,0
0,CASH_OUT,379,52917.84,0.0,0.0,94507.18,147425.02,0
0,PAYMENT,256,17821.45,40611.0,22789.55,0.0,0.0,0
0,TRANSFER,383,167907.12,167907.12,0.0,0.0,0.0,1
0,TRANSFER,471,504344.93,504344.93,0.0,0.0,0.0,1
0,CASH_IN,212,196054.76,9312362.16,9508416.91,282961.98,86907.22,0
0,CASH_OUT,213,62997.18,0.0,0.0,1407779.07,1470776.25,0
0,PAYMENT,297,46347.15,0.0,0.0,0.0,0.0,0
0,TRANSFER,584,645135.6,645135.6,0.0,0.0,0.0,1
0,TRANSFER,74,158489.29,158489.29,0.0,0.0,0.0,1
0,TRANSFER,143,1223424.36,0.0,0.0,1245368.83,2468793.19,0
0,CASH_OUT,12,197985.9,99218.0,0.0,7034.0,718497.93,0
0,CASH_IN,402,451255.13,20360.0,471615.13,1326588.23,875333.1,0
0,PAYMENT,251,23086.95,5561.0,0.0,0.0,0.0,0
0,PAYMENT,403,10550.39,27843.0,17292.61,0.0,0.0,0
0,DEBIT,181,2499.54,373089.61,370590.07,41791.86,44291.41,0
0,TRANSFER,210,3039646.62,0.0,0.0,5306244.21,8345890.83,0
0,PAYMENT,398,3805.31,0.0,0.0,0.0,0.0,0
0,PAYMENT,215,22252.6,46167.64,23915.04,0.0,0.0,0
0,CASH_IN,399,212200.85,10193.0,222393.85,0.0,0.0,0
0,CASH_OUT,167,25092.21,0.0,0.0,2623429.18,2648521.4,0
0,CASH_IN,304,376257.18,2654313.01,3030570.18,6688750.8,6312493.62,0
0,CASH_IN,140,7569.32,2406613.05,2414182.37,272577.26,265007.93,0
0,PAYMENT,321,39914.5,0.0,0.0,0.0,0.0,0
0,TRANSFER,36,117657.54,0.0,0.0,436502.57,554160.11,0
0,PAYMENT,547,9298.76,64347.43,55048.68,0.0,0.0,0
0,CASH_OUT,311,237330.66,0.0,0.0,1311268.71,1548599.38,0
0,CASH_OUT,416,131388.88,79705.0,0.0,142981.64,274370.52,0
0,CASH_OUT,149,861406.83,861406.83,0.0,8283871.29,9145278.12,1
0,PAYMENT,226,16840.99,0.0,0.0,0.0,0.0,0
0,CASH_IN,276,109446.43,4923934.25,5033380.67,135430.49,25984.06,0
0,CASH_OUT,22,67424.66,0.0,0.0,1085114.24,1152538.89,0
0,CASH_OUT,151,147080.42,147080.42,0.0,0.0,147080.42,1
0,CASH_OUT,187,19979.13,15262.0,0.0,767228.56,787207.69,0
0,CASH_IN,251,335795.73,633670.0,969465.73,1651554.97,1315759.24,0
0,CASH_OUT,255,169849.2,432.15,0.0,763152.03,933001.23,0
0,PAYMENT,311,1294.05,45132.72,43838.67,0.0,0.0,0
0,CASH_IN,157,386790.31,306634.94,693425.26,415913.15,29122.84,0
0,CASH_OUT,353,8814.21,0.0,0.0,338315.12,347129.33,0
0,CASH_IN,261,338507.56,5300234.64,5638742.21,2440543.07,2102035.51,0
0,PAYMENT,395,8567.61,0.0,0.0,0.0,0.0,0
0,CASH_IN,209,341407.46,18043352.8,18384760.26,1075028.05,733620.59,0
0,CASH_OUT,138,63081.92,92683.0,29601.08,202740.14,265822.06,0
0,PAYMENT,191,6587.84,50041.0,43453.16,0.0,0.0,0
0,CASH_OUT,356,221151.75,0.0,0.0,701223.77,922375.51,0
0,CASH_OUT,95,19682.7,0.0,0.0,5705422.92,5725105.62,0
0,PAYMENT,308,2915.87,14762.27,11846.4,0.0,0.0,0
0,CASH_OUT,207,5149.03,0.0,0.0,202020.12,207169.15,0
0,CASH_OUT,33,80238.41,13922.0,0.0,7193015.79,7273254.2,0
0,CASH_IN,357,46017.64,6421.0,52438.64,274580.9,228563.25,0
0,CASH_OUT,372,294116.25,49960.0,0.0,0.0,294116.25,0
0,PAYMENT,331,1548.01,19060.37,17512.36,0.0,0.0,0
0,PAYMENT,155,23551.31,186837.0,163285.69,0.0,0.0,0
0,CASH_OUT,522,223799.52,12887.0,0.0,10909986.51,11133786.02,0
0,CASH_OUT,155,50149.89,0.0,0.0,177521.2,227671.09,0
0,PAYMENT,380,751.94,338459.0,337707.06,0.0,0.0,0
0,CASH_IN,10,146990.23,6899039.62,7046029.85,172477.92,3002406.17,0
0,CASH_OUT,260,57848.26,0.0,0.0,395960.86,453809.12,0
0,PAYMENT,254,5756.04,0.0,0.0,0.0,0.0,0
0,PAYMENT,187,2248.28,9085.0,6836.72,0.0,0.0,0
0,CASH_OUT,188,65725.4,0.0,0.0,318223.73,383949.13,0
0,PAYMENT,227,66679.92,51554.0,0.0,0.0,0.0,0
0,CASH_IN,36,337814.29,107143.0,444957.29,26889.16,0.0,0
0,CASH_OUT,555,24424.67,24424.67,0.0,0.0,24424.67,1
0,CASH_OUT,354,7237.99,0.0,0.0,1803452.67,1810690.66,0
0,CASH_IN,332,134125.36,6649045.16,6783170.52,214717.21,80591.85,0
0,PAYMENT,281,21728.25,31612.0,9883.75,0.0,0.0,0
0,CASH_OUT,236,192636.51,0.0,0.0,429643.0,622279.5,0
0,CASH_IN,546,12546.94,851326.01,863872.94,105698.86,93151.92,0
0,PAYMENT,205,4791.89,32079.38,27287.48,0.0,0.0,0
0,CASH_IN,206,93564.75,106864.0,200428.75,68294.87,0.0,0
0,CASH_OUT,211,1952.42,0.0,0.0,3504023.48,3505975.89,0
0,PAYMENT,347,37269.05,0.0,0.0,0.0,0.0,0
0,TRANSFER,509,1994525.04,1994525.04,0.0,0.0,0.0,1
0,PAYMENT,156,7174.11,503001.34,495827.24,0.0,0.0,0
0,CASH_OUT,150,119454.86,119454.86,0.0,0.0,119454.86,1
0,PAYMENT,38,4375.92,49179.0,44803.08,0.0,0.0,0
0,CASH_IN,403,313505.04,425515.02,739020.06,2770291.1,2456786.06,0
0,PAYMENT,188,9283.06,211334.32,202051.26,0.0,0.0,0
0,CASH_OUT,356,275911.47,310553.02,34641.56,1892337.66,2168249.13,0
0,TRANSFER,538,37436.78,37436.78,0.0,0.0,0.0,1
0,CASH_IN,231,119423.59,19559.0,138982.59,1150528.8,1031105.21,0
0,CASH_OUT,356,151507.11,352233.44,200726.33,1817764.61,1969271.72,0
0,PAYMENT,588,11338.94,0.0,0.0,0.0,0.0,0
0,CASH_IN,330,491622.68,17799849.95,18291472.63,597760.2,106137.52,0
0,CASH_IN,139,52170.86,249459.27,301630.13,461167.2,408996.34,0
0,PAYMENT,140,2880.59,50803.0,47922.41,0.0,0.0,0
0,PAYMENT,232,50006.23,9056.37,0.0,0.0,0.0,0
0,CASH_OUT,166,35454.33,0.0,0.0,4510284.4,4545738.73,0
0,CASH_OUT,141,6539.28,62695.0,56155.72,0.0,6539.28,0
0,CASH_IN,188,137348.12,25123819.95,25261168.08,1165202.65,1027854.52,0
0,PAYMENT,16,3688.19,9100.0,5411.81,0.0,0.0,0
0,CASH_IN,230,293171.87,4492327.68,4785499.56,3874099.29,3580927.42,0
0,TRANSFER,322,2533650.09,2533650.09,0.0,0.0,0.0,1
0,CASH_IN,375,405428.21,9220928.28,9626356.49,935550.9,530122.69,0
0,CASH_OUT,185,202519.35,0.0,0.0,350475.3,552994.66,0
0,CASH_OUT,9,126810.24,0.0,0.0,3779300.6,4996785.23,0
0,PAYMENT,377,6070.71,17921.0,11850.29,0.0,0.0,0
0,CASH_OUT,236,12396.86,20059.0,7662.14,2857656.28,2870053.14,0
0,CASH_OUT,208,133542.03,0.0,0.0,244759.8,378301.83,0
0,CASH_OUT,235,56196.95,20646.0,0.0,346074.6,402271.55,0
0,CASH_IN,14,240228.06,7217020.25,7457248.31,3892862.0,4461167.45,0
0,PAYMENT,279,8365.97,28623.0,20257.03,0.0,0.0,0
0,PAYMENT,356,10695.69,0.0,0.0,0.0,0.0,0
0,PAYMENT,15,3782.66,0.0,0.0,0.0,0.0,0
0,PAYMENT,307,7805.68,178050.24,170244.56,0.0,0.0,0
0,CASH_IN,178,67779.63,1390739.25,1458518.87,1065468.06,997688.44,0
0,CASH_IN,182,337614.68,24228.0,361842.68,1902108.61,1564493.93,0
0,CASH_OUT,10,114207.13,21102.0,0.0,0.0,114207.13,0
0,PAYMENT,307,25148.55,157613.0,132464.45,0.0,0.0,0
0,PAYMENT,190,14018.98,107357.34,93338.36,0.0,0.0,0
0,TRANSFER,34,382416.9,0.0,0.0,1757674.02,2181043.32,0
0,CASH_IN,182,322199.52,451124.0,773323.52,2266120.03,1943920.51,0
0,PAYMENT,225,57399.89,20526.0,0.0,0.0,0.0,0
0,PAYMENT,379,9660.93,16344.0,6683.07,0.0,0.0,0
0,TRANSFER,161,1264445.23,11768.0,0.0,159233.36,1423678.59,0
0,CASH_IN,254,49360.77,1472658.31,1522019.07,935378.26,886017.5,0
0,CASH_IN,661,247274.02,8626625.44,8873899.46,368271.04,120997.02,0
0,PAYMENT,139,9459.4,71505.53,62046.13,0.0,0.0,0
0,CASH_OUT,163,111190.91,10573.0,0.0,0.0,111190.91,0
0,CASH_IN,258,114044.23,10017817.15,10131861.38,13711320.35,13597276.12,0
0,CASH_OUT,15,229769.56,0.0,0.0,283927.35,1271895.88,0
0,CASH_IN,301,368484.95,11126.0,379610.95,0.0,0.0,0
0,CASH_OUT,692,701697.49,701697.49,0.0,680160.57,1381858.06,1
0,CASH_OUT,353,133652.89,13913.0,0.0,0.0,133652.89,0
0,CASH_OUT,305,10618.49,0.0,0.0,85050.66,95669.15,0
0,CASH_IN,43,163221.22,2900485.36,3063706.57,2772971.44,2609750.23,0
0,CASH_OUT,374,151464.94,0.0,0.0,1501045.4,1652510.34,0
0,CASH_OUT,401,175178.27,51587.0,0.0,1487764.19,1662942.46,0
0,PAYMENT,334,47760.56,80478.0,32717.44,0.0,0.0,0
0,CASH_OUT,353,366467.19,157735.0,0.0,679958.25,1046425.44,0
0,PAYMENT,227,13785.85,11017.0,0.0,0.0,0.0,0
0,CASH_OUT,328,151421.19,0.0,0.0,189042.73,340463.92,0
0,CASH_OUT,492,453766.49,44813.0,0.0,0.0,453766.49,0
0,TRANSFER,274,67146.82,0.0,0.0,610618.01,677764.83,0
0,PAYMENT,11,331.4,0.0,0.0,0.0,0.0,0
0,CASH_IN,163,42763.98,10807.0,53570.98,0.0,0.0,0
0,PAYMENT,596,16017.51,5006.0,0.0,0.0,0.0,0
0,TRANSFER,187,856386.66,856386.66,0.0,0.0,0.0,1
0,PAYMENT,19,1931.12,185010.95,183079.84,0.0,0.0,0
0,CASH_OUT,282,192998.46,244.0,0.0,544730.66,737729.12,0
0,CASH_OUT,36,261666.47,22140.0,0.0,14172.0,275838.47,0
0,PAYMENT,155,9253.37,3653.0,0.0,0.0,0.0,0
0,CASH_IN,500,146847.71,2305624.42,2452472.13,13535603.21,13388755.5,0
0,PAYMENT,359,6868.7,97450.99,90582.29,0.0,0.0,0
0,CASH_IN,278,143181.18,2910330.19,3053511.38,3424100.52,3280919.34,0
0,CASH_OUT,46,274131.68,0.0,0.0,8304789.89,8578921.57,0
0,CASH_OUT,204,129384.25,15511.0,0.0,1116814.51,1246198.76,0
0,PAYMENT,306,14033.46,11549.01,0.0,0.0,0.0,0
0,CASH_OUT,326,175996.4,0.0,0.0,792199.82,968196.22,0
0,PAYMENT,311,12481.28,141.0,0.0,0.0,0.0,0
0,PAYMENT,353,29836.14,365723.64,335887.5,0.0,0.0,0
0,CASH_IN,278,53388.51,2645163.59,2698552.1,836511.2,783122.69,0
0,PAYMENT,312,17646.53,0.0,0.0,0.0,0.0,0
0,PAYMENT,373,3429.29,24959.55,21530.26,0.0,0.0,0
0,CASH_OUT,306,142589.35,11744.0,0.0,3223635.67,3366225.02,0
0,PAYMENT,251,2191.68,0.0,0.0,0.0,0.0,0
0,CASH_OUT,212,151155.33,0.0,0.0,339086.89,490242.22,0
0,CASH_IN,380,78999.53,2357754.24,2436753.76,407610.46,328610.94,0
1,CASH_IN,93,90844.34,368345.0,459189.34,1146649.49,1055805.16,0
1,CASH_OUT,137,130586.25,134552.0,3965.75,2229412.06,2359998.31,0
1,CASH_IN,371,236027.4,381582.0,617609.4,237602.28,1574.88,0
1,CASH_OUT,279,60623.86,206415.0,145791.14,143515.2,204139.06,0
1,TRANSFER,234,194357.2,109771.0,0.0,817099.48,1011456.68,0
1,CASH_IN,186,201374.64,128.0,201502.64,92255.4,0.0,0
1,CASH_OUT,401,96845.29,0.0,0.0,415693.36,512538.65,0
1,PAYMENT,378,13913.0,69793.68,55880.68,0.0,0.0,0
1,CASH_OUT,46,35016.23,35016.23,0.0,65435.34,100451.57,1
1,CASH_OUT,186,345603.27,0.0,0.0,1414457.52,1760060.79,0
1,CASH_IN,324,369239.95,1210619.57,1579859.51,1530211.0,1160971.06,0
1,CASH_IN,13,87081.89,9132248.39,9219330.28,104317.0,17235.11,0
1,TRANSFER,202,556574.06,25140.0,0.0,51731.0,608305.06,0
1,PAYMENT,134,7377.66,124438.0,117060.34,0.0,0.0,0
1,CASH_OUT,259,103014.74,0.0,0.0,340561.85,443576.59,0
1,TRANSFER,596,663929.3,0.0,0.0,1121366.22,1785295.53,0
1,CASH_OUT,13,267508.71,0.0,0.0,989083.56,1256592.27,0
1,CASH_OUT,16,206060.76,69418.0,0.0,44826.0,490895.0,0
1,TRANSFER,355,255579.03,0.0,0.0,4244405.98,4499985.0,0
1,CASH_IN,355,310634.35,293.0,310927.35,0.0,0.0,0
1,PAYMENT,164,8012.47,430.0,0.0,0.0,0.0,0
1,CASH_OUT,380,217900.48,0.0,0.0,795426.88,1013327.36,0
1,PAYMENT,238,5045.05,0.0,0.0,0.0,0.0,0
1,TRANSFER,370,606954.9,0.0,0.0,4763913.97,5370868.88,0
1,CASH_IN,396,46429.35,8015603.76,8062033.11,4302333.11,4255903.76,0
1,CASH_OUT,311,82537.14,0.0,0.0,4304684.65,4387221.79,0
1,TRANSFER,350,5963850.34,5963850.34,0.0,0.0,0.0,1
1,CASH_IN,19,387219.9,12593.0,399812.9,169328.16,0.0,0
1,PAYMENT,15,15027.17,385.0,0.0,0.0,0.0,0
1,PAYMENT,41,1499.7,61704.44,60204.74,0.0,0.0,0
1,PAYMENT,188,27821.33,90070.0,62248.67,0.0,0.0,0
1,PAYMENT,311,5838.0,107011.0,101173.0,0.0,0.0,0
1,CASH_OUT,190,125060.26,0.0,0.0,490042.38,615102.64,0
1,CASH_OUT,18,152694.23,191.0,0.0,0.0,152694.23,0
1,CASH_OUT,300,291780.23,19943.0,0.0,0.0,291780.23,0
1,CASH_OUT,404,397799.66,0.0,0.0,130853178.65,131250978.32,0
1,PAYMENT,204,5806.93,0.0,0.0,0.0,0.0,0
1,PAYMENT,546,6116.64,15748.1,9631.47,0.0,0.0,0
1,CASH_IN,520,111092.53,10817.0,121909.53,262936.14,151843.6,0
1,PAYMENT,374,11729.62,127542.7,115813.08,0.0,0.0,0
1,PAYMENT,237,3884.24,287440.0,283555.76,0.0,0.0,0
1,CASH_OUT,517,109983.88,95380.79,0.0,893061.73,1003045.6,0
1,PAYMENT,137,32059.03,5973.0,0.0,0.0,0.0,0
1,CASH_OUT,399,397531.04,0.0,0.0,4939533.69,5337064.73,0
1,CASH_IN,191,26449.03,27444193.22,27470642.25,629962.73,603513.7,0
1,PAYMENT,14,11711.36,0.0,0.0,0.0,0.0,0
1,CASH_OUT,17,162669.57,0.0,0.0,204758.17,367427.74,0
1,PAYMENT,189,8990.53,0.0,0.0,0.0,0.0,0
1,CASH_OUT,370,349021.14,123.0,0.0,0.0,349021.14,0
1,PAYMENT,227,19405.33,4090.0,0.0,0.0,0.0,0
1,CASH_IN,40,259096.38,56109.0,315205.38,89070.27,0.0,0
1,PAYMENT,350,20031.09,0.0,0.0,0.0,0.0,0
1,TRANSFER,154,435326.63,0.0,0.0,1038764.26,1643251.45,0
1,PAYMENT,381,24387.59,0.0,0.0,0.0,0.0,0
1,TRANSFER,354,10000000.0,19299230.13,9299230.13,0.0,0.0,1
1,CASH_IN,334,50503.26,3844631.0,3895134.26,452839.8,402336.54,0
1,TRANSFER,544,1918139.16,35264.0,0.0,4804194.81,6722333.97,0
1,CASH_OUT,58,1789155.73,1789155.73,0.0,2031388.61,3820544.34,1
1,CASH_IN,158,114830.51,40446.0,155276.51,4110119.51,3995289.0,0
1,CASH_IN,163,30993.0,2805546.68,2836539.68,6970652.25,6939659.25,0
1,PAYMENT,42,32388.46,222956.6,190568.14,0.0,0.0,0
1,CASH_OUT,252,119558.22,17058.0,0.0,269379.11,300285.93,0
1,PAYMENT,429,5742.92,14726.0,8983.08,0.0,0.0,0
1,CASH_OUT,235,296727.34,127.0,0.0,0.0,296727.34,0
1,CASH_OUT,254,207569.59,0.0,0.0,1514530.69,1722100.28,0
1,CASH_OUT,227,97982.46,0.0,0.0,169605.12,267587.59,0
1,CASH_OUT,39,103530.05,0.0,0.0,654118.82,757648.87,0
1,PAYMENT,95,6016.43,10556.0,4539.57,0.0,0.0,0
1,PAYMENT,614,15461.61,225548.5,210086.89,0.0,0.0,0
1,TRANSFER,648,1005346.72,1005346.72,0.0,0.0,0.0,1
1,CASH_OUT,212,20449.88,0.0,0.0,2053893.11,2074343.0,0
1,CASH_IN,137,96008.17,1050117.11,1146125.28,5887132.18,5791124.01,0
1,PAYMENT,134,9225.2,0.0,0.0,0.0,0.0,0
1,CASH_IN,380,207977.21,20578.0,228555.21,39547.66,0.0,0
1,CASH_OUT,164,132056.01,46538.0,0.0,3034447.35,3166503.36,0
1,PAYMENT,332,15872.71,5994.34,0.0,0.0,0.0,0
1,CASH_OUT,363,1715635.41,1715635.41,0.0,0.0,1715635.41,1
1,CASH_IN,400,127986.59,51531.0,179517.59,877173.26,749186.66,0
1,CASH_IN,255,413662.68,25406.0,439068.68,618155.76,204493.08,0
1,CASH_IN,282,302473.78,14809.0,317282.78,69463.7,0.0,0
1,PAYMENT,297,24537.1,0.0,0.0,0.0,0.0,0
1,CASH_IN,403,221534.69,6192852.98,6414387.67,577027.29,355492.6,0
1,PAYMENT,184,2062.57,0.0,0.0,0.0,0.0,0
1,PAYMENT,39,3961.43,271.0,0.0,0.0,0.0,0
1,TRANSFER,380,70979.42,20844.71,0.0,742099.64,813079.06,0
1,TRANSFER,307,488327.2,18276.4,0.0,568812.92,1057140.12,0
1,PAYMENT,251,40150.12,35713.0,0.0,0.0,0.0,0
1,CASH_OUT,388,5658123.36,5658123.36,0.0,1094471.2,6752594.56,1
1,CASH_OUT,299,89156.69,55469.0,0.0,121854.72,211011.41,0
1,CASH_OUT,563,229547.64,0.0,0.0,2406026.53,2635574.17,0
1,TRANSFER,311,6558087.93,6558087.93,0.0,0.0,0.0,1
1,PAYMENT,330,12952.92,0.0,0.0,0.0,0.0,0
1,PAYMENT,240,13570.66,43536.0,29965.34,0.0,0.0,0
1,CASH_OUT,45,107225.53,250739.0,143513.47,0.0,107225.53,0
1,CASH_OUT,18,130789.12,453830.0,323040.88,14680938.16,15012640.91,0
1,PAYMENT,400,1797.12,20375.0,18577.88,0.0,0.0,0
1,PAYMENT,227,56353.42,34699.0,0.0,0.0,0.0,0
1,TRANSFER,186,165473.77,0.0,0.0,228684.64,394158.41,0
1,CASH_IN,323,7767.77,7514193.84,7521961.61,927804.08,920036.31,0
1,CASH_OUT,596,73865.4,34999.0,0.0,3824440.07,3898305.47,0
1,CASH_IN,376,38836.65,153.38,38990.03,75066.76,36230.12,0
1,CASH_OUT,11,664147.98,15763.0,0.0,1226397.63,1890545.61,0
1,CASH_IN,42,112572.07,763232.85,875804.93,1442828.23,1330256.16,0
1,CASH_IN,207,50080.92,397831.0,447911.92,0.0,0.0,0
1,CASH_OUT,15,25044.21,0.0,0.0,2351784.25,2301748.76,0
1,CASH_IN,134,54751.37,1272474.99,1327226.37,856964.86,802213.49,0
1,CASH_IN,345,106981.75,10891.0,117872.75,2610470.7,2503488.95,0
1,CASH_OUT,191,159715.78,0.0,0.0,632235.71,791951.5,0
1,PAYMENT,9,3438.93,82985.0,79546.07,0.0,0.0,0
1,CASH_OUT,304,112311.71,0.0,0.0,135576.41,247888.13,0
1,PAYMENT,146,9985.44,22605.0,12619.56,0.0,0.0,0
1,PAYMENT,326,31845.04,11479.92,0.0,0.0,0.0,0
1,PAYMENT,155,7096.95,2912.0,0.0,0.0,0.0,0
1,TRANSFER,518,674176.5,51946.0,0.0,1338703.24,2012879.74,0
1,CASH_OUT,277,68528.47,20589.0,0.0,1662006.88,1730535.35,0
1,CASH_IN,138,133691.9,205487.0,339178.9,64807.18,0.0,0
1,PAYMENT,301,22556.34,0.0,0.0,0.0,0.0,0
1,CASH_IN,304,339757.11,258043.0,597800.11,98477.74,0.0,0
1,TRANSFER,162,716106.3,0.0,0.0,966894.76,1683001.07,0
1,CASH_OUT,11,86846.95,19935.0,0.0,1853332.84,1990774.42,0
1,CASH_OUT,38,273958.81,4666.0,0.0,2564240.33,2838199.14,0
1,CASH_OUT,35,123537.13,115469.0,0.0,0.0,123537.13,0
1,TRANSFER,393,614498.99,0.0,0.0,6900711.68,7515210.67,0
1,CASH_IN,15,18640.51,95040.0,113680.51,1471399.67,1452759.17,0
1,CASH_OUT,202,168034.75,36709.0,0.0,0.0,168034.75,0
1,CASH_OUT,37,54894.34,84734.78,29840.44,49230.11,104124.45,0
1,PAYMENT,255,9069.69,48824.95,39755.26,0.0,0.0,0
1,CASH_OUT,132,309743.49,30867.0,0.0,534225.47,843968.97,0
1,CASH_OUT,571,72472.67,260163.0,187690.33,51632.39,124105.05,0
1,CASH_OUT,45,141045.52,23293.0,0.0,0.0,141045.52,0
1,PAYMENT,398,8340.6,1235.0,0.0,0.0,0.0,0
1,PAYMENT,402,3281.89,260630.97,257349.08,0.0,0.0,0
1,CASH_OUT,715,212028.15,212028.15,0.0,3708381.73,3920409.88,1
1,TRANSFER,211,621012.21,64500.35,0.0,766022.45,1387034.67,0
1,CASH_OUT,186,331650.46,1048.0,0.0,156405.57,488056.04,0
1,PAYMENT,121,1492.3,1367.0,0.0,0.0,0.0,0
1,TRANSFER,159,299912.09,0.0,0.0,9279395.14,9579307.23,0
1,CASH_IN,399,311038.56,13162.0,324200.56,0.0,0.0,0
1,CASH_OUT,161,69711.25,0.0,0.0,9782817.03,9611454.12,0
1,CASH_IN,252,527906.01,16309.0,544215.01,5779613.29,5251707.27,0
1,CASH_OUT,403,82010.78,0.0,0.0,6434620.67,6516631.45,0
1,PAYMENT,215,8739.73,0.0,0.0,0.0,0.0,0
1,CASH_OUT,742,303846.74,303846.74,0.0,343660.89,647507.63,1
1,CASH_OUT,298,62797.62,0.0,0.0,13890967.66,13953765.28,0
1,CASH_OUT,132,304160.26,188929.0,0.0,207428.0,0.0,0
1,CASH_IN,332,48682.02,4236150.38,4284832.4,2710971.39,2662289.37,0
1,CASH_OUT,347,119632.47,0.0,0.0,5154731.14,5274363.62,0
1,CASH_IN,36,401300.36,1668277.97,2069578.33,9853456.12,9452155.75,0
1,TRANSFER,251,1388191.32,343.0,0.0,4520775.17,5908966.49,0
1,CASH_OUT,130,248556.75,105753.0,0.0,7454717.14,7703273.9,0
1,CASH_OUT,306,40490.07,50720.0,10229.93,670479.46,710969.53,0
1,CASH_IN,258,7728.3,55328.0,63056.3,1994339.25,1986610.96,0
1,PAYMENT,229,16728.35,6808.0,0.0,0.0,0.0,0
1,CASH_IN,277,137349.94,1312277.31,1449627.25,1221497.01,1084147.07,0
1,CASH_OUT,158,215921.43,17742.0,0.0,3777385.81,3993307.24,0
1,PAYMENT,358,4420.48,17257.06,12836.58,0.0,0.0,0
1,CASH_OUT,398,2651.07,363800.0,361148.93,675527.47,678178.53,0
1,PAYMENT,585,2583.94,45211.53,42627.59,0.0,0.0,0
1,TRANSFER,429,234684.26,20777.0,0.0,167999.58,402683.84,0
1,PAYMENT,235,12908.54,0.0,0.0,0.0,0.0,0
1,PAYMENT,283,23430.43,0.0,0.0,0.0,0.0,0
1,PAYMENT,330,2299.87,0.0,0.0,0.0,0.0,0
1,CASH_OUT,403,127203.3,0.0,0.0,1188817.99,1316021.29,0
1,CASH_IN,215,182641.84,8516461.24,8699103.08,3197839.15,3015197.31,0
1,CASH_OUT,138,123528.42,312815.0,189286.58,5718.0,0.0,0
1,DEBIT,18,5363.7,252387.09,247023.39,10596336.75,10206109.71,0
1,PAYMENT,305,415.38,35493.0,35077.62,0.0,0.0,0
1,CASH_OUT,326,173773.54,3789.0,0.0,23215.98,284710.23,0
1,PAYMENT,254,4922.37,0.0,0.0,0.0,0.0,0
1,TRANSFER,592,840119.38,39605.0,0.0,72488.45,912607.83,0
1,PAYMENT,183,3095.85,11228.42,8132.57,0.0,0.0,0
1,TRANSFER,135,167391.72,0.0,0.0,855661.06,1023052.79,0
1,PAYMENT,298,17535.26,218198.17,200662.91,0.0,0.0,0
1,TRANSFER,240,723782.37,723782.37,0.0,0.0,0.0,1
1,TRANSFER,215,1178015.66,71672.21,0.0,1453636.43,2631652.09,0
1,PAYMENT,35,48384.03,3423.27,0.0,0.0,0.0,0
1,CASH_OUT,258,309977.5,215599.0,0.0,10205.0,605202.71,0
1,CASH_OUT,12,34787.28,21584.0,0.0,186381.83,391767.77,0
1,CASH_OUT,228,95258.53,0.0,0.0,3222226.11,3317484.65,0
1,TRANSFER,297,2997577.63,31931.0,0.0,2422025.13,7983176.95,0
1,CASH_OUT,83,286769.07,286769.07,0.0,0.0,286769.07,1
1,CASH_OUT,276,48126.28,11157.0,0.0,0.0,48126.28,0
1,PAYMENT,257,1438.03,15847.34,14409.31,0.0,0.0,0
1,CASH_IN,14,38708.89,27060.0,65768.89,0.0,0.0,0
1,TRANSFER,276,1088915.75,0.0,0.0,4713188.45,5802104.2,0
1,CASH_IN,373,156644.78,1428031.66,1584676.44,848892.5,692247.71,0
1,CASH_IN,204,52360.48,101237.0,153597.48,0.0,0.0,0
1,PAYMENT,254,9497.01,0.0,0.0,0.0,0.0,0
1,PAYMENT,260,6000.82,12311.0,6310.18,0.0,0.0,0
1,PAYMENT,255,16314.15,99435.74,83121.59,0.0,0.0,0
1,TRANSFER,166,204951.37,204951.37,0.0,0.0,0.0,1
1,TRANSFER,660,227994.78,227994.78,0.0,0.0,0.0,1
1,PAYMENT,211,10036.4,0.0,0.0,0.0,0.0,0
1,CASH_IN,371,77228.55,59588.0,136816.55,2331739.41,2254510.86,0
1,CASH_OUT,257,37672.19,0.0,0.0,485158.69,522830.88,0
1,PAYMENT,332,27052.71,827019.22,799966.51,0.0,0.0,0
1,CASH_OUT,395,52843.15,30315.0,0.0,0.0,4476.76,0
1,CASH_OUT,305,181925.16,0.0,0.0,252937.86,434863.02,0
1,PAYMENT,401,65248.26,0.0,0.0,0.0,0.0,0
1,TRANSFER,85,1529614.71,1529614.71,0.0,0.0,0.0,1
1,TRANSFER,398,1038407.96,0.0,0.0,1185124.32,2223532.28,0
1,CASH_IN,285,191202.82,23158829.26,23350032.08,251743.85,60541.03,0
1,CASH_OUT,299,75986.13,0.0,0.0,5509000.42,5584986.55,0
1,CASH_OUT,13,318632.25,109408.0,0.0,2781403.16,3100035.41,0
1,CASH_OUT,277,105.66,139293.25,139187.6,3654297.27,3654402.93,0
1,PAYMENT,38,10494.95,50546.0,40051.05,0.0,0.0,0
1,CASH_OUT,46,945131.85,945131.85,0.0,119561.47,1064693.32,1
1,CASH_IN,253,36874.36,1364.0,38238.36,0.0,0.0,0
1,CASH_IN,139,288476.79,27184930.73,27473407.52,1724397.31,1435920.52,0
1,PAYMENT,11,18144.91,28309.25,10164.34,0.0,0.0,0
1,CASH_IN,17,282204.87,4629065.84,4911270.72,4973505.44,4691300.56,0
1,CASH_OUT,575,193545.61,193545.61,0.0,183785.02,377330.62,1
1,CASH_OUT,261,2689633.8,2689633.8,0.0,0.0,2689633.8,1
1,CASH_IN,250,34604.52,13802007.31,13836611.84,184109.14,149504.62,0
1,CASH_OUT,514,128339.23,0.0,0.0,906373.28,1034712.51,0
1,TRANSFER,322,724048.45,43746.0,0.0,0.0,724048.45,0
1,CASH_OUT,303,23534.01,0.0,0.0,502613.61,526147.62,0
1,CASH_OUT,333,96998.21,30723.0,0.0,0.0,96998.21,0
1,PAYMENT,378,12013.02,156121.14,144108.11,0.0,0.0,0
1,CASH_OUT,9,10017.74,29667.0,19649.26,0.0,10017.74,0
1,CASH_OUT,58,561948.38,561948.38,0.0,30911.97,592860.35,1
1,CASH_OUT,275,123450.12,0.0,0.0,127633.57,251083.68,0
1,CASH_OUT,348,268023.88,120044.0,0.0,28657.27,296681.15,0
1,PAYMENT,275,8931.39,10089.0,1157.61,0.0,0.0,0
1,PAYMENT,260,1051.19,4020.0,2968.81,0.0,0.0,0
1,CASH_IN,400,42436.38,577558.43,619994.82,75844.92,33408.53,0
1,TRANSFER,201,564699.59,564699.59,0.0,0.0,0.0,1
1,CASH_OUT,654,668595.91,668595.91,0.0,72554.54,741150.46,1
1,CASH_OUT,322,493670.41,502092.0,8421.59,39891.95,428685.02,0
1,PAYMENT,592,10515.22,0.0,0.0,0.0,0.0,0
1,CASH_OUT,255,9433.68,0.0,0.0,124399.11,133832.79,0
1,PAYMENT,350,13978.78,59945.0,45966.22,0.0,0.0,0
1,CASH_OUT,34,237921.11,268760.56,30839.45,1809232.67,2047153.78,0
1,PAYMENT,231,7098.17,10462.0,3363.83,0.0,0.0,0
1,CASH_IN,596,109240.38,6137957.62,6247198.01,39812868.1,39703627.72,0
1,CASH_OUT,163,105411.97,139552.06,34140.09,1877756.66,1983168.63,0
1,CASH_IN,186,145720.33,16355615.94,16501336.27,5397726.89,5252006.56,0
1,CASH_OUT,9,172431.22,0.0,0.0,292550.0,2205638.28,0
1,CASH_OUT,396,143223.06,66211.0,0.0,766834.56,910057.62,0
1,CASH_IN,396,275608.04,2905960.42,3181568.46,577095.92,301487.88,0
1,TRANSFER,132,270811.26,0.0,0.0,7278617.5,7549428.76,0
1,CASH_OUT,332,19365.91,101720.8,82354.89,11666994.36,11686360.27,0
1,TRANSFER,348,2396760.32,19950.0,0.0,0.0,2396760.32,0
1,CASH_OUT,230,75837.02,0.0,0.0,346313.28,422150.31,0
1,CASH_IN,144,37599.33,3028703.39,3066302.72,1385221.81,1347622.48,0
1,TRANSFER,332,294863.81,0.0,0.0,1334332.09,1629195.9,0
1,CASH_OUT,227,109909.22,8856.0,0.0,0.0,109909.22,0
1,PAYMENT,332,19366.42,0.0,0.0,0.0,0.0,0
1,CASH_OUT,235,262932.99,0.0,0.0,3158719.91,3421652.9,0
1,CASH_IN,43,85306.75,1167496.27,1252803.02,324324.88,239018.13,0
1,PAYMENT,303,20520.28,372092.03,351571.75,0.0,0.0,0
1,CASH_IN,353,81970.07,103957.11,185927.18,229861.51,147891.44,0
1,PAYMENT,156,10482.35,171643.11,161160.76,0.0,0.0,0
1,TRANSFER,164,164520.2,154906.01,0.0,2102973.74,2267493.94,0
1,TRANSFER,154,909750.43,16188.55,0.0,1206244.12,2115994.55,0
1,CASH_OUT,259,54061.58,0.0,0.0,479827.89,533889.47,0
1,PAYMENT,361,62014.3,30354.0,0.0,0.0,0.0,0
1,CASH_OUT,389,1090527.71,1090527.71,0.0,0.0,1090527.71,1
1,CASH_OUT,349,114918.23,0.0,0.0,3739590.29,3854508.53,0
1,CASH_IN,211,134343.96,11593.0,145936.96,0.0,0.0,0
1,CASH_IN,205,242941.32,4154909.44,4397850.76,366200.91,123259.59,0
1,CASH_OUT,181,286664.12,44616.0,0.0,737928.87,1024592.99,0
1,CASH_OUT,420,1464160.5,1464160.5,0.0,462739.95,1926900.44,1
1,PAYMENT,252,34434.36,666018.37,631584.01,0.0,0.0,0
1,CASH_IN,251,302065.41,5459463.28,5761528.68,1206301.94,904236.53,0
1,CASH_OUT,581,801763.51,801763.51,0.0,0.0,801763.51,1
1,CASH_IN,36,515794.32,20000.0,535794.32,0.0,0.0,0
1,CASH_IN,158,564404.8,102580.0,666984.8,1587146.65,1022741.85,0
1,PAYMENT,288,129455.96,9068.0,0.0,0.0,0.0,0
1,PAYMENT,214,13658.9,2826.0,0.0,0.0,0.0,0
1,CASH_OUT,89,268230.43,268230.43,0.0,0.0,268230.43,1
1,PAYMENT,44,23844.41,11071.13,0.0,0.0,0.0,0
1,CASH_OUT,47,48833.89,0.0,0.0,93526.12,142360.02,0
1,TRANSFER,44,961640.86,0.0,0.0,985224.79,1946865.65,0
1,PAYMENT,129,4286.41,1172.0,0.0,0.0,0.0,0
1,PAYMENT,160,11853.82,46740.75,34886.93,0.0,0.0,0
1,TRANSFER,167,422065.32,25130.84,0.0,2797383.8,3219449.12,0
1,CASH_OUT,183,148220.26,323.0,0.0,391884.42,540104.68,0
1,CASH_OUT,358,90189.28,0.0,0.0,3208716.79,3298906.07,0
1,CASH_OUT,20,123606.18,0.0,0.0,12102837.2,12226443.38,0
1,CASH_OUT,349,3653.75,26946.91,23293.16,5874935.02,5878588.77,0
1,PAYMENT,204,23499.31,0.0,0.0,0.0,0.0,0
1,CASH_OUT,355,222014.01,21433.0,0.0,0.0,222014.01,0
1,TRANSFER,212,10000000.0,14953893.08,4953893.08,0.0,0.0,1
1,CASH_IN,18,157977.29,263976.47,421953.77,487296.15,442203.67,0
1,CASH_IN,331,41989.25,70151.0,112140.25,1973526.8,1931537.55,0
1,TRANSFER,37,1977497.4,50295.0,0.0,226790.91,2204288.31,0
1,CASH_OUT,396,122755.78,152671.0,29915.22,0.0,122755.78,0
1,CASH_OUT,213,272229.35,0.0,0.0,714524.41,986753.77,0
1,TRANSFER,116,2694857.26,2694857.26,0.0,0.0,0.0,1
1,PAYMENT,132,10776.41,0.0,0.0,0.0,0.0,0
1,CASH_OUT,134,203391.01,10104.0,0.0,134990.04,338381.05,0
1,CASH_IN,687,210976.42,8841217.08,9052193.49,349645.44,138669.02,0
1,CASH_OUT,355,163096.85,702.0,0.0,341233.56,504330.41,0
1,CASH_OUT,205,86491.31,9929.0,0.0,190525.71,277017.01,0
1,CASH_OUT,257,391404.94,124348.0,0.0,5233652.9,5625057.84,0
1,TRANSFER,31,5021186.54,5021186.54,0.0,0.0,0.0,1
1,CASH_IN,403,291169.57,369519.21,660688.78,207796.25,0.0,0
1,CASH_IN,21,14904.15,9152.0,24056.15,0.0,0.0,0
1,CASH_IN,328,227939.93,320417.62,548357.55,307672.47,79732.54,0
1,CASH_OUT,283,51789.61,786.0,0.0,218954.3,270743.91,0
1,CASH_OUT,381,27169.77,0.0,0.0,289151.81,316321.57,0
1,CASH_OUT,186,1650.91,33145.0,31494.09,614152.95,615803.86,0
1,CASH_IN,44,174712.7,8196.0,182908.7,0.0,0.0,0
1,CASH_OUT,350,494782.19,0.0,0.0,639517.86,1134300.05,0
1,PAYMENT,495,20746.39,0.0,0.0,0.0,0.0,0
1,PAYMENT,281,22665.09,0.0,0.0,0.0,0.0,0
1,CASH_OUT,372,386464.21,0.0,0.0,1374704.23,1761168.44,0
1,CASH_OUT,188,71107.19,0.0,0.0,266319.26,337426.45,0
1,PAYMENT,378,9685.43,31306.0,21620.57,0.0,0.0,0
1,PAYMENT,380,1155.27,423242.04,422086.77,0.0,0.0,0
1,CASH_OUT,138,194341.88,261776.57,67434.69,488600.23,682942.1,0
1,PAYMENT,255,3397.35,16080.0,12682.65,0.0,0.0,0
1,CASH_IN,353,27394.14,3448759.29,3476153.43,281159.25,253765.12,0
1,CASH_OUT,210,12547.18,253380.19,240833.01,136537.16,149084.33,0
1,PAYMENT,119,17307.3,12412.0,0.0,0.0,0.0,0
1,CASH_OUT,325,10098.8,0.0,0.0,4343052.23,4353151.03,0
1,PAYMENT,37,2439.54,391856.38,389416.84,0.0,0.0,0
1,CASH_OUT,395,33573.78,90610.0,57036.22,430600.58,464174.36,0
1,CASH_OUT,254,122967.04,0.0,0.0,1368349.14,1491316.18,0
1,PAYMENT,15,2891.68,0.0,0.0,0.0,0.0,0
1,PAYMENT,278,20059.73,0.0,0.0,0.0,0.0,0
1,CASH_OUT,18,126075.21,15444.0,0.0,1012249.96,1717532.51,0
1,CASH_OUT,235,50126.25,36147.0,0.0,1942835.52,1992961.77,0
1,CASH_OUT,43,80120.56,0.0,0.0,639890.98,720011.54,0
1,PAYMENT,308,2187.16,0.0,0.0,0.0,0.0,0
1,CASH_IN,183,70288.32,34118.0,104406.32,0.0,0.0,0
1,PAYMENT,187,24612.02,27907.0,3294.98,0.0,0.0,0
1,TRANSFER,202,702520.34,213.0,0.0,1443797.79,2146318.13,0
1,CASH_OUT,252,92551.43,315965.81,223414.38,699901.04,792452.47,0
1,CASH_IN,403,179010.59,9664539.63,9843550.22,186723.82,7713.23,0
1,CASH_OUT,34,106935.54,0.0,0.0,139997.0,0.0,0
1,PAYMENT,233,38061.68,0.0,0.0,0.0,0.0,0
1,CASH_OUT,214,125886.86,0.0,0.0,611899.48,737786.33,0
1,CASH_IN,11,91104.29,52.0,91156.29,1494732.93,1531887.66,0
1,PAYMENT,403,16116.26,97941.0,81824.74,0.0,0.0,0
1,CASH_OUT,520,415655.18,20992.0,0.0,647782.01,1063437.19,0
1,CASH_OUT,401,144253.11,16173.0,0.0,1184686.57,1328939.68,0
1,CASH_OUT,227,503679.13,51935.0,0.0,235751.72,739430.85,0
1,CASH_IN,300,288145.92,2547725.7,2835871.61,321405.36,33259.45,0
1,CASH_OUT,323,127293.06,0.0,0.0,6773562.31,6900855.38,0
1,PAYMENT,405,11680.85,0.0,0.0,0.0,0.0,0
1,CASH_OUT,161,64317.76,25800.0,0.0,182285.71,246603.47,0
1,PAYMENT,346,7992.14,1234.0,0.0,0.0,0.0,0
1,CASH_OUT,383,4731371.88,4731371.88,0.0,0.0,4731371.88,1
1,PAYMENT,684,1899.03,0.0,0.0,0.0,0.0,0
1,CASH_OUT,354,12136.04,0.0,0.0,778135.47,790271.51,0
1,DEBIT,194,3930.88,507305.0,503374.12,1301796.7,1305727.58,0
1,CASH_OUT,352,1610.57,20828.0,19217.43,178352.03,179962.6,0
1,CASH_OUT,311,144188.21,0.0,0.0,1663941.54,1808129.75,0
1,PAYMENT,190,12923.61,215287.22,202363.61,0.0,0.0,0
1,CASH_OUT,507,244153.94,244153.94,0.0,462368.7,706522.64,1
1,DEBIT,142,173.03,13432.0,13258.97,11910472.86,11910645.89,0
1,CASH_OUT,36,380042.72,466.0,0.0,0.0,1359678.17,0
1,PAYMENT,96,7641.97,18943.0,11301.03,0.0,0.0,0
1,PAYMENT,140,3757.69,29790.0,26032.31,0.0,0.0,0
1,PAYMENT,681,8864.26,7431.0,0.0,0.0,0.0,0
1,PAYMENT,299,18142.53,91690.0,73547.47,0.0,0.0,0
1,CASH_OUT,353,501167.82,364883.72,0.0,919075.31,1420243.13,0
1,CASH_IN,469,118343.91,5562138.97,5680482.87,488803.74,370459.83,0
1,CASH_IN,20,186902.43,51394.0,238296.43,183778.28,0.0,0
1,CASH_OUT,12,316762.59,20918.0,0.0,0.0,449069.78,0
1,PAYMENT,154,5207.73,20875.0,15667.27,0.0,0.0,0
1,CASH_OUT,208,109414.32,0.0,0.0,555648.21,665062.53,0
1,CASH_OUT,393,128854.62,24112.0,0.0,1106723.47,1235578.09,0
1,CASH_IN,395,223631.94,1219787.18,1443419.13,666933.05,443301.11,0
1,TRANSFER,42,943578.03,81102.0,0.0,403126.14,1346704.17,0
1,TRANSFER,132,2033312.02,176434.0,0.0,3221931.28,5633469.49,0
1,CASH_OUT,358,132114.25,19166.0,0.0,0.0,132114.25,0
1,TRANSFER,54,1350574.58,1350574.58,0.0,0.0,0.0,1
1,CASH_OUT,720,57040.65,57040.65,0.0,0.0,57040.65,1
1,PAYMENT,205,3612.66,0.0,0.0,0.0,0.0,0
1,CASH_OUT,17,181681.69,0.0,0.0,528754.66,710436.35,0
1,CASH_OUT,328,120351.34,0.0,0.0,963086.92,1083438.26,0
1,CASH_IN,234,393133.17,85.0,393218.17,53875.03,0.0,0
1,CASH_IN,350,43156.5,1468.0,44624.5,1036367.97,993211.47,0
1,TRANSFER,135,949997.78,18724.0,0.0,402616.71,1352614.49,0
1,CASH_IN,135,146638.62,52172.0,198810.62,94186.54,0.0,0
1,CASH_IN,35,225085.85,7439612.67,7664698.52,1993390.51,1768304.67,0
1,PAYMENT,596,4806.66,0.0,0.0,0.0,0.0,0
1,CASH_IN,234,180528.41,318035.25,498563.66,4618222.89,4437694.48,0
1,CASH_OUT,212,48520.56,21972.0,0.0,4736907.27,4821077.13,0
1,CASH_OUT,135,130392.26,44421.0,0.0,2562257.83,2692650.08,0
1,PAYMENT,286,7566.0,20003.0,12437.0,0.0,0.0,0
1,CASH_OUT,69,2960254.17,2960254.17,0.0,620822.89,3581077.07,1
1,CASH_OUT,522,94594.81,0.0,0.0,597246.65,691841.46,0
1,PAYMENT,160,10563.89,106419.0,95855.11,0.0,0.0,0
1,PAYMENT,354,13913.24,6024.0,0.0,0.0,0.0,0
1,CASH_OUT,43,56303.54,26981.0,0.0,0.0,56303.54,0
1,PAYMENT,212,1254.36,2122.0,867.64,0.0,0.0,0
1,CASH_OUT,179,232797.1,19028.0,0.0,254804.91,487602.01,0
1,CASH_OUT,209,32633.85,0.0,0.0,1661228.2,1693862.05,0
1,CASH_OUT,136,188474.95,51685.0,0.0,2699187.97,2887662.92,0
1,CASH_OUT,257,147427.94,22258.0,0.0,1658088.58,1805516.52,0
1,CASH_OUT,141,300079.44,34747.0,0.0,3623297.37,3923376.81,0
1,CASH_IN,235,74430.81,4868259.07,4942689.89,476639.52,402208.7,0
1,PAYMENT,191,5221.63,6080.0,858.37,0.0,0.0,0
1,CASH_IN,236,78778.77,1771086.24,1849865.01,2021014.8,1942236.03,0
1,CASH_OUT,154,203323.3,9960.0,0.0,66231.34,269554.65,0
1,CASH_OUT,373,242701.92,0.0,0.0,503690.75,746392.66,0
1,CASH_OUT,732,417129.11,417129.11,0.0,683101.34,1100230.45,1
1,PAYMENT,253,31940.15,107124.0,75183.85,0.0,0.0,0
1,CASH_OUT,157,61272.58,0.0,0.0,903503.99,792107.95,0
1,PAYMENT,325,22285.48,59625.0,37339.52,0.0,0.0,0
1,PAYMENT,255,5431.03,913.0,0.0,0.0,0.0,0
1,TRANSFER,258,46737.35,1089.0,0.0,422727.33,469464.68,0
1,CASH_IN,37,324120.88,10213.0,334333.88,57354.2,0.0,0
1,CASH_IN,379,168417.24,4324636.68,4493053.92,667322.43,498905.19,0
1,PAYMENT,375,5449.47,15314.0,9864.53,0.0,0.0,0
1,PAYMENT,283,22.55,9993.93,9971.37,0.0,0.0,0
1,CASH_OUT,166,239469.97,0.0,0.0,3070595.23,3310065.2,0
1,CASH_IN,255,328483.88,3478467.85,3806951.72,1384362.97,1055879.09,0
1,CASH_OUT,211,139172.35,0.0,0.0,194401.9,333574.25,0
1,PAYMENT,250,28181.06,31798.95,3617.89,0.0,0.0,0
1,TRANSFER,280,268762.37,268762.37,0.0,0.0,0.0,1
1,TRANSFER,373,1378380.95,12102.0,0.0,2201024.88,3579405.84,0
1,CASH_IN,324,120697.51,8126.0,128823.51,54600.42,0.0,0
1,PAYMENT,214,12540.02,0.0,0.0,0.0,0.0,0
1,CASH_IN,379,54675.53,14286855.53,14341531.06,270680.57,216005.04,0
1,CASH_OUT,256,675042.73,407269.0,0.0,0.0,675042.73,0
1,PAYMENT,395,12880.65,74318.46,61437.8,0.0,0.0,0
1,TRANSFER,554,10000000.0,23576297.1,13576297.1,0.0,0.0,1
1,TRANSFER,255,961606.27,8206.0,0.0,0.0,961606.27,0
1,CASH_OUT,299,111729.83,272.0,0.0,60122.34,171852.18,0
1,TRANSFER,188,55828.33,0.0,0.0,552189.43,608017.76,0
1,CASH_OUT,35,74787.46,0.0,0.0,482959.3,557746.77,0
1,PAYMENT,16,7068.69,686.0,0.0,0.0,0.0,0
1,CASH_IN,164,88685.09,56132.0,144817.09,0.0,0.0,0
1,CASH_OUT,47,21809.13,0.0,0.0,5192869.21,5214678.34,0
1,CASH_OUT,130,18480.92,0.0,0.0,1289704.8,1308185.72,0
1,CASH_IN,154,221610.26,4945870.51,5167480.77,505736.13,284125.87,0
1,CASH_IN,17,16718.31,4040516.19,4057234.5,305014.0,288295.69,0
1,CASH_OUT,15,28030.11,54687.0,26656.89,0.0,14849.62,0
1,CASH_IN,138,93642.27,1449490.0,1543132.26,132829.41,39187.15,0
1,PAYMENT,372,24817.56,62887.11,38069.54,0.0,0.0,0
1,PAYMENT,359,13530.89,325841.0,312310.11,0.0,0.0,0
1,PAYMENT,136,1706.42,155898.61,154192.19,0.0,0.0,0
1,CASH_OUT,12,222007.54,14500.0,0.0,334905.01,556912.55,0
1,CASH_IN,356,119085.79,218587.93,337673.72,1115104.08,996018.28,0
1,CASH_OUT,225,284601.47,175940.47,0.0,1099685.4,1384286.87,0
1,PAYMENT,332,5520.78,4911.0,0.0,0.0,0.0,0
1,CASH_OUT,329,634552.44,14948.0,0.0,0.0,634552.44,0
1,CASH_OUT,191,6055.09,63285.22,57230.12,546304.08,552359.17,0
1,TRANSFER,43,490815.38,0.0,0.0,2364629.75,2855445.14,0
1,CASH_OUT,702,10000000.0,10000000.0,0.0,3485891.28,13485891.28,1
1,PAYMENT,371,1770.36,0.0,0.0,0.0,0.0,0
1,TRANSFER,256,152323.99,571585.94,419261.95,810114.82,962438.81,0
1,CASH_OUT,151,258103.59,258103.59,0.0,244362.91,502466.5,1
1,CASH_IN,369,73040.64,1822271.91,1895312.55,170210.8,97170.17,0
1,CASH_IN,354,343888.59,2505071.81,2848960.4,2791360.25,2447471.66,0
1,TRANSFER,300,88623.42,0.0,0.0,801669.84,890293.26,0
1,CASH_OUT,144,325732.34,325732.34,0.0,3734511.97,4060244.31,1
1,TRANSFER,498,9593838.63,9593838.63,0.0,0.0,0.0,1
1,CASH_OUT,207,38427.47,38427.47,0.0,27167.41,65594.88,1
1,CASH_IN,145,64902.42,399347.72,464250.14,9916756.55,9851854.12,0
1,PAYMENT,158,1440.61,0.0,0.0,0.0,0.0,0
1,CASH_IN,14,231726.6,1021103.97,1252830.57,4103233.59,3924481.24,0
1,CASH_OUT,350,297783.59,60725.0,0.0,3993046.75,4290830.34,0
1,PAYMENT,230,4031.79,0.0,0.0,0.0,0.0,0
1,CASH_OUT,399,193822.58,3653.0,0.0,2350441.78,2544264.36,0
1,PAYMENT,43,2927.11,10974.0,8046.89,0.0,0.0,0
1,CASH_OUT,45,218970.82,0.0,0.0,1173328.47,1392299.28,0
1,CASH_OUT,18,226870.38,0.0,0.0,237019.18,808786.8,0
1,PAYMENT,563,2211.25,17208.0,14996.75,0.0,0.0,0
1,CASH_IN,40,32894.84,894598.76,927493.6,2291487.45,2258592.61,0
1,PAYMENT,278,14007.93,39642.0,25634.07,0.0,0.0,0
1,TRANSFER,543,74436.56,74436.56,0.0,0.0,0.0,1
1,CASH_OUT,379,212887.95,87.0,0.0,2419525.1,2632413.05,0
1,CASH_IN,203,113495.76,7925819.07,8039314.83,13707599.48,13594103.72,0
1,CASH_IN,281,53276.37,4179050.86,4232327.24,665349.99,612073.62,0
1,CASH_IN,402,84373.25,1794652.72,1879025.97,145640.36,61267.11,0
1,PAYMENT,185,6156.69,322923.0,316766.31,0.0,0.0,0
1,CASH_OUT,137,310434.29,162.0,0.0,117324.27,424365.69,0
1,CASH_IN,226,239010.94,14329.0,253339.94,0.0,0.0,0
1,CASH_OUT,326,341403.71,585253.39,243849.69,5397811.63,5861350.98,0
1,PAYMENT,11,22232.88,10711.0,0.0,0.0,0.0,0
1,PAYMENT,302,42248.02,102467.85,60219.83,0.0,0.0,0
1,PAYMENT,181,5352.98,0.0,0.0,0.0,0.0,0
1,CASH_OUT,446,239095.53,239095.53,0.0,65367.32,304462.85,1
1,CASH_OUT,370,44158.68,71270.0,27111.32,0.0,44158.68,0
1,PAYMENT,255,16049.81,73.0,0.0,0.0,0.0,0
1,PAYMENT,10,2716.07,21038.0,18321.93,0.0,0.0,0
1,CASH_OUT,306,74103.87,21365.0,0.0,0.0,74103.87,0
1,CASH_IN,181,332266.56,32465.0,364731.56,240893.0,0.0,0
1,CASH_OUT,185,151006.0,0.0,0.0,623382.73,774388.74,0
1,CASH_IN,401,84319.59,21777134.56,21861454.14,189227.99,104908.4,0
1,PAYMENT,299,56898.41,11406.0,0.0,0.0,0.0,0
1,CASH_IN,15,323068.23,449196.0,772264.23,59321.92,0.0,0
1,CASH_OUT,382,57741.13,1096.0,0.0,278312.47,336053.6,0
1,CASH_OUT,353,182423.06,12041.0,0.0,0.0,182423.06,0
1,PAYMENT,43,9746.0,4262.0,0.0,0.0,0.0,0
1,CASH_OUT,9,459248.1,0.0,0.0,3197038.27,3431371.36,0
1,CASH_OUT,157,77185.72,0.0,0.0,284164.98,361350.7,0
1,TRANSFER,13,6188514.81,6188514.81,0.0,0.0,0.0,1
1,CASH_OUT,9,21922.0,21922.0,0.0,1929861.61,2046918.8,1
1,CASH_OUT,162,387008.22,249716.0,0.0,781926.27,1168934.49,0
1,TRANSFER,253,458395.24,186479.0,0.0,0.0,458395.24,0
1,CASH_OUT,161,134652.03,0.0,0.0,398770.75,533422.78,0
1,TRANSFER,587,146963.38,0.0,0.0,653257.71,800221.1,0
1,CASH_OUT,254,332775.19,1485.0,0.0,0.0,627397.58,0
2,PAYMENT,216,7501.01,40727.0,33225.99,0.0,0.0,0
2,CASH_OUT,188,58938.51,31437.0,0.0,2147176.4,2206114.92,0
2,PAYMENT,403,9815.07,10317.0,501.93,0.0,0.0,0
2,PAYMENT,303,191.99,293594.6,293402.61,0.0,0.0,0
2,CASH_OUT,157,182130.64,90256.0,0.0,0.0,226117.17,0
2,CASH_OUT,355,256686.09,0.0,0.0,274231.14,530917.24,0
2,PAYMENT,396,32154.36,0.0,0.0,0.0,0.0,0
2,TRANSFER,568,32521.24,32521.24,0.0,0.0,0.0,1
2,TRANSFER,133,111403.49,126896.0,15492.51,244618.53,356022.02,0
2,PAYMENT,137,5538.74,10355.0,4816.26,0.0,0.0,0
2,CASH_IN,164,207625.38,20218.0,227843.38,0.0,0.0,0
2,TRANSFER,670,1001446.44,1001446.44,0.0,0.0,0.0,1
2,CASH_IN,16,216055.52,20197.0,236252.52,0.0,0.0,0
2,TRANSFER,656,318385.29,35085.0,0.0,0.0,318385.29,0
2,CASH_OUT,208,135012.74,0.0,0.0,2115039.13,2915799.77,0
2,PAYMENT,395,17300.59,369.0,0.0,0.0,0.0,0
2,PAYMENT,397,31795.17,30420.0,0.0,0.0,0.0,0
2,CASH_IN,644,138319.63,3471492.33,3609811.97,140827.65,2508.02,0
2,PAYMENT,21,7208.54,109268.0,102059.46,0.0,0.0,0
2,TRANSFER,686,1637875.33,1637875.33,0.0,0.0,0.0,1
2,PAYMENT,596,9513.65,20860.0,11346.35,0.0,0.0,0
2,PAYMENT,401,8336.82,8038.0,0.0,0.0,0.0,0
2,PAYMENT,305,32028.1,317137.01,285108.9,0.0,0.0,0
2,CASH_IN,188,216252.43,28040460.41,28256712.83,5440690.68,5224438.25,0
2,CASH_IN,274,35547.3,792104.64,827651.94,5018160.9,4982613.6,0
2,CASH_IN,159,75748.94,38023.0,113771.94,61352.8,0.0,0
2,CASH_IN,332,213796.86,1117736.77,1331533.62,691469.5,477672.64,0
2,CASH_IN,39,128227.8,99272.0,227499.8,802771.14,781065.35,0
2,PAYMENT,40,13873.57,6623.35,0.0,0.0,0.0,0
2,CASH_IN,284,79620.4,20500.0,100120.4,359616.62,279996.23,0
2,CASH_OUT,12,191741.91,36755.83,0.0,1039625.61,900048.94,0
2,CASH_IN,183,152914.06,6450504.38,6603418.44,5187939.33,5035025.27,0
2,CASH_IN,279,138495.1,10565031.26,10703526.36,254713.49,495871.46,0
2,PAYMENT,396,7050.66,33040.0,25989.34,0.0,0.0,0
2,PAYMENT,256,6748.57,21261.0,14512.43,0.0,0.0,0
2,CASH_OUT,282,194414.77,82136.0,0.0,0.0,194414.77,0
2,TRANSFER,546,714650.79,0.0,0.0,1914094.44,2628745.23,0
2,CASH_OUT,37,437579.56,0.0,0.0,14007617.8,14445197.36,0
2,CASH_IN,326,96746.49,3079178.68,3175925.18,4808536.95,4711790.45,0
2,CASH_OUT,186,164973.17,0.0,0.0,2980042.87,3145016.03,0
2,PAYMENT,356,1271.27,0.0,0.0,0.0,0.0,0
2,CASH_IN,36,82160.77,1263349.31,1345510.07,441959.47,359798.7,0
2,CASH_IN,182,184193.18,29846.0,214039.18,2216655.77,2032462.6,0
2,TRANSFER,19,25675.4,28752.0,3076.6,3124421.21,3148093.61,0
2,CASH_OUT,370,243118.94,243118.94,0.0,67919.77,311038.71,1
2,PAYMENT,40,15041.43,0.0,0.0,0.0,0.0,0
2,CASH_OUT,33,261655.99,0.0,0.0,1452206.63,3165561.1,0
2,CASH_OUT,258,27080.52,0.0,0.0,90260.24,117340.77,0
2,PAYMENT,9,16874.73,63171.0,46296.27,0.0,0.0,0
2,CASH_IN,370,105029.98,226542.99,331572.98,108713.43,3683.45,0
2,CASH_OUT,41,23758.12,10914.0,0.0,202842.0,0.0,0
2,CASH_OUT,250,184806.21,0.0,0.0,230216.25,415022.46,0
2,CASH_OUT,298,282010.6,205771.0,0.0,334425.67,616436.28,0
2,CASH_IN,253,323711.44,4928193.13,5251904.57,684027.94,360316.5,0
2,PAYMENT,225,28954.24,52336.0,23381.76,0.0,0.0,0
2,CASH_OUT,260,743241.83,0.0,0.0,917661.98,1660903.81,0
2,PAYMENT,546,31240.29,65077.0,33836.71,0.0,0.0,0
2,PAYMENT,428,15690.69,0.0,0.0,0.0,0.0,0
2,CASH_IN,183,105806.34,1076524.81,1182331.14,8501955.68,8396149.34,0
2,TRANSFER,137,750106.96,10630.0,0.0,19201.11,769308.07,0
2,CASH_OUT,346,252105.43,191919.0,0.0,0.0,252105.43,0
2,CASH_OUT,45,53641.31,300693.0,247051.69,223985.14,277626.44,0
2,CASH_OUT,42,8386.63,1341.0,0.0,0.0,8386.63,0
2,PAYMENT,207,4416.28,11705.73,7289.44,0.0,0.0,0
2,CASH_OUT,138,139109.88,1034.0,0.0,127667.84,266777.71,0
2,CASH_IN,186,118503.63,3398967.18,3517470.8,1786718.26,1668214.63,0
2,CASH_OUT,278,138554.87,0.0,0.0,669824.27,808379.14,0
2,CASH_OUT,147,489514.32,489514.32,0.0,0.0,489514.32,1
2,CASH_IN,44,10145.0,16279090.83,16289235.83,45228.19,35083.18,0
2,TRANSFER,371,1804879.61,361.0,0.0,0.0,1804879.61,0
2,PAYMENT,381,5947.2,5565.0,0.0,0.0,0.0,0
2,PAYMENT,33,4739.77,30878.0,26138.23,0.0,0.0,0
2,CASH_OUT,41,189164.48,109730.0,0.0,9950.45,199114.94,0
2,CASH_IN,252,50326.33,198.0,50524.33,111365.8,61039.47,0
2,CASH_OUT,138,227777.43,20933.0,0.0,1874908.94,2102686.36,0
2,PAYMENT,20,8205.41,60105.0,51899.59,0.0,0.0,0
2,CASH_IN,48,306634.28,294706.04,601340.31,4556519.23,4249884.96,0
2,CASH_OUT,492,238112.42,0.0,0.0,1358431.94,1596544.36,0
2,PAYMENT,18,21048.05,24885.0,3836.95,0.0,0.0,0
2,PAYMENT,14,6765.74,0.0,0.0,0.0,0.0,0
2,PAYMENT,137,28826.86,0.0,0.0,0.0,0.0,0
2,CASH_OUT,330,65839.11,247343.83,181504.72,364918.42,430757.53,0
2,CASH_IN,284,173257.32,3495.0,176752.32,1320965.83,1147708.51,0
2,CASH_OUT,305,166257.5,5972.86,0.0,506537.95,672795.45,0
2,PAYMENT,346,22172.14,219789.18,197617.04,0.0,0.0,0
2,PAYMENT,182,9823.3,15726.0,5902.7,0.0,0.0,0
2,CASH_OUT,232,329759.98,90338.0,0.0,0.0,329759.98,0
2,PAYMENT,130,4277.49,79645.0,75367.51,0.0,0.0,0
2,CASH_OUT,274,117172.85,48848.87,0.0,795334.87,912507.72,0
2,CASH_OUT,304,89386.74,0.0,0.0,220821.16,310207.91,0
2,CASH_OUT,595,106901.18,171.0,0.0,11006785.32,11113686.5,0
2,CASH_IN,161,6631.43,19390.0,26021.43,8282.4,1650.97,0
2,CASH_OUT,300,297038.77,11644.0,0.0,185328.7,482367.47,0
2,PAYMENT,163,1429.21,1196958.86,1195529.65,0.0,0.0,0
2,CASH_IN,380,200553.42,31621.0,232174.42,531940.86,572180.15,0
2,PAYMENT,283,2179.69,108279.0,106099.31,0.0,0.0,0
2,CASH_OUT,201,173122.69,0.0,0.0,313153.76,486276.45,0
2,PAYMENT,255,7397.79,28883.0,21485.21,0.0,0.0,0
2,CASH_OUT,349,216217.66,0.0,0.0,3498068.59,3714286.25,0
2,CASH_IN,402,256781.91,60996.0,317777.91,1547977.01,1291195.1,0
2,CASH_OUT,161,144988.77,345.0,0.0,356757.58,501746.36,0
2,CASH_IN,41,385920.22,15148924.53,15534844.76,802592.79,416672.57,0
2,CASH_OUT,257,89120.29,0.0,0.0,272364.9,361485.19,0
2,PAYMENT,278,12680.27,40619.32,27939.06,0.0,0.0,0
2,TRANSFER,252,294139.93,105358.0,0.0,282572.85,576712.78,0
2,CASH_OUT,187,74044.71,0.0,0.0,277273.59,451971.09,0
2,PAYMENT,251,10916.18,14708.0,3791.82,0.0,0.0,0
2,PAYMENT,311,16270.45,0.0,0.0,0.0,0.0,0
2,DEBIT,378,5284.37,1268.0,0.0,305962.59,311246.96,0
2,TRANSFER,301,893447.52,0.0,0.0,2244892.79,3138340.31,0
2,CASH_OUT,164,277587.59,182.0,0.0,50730.94,328318.53,0
2,PAYMENT,130,6620.38,0.0,0.0,0.0,0.0,0
2,PAYMENT,402,13721.35,94603.0,80881.65,0.0,0.0,0
2,CASH_OUT,407,151617.48,0.0,0.0,226650.89,378268.36,0
2,CASH_OUT,396,117309.79,0.0,0.0,241542.49,358852.28,0
2,CASH_OUT,41,6531.4,50404.0,43872.6,1013823.04,1020354.44,0
2,PAYMENT,260,14344.39,1371.0,0.0,0.0,0.0,0
2,CASH_OUT,85,678058.75,678058.75,0.0,7175958.36,7854017.11,1
2,PAYMENT,371,6493.42,227456.0,220962.58,0.0,0.0,0
2,PAYMENT,34,1164.42,8568.0,7403.58,0.0,0.0,0
2,PAYMENT,227,85093.52,0.0,0.0,0.0,0.0,0
2,TRANSFER,3,22877.0,22877.0,0.0,0.0,0.0,1
2,CASH_OUT,661,29102.93,14601.0,0.0,2173024.02,2202126.95,0
2,CASH_OUT,44,7157.29,1342.0,0.0,15928.34,23085.63,0
2,CASH_OUT,402,311159.08,466642.0,155482.92,327769.99,638929.08,0
2,CASH_IN,17,94041.45,15409107.76,15503149.21,381722.59,287681.14,0
2,CASH_OUT,213,168556.01,0.0,0.0,2960457.94,3129013.95,0
2,PAYMENT,13,13044.34,0.0,0.0,0.0,0.0,0
2,TRANSFER,352,7454553.06,7454553.06,0.0,0.0,0.0,1
2,CASH_IN,212,39270.87,4756597.98,4795868.85,354809.36,315538.49,0
2,CASH_OUT,15,222338.94,128929.0,0.0,261085.23,900082.75,0
2,TRANSFER,33,3295227.84,3295227.84,0.0,0.0,0.0,1
2,PAYMENT,15,7408.39,0.0,0.0,0.0,0.0,0
2,PAYMENT,13,10032.19,0.0,0.0,0.0,0.0,0
2,PAYMENT,277,3946.61,91654.0,87707.39,0.0,0.0,0
2,CASH_OUT,184,38023.12,0.0,0.0,1082987.36,1256585.45,0
2,CASH_IN,257,324251.28,1324584.85,1648836.13,7655536.07,7331284.79,0
2,PAYMENT,322,18986.66,21778.0,2791.34,0.0,0.0,0
2,PAYMENT,233,24276.39,0.0,0.0,0.0,0.0,0
2,PAYMENT,131,17862.5,2579.0,0.0,0.0,0.0,0
2,CASH_OUT,345,111953.72,0.0,0.0,175819.64,287773.36,0
2,CASH_OUT,132,74320.44,0.0,0.0,1714252.09,1788572.53,0
2,CASH_IN,346,219388.94,32629.0,252017.94,110005.13,0.0,0
2,CASH_OUT,131,13626.03,0.0,0.0,326119.01,339745.04,0
2,PAYMENT,20,15944.18,0.0,0.0,0.0,0.0,0
2,CASH_IN,135,151351.24,159228.0,310579.24,2067335.41,1915984.17,0
2,CASH_OUT,165,246421.77,325604.18,79182.42,643736.09,890157.86,0
2,CASH_IN,284,165443.08,4948573.51,5114016.59,3199723.19,3034280.11,0
2,PAYMENT,164,17022.52,84296.75,67274.23,0.0,0.0,0
2,PAYMENT,140,4962.8,10121.0,5158.2,0.0,0.0,0
2,CASH_OUT,374,15343.85,25580.0,10236.15,474686.05,490029.89,0
2,TRANSFER,249,3138.25,3138.25,0.0,0.0,0.0,1
2,TRANSFER,257,823147.53,0.0,0.0,5236583.39,6059730.92,0
2,CASH_IN,40,58166.32,6940694.32,6998860.64,209907.77,151741.46,0
2,PAYMENT,187,16212.61,333841.33,317628.73,0.0,0.0,0
2,PAYMENT,589,32227.56,160621.0,128393.44,0.0,0.0,0
2,CASH_IN,354,141009.04,8488297.86,8629306.9,745550.4,604541.36,0
2,CASH_IN,35,174106.2,24155.0,198261.2,643557.82,469451.62,0
2,PAYMENT,209,781.38,288277.14,287495.76,0.0,0.0,0
2,PAYMENT,164,432.87,148709.67,148276.81,0.0,0.0,0
2,CASH_IN,162,759.3,26701.0,27460.3,1281782.9,1281023.59,0
2,CASH_IN,188,142488.17,4528080.98,4670569.15,2401718.99,2259230.82,0
2,TRANSFER,380,3070709.95,3070709.95,0.0,0.0,0.0,1
2,PAYMENT,375,41983.22,0.0,0.0,0.0,0.0,0
2,CASH_IN,179,115354.76,10001.0,125355.76,0.0,0.0,0
2,TRANSFER,306,790410.56,0.0,0.0,846010.86,1636421.42,0
2,PAYMENT,18,15960.18,909507.16,893546.98,0.0,0.0,0
2,PAYMENT,369,4164.12,0.0,0.0,0.0,0.0,0
2,CASH_IN,250,101179.92,19100.0,120279.92,0.0,0.0,0
2,CASH_IN,279,132275.45,107225.0,239500.45,184603.91,52328.45,0
2,CASH_IN,40,167442.4,126.0,167568.4,176951.76,9509.36,0
2,PAYMENT,328,23978.05,303372.73,279394.68,0.0,0.0,0
2,CASH_IN,262,53855.29,573118.47,626973.75,64603.55,10748.26,0
2,TRANSFER,689,49492.39,49492.39,0.0,0.0,0.0,1
2,CASH_OUT,236,382987.58,0.0,0.0,2164420.16,2547407.75,0
2,CASH_OUT,332,45754.89,1136057.01,1090302.11,367752.62,413507.51,0
2,TRANSFER,163,712300.44,13810.0,0.0,0.0,712300.44,0
2,CASH_IN,189,84995.65,8.0,85003.65,547835.12,462839.47,0
2,CASH_IN,46,185092.47,11574.0,196666.47,1706821.19,1521728.72,0
2,CASH_IN,9,495555.58,19611714.65,20107270.23,607313.41,86068.74,0
2,CASH_IN,396,315585.03,9084520.23,9400105.26,4184653.72,3869068.69,0
2,CASH_OUT,371,224401.4,187.0,0.0,18564.11,503403.83,0
2,CASH_OUT,380,32172.12,2060.0,0.0,4359994.95,4392167.07,0
2,PAYMENT,479,1003.75,54392.0,53388.25,0.0,0.0,0
2,TRANSFER,303,5614246.07,5614246.07,0.0,0.0,0.0,1
2,PAYMENT,324,32529.12,225.0,0.0,0.0,0.0,0
2,CASH_IN,35,87268.75,1283.0,88551.75,211121.83,123853.08,0
2,CASH_OUT,229,97169.6,32194.0,0.0,0.0,97169.6,0
2,CASH_OUT,351,11188.8,1294.0,0.0,126653.09,137841.9,0
2,CASH_OUT,22,137323.19,12766.0,0.0,667061.64,804384.83,0
2,PAYMENT,493,19772.41,0.0,0.0,0.0,0.0,0
2,CASH_OUT,40,276307.54,34690.0,0.0,124587.34,992240.95,0
2,CASH_IN,212,254092.64,34291.0,288383.64,8215051.91,7960959.27,0
2,CASH_OUT,16,299164.09,52116.0,0.0,386892.21,543621.5,0
2,CASH_IN,35,22764.0,349139.0,371903.0,531741.59,508977.6,0
2,CASH_OUT,305,282610.78,33203.0,0.0,309657.67,592268.46,0
2,CASH_OUT,327,204016.81,0.0,0.0,697813.32,901830.13,0
2,PAYMENT,234,9048.07,0.0,0.0,0.0,0.0,0
2,PAYMENT,261,219.95,171047.6,170827.64,0.0,0.0,0
2,PAYMENT,286,16596.55,0.0,0.0,0.0,0.0,0
2,CASH_IN,10,353599.71,20665.0,374264.71,424072.79,70473.08,0
2,CASH_OUT,282,87545.68,309781.0,222235.32,584679.1,454954.06,0
2,TRANSFER,442,1487505.07,1487505.07,0.0,0.0,0.0,1
2,TRANSFER,137,44513.09,0.0,0.0,7335879.46,7380392.54,0
2,CASH_OUT,34,407951.59,21392.0,0.0,1132815.17,1540766.76,0
2,CASH_IN,156,200804.93,1918479.06,2119283.99,1022886.56,822081.63,0
2,CASH_IN,262,65291.23,3527989.84,3593281.07,1704090.79,1638799.56,0
2,TRANSFER,350,801713.21,0.0,0.0,5008020.59,5809733.79,0
2,CASH_OUT,204,280347.11,7169.0,0.0,0.0,280347.11,0
2,PAYMENT,142,3098.04,0.0,0.0,0.0,0.0,0
2,TRANSFER,275,260313.66,0.0,0.0,6610433.79,6870747.44,0
2,CASH_OUT,33,394370.08,26725.0,0.0,0.0,394370.08,0
2,CASH_IN,303,224726.21,10170.0,234896.21,5287.79,0.0,0
2,PAYMENT,19,6012.56,42596.0,36583.44,0.0,0.0,0
2,TRANSFER,378,225494.31,0.0,0.0,675721.41,901215.72,0
2,CASH_OUT,594,45295.93,149076.0,103780.07,2328993.29,2374289.22,0
2,CASH_OUT,277,226804.13,226804.13,0.0,364697.02,736003.89,1
2,TRANSFER,182,918685.84,365.0,0.0,2949831.1,3868516.94,0
2,PAYMENT,12,27660.88,128447.1,100786.21,0.0,0.0,0
2,PAYMENT,302,65238.06,128960.88,63722.82,0.0,0.0,0
2,CASH_OUT,331,398219.08,398219.08,0.0,0.0,398219.08,1
2,CASH_IN,399,137156.37,2778543.83,2915700.2,239599.03,102442.66,0
2,PAYMENT,184,2805.67,61968.0,59162.33,0.0,0.0,0
2,PAYMENT,400,19047.74,297.0,0.0,0.0,0.0,0
2,PAYMENT,136,15029.91,0.0,0.0,0.0,0.0,0
2,CASH_OUT,164,238006.95,41674.0,0.0,745124.15,983131.09,0
2,CASH_IN,258,183030.66,26938.0,209968.66,547703.55,364672.88,0
2,CASH_IN,331,61651.24,17.0,61668.24,175481.51,113830.27,0
2,CASH_OUT,186,283757.53,0.0,0.0,598236.2,1170144.57,0
2,CASH_OUT,301,22944.73,0.0,0.0,62668.22,85612.95,0
2,PAYMENT,332,14996.69,0.0,0.0,0.0,0.0,0
2,CASH_OUT,233,83903.55,71653.0,0.0,523418.32,607321.88,0
2,CASH_OUT,282,18676.97,277.0,0.0,1788191.57,1806868.53,0
2,TRANSFER,97,31329.62,31329.62,0.0,0.0,0.0,1
2,PAYMENT,495,29071.41,54490.0,25418.59,0.0,0.0,0
2,CASH_OUT,163,288848.42,0.0,0.0,698636.91,987485.33,0
2,CASH_IN,34,45520.92,6239583.81,6285104.73,745068.62,699547.7,0
2,CASH_IN,280,246938.93,20859.0,267797.93,893277.6,646338.67,0
2,PAYMENT,236,1637.76,0.0,0.0,0.0,0.0,0
2,TRANSFER,39,5774.4,0.0,0.0,2537902.73,2543677.13,0
2,TRANSFER,77,9039246.82,9039246.82,0.0,0.0,0.0,1
2,PAYMENT,202,12396.94,436404.55,424007.61,0.0,0.0,0
2,CASH_OUT,356,11108.3,0.0,0.0,183126.59,194234.89,0
2,PAYMENT,45,3587.66,384.0,0.0,0.0,0.0,0
2,TRANSFER,629,1650.08,1650.08,0.0,0.0,0.0,1
2,PAYMENT,333,23836.7,0.0,0.0,0.0,0.0,0
2,TRANSFER,254,653949.74,653949.74,0.0,0.0,0.0,1
2,PAYMENT,284,6723.92,25.0,0.0,0.0,0.0,0
2,PAYMENT,188,5992.33,0.0,0.0,0.0,0.0,0
2,CASH_OUT,186,23822.54,12013.0,0.0,282072.84,305895.37,0
2,CASH_OUT,570,229882.99,31243.0,0.0,0.0,229882.99,0
2,CASH_IN,356,22049.8,6017.0,28066.8,90219.24,68169.44,0
2,PAYMENT,322,47315.72,0.0,0.0,0.0,0.0,0
2,CASH_IN,184,2903.8,11907.0,14810.8,0.0,0.0,0
2,CASH_OUT,300,205773.71,41249.0,0.0,1345950.0,1551723.71,0
2,CASH_IN,311,115573.12,8950252.27,9065825.39,830665.5,715092.38,0
2,CASH_IN,240,187994.45,4960527.22,5148521.67,201837.42,13842.98,0
2,PAYMENT,162,10668.07,326467.98,315799.91,0.0,0.0,0
2,CASH_IN,303,86427.14,1216.0,87643.14,11806678.54,11720251.41,0
2,CASH_OUT,325,16476.41,0.0,0.0,220033.09,236509.5,0
2,PAYMENT,232,9169.15,0.0,0.0,0.0,0.0,0
2,CASH_IN,369,924.32,258156.4,259080.72,128305.42,127381.09,0
2,CASH_IN,352,149747.74,1738584.37,1888332.1,2164995.11,2015247.37,0
2,PAYMENT,298,22469.55,5003.0,0.0,0.0,0.0,0
2,PAYMENT,43,15601.34,42196.0,26594.66,0.0,0.0,0
2,TRANSFER,357,461170.98,0.0,0.0,1683084.7,2144255.67,0
2,CASH_OUT,346,106025.27,0.0,0.0,262599.31,368624.58,0
2,CASH_IN,308,349422.55,2392763.71,2742186.26,386644.45,37221.9,0
2,PAYMENT,309,16661.8,105328.0,88666.2,0.0,0.0,0
2,PAYMENT,300,16773.21,10006.0,0.0,0.0,0.0,0
2,CASH_OUT,327,414926.58,5.0,0.0,0.0,414926.58,0
2,PAYMENT,406,645.3,60165.0,59519.7,0.0,0.0,0
2,TRANSFER,9,994453.2,1437370.87,442917.67,194812.76,665743.67,1
2,PAYMENT,37,4444.17,0.0,0.0,0.0,0.0,0
2,CASH_OUT,621,6961359.11,6961359.11,0.0,1734492.77,8695851.88,1
2,PAYMENT,153,6268.42,467104.78,460836.36,0.0,0.0,0
2,TRANSFER,111,3595911.39,3595911.39,0.0,0.0,0.0,1
2,PAYMENT,232,30904.9,0.0,0.0,0.0,0.0,0
2,TRANSFER,328,4102726.68,0.0,0.0,10000000.0,14102726.68,0
2,CASH_OUT,235,305518.54,61631.0,0.0,306469.63,611988.16,0
2,CASH_IN,403,272972.07,3859381.56,4132353.63,609336.9,336364.83,0
2,PAYMENT,249,14787.09,142777.54,127990.46,0.0,0.0,0
2,PAYMENT,285,13178.65,9902.0,0.0,0.0,0.0,0
2,CASH_OUT,35,273792.48,60007.0,0.0,2323886.4,2597678.87,0
2,CASH_OUT,43,93459.89,93459.89,0.0,15825.7,109285.59,1
2,CASH_OUT,10,2116.21,0.0,0.0,1984174.0,0.0,0
2,CASH_IN,40,343320.61,53574.0,396894.61,0.0,0.0,0
2,CASH_OUT,153,116652.45,0.0,0.0,1131896.85,1248549.29,0
2,CASH_IN,373,208548.62,768050.52,976599.14,242786.82,34238.2,0
2,CASH_IN,235,208278.63,1401855.64,1610134.27,1292988.39,1084709.76,0
2,CASH_OUT,351,178782.97,0.0,0.0,3244221.03,3423004.0,0
2,CASH_IN,356,74857.04,8856.0,83713.04,759819.04,684962.0,0
2,PAYMENT,17,7537.34,53260.1,45722.76,0.0,0.0,0
2,TRANSFER,405,1775939.45,0.0,0.0,2119869.45,3895808.9,0
2,CASH_OUT,15,55383.62,0.0,0.0,248329.25,303712.87,0
2,PAYMENT,256,8448.96,76227.0,67778.04,0.0,0.0,0
2,PAYMENT,153,2624.7,17993.0,15368.3,0.0,0.0,0
2,PAYMENT,236,12521.6,800455.0,787933.4,0.0,0.0,0
2,CASH_OUT,280,230231.53,24.0,0.0,0.0,230231.53,0
2,CASH_IN,300,40934.7,2684332.14,2725266.84,1054232.79,1013298.09,0
2,CASH_IN,329,77228.44,17629115.25,17706343.69,1595108.18,1517879.73,0
2,CASH_IN,235,29963.54,4187422.54,4217386.07,212578.19,182614.65,0
2,CASH_OUT,210,298801.59,0.0,0.0,1438082.39,1736883.98,0
2,CASH_OUT,17,159739.51,0.0,0.0,1374417.78,1534157.3,0
2,CASH_OUT,376,204100.04,0.0,0.0,3745825.52,3949925.56,0
2,CASH_IN,34,133684.46,654.0,134338.46,845396.36,711711.9,0
2,TRANSFER,252,457470.06,0.0,0.0,1933042.08,2390512.15,0
2,PAYMENT,230,1528.31,6086.0,4557.69,0.0,0.0,0
2,PAYMENT,8,4430.29,434796.0,430365.71,0.0,0.0,0
2,CASH_IN,298,13060.9,5074.0,18134.9,471343.02,458282.13,0
2,PAYMENT,382,11409.02,0.0,0.0,0.0,0.0,0
2,CASH_IN,211,228110.15,14821.0,242931.15,8645569.8,8417459.64,0
2,PAYMENT,401,1103.01,0.0,0.0,0.0,0.0,0
2,PAYMENT,349,2015.25,21487.0,19471.75,0.0,0.0,0
2,PAYMENT,238,4352.77,0.0,0.0,0.0,0.0,0
2,CASH_OUT,226,255519.79,0.0,0.0,8932063.99,9187583.78,0
2,CASH_OUT,43,352957.29,105384.0,0.0,0.0,352957.29,0
2,TRANSFER,16,591088.05,0.0,0.0,7396034.58,7987122.62,0
2,PAYMENT,178,7284.11,0.0,0.0,0.0,0.0,0
2,CASH_OUT,378,73077.6,1146.0,0.0,3012004.32,3085081.92,0
2,CASH_OUT,42,91823.08,75273.0,0.0,0.0,91823.08,0
2,CASH_OUT,398,264530.56,32664.0,0.0,379390.34,643920.91,0
2,DEBIT,402,5772.63,51087.0,45314.37,1128130.06,1133902.69,0
2,PAYMENT,354,25309.4,95601.56,70292.16,0.0,0.0,0
2,CASH_OUT,209,7044227.89,7044227.89,0.0,1122506.96,8166734.85,1
2,PAYMENT,286,14761.15,325.85,0.0,0.0,0.0,0
2,CASH_OUT,205,54491.86,0.0,0.0,1292893.08,1347384.94,0
2,CASH_OUT,227,220813.09,0.0,0.0,1289206.82,1510019.91,0
2,PAYMENT,139,16802.01,11644.0,0.0,0.0,0.0,0
2,CASH_OUT,179,60972.62,0.0,0.0,4684117.59,4745090.22,0
2,CASH_IN,277,86385.25,1083122.36,1169507.6,1756059.81,1669674.56,0
2,CASH_OUT,326,267146.73,10919.0,0.0,0.0,267146.73,0
2,CASH_IN,235,126632.44,62490.0,189122.44,0.0,0.0,0
2,PAYMENT,159,16868.15,199873.0,183004.85,0.0,0.0,0
2,CASH_IN,207,102129.62,23341.0,125470.62,0.0,0.0,0
2,CASH_OUT,322,120543.59,0.0,0.0,163461.35,284004.94,0
2,PAYMENT,370,18436.64,0.0,0.0,0.0,0.0,0
2,PAYMENT,612,17979.3,5055.0,0.0,0.0,0.0,0
2,PAYMENT,351,7842.88,52096.17,44253.29,0.0,0.0,0
2,CASH_OUT,385,274438.67,0.0,0.0,4347586.18,4622024.85,0
2,PAYMENT,373,69087.03,0.0,0.0,0.0,0.0,0
2,CASH_IN,207,21483.37,42232.0,63715.37,0.0,0.0,0
2,PAYMENT,185,11003.96,0.0,0.0,0.0,0.0,0
2,CASH_IN,163,323185.75,2585.0,325770.75,0.0,0.0,0
2,PAYMENT,137,65064.52,85285.71,20221.19,0.0,0.0,0
2,PAYMENT,273,9670.21,0.0,0.0,0.0,0.0,0
2,CASH_OUT,156,426574.07,173854.27,0.0,1323218.11,1749792.18,0
2,CASH_OUT,226,202413.18,256401.0,53987.82,320904.6,523317.78,0
2,CASH_OUT,324,186247.06,0.0,0.0,203538.41,389785.47,0
2,PAYMENT,236,2530.56,53100.67,50570.1,0.0,0.0,0
2,CASH_OUT,15,202387.33,31848.0,0.0,320150.98,741699.41,0
2,PAYMENT,22,3089.32,17049.0,13959.68,0.0,0.0,0
2,PAYMENT,9,12001.77,50953.0,38951.23,0.0,0.0,0
2,CASH_OUT,330,104402.78,23185.38,0.0,215687.74,320090.53,0
2,TRANSFER,379,411995.65,321437.0,0.0,1071549.94,1483545.59,0
2,CASH_IN,376,26187.24,7713.0,33900.24,0.0,0.0,0
2,TRANSFER,325,17467147.45,0.0,0.0,23724952.12,53299636.68,0
2,CASH_OUT,251,11152.14,6026.0,0.0,0.0,11152.14,0
2,TRANSFER,399,2686017.93,4359.0,0.0,471472.76,3157490.69,0
2,CASH_OUT,305,447589.21,447589.21,0.0,0.0,447589.21,1
2,CASH_IN,299,374599.65,400.0,374999.65,3255104.18,2880504.53,0
2,PAYMENT,305,50659.54,31681.0,0.0,0.0,0.0,0
2,TRANSFER,400,545382.05,128.0,0.0,740361.39,1285743.44,0
2,CASH_IN,33,9667.69,9639981.1,9649648.79,1251003.08,1241335.39,0
2,TRANSFER,164,225805.14,98980.0,0.0,0.0,225805.14,0
2,CASH_IN,10,245750.48,28874.0,274624.48,2871.4,3666977.68,0
2,PAYMENT,234,471.58,192030.0,191558.42,0.0,0.0,0
2,CASH_OUT,16,349060.48,0.0,0.0,865094.92,1121156.7,0
2,PAYMENT,155,41436.01,228.0,0.0,0.0,0.0,0
2,PAYMENT,22,30782.73,30632.0,0.0,0.0,0.0,0
2,CASH_IN,275,241981.19,40093.0,282074.19,1031349.57,789368.38,0
2,PAYMENT,322,6202.02,0.0,0.0,0.0,0.0,0
2,CASH_OUT,9,114688.0,81037.0,0.0,10821.0,78390.29,0
2,CASH_IN,12,117436.24,3610572.88,3728009.12,1218780.08,1101343.83,0
2,CASH_IN,306,254768.92,11769220.9,12023989.82,320378.47,65609.55,0
2,CASH_OUT,96,19313.25,0.0,0.0,792973.96,812287.22,0
2,TRANSFER,641,2938833.22,2938833.22,0.0,0.0,0.0,1
2,CASH_OUT,692,6856104.02,6856104.02,0.0,751321.25,7607425.27,1
2,CASH_IN,332,201160.44,2259666.76,2460827.2,628300.8,427140.36,0
2,CASH_OUT,217,326918.92,0.0,0.0,4353222.57,4680141.49,0
2,CASH_OUT,39,266470.85,45063.0,0.0,451319.59,493887.43,0
2,CASH_OUT,274,46519.25,5045.0,0.0,1165052.12,1211571.38,0
2,CASH_IN,178,299335.75,21061791.97,21361127.72,479851.89,180516.14,0
2,TRANSFER,378,623953.1,19904.0,0.0,0.0,623953.1,0
2,CASH_OUT,557,3571807.73,3571807.73,0.0,527694.86,4099502.59,1
2,CASH_IN,325,222007.45,99345.0,321352.45,182684.37,0.0,0
2,CASH_OUT,94,365356.87,0.0,0.0,623354.03,988710.9,0
2,PAYMENT,204,4721.5,0.0,0.0,0.0,0.0,0
2,TRANSFER,607,135428.39,135428.39,0.0,0.0,0.0,1
2,TRANSFER,203,466580.69,466580.69,0.0,0.0,0.0,1
2,CASH_OUT,606,1026684.46,1026684.46,0.0,59926.13,1086610.59,1
2,CASH_IN,396,318564.8,5275102.8,5593667.6,358203.33,39638.52,0
2,CASH_IN,370,301392.17,77452.0,378844.17,569270.39,267878.22,0
2,CASH_OUT,131,267117.44,52060.0,0.0,2427261.77,2694379.21,0
2,PAYMENT,134,9256.01,34380.0,25123.99,0.0,0.0,0
2,PAYMENT,20,5292.77,0.0,0.0,0.0,0.0,0
2,CASH_OUT,231,288751.01,33558.0,0.0,65262.24,354013.26,0
2,CASH_OUT,35,277374.44,20656.0,0.0,351241.62,628616.07,0
2,PAYMENT,307,11227.62,0.0,0.0,0.0,0.0,0
2,PAYMENT,354,10579.44,5.0,0.0,0.0,0.0,0
2,CASH_OUT,183,288618.0,32210.0,0.0,963075.02,1251693.01,0
2,CASH_OUT,235,24215.23,84887.0,60671.77,0.0,24215.23,0
2,CASH_OUT,13,32915.68,16010.0,0.0,5177310.76,5210226.44,0
2,CASH_OUT,9,47739.22,101256.0,53516.78,90280.0,183772.3,0
2,TRANSFER,208,917014.64,917014.64,0.0,0.0,0.0,1
2,PAYMENT,236,22464.79,435975.0,413510.21,0.0,0.0,0
2,CASH_IN,257,211658.49,81851.0,293509.49,0.0,0.0,0
2,CASH_OUT,180,112688.53,0.0,0.0,346328.87,459017.41,0
2,TRANSFER,208,152596.66,0.0,0.0,659605.02,812201.68,0
2,PAYMENT,136,23129.45,203.0,0.0,0.0,0.0,0
2,CASH_OUT,249,32231.68,7087.0,0.0,0.0,32231.68,0
2,TRANSFER,185,919988.35,622.0,0.0,1216218.5,2136206.85,0
2,CASH_IN,371,341003.19,5086060.89,5427064.08,725491.9,384488.71,0
2,PAYMENT,527,4550.35,386244.0,381693.65,0.0,0.0,0
2,CASH_OUT,309,106415.19,50889.0,0.0,107443.42,213858.61,0
2,CASH_OUT,166,99862.59,0.0,0.0,20508726.88,20608589.46,0
2,PAYMENT,183,4991.7,10045.0,5053.3,0.0,0.0,0
2,CASH_OUT,332,202647.34,0.0,0.0,577103.76,779751.1,0
2,CASH_OUT,153,69183.96,0.0,0.0,145932.33,215116.28,0
2,PAYMENT,201,6630.28,34282.62,27652.34,0.0,0.0,0
2,CASH_OUT,20,219437.1,0.0,0.0,3659897.56,3879334.67,0
2,TRANSFER,177,239556.06,239556.06,0.0,0.0,0.0,1
2,CASH_OUT,333,98548.29,11999.0,0.0,0.0,98548.29,0
2,CASH_OUT,18,196323.92,0.0,0.0,3354729.65,3090488.93,0
2,CASH_OUT,352,239978.22,61804.0,0.0,10268.77,250246.99,0
2,CASH_OUT,186,384558.14,20342.0,0.0,0.0,384558.14,0
2,DEBIT,526,2303.49,132653.0,130349.51,107631.28,109934.77,0
2,TRANSFER,12,140844.46,0.0,0.0,6081884.32,5983243.28,0
2,CASH_OUT,162,2934820.94,2934820.94,0.0,123944.77,3058765.71,1
2,CASH_OUT,331,21766.13,50095.0,28328.87,309538.27,331304.4,0
2,CASH_OUT,139,162221.74,0.0,0.0,1063333.02,1225554.76,0
2,CASH_OUT,138,22646.94,154.0,0.0,22442.62,45089.56,0
2,CASH_IN,137,157625.51,4712504.8,4870130.32,3027063.24,2869437.73,0
2,CASH_OUT,17,70307.89,0.0,0.0,273048.25,389452.36,0
2,CASH_IN,306,134685.28,15968.0,150653.28,336603.89,201918.61,0
2,TRANSFER,299,704293.49,0.0,0.0,847809.2,1552102.69,0
2,CASH_OUT,280,165275.8,144.0,0.0,3468463.8,3633739.6,0
2,CASH_OUT,300,263189.69,0.0,0.0,339045.54,602235.23,0
2,CASH_OUT,134,317600.62,206886.0,0.0,0.0,317600.62,0
2,CASH_IN,407,137275.72,1190930.0,1328205.73,153805.03,16529.31,0
2,CASH_OUT,527,146533.07,0.0,0.0,1584200.52,1684857.45,0
2,CASH_IN,230,472694.91,60972.0,533666.91,108006.52,0.0,0
2,PAYMENT,355,3862.38,0.0,0.0,0.0,0.0,0
2,CASH_OUT,399,149584.01,0.0,0.0,180731.17,330315.18,0
2,CASH_OUT,37,119306.49,0.0,0.0,1880850.52,2163075.59,0
2,CASH_IN,403,136821.61,17950.79,154772.4,2673279.07,2536457.45,0
2,PAYMENT,394,42651.51,0.0,0.0,0.0,0.0,0
2,CASH_OUT,275,78740.01,38376.95,0.0,239196.16,317936.17,0
2,CASH_OUT,258,92893.89,8657.0,0.0,472040.64,564934.53,0
2,CASH_IN,235,266888.71,30850.0,297738.71,0.0,0.0,0
2,CASH_OUT,256,402941.19,65.0,0.0,528007.88,930949.07,0
2,CASH_OUT,161,120354.16,0.0,0.0,5650119.54,5770473.7,0
2,CASH_OUT,352,493637.24,0.0,0.0,823859.75,1317496.99,0
2,PAYMENT,211,1618.56,0.0,0.0,0.0,0.0,0
2,CASH_OUT,394,351974.89,23891.0,0.0,351204.04,703178.93,0
2,CASH_OUT,307,37130.96,0.0,0.0,612596.6,649727.57,0
2,CASH_OUT,165,1869237.83,1869237.83,0.0,472924.32,2342162.15,1
2,CASH_IN,19,139225.79,41780.0,181005.79,272291.82,133066.03,0
2,PAYMENT,308,10439.18,20986.0,10546.82,0.0,0.0,0
2,CASH_OUT,279,161749.65,0.0,0.0,350655.64,512405.29,0
2,CASH_IN,301,139854.01,4079416.35,4219270.36,1642152.43,1502298.42,0
2,CASH_IN,21,154755.41,2031240.47,2185995.88,2524804.44,2370049.03,0
2,TRANSFER,399,1707086.77,0.0,0.0,3855884.75,5562971.52,0
2,CASH_IN,306,152468.38,5047241.78,5199710.16,272225.83,119757.45,0
2,CASH_IN,308,367052.0,3262386.74,3629438.74,4848596.33,4481544.33,0
2,CASH_OUT,188,39362.76,785.0,0.0,72481.04,111843.8,0
2,TRANSFER,229,544584.67,137682.0,0.0,6851294.75,7395879.42,0
2,CASH_OUT,163,6332.84,70677.0,64344.16,1796097.7,1565572.12,0
2,TRANSFER,260,148599.98,0.0,0.0,12423827.32,12572427.3,0
2,CASH_IN,44,128547.31,412816.58,541363.89,183753.22,55205.91,0
2,CASH_IN,402,441745.74,658844.62,1100590.36,1998276.81,1305585.84,0
2,PAYMENT,264,5190.18,9000.12,3809.94,0.0,0.0,0
2,TRANSFER,253,165254.53,0.0,0.0,4461573.36,4626827.89,0
2,PAYMENT,162,25165.05,0.0,0.0,0.0,0.0,0
2,CASH_OUT,166,64082.4,31176.0,0.0,100003.63,164086.03,0
2,PAYMENT,284,10574.23,0.0,0.0,0.0,0.0,0
2,CASH_IN,306,342547.48,7169681.02,7512228.5,567842.8,225295.32,0
2,PAYMENT,14,10826.08,0.0,0.0,0.0,0.0,0
2,CASH_IN,301,186033.51,16817087.75,17003121.26,3546962.98,3360929.47,0
2,PAYMENT,227,35894.8,173.0,0.0,0.0,0.0,0
2,PAYMENT,357,2664.83,24902.0,22237.17,0.0,0.0,0
2,CASH_OUT,280,282836.17,10277.0,0.0,165225.19,448061.35,0
2,CASH_OUT,467,636942.02,636942.02,0.0,46336.09,683278.11,1
2,TRANSFER,93,3723738.06,3723738.06,0.0,0.0,0.0,1
2,TRANSFER,82,5338583.38,5338583.38,0.0,0.0,0.0,1
2,PAYMENT,380,4071.46,42221.0,38149.54,0.0,0.0,0
2,CASH_OUT,371,215915.11,339652.0,123736.89,733101.68,949016.79,0
2,CASH_OUT,183,95047.35,193814.0,98766.65,134002.55,229049.9,0
2,CASH_OUT,395,541257.15,0.0,0.0,5789138.62,6330395.77,0
2,PAYMENT,227,34591.44,24285.0,0.0,0.0,0.0,0
2,PAYMENT,351,21885.99,16402.0,0.0,0.0,0.0,0
2,CASH_IN,40,103022.85,182.0,103204.85,409491.56,306468.71,0
2,CASH_OUT,285,72257.15,0.0,0.0,168842.95,241100.09,0
2,CASH_OUT,227,2081.0,108786.0,106705.0,0.0,2081.0,0
2,CASH_OUT,209,257514.55,42509.0,0.0,0.0,257514.55,0
2,CASH_IN,379,197109.01,6627734.44,6824843.45,1164476.79,967367.78,0
2,CASH_OUT,202,416204.63,82502.0,0.0,965651.6,1381856.23,0
2,CASH_OUT,300,82659.45,597.0,0.0,349358.82,432018.28,0
2,CASH_OUT,636,654250.76,654250.76,0.0,1218721.44,1872972.21,1
2,CASH_IN,307,166567.78,5536.0,172103.78,1676228.9,2268618.85,0
3,CASH_OUT,686,160088.68,160088.68,0.0,301078.64,461167.32,1
3,PAYMENT,381,3443.27,20566.0,17122.73,0.0,0.0,0
3,PAYMENT,395,2253.28,0.0,0.0,0.0,0.0,0
3,CASH_OUT,42,202066.97,10205.0,0.0,1467134.25,1669201.22,0
3,CASH_IN,18,192105.65,14220617.57,14412723.22,1351434.68,1159329.03,0
3,PAYMENT,230,8071.04,649564.0,641492.96,0.0,0.0,0
3,CASH_IN,45,76421.14,2940136.13,3016557.27,203844.9,127423.77,0
3,CASH_IN,37,570322.21,11430.0,581752.21,513935.25,0.0,0
3,CASH_IN,309,155201.79,8353836.64,8509038.43,5739454.8,5584253.01,0
3,TRANSFER,184,557149.38,0.0,0.0,2347924.68,2905074.06,0
3,CASH_OUT,260,65227.85,331947.0,266719.15,390636.35,455864.19,0
3,CASH_OUT,36,75748.25,0.0,0.0,333624.0,409372.25,0
3,CASH_OUT,261,45174.24,0.0,0.0,762388.11,807562.35,0
3,CASH_OUT,302,67119.84,0.0,0.0,75744.94,142864.78,0
3,CASH_OUT,131,226120.04,19282.0,0.0,0.0,226120.04,0
3,CASH_OUT,546,114354.32,0.0,0.0,253602.66,367956.98,0
3,PAYMENT,230,13791.83,0.0,0.0,0.0,0.0,0
3,PAYMENT,135,27581.03,31719.0,4137.97,0.0,0.0,0
3,PAYMENT,253,37251.99,115451.0,78199.01,0.0,0.0,0
3,TRANSFER,351,6417789.09,6417789.09,0.0,0.0,0.0,1
3,CASH_OUT,727,6377401.2,6377401.2,0.0,0.0,6377401.2,1
3,CASH_IN,9,91798.28,84663.44,176461.73,179731.57,87933.28,0
3,CASH_IN,19,74578.21,164640.49,239218.71,1084526.66,1287211.04,0
3,PAYMENT,257,4080.65,277351.14,273270.49,0.0,0.0,0
3,CASH_OUT,326,237617.89,0.0,0.0,1207535.34,1445153.23,0
3,CASH_OUT,39,148161.37,0.0,0.0,3784091.21,3932252.58,0
3,PAYMENT,311,28964.45,0.0,0.0,0.0,0.0,0
3,PAYMENT,309,20772.18,90223.0,69450.82,0.0,0.0,0
3,PAYMENT,571,14791.83,0.0,0.0,0.0,0.0,0
3,CASH_OUT,297,161476.38,0.0,0.0,372541.31,534017.69,0
3,PAYMENT,303,5383.48,188324.8,182941.32,0.0,0.0,0
3,CASH_OUT,301,134488.33,30207.0,0.0,8286571.73,8421060.06,0
3,CASH_OUT,229,272603.88,0.0,0.0,1435914.63,1708518.51,0
3,PAYMENT,257,14911.8,0.0,0.0,0.0,0.0,0
3,CASH_OUT,550,64631.33,169174.48,104543.15,1342664.78,1407296.11,0
3,CASH_OUT,206,154747.87,702.0,0.0,0.0,154747.87,0
3,TRANSFER,350,366795.93,0.0,0.0,3021263.18,3388059.11,0
3,PAYMENT,688,16497.5,52844.0,36346.5,0.0,0.0,0
3,PAYMENT,348,24022.99,25319.0,1296.01,0.0,0.0,0
3,CASH_OUT,471,357139.29,503.0,0.0,346068.61,703207.9,0
3,CASH_IN,254,40674.76,17363.0,58037.76,0.0,0.0,0
3,CASH_OUT,10,254177.45,31436.0,0.0,0.0,254177.45,0
3,PAYMENT,335,44381.57,0.0,0.0,0.0,0.0,0
3,CASH_OUT,281,11540.91,234.0,0.0,579882.0,591422.91,0
3,CASH_IN,35,41007.61,10778071.55,10819079.16,1650498.71,1609491.1,0
3,PAYMENT,40,18906.77,371033.92,352127.15,0.0,0.0,0
3,CASH_OUT,9,19864.3,0.0,0.0,54054.25,104903.32,0
3,CASH_OUT,119,224913.14,224913.14,0.0,1063073.21,1287986.36,1
3,PAYMENT,185,53147.14,0.0,0.0,0.0,0.0,0
3,TRANSFER,181,990167.47,213830.0,0.0,310404.94,1300572.42,0
3,CASH_IN,305,25574.13,0.0,25574.13,202640.64,177066.51,0
3,CASH_IN,13,153649.77,20242.0,173891.77,50484.0,0.0,0
3,CASH_OUT,274,49210.21,49210.21,0.0,0.0,49210.21,1
3,PAYMENT,297,34945.02,2144.0,0.0,0.0,0.0,0
3,PAYMENT,208,4090.24,312491.96,308401.71,0.0,0.0,0
3,PAYMENT,157,11387.93,452852.46,441464.53,0.0,0.0,0
3,PAYMENT,36,21084.23,0.0,0.0,0.0,0.0,0
3,PAYMENT,229,6167.24,82145.0,75977.76,0.0,0.0,0
3,CASH_OUT,300,54088.39,202544.0,148455.61,256208.58,310296.97,0
3,TRANSFER,206,1668192.35,0.0,0.0,2927240.18,4595432.53,0
3,TRANSFER,548,505890.15,0.0,0.0,1305763.81,1811653.96,0
3,TRANSFER,303,10000000.0,25614246.07,15614246.07,0.0,0.0,1
3,PAYMENT,20,12844.42,0.0,0.0,0.0,0.0,0
3,PAYMENT,138,5384.38,0.0,0.0,0.0,0.0,0
3,CASH_OUT,183,26227.38,142060.0,115832.62,301644.34,327871.72,0
3,CASH_OUT,625,6870369.62,6870369.62,0.0,0.0,6870369.62,1
3,CASH_OUT,404,149890.99,80745.0,0.0,20680.97,170571.95,0
3,TRANSFER,261,666041.1,11591.0,0.0,5290025.58,5956066.68,0
3,CASH_OUT,230,130094.51,0.0,0.0,11710027.42,11840121.93,0
3,PAYMENT,158,1846.08,25885.0,24038.92,0.0,0.0,0
3,CASH_IN,331,143463.41,5634667.34,5778130.75,586789.28,443325.87,0
3,PAYMENT,404,18210.56,68228.15,50017.59,0.0,0.0,0
3,PAYMENT,183,15561.19,15437.0,0.0,0.0,0.0,0
3,CASH_OUT,12,436903.15,0.0,0.0,1816053.54,2252956.69,0
3,PAYMENT,15,24582.66,198115.55,173532.89,0.0,0.0,0
3,PAYMENT,178,3844.69,30142.0,26297.31,0.0,0.0,0
3,TRANSFER,301,360045.04,50686.0,0.0,302200.4,662245.44,0
3,CASH_OUT,161,144660.71,21852.0,0.0,4751882.49,4896543.21,0
3,TRANSFER,596,867304.29,107579.0,0.0,103008.89,970313.18,0
3,PAYMENT,202,8119.31,19891.0,11771.69,0.0,0.0,0
3,CASH_OUT,236,98702.59,0.0,0.0,2198968.3,2297670.89,0
3,PAYMENT,182,48701.01,40336.0,0.0,0.0,0.0,0
3,PAYMENT,159,8248.46,107181.0,98932.54,0.0,0.0,0
3,PAYMENT,14,1598.28,0.0,0.0,0.0,0.0,0
3,PAYMENT,395,26070.55,3054.0,0.0,0.0,0.0,0
3,CASH_IN,236,46029.53,79941.0,125970.53,196928.37,150898.84,0
3,CASH_OUT,440,10000000.0,10000000.0,0.0,633838.8,10633838.8,1
3,PAYMENT,517,6810.58,0.0,0.0,0.0,0.0,0
3,TRANSFER,649,733119.42,733119.42,0.0,0.0,0.0,1
3,PAYMENT,306,8029.5,322161.0,314131.5,0.0,0.0,0
3,CASH_OUT,322,135845.3,135845.3,0.0,448088.56,583933.86,1
3,CASH_OUT,211,170853.43,19142.68,0.0,400996.24,475469.19,0
3,CASH_IN,160,356423.1,286.0,356709.1,196457.81,0.0,0
3,CASH_OUT,45,73070.1,0.0,0.0,383970.59,457040.7,0
3,CASH_OUT,661,63557.63,0.0,0.0,539705.34,603262.97,0
3,CASH_OUT,188,92559.34,0.0,0.0,310809.54,403368.88,0
3,CASH_OUT,303,48928.5,5090.0,0.0,0.0,48928.5,0
3,CASH_OUT,15,258341.93,98791.0,0.0,0.0,258341.93,0
3,CASH_IN,380,8668.78,297971.0,306639.78,865595.61,856926.83,0
3,CASH_OUT,42,1566057.28,1566057.28,0.0,0.0,1566057.28,1
3,CASH_IN,136,216394.81,3998312.75,4214707.56,3076542.29,2860147.48,0
3,PAYMENT,378,25922.99,0.0,0.0,0.0,0.0,0
3,CASH_IN,202,37916.07,16483.0,54399.07,138423.0,100506.93,0
3,CASH_IN,139,118811.56,1627282.35,1746093.91,421429.01,302617.45,0
3,CASH_IN,322,57057.93,24562.0,81619.93,3021387.39,2964329.46,0
3,CASH_IN,371,12881.41,5408.0,18289.41,134489.39,121607.98,0
3,CASH_OUT,395,302608.53,0.0,0.0,1508464.23,1811072.76,0
3,PAYMENT,302,25676.6,10573.0,0.0,0.0,0.0,0
3,CASH_OUT,326,39183.37,0.0,0.0,56059.53,95242.91,0
3,CASH_OUT,349,38336.4,0.0,0.0,7076977.75,7115314.15,0
3,CASH_IN,141,383788.5,599188.16,982976.66,2428423.41,2044634.91,0
3,PAYMENT,16,6479.15,882206.0,875726.85,0.0,0.0,0
3,CASH_OUT,402,828.74,21798.0,20969.26,0.0,828.74,0
3,PAYMENT,165,7454.17,14072.0,6617.83,0.0,0.0,0
3,CASH_OUT,210,94818.58,21496.0,0.0,0.0,94818.58,0
3,PAYMENT,478,5577.8,726.0,0.0,0.0,0.0,0
3,CASH_IN,9,178937.11,20232532.71,20411469.82,1501850.55,2388993.56,0
3,TRANSFER,233,1270524.42,0.0,0.0,8563767.4,9834291.82,0
3,CASH_OUT,284,55678.24,12465.0,0.0,54238.39,109916.63,0
3,PAYMENT,229,23643.59,0.0,0.0,0.0,0.0,0
3,CASH_OUT,184,21784.64,114767.0,92982.36,0.0,21784.64,0
3,CASH_OUT,352,281111.91,286.0,0.0,2714348.06,2995459.97,0
3,PAYMENT,9,15440.02,0.0,0.0,0.0,0.0,0
3,TRANSFER,164,175267.61,175267.61,0.0,0.0,0.0,1
3,CASH_IN,300,367667.57,58216.0,425883.57,258586.06,0.0,0
3,CASH_OUT,185,100990.65,0.0,0.0,396684.44,497675.09,0
3,CASH_OUT,351,115047.92,0.0,0.0,329126.75,444174.67,0
3,CASH_IN,35,310979.53,3841.0,314820.53,684683.36,373703.83,0
3,CASH_OUT,187,170792.35,7000.0,0.0,312179.88,482972.24,0
3,TRANSFER,258,679855.69,20327.0,0.0,449877.55,1129733.24,0
3,CASH_IN,33,198730.27,30050.0,228780.27,0.0,0.0,0
3,CASH_IN,348,559410.56,1010938.35,1570348.91,747234.8,187824.24,0
3,TRANSFER,306,572500.97,697378.47,124877.5,6691958.8,7264459.76,0
3,PAYMENT,157,6218.83,0.0,0.0,0.0,0.0,0
3,TRANSFER,387,10000000.0,44892193.09,34892193.09,0.0,0.0,1
3,PAYMENT,354,11538.21,20557.91,9019.7,0.0,0.0,0
3,CASH_OUT,139,74533.5,38714.0,0.0,447585.77,522119.27,0
3,CASH_OUT,16,236672.2,17836.0,0.0,60298.75,667118.87,0
3,TRANSFER,331,900941.7,0.0,0.0,1099877.6,2000819.3,0
3,CASH_OUT,301,52448.39,0.0,0.0,281919.71,334368.09,0
3,PAYMENT,42,13899.7,931.0,0.0,0.0,0.0,0
3,CASH_OUT,400,317909.59,0.0,0.0,613243.1,931152.69,0
3,CASH_OUT,284,141654.88,0.0,0.0,11091651.01,11233305.89,0
3,CASH_OUT,15,414774.18,60485.0,0.0,0.0,484612.65,0
3,CASH_OUT,16,35519.59,243622.0,208102.41,188356.0,0.0,0
3,CASH_OUT,153,42832.97,20299.0,0.0,474226.69,517059.67,0
3,PAYMENT,546,31089.14,11578.0,0.0,0.0,0.0,0
3,CASH_IN,167,100353.35,12646536.64,12746889.99,540379.37,440026.02,0
3,CASH_IN,159,48085.44,11054.0,59139.44,97366.76,49281.32,0
3,CASH_OUT,19,145324.75,0.0,0.0,486810.09,632134.85,0
3,CASH_IN,162,51554.02,298401.0,349955.02,347072.05,295518.03,0
3,PAYMENT,19,2734.26,0.0,0.0,0.0,0.0,0
3,CASH_OUT,254,30317.21,0.0,0.0,6345462.18,6375779.39,0
3,PAYMENT,283,23800.98,0.0,0.0,0.0,0.0,0
3,PAYMENT,162,7608.29,24.0,0.0,0.0,0.0,0
3,CASH_IN,398,167241.36,4583.0,171824.36,233471.28,66229.92,0
3,CASH_OUT,250,438400.52,9561.0,0.0,1971.76,440372.28,0
3,PAYMENT,186,2187.34,0.0,0.0,0.0,0.0,0
3,PAYMENT,45,13774.88,47795.0,34020.12,0.0,0.0,0
3,CASH_OUT,513,159724.42,159724.42,0.0,1148566.96,1308291.39,1
3,TRANSFER,400,41239.1,0.0,0.0,2275900.72,2317139.83,0
3,CASH_IN,42,204979.6,850.0,205829.6,3965082.0,3760102.4,0
3,PAYMENT,395,13950.77,271949.14,257998.36,0.0,0.0,0
3,PAYMENT,251,9904.78,0.0,0.0,0.0,0.0,0
3,CASH_OUT,227,21338.23,0.0,0.0,204517.69,536300.09,0
3,CASH_IN,279,310504.08,661018.39,971522.47,527981.82,217477.74,0
3,PAYMENT,204,10293.74,292.0,0.0,0.0,0.0,0
3,CASH_IN,236,12936.56,2960723.31,2973659.87,598385.68,585449.13,0
3,TRANSFER,372,305839.44,0.0,0.0,918670.94,1224510.38,0
3,CASH_IN,694,31673.45,1030727.12,1062400.57,41070.81,9397.36,0
3,TRANSFER,33,1171283.86,5072.0,0.0,0.0,1171283.86,0
3,CASH_OUT,187,226505.37,0.0,0.0,235816.32,462321.68,0
3,CASH_OUT,590,206533.97,36773.82,0.0,8089990.74,8296524.71,0
3,CASH_OUT,678,194876.96,194876.96,0.0,148344.11,343221.07,1
3,CASH_IN,251,271364.52,31536.0,302900.52,1037340.3,765975.78,0
3,TRANSFER,17,369888.97,130.0,0.0,903562.07,1273451.04,0
3,CASH_OUT,474,486041.06,10981.0,0.0,4500.97,490542.02,0
3,PAYMENT,17,7899.12,0.0,0.0,0.0,0.0,0
3,CASH_OUT,281,371811.76,0.0,0.0,6191283.65,6563095.4,0
3,CASH_IN,40,57124.9,1620142.75,1677267.64,130462.88,73337.99,0
3,CASH_IN,184,319117.52,6385465.88,6704583.4,10528210.5,10209092.98,0
3,PAYMENT,17,28455.51,94932.0,66476.49,0.0,0.0,0
3,PAYMENT,139,13802.76,0.0,0.0,0.0,0.0,0
3,CASH_IN,15,185959.37,252775.66,438735.04,243748.73,0.0,0
3,PAYMENT,403,7730.68,0.0,0.0,0.0,0.0,0
3,CASH_OUT,131,183708.19,0.0,0.0,527512.52,1016817.65,0
3,CASH_OUT,447,155121.58,155121.58,0.0,439557.76,594679.34,1
3,CASH_IN,329,366065.32,30950.0,397015.32,3107218.3,2741152.98,0
3,PAYMENT,379,13562.08,54579.0,41016.92,0.0,0.0,0
3,PAYMENT,19,12972.7,0.0,0.0,0.0,0.0,0
3,CASH_OUT,137,167812.94,0.0,0.0,1289854.04,1457666.99,0
3,CASH_IN,348,221381.09,496311.17,717692.26,3780925.07,3559543.98,0
3,CASH_IN,573,84591.51,186.0,84777.51,1582918.19,1498326.68,0
3,TRANSFER,188,399623.72,6822.57,0.0,699552.11,1099175.84,0
3,TRANSFER,37,277232.72,11383.0,0.0,161583.87,438816.6,0
3,CASH_OUT,350,114803.19,0.0,0.0,1093403.48,1208206.66,0
3,TRANSFER,187,601296.31,0.0,0.0,3701072.28,4302368.59,0
3,CASH_OUT,378,116378.9,1505.0,0.0,186558.88,302937.78,0
3,PAYMENT,681,13025.27,343340.13,330314.86,0.0,0.0,0
3,PAYMENT,301,8713.54,0.0,0.0,0.0,0.0,0
3,PAYMENT,405,13911.4,12594.0,0.0,0.0,0.0,0
3,PAYMENT,168,28965.06,0.0,0.0,0.0,0.0,0
3,CASH_OUT,20,192156.3,14915.0,0.0,93878.44,286034.74,0
3,TRANSFER,355,120117.78,0.0,0.0,146313.28,266431.06,0
3,CASH_OUT,134,128727.9,0.0,0.0,747812.05,876539.95,0
3,CASH_OUT,202,215771.99,14337.0,0.0,437131.9,652903.89,0
3,PAYMENT,302,2713.07,23048.0,20334.93,0.0,0.0,0
3,PAYMENT,282,18295.13,0.0,0.0,0.0,0.0,0
3,CASH_OUT,332,98004.84,50610.0,0.0,0.0,98004.84,0
3,PAYMENT,211,1915.93,0.0,0.0,0.0,0.0,0
3,CASH_IN,10,149076.53,10399.0,159475.53,4850037.84,4943589.61,0
3,PAYMENT,282,40360.77,0.0,0.0,0.0,0.0,0
3,TRANSFER,26,331829.94,331829.94,0.0,0.0,0.0,1
3,PAYMENT,378,7758.84,0.0,0.0,0.0,0.0,0
3,TRANSFER,75,755813.12,755813.12,0.0,0.0,0.0,1
3,CASH_OUT,256,68202.95,0.0,0.0,6382957.28,6451160.23,0
3,TRANSFER,19,543649.64,0.0,0.0,1972118.44,2515768.08,0
3,TRANSFER,475,20111.45,20111.45,0.0,0.0,0.0,1
3,CASH_OUT,297,276088.56,168.0,0.0,0.0,276088.56,0
3,TRANSFER,190,265747.73,265747.73,0.0,0.0,0.0,1
3,CASH_OUT,12,47917.98,0.0,0.0,2858809.24,2906727.22,0
3,PAYMENT,349,14347.56,0.0,0.0,0.0,0.0,0
3,CASH_OUT,717,184791.72,49910.0,0.0,863300.24,1048091.96,0
3,CASH_OUT,348,232886.42,87492.0,0.0,145364.12,378250.54,0
3,CASH_OUT,399,349374.95,21127.0,0.0,0.0,349374.95,0
3,CASH_IN,185,357131.33,5414368.66,5771500.0,1385029.67,1027898.34,0
3,PAYMENT,253,782.03,17451.0,16668.97,0.0,0.0,0
3,TRANSFER,388,680224.41,680224.41,0.0,0.0,0.0,1
3,PAYMENT,285,6131.89,0.0,0.0,0.0,0.0,0
3,PAYMENT,403,633.57,0.0,0.0,0.0,0.0,0
3,CASH_IN,333,93572.15,1497853.92,1591426.07,6385117.17,6291545.02,0
3,CASH_OUT,18,104328.62,119632.0,15303.38,137894.51,0.0,0
3,TRANSFER,736,537539.57,537539.57,0.0,0.0,0.0,1
3,PAYMENT,138,5671.5,0.0,0.0,0.0,0.0,0
3,PAYMENT,297,9074.26,86826.06,77751.8,0.0,0.0,0
3,PAYMENT,34,8664.89,0.0,0.0,0.0,0.0,0
3,PAYMENT,394,34419.17,186680.78,152261.61,0.0,0.0,0
3,TRANSFER,186,933654.66,0.0,0.0,2022596.76,2956251.42,0
3,CASH_IN,42,105939.11,4823606.32,4929545.43,494882.82,388943.7,0
3,PAYMENT,251,19840.93,35066.27,15225.34,0.0,0.0,0
3,CASH_IN,132,80809.1,10126866.47,10207675.58,928071.88,1041950.38,0
3,CASH_IN,178,291628.51,10564.0,302192.51,357694.07,66065.56,0
3,PAYMENT,396,24483.27,0.0,0.0,0.0,0.0,0
3,CASH_IN,308,87400.16,353950.0,441350.16,0.0,0.0,0
3,PAYMENT,375,20608.36,16096.74,0.0,0.0,0.0,0
3,TRANSFER,257,350346.3,507371.57,157025.27,484662.83,835009.13,0
3,CASH_IN,327,83127.65,234651.94,317779.59,277109.7,193982.05,0
3,CASH_OUT,11,333232.64,42223.0,0.0,598.0,334181.26,0
3,CASH_IN,211,329129.1,20183.0,349312.1,329357.71,228.62,0
3,CASH_IN,231,58360.12,9993949.21,10052309.33,648482.21,590122.09,0
3,PAYMENT,141,5391.1,0.0,0.0,0.0,0.0,0
3,CASH_OUT,400,79876.35,52666.0,0.0,5463310.61,5543186.96,0
3,CASH_OUT,224,8752000.36,8752000.36,0.0,2914790.85,11666791.2,1
3,CASH_OUT,186,288592.51,51171.0,0.0,534316.21,816461.53,0
3,PAYMENT,158,5009.16,0.0,0.0,0.0,0.0,0
3,PAYMENT,310,8834.11,69545.0,60710.89,0.0,0.0,0
3,CASH_OUT,637,412564.25,132291.15,0.0,6244713.53,6657277.78,0
3,CASH_OUT,471,11501.87,0.0,0.0,50718.95,62220.83,0
3,CASH_IN,14,83912.43,9136952.47,9220864.9,920512.03,714779.06,0
3,CASH_OUT,323,316186.65,125.0,0.0,0.0,316186.65,0
3,CASH_OUT,158,208707.58,361.0,0.0,630200.59,838908.17,0
3,CASH_OUT,37,381098.75,24.0,0.0,5266.87,672203.46,0
3,PAYMENT,261,7033.41,11261.06,4227.66,0.0,0.0,0
3,PAYMENT,208,21106.02,0.0,0.0,0.0,0.0,0
3,PAYMENT,15,5073.77,500.0,0.0,0.0,0.0,0
3,PAYMENT,15,6241.55,4093.0,0.0,0.0,0.0,0
3,CASH_OUT,162,184894.76,0.0,0.0,914599.66,1099494.42,0
3,PAYMENT,156,27993.24,602309.9,574316.67,0.0,0.0,0
3,CASH_OUT,42,324720.63,661516.0,336795.37,44505.2,369225.83,0
3,PAYMENT,282,13088.22,0.0,0.0,0.0,0.0,0
3,CASH_OUT,45,57088.29,0.0,0.0,4094953.27,4152041.56,0
3,CASH_IN,307,181989.32,8084.0,190073.32,541392.37,359403.05,0
3,PAYMENT,163,543.08,0.0,0.0,0.0,0.0,0
3,CASH_OUT,327,526729.24,0.0,0.0,1213197.96,1739927.21,0
3,CASH_IN,132,190344.88,1678168.62,1868513.49,6391429.93,6201085.06,0
3,PAYMENT,254,2857.56,0.0,0.0,0.0,0.0,0
3,CASH_OUT,177,158000.29,158000.29,0.0,2330671.17,2488671.46,1
3,CASH_OUT,165,349605.17,0.0,0.0,8020308.42,8369913.58,0
3,CASH_IN,394,35549.91,9559324.35,9594874.26,77335.55,41785.64,0
3,TRANSFER,691,612241.76,612241.76,0.0,0.0,0.0,1
3,PAYMENT,234,26079.02,9917.0,0.0,0.0,0.0,0
3,CASH_IN,330,300500.64,2046.0,302546.64,2909577.07,2624196.86,0
3,CASH_OUT,18,190554.64,514703.13,324148.49,463287.14,815050.38,0
3,PAYMENT,522,20894.86,0.0,0.0,0.0,0.0,0
3,PAYMENT,509,4575.24,143475.69,138900.45,0.0,0.0,0
3,CASH_OUT,43,52366.92,30033.0,0.0,0.0,52366.92,0
3,CASH_OUT,522,63197.01,0.0,0.0,232976.36,296173.37,0
3,CASH_IN,188,168393.06,54568.0,222961.06,1646134.43,1477741.37,0
3,CASH_OUT,379,246148.22,23401.0,0.0,614555.38,860703.6,0
3,CASH_OUT,371,79720.01,21372.0,0.0,5904633.27,5984353.28,0
3,CASH_OUT,377,681970.1,49860.0,0.0,2474732.52,3156702.62,0
3,CASH_OUT,402,31592.42,0.0,0.0,51923.38,83515.8,0
3,CASH_OUT,273,27059.86,27059.86,0.0,361553.44,388613.29,1
3,CASH_OUT,211,128139.51,6398.0,0.0,1666879.41,1795018.92,0
3,CASH_IN,283,79343.86,5392.0,84735.86,0.0,0.0,0
3,CASH_OUT,370,730114.95,0.0,0.0,1084585.53,1814700.49,0
3,CASH_OUT,212,119645.45,0.0,0.0,4364131.29,4483776.75,0
3,CASH_OUT,235,249906.59,0.0,0.0,1048783.93,1298690.52,0
3,PAYMENT,402,4754.31,1667.0,0.0,0.0,0.0,0
3,PAYMENT,283,1673.94,300381.22,298707.29,0.0,0.0,0
3,CASH_IN,213,140382.9,11400.0,151782.9,0.0,0.0,0
3,CASH_OUT,277,45258.31,296.0,0.0,72003.92,117262.23,0
3,TRANSFER,201,236790.87,0.0,0.0,292287.09,529077.97,0
3,CASH_OUT,23,243719.77,0.0,0.0,251612.65,495332.42,0
3,PAYMENT,239,4141.34,20844.0,16702.66,0.0,0.0,0
3,CASH_OUT,394,69822.39,27985.0,0.0,15935.4,85757.8,0
3,CASH_IN,252,234783.17,10603.0,245386.17,0.0,0.0,0
3,CASH_OUT,130,94031.7,245071.0,151039.3,0.0,94031.7,0
3,PAYMENT,163,1219.19,10055.0,8835.81,0.0,0.0,0
3,PAYMENT,137,4352.4,18967.0,14614.6,0.0,0.0,0
3,CASH_IN,18,80053.68,2948206.28,3028259.96,1385675.75,1366756.77,0
3,PAYMENT,383,31608.96,143394.18,111785.22,0.0,0.0,0
3,TRANSFER,324,40986.53,0.0,0.0,76413.43,100027.16,0
3,CASH_OUT,548,174288.58,30149.0,0.0,52265.49,226554.07,0
3,PAYMENT,393,8021.18,21416.0,13394.82,0.0,0.0,0
3,CASH_OUT,384,2374412.42,2374412.42,0.0,44425.75,2418838.17,1
3,PAYMENT,326,32860.72,0.0,0.0,0.0,0.0,0
3,PAYMENT,349,2462.15,0.0,0.0,0.0,0.0,0
3,CASH_OUT,377,221308.96,595375.0,374066.04,1193259.95,1414568.91,0
3,CASH_OUT,14,154193.31,148135.0,0.0,1269814.81,1939512.12,0
3,CASH_OUT,730,338364.14,338364.14,0.0,724300.82,1062664.96,1
3,PAYMENT,139,15956.54,232521.4,216564.86,0.0,0.0,0
3,CASH_OUT,9,122111.25,0.0,0.0,1169432.57,2136678.43,0
3,CASH_OUT,202,19479.11,2234.81,0.0,316211.0,746692.66,0
3,PAYMENT,10,296.54,65438.0,65141.46,0.0,0.0,0
3,CASH_IN,351,176518.53,33017097.5,33193616.03,447447.26,270928.73,0
3,CASH_IN,187,240537.57,6663834.57,6904372.14,2146923.22,1906385.65,0
3,PAYMENT,211,8949.81,139640.6,130690.79,0.0,0.0,0
3,CASH_IN,298,107069.41,2721953.42,2829022.83,660302.5,553233.09,0
3,TRANSFER,136,2328738.39,24915.0,0.0,5790745.63,8119484.01,0
3,PAYMENT,321,15052.84,0.0,0.0,0.0,0.0,0
3,PAYMENT,311,2709.24,32194.0,29484.76,0.0,0.0,0
3,CASH_IN,182,101094.3,9164612.73,9265707.03,500625.17,399530.88,0
3,CASH_OUT,403,94342.66,0.0,0.0,233335.19,327677.85,0
3,CASH_IN,522,79635.45,15369.0,95004.45,911925.7,832290.25,0
3,PAYMENT,136,246.1,0.0,0.0,0.0,0.0,0
3,PAYMENT,546,2568.55,2358.0,0.0,0.0,0.0,0
3,CASH_OUT,379,16436.06,28809.21,12373.14,102820.05,119256.11,0
3,CASH_OUT,546,21823.48,99831.0,78007.52,2833260.64,2855084.11,0
3,CASH_IN,182,200280.11,13980.0,214260.11,26110.47,0.0,0
3,PAYMENT,231,7287.84,0.0,0.0,0.0,0.0,0
3,PAYMENT,17,16965.61,10546.23,0.0,0.0,0.0,0
3,CASH_IN,133,488699.77,11841.0,500540.77,64270.43,0.0,0
3,CASH_OUT,308,204833.37,0.0,0.0,991302.84,1196136.2,0
3,TRANSFER,164,1037354.18,86809.0,0.0,367204.57,1404558.75,0
3,PAYMENT,207,16175.29,0.0,0.0,0.0,0.0,0
3,TRANSFER,726,54584.29,54584.29,0.0,0.0,0.0,1
3,TRANSFER,212,36035.11,36035.11,0.0,0.0,0.0,1
3,CASH_IN,378,374545.2,9307993.66,9682538.86,2351410.25,1976865.05,0
3,CASH_OUT,16,387981.21,44419.0,0.0,301306.15,689287.36,0
3,PAYMENT,41,549.15,0.0,0.0,0.0,0.0,0
3,CASH_OUT,206,182918.2,452036.37,269118.17,1382286.06,1565204.27,0
3,PAYMENT,181,5838.87,0.0,0.0,0.0,0.0,0
3,PAYMENT,162,19398.7,0.0,0.0,0.0,0.0,0
3,PAYMENT,400,1143.12,10925.0,9781.88,0.0,0.0,0
3,CASH_OUT,163,91003.21,10808.62,0.0,240371.17,331374.38,0
3,PAYMENT,187,6125.54,106862.0,100736.46,0.0,0.0,0
3,CASH_OUT,40,53406.0,0.0,0.0,6702643.54,6756049.54,0
3,CASH_IN,137,133242.91,1319358.82,1452601.73,628232.18,494989.28,0
3,CASH_IN,352,425844.35,2604670.95,3030515.31,3220310.22,2794465.87,0
3,PAYMENT,160,5623.08,0.0,0.0,0.0,0.0,0
3,PAYMENT,329,17773.98,1115.0,0.0,0.0,0.0,0
3,PAYMENT,403,7503.03,668787.0,661283.97,0.0,0.0,0
3,CASH_OUT,44,157563.19,0.0,0.0,3746418.53,4048684.41,0
3,CASH_OUT,402,175016.51,36138.0,0.0,0.0,175016.51,0
3,TRANSFER,20,448025.06,448025.06,0.0,0.0,0.0,1
3,CASH_IN,354,105723.54,4594094.59,4699818.14,361391.32,255667.78,0
3,PAYMENT,42,1631.77,580890.39,579258.62,0.0,0.0,0
3,PAYMENT,208,6557.49,86738.99,80181.5,0.0,0.0,0
3,PAYMENT,256,313.3,105696.57,105383.27,0.0,0.0,0
3,CASH_OUT,234,132648.28,0.0,0.0,549945.47,682593.76,0
3,CASH_IN,204,328571.53,21169.0,349740.53,0.0,0.0,0
3,CASH_OUT,210,1663895.14,1663895.14,0.0,0.0,1663895.14,1
3,TRANSFER,262,495675.92,0.0,0.0,968145.42,1463821.33,0
3,PAYMENT,205,2072.38,0.0,0.0,0.0,0.0,0
3,PAYMENT,333,19690.96,0.0,0.0,0.0,0.0,0
3,PAYMENT,284,11213.05,830.0,0.0,0.0,0.0,0
3,PAYMENT,405,11717.86,22816.88,11099.01,0.0,0.0,0
3,CASH_IN,212,275693.04,8023766.93,8299459.97,746584.49,470891.45,0
3,PAYMENT,181,3514.17,0.0,0.0,0.0,0.0,0
3,CASH_OUT,8,67047.71,0.0,0.0,102924.42,140696.94,0
3,TRANSFER,657,2333929.91,2333929.91,0.0,0.0,0.0,1
3,CASH_IN,9,63674.77,12947452.68,13011127.45,15721282.36,15690334.58,0
3,PAYMENT,18,2894.78,0.0,0.0,0.0,0.0,0
3,CASH_IN,188,131955.14,7857586.66,7989541.8,151560.11,19604.97,0
3,TRANSFER,36,172622.67,485589.88,312967.2,72963.22,245585.9,0
3,CASH_OUT,203,230074.74,11105.0,0.0,2728963.27,2959038.0,0
3,PAYMENT,378,31886.78,0.0,0.0,0.0,0.0,0
3,PAYMENT,258,6114.72,0.0,0.0,0.0,0.0,0
3,TRANSFER,182,1902615.04,19819.0,0.0,8078813.11,9981428.15,0
3,CASH_OUT,353,39195.14,0.0,0.0,2072887.87,2112083.01,0
3,TRANSFER,347,1318180.17,0.0,0.0,9143726.98,10461907.14,0
3,CASH_IN,361,112925.64,189064.93,301990.57,443041.3,330115.66,0
3,TRANSFER,210,163845.66,0.0,0.0,1370401.22,1534246.88,0
3,TRANSFER,262,1589763.63,1589763.63,0.0,0.0,0.0,1
3,CASH_IN,18,146619.54,10709.0,157328.54,0.0,74527.63,0
3,DEBIT,188,485.17,10295.0,9809.83,113866.9,114352.07,0
3,CASH_OUT,380,125169.73,12632.0,0.0,0.0,125169.73,0
3,CASH_OUT,255,10734.17,20494.0,9759.83,456351.99,467086.16,0
3,PAYMENT,309,10343.56,23170.0,12826.44,0.0,0.0,0
3,CASH_IN,310,56811.44,6568222.89,6625034.33,168297.89,111486.45,0
3,TRANSFER,183,5566.14,5566.14,0.0,0.0,0.0,1
3,CASH_OUT,309,261801.2,0.0,0.0,434955.4,696756.6,0
3,TRANSFER,15,233180.49,36393.0,0.0,369523.49,856811.98,0
3,TRANSFER,278,789009.23,341531.0,0.0,805716.67,1594725.91,0
3,PAYMENT,311,23464.59,322210.5,298745.92,0.0,0.0,0
3,TRANSFER,325,924109.23,0.0,0.0,24798517.36,25722626.58,0
3,CASH_OUT,156,354365.03,12061.0,0.0,4596.87,358961.9,0
3,CASH_OUT,400,166832.14,21826.0,0.0,17726.25,184558.39,0
3,CASH_IN,328,474340.4,2212874.34,2687214.74,903554.27,429213.88,0
3,PAYMENT,20,3816.27,79621.0,75804.73,0.0,0.0,0
3,PAYMENT,283,692.65,0.0,0.0,0.0,0.0,0
3,TRANSFER,690,247569.53,0.0,0.0,384078.75,631648.28,0
3,TRANSFER,300,360855.53,0.0,0.0,7664531.15,8025386.68,0
3,CASH_IN,250,87959.66,192822.64,280782.3,106983.35,19023.69,0
3,CASH_OUT,328,43814.15,43814.15,0.0,4177401.35,4221215.5,1
3,TRANSFER,581,2562459.56,2562459.56,0.0,0.0,0.0,1
3,PAYMENT,253,4018.44,0.0,0.0,0.0,0.0,0
3,PAYMENT,209,4826.93,210463.94,205637.01,0.0,0.0,0
3,CASH_IN,233,230087.6,10311008.6,10541096.2,298687.85,68600.26,0
3,CASH_IN,255,74347.52,40631.0,114978.52,0.0,0.0,0
3,CASH_OUT,279,325849.22,0.0,0.0,1256638.81,1582488.03,0
3,TRANSFER,43,64425.83,81042.41,16616.58,1929855.79,1994281.62,0
3,PAYMENT,236,18574.24,312.0,0.0,0.0,0.0,0
3,CASH_IN,252,175355.17,1711863.47,1887218.64,2979290.32,2803935.15,0
3,TRANSFER,702,10000000.0,33171085.59,23171085.59,0.0,0.0,1
3,CASH_OUT,34,158074.06,0.0,0.0,823447.56,978135.75,0
3,TRANSFER,154,582480.03,12327.0,0.0,0.0,582480.03,0
3,PAYMENT,180,8712.6,0.0,0.0,0.0,0.0,0
3,PAYMENT,132,5384.55,0.0,0.0,0.0,0.0,0
3,PAYMENT,184,7111.15,328984.58,321873.43,0.0,0.0,0
3,CASH_OUT,10,8140.83,0.0,0.0,1276698.0,1192406.98,0
3,TRANSFER,214,151567.72,15376.0,0.0,6186141.98,6337709.7,0
3,CASH_IN,19,651641.23,4920560.71,5572201.94,4151091.5,3499450.27,0
3,PAYMENT,379,12663.7,0.0,0.0,0.0,0.0,0
3,TRANSFER,340,4677358.76,4677358.76,0.0,0.0,0.0,1
3,PAYMENT,12,18482.08,28903.83,10421.75,0.0,0.0,0
3,CASH_OUT,350,105261.08,31425.0,0.0,0.0,105261.08,0
3,CASH_OUT,235,66218.39,0.0,0.0,98516.54,164734.94,0
3,PAYMENT,161,9547.6,0.0,0.0,0.0,0.0,0
3,CASH_OUT,308,121671.12,0.0,0.0,10446753.85,10568424.97,0
3,CASH_OUT,720,71439.81,71439.81,0.0,106159.59,177599.4,1
3,PAYMENT,204,7237.03,124542.0,117304.97,0.0,0.0,0
3,CASH_OUT,257,347786.44,133922.0,0.0,0.0,347786.44,0
3,CASH_IN,352,430967.35,170903.0,601870.35,0.0,0.0,0
3,PAYMENT,357,26233.25,0.0,0.0,0.0,0.0,0
3,CASH_OUT,212,231297.62,727.0,0.0,0.0,231297.62,0
3,TRANSFER,17,1199943.91,0.0,0.0,1949310.75,3149254.65,0
3,CASH_OUT,235,46682.26,32805.0,0.0,261887.42,308569.68,0
3,CASH_OUT,237,157101.62,0.0,0.0,3392808.91,3549910.53,0
3,CASH_IN,178,190192.76,1704852.33,1895045.09,1055524.53,610360.87,0
3,CASH_IN,178,30049.49,201533.0,231582.49,0.0,0.0,0
3,CASH_IN,306,61519.15,4762234.73,4823753.88,79177.88,17658.72,0
3,PAYMENT,356,26664.78,8555.1,0.0,0.0,0.0,0
3,PAYMENT,232,25257.85,0.0,0.0,0.0,0.0,0
3,PAYMENT,250,7871.87,0.0,0.0,0.0,0.0,0
3,PAYMENT,228,36481.19,6566.0,0.0,0.0,0.0,0
3,CASH_OUT,330,43165.78,0.0,0.0,1620833.23,1663999.02,0
3,CASH_IN,379,113707.41,30073.0,143780.41,1337420.05,1223712.64,0
3,CASH_IN,403,9507.55,0.0,9507.55,87328.24,77820.69,0
3,CASH_IN,284,58671.4,5413994.18,5472665.58,181727.05,123055.64,0
3,CASH_IN,137,19183.44,12407.0,31590.44,0.0,0.0,0
3,CASH_IN,355,211864.95,7432.0,219296.95,10307648.64,10095783.69,0
3,CASH_IN,273,401404.2,1444053.66,1845457.86,2470626.95,2069222.75,0
3,PAYMENT,212,3663.29,20766.0,17102.71,0.0,0.0,0
3,TRANSFER,509,2656973.04,2656973.04,0.0,0.0,0.0,1
3,CASH_OUT,204,48062.01,0.0,0.0,4439202.52,4487264.53,0
3,CASH_OUT,656,766257.55,766257.55,0.0,46141756.44,46908013.99,1
3,CASH_IN,164,226352.68,31349.0,257701.68,694508.5,468155.82,0
3,CASH_OUT,38,59361.73,10925.16,0.0,1829143.5,1888505.23,0
3,CASH_IN,143,376529.76,7020111.65,7396641.41,2988410.3,2611880.54,0
3,PAYMENT,236,7017.49,0.0,0.0,0.0,0.0,0
3,TRANSFER,404,127765.58,0.0,0.0,131689.4,259454.98,0
3,CASH_OUT,259,146473.93,201866.0,55392.07,0.0,146473.93,0
3,CASH_OUT,216,373942.09,0.0,0.0,5638621.2,6012563.29,0
3,CASH_IN,252,151862.92,1575198.75,1727061.68,258736.84,106873.92,0
3,CASH_IN,202,24455.94,1445689.39,1470145.33,32924.28,8468.34,0
3,CASH_IN,370,23204.72,2771559.16,2794763.88,3811137.13,3787932.42,0
3,CASH_OUT,40,85296.69,159302.0,74005.31,266536.43,351833.12,0
3,CASH_IN,548,58093.74,5158.0,63251.74,1457627.05,1399533.31,0
3,CASH_OUT,302,239101.75,0.0,0.0,5562025.45,5801127.21,0
3,CASH_OUT,44,352108.47,0.0,0.0,1452336.51,1804444.98,0
3,PAYMENT,11,2173.46,10666.0,8492.54,0.0,0.0,0
3,PAYMENT,582,10501.3,19182.34,8681.04,0.0,0.0,0
3,PAYMENT,357,2117.78,30962.0,28844.22,0.0,0.0,0
3,CASH_OUT,143,339847.76,281407.0,0.0,195792.07,535639.83,0
3,CASH_OUT,181,418208.47,0.0,0.0,2297169.68,2715378.15,0
3,PAYMENT,166,8256.6,0.0,0.0,0.0,0.0,0
3,TRANSFER,625,249749.05,249749.05,0.0,0.0,0.0,1
3,CASH_OUT,347,133298.82,61841.0,0.0,0.0,443387.18,0
3,CASH_OUT,94,202481.07,52132.0,0.0,0.0,202481.07,0
3,CASH_OUT,377,190507.21,0.0,0.0,203682.81,394190.02,0
3,CASH_IN,16,83520.49,5145198.96,5228719.45,1166322.42,1309428.0,0
3,CASH_IN,93,78.11,3098.0,3176.11,133186.34,133108.24,0
3,PAYMENT,332,10427.65,0.0,0.0,0.0,0.0,0
3,CASH_IN,352,65583.44,3392234.08,3457817.52,406250.12,340666.68,0
3,PAYMENT,502,48923.94,226523.12,177599.18,0.0,0.0,0
3,CASH_IN,474,17188.39,896398.43,913586.83,316992.65,299804.26,0
3,CASH_OUT,47,404723.04,0.0,0.0,517195.78,921918.82,0
3,TRANSFER,272,253672.83,253672.83,0.0,0.0,0.0,1
4,CASH_OUT,260,73121.77,0.0,0.0,530619.3,603741.07,0
4,CASH_OUT,16,192784.43,0.0,0.0,1223647.07,1587494.03,0
4,PAYMENT,211,3726.72,0.0,0.0,0.0,0.0,0
4,TRANSFER,583,615398.61,615398.61,0.0,0.0,0.0,1
4,TRANSFER,587,322718.76,0.0,0.0,1152698.59,1475417.35,0
4,CASH_OUT,348,463819.26,0.0,0.0,668956.24,1132775.5,0
4,CASH_OUT,348,47708.8,11253.0,0.0,0.0,47708.8,0
4,CASH_OUT,304,44144.63,658.0,0.0,100918.1,145062.73,0
4,CASH_OUT,102,656118.37,656118.37,0.0,161482.64,817601.02,1
4,CASH_IN,589,197307.14,4997157.58,5194464.72,232373.73,35066.58,0
4,CASH_OUT,104,125159.2,125159.2,0.0,26664.19,151823.38,1
4,PAYMENT,21,5506.82,7678.29,2171.46,0.0,0.0,0
4,TRANSFER,133,203923.75,0.0,0.0,225555.2,429478.95,0
4,PAYMENT,139,2505.88,21982.0,19476.12,0.0,0.0,0
4,PAYMENT,33,5826.86,20068.0,14241.14,0.0,0.0,0
4,CASH_IN,297,4710.0,14721.0,19431.0,6644657.22,6639947.22,0
4,DEBIT,17,5677.07,842.0,0.0,8508396.85,8514073.92,0
4,CASH_IN,252,50828.91,10339922.51,10390751.43,291639.11,240810.2,0
4,CASH_OUT,135,413331.5,0.0,0.0,711037.12,1124368.63,0
4,CASH_OUT,17,965.79,41900.0,40934.21,3688788.44,3689754.23,0
4,PAYMENT,329,17102.63,0.0,0.0,0.0,0.0,0
4,TRANSFER,255,186085.36,93809.0,0.0,30138.53,216223.89,0
4,CASH_OUT,687,277154.66,51092.0,0.0,93165.63,370320.3,0
4,PAYMENT,46,2051.28,21798.0,19746.72,0.0,0.0,0
4,PAYMENT,331,25709.18,0.0,0.0,0.0,0.0,0
4,PAYMENT,355,9828.59,0.0,0.0,0.0,0.0,0
4,PAYMENT,330,5274.33,60099.0,54824.67,0.0,0.0,0
4,CASH_OUT,505,4553004.39,4553004.39,0.0,26260.25,4579264.63,1
4,CASH_OUT,438,176776.55,176776.55,0.0,207998.29,384774.84,1
4,PAYMENT,232,15354.42,20436.0,5081.58,0.0,0.0,0
4,CASH_IN,398,177491.2,281971.48,459462.69,224386.6,46895.39,0
4,PAYMENT,334,10904.99,8922.47,0.0,0.0,0.0,0
4,CASH_OUT,35,26791.88,13441.0,0.0,320481.92,347273.8,0
4,CASH_OUT,345,111570.54,5047.0,0.0,21406.44,132976.97,0
4,PAYMENT,212,5856.2,1370.98,0.0,0.0,0.0,0
4,PAYMENT,298,26487.41,180846.78,154359.37,0.0,0.0,0
4,PAYMENT,138,29390.15,261226.97,231836.82,0.0,0.0,0
4,PAYMENT,15,21264.33,0.0,0.0,0.0,0.0,0
4,PAYMENT,165,10611.78,9668.95,0.0,0.0,0.0,0
4,PAYMENT,328,34834.97,25461.0,0.0,0.0,0.0,0
4,PAYMENT,451,1649.27,201515.0,199865.73,0.0,0.0,0
4,CASH_OUT,378,53774.54,265.0,0.0,0.0,53774.54,0
4,PAYMENT,226,11540.51,0.0,0.0,0.0,0.0,0
4,PAYMENT,348,41536.97,84316.0,42779.03,0.0,0.0,0
4,TRANSFER,310,1923775.73,0.0,0.0,2295365.62,4219141.35,0
4,PAYMENT,240,6923.63,56578.0,49654.37,0.0,0.0,0
4,CASH_OUT,260,16010.09,0.0,0.0,207420.81,223430.9,0
4,CASH_OUT,236,26456.97,0.0,0.0,50810.28,77267.25,0
4,CASH_IN,42,312363.12,15271.0,327634.12,4811137.63,4498774.52,0
4,PAYMENT,184,1785.47,0.0,0.0,0.0,0.0,0
4,CASH_OUT,241,325470.07,325470.07,0.0,19771.15,345241.22,1
4,PAYMENT,141,9122.92,0.0,0.0,0.0,0.0,0
4,PAYMENT,13,7479.71,32012.0,24532.29,0.0,0.0,0
4,CASH_OUT,380,59582.84,0.0,0.0,2469561.1,2529143.94,0
4,PAYMENT,595,19390.5,18089.55,0.0,0.0,0.0,0
4,PAYMENT,370,13028.59,0.0,0.0,0.0,0.0,0
4,TRANSFER,554,3576297.1,3576297.1,3576297.1,0.0,0.0,1
4,TRANSFER,377,157948.41,268604.64,110656.24,213507.68,371456.09,0
4,PAYMENT,426,1045.13,81569.54,80524.42,0.0,0.0,0
4,PAYMENT,348,12415.43,9172.0,0.0,0.0,0.0,0
4,PAYMENT,95,3453.03,23518.0,20064.97,0.0,0.0,0
4,CASH_OUT,204,194914.26,0.0,0.0,545930.4,740844.66,0
4,PAYMENT,380,30040.86,0.0,0.0,0.0,0.0,0
4,CASH_IN,184,19280.35,15046207.26,15065487.62,4075794.04,4056513.69,0
4,CASH_OUT,466,104171.37,104171.37,0.0,64407.18,168578.56,1
4,PAYMENT,400,8128.21,305649.0,297520.79,0.0,0.0,0
4,CASH_OUT,213,188658.45,188658.45,0.0,0.0,188658.45,1
4,CASH_OUT,658,24522.52,24522.52,0.0,155677.01,180199.53,1
4,CASH_OUT,18,185065.93,0.0,0.0,222175.75,407241.68,0
4,PAYMENT,34,23507.89,0.0,0.0,0.0,0.0,0
4,TRANSFER,58,109525.67,109525.67,0.0,0.0,0.0,1
4,PAYMENT,133,16074.17,206157.0,190082.83,0.0,0.0,0
4,PAYMENT,283,208.46,51316.0,51107.54,0.0,0.0,0
4,CASH_IN,164,82032.43,158983.0,241015.43,252211.83,170179.39,0
4,PAYMENT,227,16148.9,13764.54,0.0,0.0,0.0,0
4,PAYMENT,155,12016.4,31383.25,19366.85,0.0,0.0,0
4,CASH_OUT,11,285818.41,0.0,0.0,976979.7,1262798.11,0
4,PAYMENT,330,13022.2,11090.0,0.0,0.0,0.0,0
4,TRANSFER,19,1861008.32,1861008.32,0.0,0.0,0.0,1
4,PAYMENT,619,5956.08,0.0,0.0,0.0,0.0,0
4,TRANSFER,356,41885.7,21050.0,0.0,32110.58,73996.28,0
4,PAYMENT,487,48592.65,0.0,0.0,0.0,0.0,0
4,CASH_OUT,227,67152.28,0.0,0.0,622758.78,689911.06,0
4,CASH_OUT,502,73051.02,73051.02,0.0,6049.33,79100.35,1
4,CASH_IN,280,150066.31,73775.0,223841.31,7323485.14,7173418.84,0
4,CASH_IN,157,131048.12,291516.65,422564.78,180914.41,49866.28,0
4,CASH_OUT,325,115650.36,0.0,0.0,188438.58,304088.94,0
4,PAYMENT,403,8203.08,0.0,0.0,0.0,0.0,0
4,CASH_OUT,188,63115.76,0.0,0.0,9575750.94,9638866.71,0
4,PAYMENT,353,8204.07,0.0,0.0,0.0,0.0,0
4,CASH_IN,203,23518.44,1125848.28,1149366.72,78265.31,54746.87,0
4,CASH_OUT,373,110415.8,183.0,0.0,194293.15,304708.95,0
4,PAYMENT,278,7847.6,206382.47,198534.88,0.0,0.0,0
4,PAYMENT,212,4896.21,4600.67,0.0,0.0,0.0,0
4,PAYMENT,159,2959.25,0.0,0.0,0.0,0.0,0
4,CASH_OUT,140,191649.56,667163.0,475513.44,280601.5,472251.07,0
4,TRANSFER,536,624686.04,624686.04,0.0,0.0,0.0,1
4,CASH_OUT,396,422816.2,213491.0,0.0,399808.96,822625.16,0
4,CASH_OUT,234,142471.54,0.0,0.0,728038.45,870509.99,0
4,TRANSFER,47,36532.84,36532.84,0.0,0.0,0.0,1
4,CASH_OUT,249,70724.43,0.0,0.0,1572681.36,1643405.79,0
4,PAYMENT,305,4363.29,0.0,0.0,0.0,0.0,0
4,CASH_OUT,227,72067.33,154336.0,82268.67,34320.09,133418.18,0
4,CASH_IN,598,191517.24,3950193.3,4141710.54,328732.36,137215.11,0
4,TRANSFER,650,1264551.38,1264551.38,0.0,0.0,0.0,1
4,PAYMENT,350,33118.97,211854.0,178735.03,0.0,0.0,0
4,CASH_IN,255,40232.33,13548.0,53780.33,196895.57,156663.24,0
4,PAYMENT,166,1711.78,12979.13,11267.35,0.0,0.0,0
4,PAYMENT,259,1553.72,11209.0,9655.28,0.0,0.0,0
4,CASH_OUT,350,233233.04,30323.0,0.0,31997.27,265230.31,0
4,CASH_OUT,184,120999.8,7301.0,0.0,0.0,120999.8,0
4,PAYMENT,399,7889.15,189509.58,181620.43,0.0,0.0,0
4,PAYMENT,305,23474.83,104098.0,80623.17,0.0,0.0,0
4,PAYMENT,255,12474.0,72012.14,59538.14,0.0,0.0,0
4,TRANSFER,352,165116.38,0.0,0.0,12285896.19,12451012.57,0
4,PAYMENT,234,11027.83,0.0,0.0,0.0,0.0,0
4,CASH_IN,522,181719.43,4768626.04,4950345.47,949827.71,768108.28,0
4,DEBIT,213,220.64,6089.0,5868.36,173809.73,174030.37,0
4,CASH_IN,1,53560.68,5685333.94,5738894.62,172857.68,22233.65,0
4,TRANSFER,230,453961.8,16158.0,0.0,0.0,453961.8,0
4,TRANSFER,399,1697098.95,0.0,0.0,2090130.26,3787229.22,0
4,CASH_OUT,187,175348.98,0.0,0.0,2081672.18,2257021.16,0
4,CASH_IN,330,125825.82,19288.0,145113.82,162486.12,36660.3,0
4,TRANSFER,225,977522.43,506564.0,0.0,285756.95,1263279.38,0
4,CASH_OUT,403,132099.93,32281.0,0.0,100783.64,232883.57,0
4,CASH_IN,211,55948.28,4667175.31,4723123.59,895712.91,380696.95,0
4,PAYMENT,164,8200.56,0.0,0.0,0.0,0.0,0
4,PAYMENT,42,4027.09,245183.0,241155.91,0.0,0.0,0
4,CASH_OUT,181,304652.57,0.0,0.0,358116.57,662769.14,0
4,TRANSFER,157,164736.8,0.0,0.0,185047.42,349784.22,0
4,CASH_OUT,323,98684.57,100903.0,2218.43,0.0,98684.57,0
4,CASH_OUT,17,51624.63,56639.0,5014.37,63628.0,115252.63,0
4,CASH_OUT,162,66535.2,586.0,0.0,0.0,66535.2,0
4,PAYMENT,331,6709.54,11425.0,4715.46,0.0,0.0,0
4,CASH_OUT,401,65365.11,65365.11,0.0,490135.89,604680.44,1
4,TRANSFER,274,611733.99,30535.0,0.0,1065609.1,1677343.09,0
4,TRANSFER,153,146391.08,0.0,0.0,702659.34,849050.42,0
4,CASH_IN,225,25389.29,288.0,25677.29,2404301.97,2378912.67,0
4,PAYMENT,41,343.75,0.0,0.0,0.0,0.0,0
4,PAYMENT,285,18326.12,0.0,0.0,0.0,0.0,0
4,PAYMENT,185,19657.73,0.0,0.0,0.0,0.0,0
4,CASH_IN,301,625.1,1600658.69,1601283.79,869492.92,868867.82,0
4,CASH_IN,10,536239.89,74522.8,610762.69,20605.0,0.0,0
4,PAYMENT,250,28961.92,0.0,0.0,0.0,0.0,0
4,CASH_IN,300,3871.14,9121162.31,9125033.45,63921.36,60050.22,0
4,TRANSFER,259,380298.97,182407.0,0.0,417000.69,797299.66,0
4,TRANSFER,137,865976.6,72.0,0.0,1477515.58,2343492.18,0
4,CASH_OUT,179,158031.57,0.0,0.0,2758879.87,3114797.64,0
4,CASH_OUT,22,77773.14,77773.14,0.0,1853403.61,1931176.75,1
4,TRANSFER,561,2763025.35,2763025.35,0.0,0.0,0.0,1
4,CASH_IN,192,347268.96,5857120.89,6204389.85,632859.68,285590.72,0
4,CASH_OUT,235,36728.04,458057.0,421328.96,196103.52,232831.56,0
4,CASH_OUT,299,234864.95,259093.0,24228.05,92992.28,327857.23,0
4,CASH_OUT,140,144518.54,49951.0,0.0,0.0,144518.54,0
4,CASH_IN,377,174507.03,2742947.41,2917454.44,241034.81,66527.78,0
4,CASH_IN,257,173315.08,8431580.39,8604895.47,1047490.99,874175.91,0
4,TRANSFER,43,13877.29,148485.0,134607.71,544081.11,557958.41,0
4,PAYMENT,189,7679.34,21839.0,14159.66,0.0,0.0,0
4,CASH_OUT,301,379355.87,43454.0,0.0,881220.7,1260576.57,0
4,PAYMENT,212,30304.73,0.0,0.0,0.0,0.0,0
4,CASH_OUT,136,276760.97,0.0,0.0,4881629.55,5158390.53,0
4,CASH_IN,399,275784.57,3098768.56,3374553.13,796310.12,520525.55,0
4,PAYMENT,617,361.39,1197.0,835.61,0.0,0.0,0
4,PAYMENT,24,4234.67,0.0,0.0,0.0,0.0,0
4,CASH_OUT,284,55998.45,23587.0,0.0,4341321.67,4397320.11,0
4,CASH_OUT,139,351453.21,51982.0,0.0,3219536.26,3570989.47,0
4,CASH_OUT,18,227031.1,90671.0,0.0,321472.2,548503.3,0
4,PAYMENT,503,70.23,50756.0,50685.77,0.0,0.0,0
4,PAYMENT,212,13252.87,13673.0,420.13,0.0,0.0,0
4,TRANSFER,255,440124.94,0.0,0.0,1031966.19,1472091.13,0
4,CASH_IN,684,129333.59,29022.0,158355.59,0.0,0.0,0
4,PAYMENT,282,9488.92,30036.0,20547.08,0.0,0.0,0
4,CASH_IN,500,28673.0,10027.0,38700.0,0.0,0.0,0
4,PAYMENT,404,2410.12,0.0,0.0,0.0,0.0,0
4,TRANSFER,742,258355.42,258355.42,0.0,0.0,0.0,1
4,CASH_OUT,12,222048.71,0.0,0.0,2979.0,225027.71,1
4,TRANSFER,302,1259081.14,0.0,0.0,1303645.13,2562726.28,0
4,CASH_OUT,226,686622.4,0.0,0.0,884961.73,1571584.13,0
4,CASH_IN,232,142355.29,4927476.41,5069831.7,471641.82,329286.53,0
4,CASH_OUT,135,550858.72,106672.0,0.0,8007319.58,8558178.3,0
4,CASH_IN,405,67164.83,5038.0,72202.83,513039.47,445874.64,0
4,PAYMENT,20,3561.27,23504.21,19942.94,0.0,0.0,0
4,TRANSFER,302,268191.0,452482.0,184291.0,10991092.4,11259283.4,0
4,CASH_IN,10,43521.7,3450252.05,3493773.75,667701.44,907420.02,0
4,PAYMENT,136,10953.54,117256.54,106303.0,0.0,0.0,0
4,PAYMENT,156,15071.63,0.0,0.0,0.0,0.0,0
4,PAYMENT,258,19431.76,134446.0,115014.24,0.0,0.0,0
4,PAYMENT,210,12918.22,66655.46,53737.24,0.0,0.0,0
4,TRANSFER,34,1462355.44,1462355.44,0.0,0.0,0.0,1
4,CASH_IN,251,189906.51,1376803.37,1566709.88,654774.64,464868.13,0
4,PAYMENT,384,931.17,229.0,0.0,0.0,0.0,0
4,CASH_OUT,5,55207.84,701404.67,646196.83,1368603.53,1423811.37,0
4,CASH_OUT,308,293339.35,803175.0,509835.65,686296.34,979635.69,0
4,CASH_OUT,236,96669.65,65933.0,0.0,74180.75,170850.4,0
4,CASH_OUT,284,335055.24,65527.74,0.0,1735734.4,2070789.64,0
4,CASH_OUT,403,150550.98,11525.0,0.0,397705.42,548256.41,0
4,CASH_IN,252,309308.84,9913.0,319221.84,674135.17,364826.33,0
4,CASH_OUT,325,207964.84,0.0,0.0,271948.11,506277.32,0
4,PAYMENT,41,13805.07,49847.0,36041.93,0.0,0.0,0
4,PAYMENT,301,40115.28,48237.0,8121.72,0.0,0.0,0
4,CASH_IN,265,107486.36,13480198.2,13587684.55,148288.97,40802.62,0
4,CASH_IN,184,32816.97,7257377.44,7290194.42,165204.82,132387.84,0
4,CASH_OUT,397,10456.55,96836.0,86379.45,31690.86,42147.41,0
4,CASH_IN,329,148448.64,31634.0,180082.64,81563.95,0.0,0
4,PAYMENT,356,6729.79,260242.69,253512.9,0.0,0.0,0
4,CASH_OUT,324,190234.71,53357.0,0.0,73861.81,264096.52,0
4,CASH_IN,258,286783.94,42228.0,329011.94,356359.02,69575.07,0
4,CASH_OUT,398,325259.39,1121.0,0.0,813544.44,1138803.83,0
4,TRANSFER,337,623152.72,623152.72,0.0,0.0,0.0,1
4,PAYMENT,324,15524.03,0.0,0.0,0.0,0.0,0
4,CASH_OUT,500,74844.15,0.0,0.0,140254.8,215098.95,0
4,PAYMENT,332,35430.77,0.0,0.0,0.0,0.0,0
4,CASH_OUT,347,195257.43,0.0,0.0,1748686.8,1943944.22,0
4,CASH_IN,278,385782.01,4853492.73,5239274.74,2568463.82,2182681.81,0
4,CASH_IN,249,112343.93,9300135.15,9412479.09,2531487.34,2419143.41,0
4,TRANSFER,588,1164020.92,10973.0,0.0,1365405.44,2529426.37,0
4,PAYMENT,328,19740.98,20312.0,571.02,0.0,0.0,0
4,CASH_OUT,403,9006.62,0.0,0.0,545932.5,554939.11,0
4,PAYMENT,155,1981.76,29271.0,27289.24,0.0,0.0,0
4,PAYMENT,544,776.17,40731.62,39955.45,0.0,0.0,0
4,PAYMENT,302,76.35,35875.0,35798.65,0.0,0.0,0
4,TRANSFER,657,24853.41,24853.41,0.0,0.0,0.0,1
4,CASH_OUT,372,164786.26,0.0,0.0,1307709.84,1472496.11,0
4,PAYMENT,153,23148.29,44148.0,20999.71,0.0,0.0,0
4,CASH_IN,43,35096.46,76992.0,112088.46,1487842.5,1481078.93,0
4,TRANSFER,326,424962.9,424962.9,0.0,0.0,0.0,1
4,CASH_OUT,235,448934.2,12354.0,0.0,0.0,448934.2,0
4,PAYMENT,17,24002.39,10874.0,0.0,0.0,0.0,0
4,PAYMENT,234,14058.95,12741.0,0.0,0.0,0.0,0
4,TRANSFER,153,1067093.33,42134.0,0.0,211614.11,1278707.44,0
4,PAYMENT,213,16199.03,29712.0,13512.97,0.0,0.0,0
4,CASH_OUT,188,145408.43,0.0,0.0,369294.92,514703.35,0
4,CASH_OUT,306,48020.17,0.0,0.0,216757.1,264777.27,0
4,CASH_OUT,164,56568.14,21300.0,0.0,54958.89,111527.03,0
4,PAYMENT,278,3714.68,0.0,0.0,0.0,0.0,0
4,CASH_OUT,514,42653.85,51053.16,8399.31,1531911.23,1574565.08,0
4,CASH_IN,154,119044.91,2536.0,121580.91,0.0,0.0,0
4,PAYMENT,357,2592.21,72252.0,69659.79,0.0,0.0,0
4,CASH_OUT,253,169123.49,0.0,0.0,1233478.07,1402601.55,0
4,CASH_IN,382,119398.34,3332511.12,3451909.45,855959.77,736561.43,0
4,DEBIT,544,10413.92,21354.0,10940.08,1805517.09,1815931.02,0
4,PAYMENT,164,17460.11,9664.0,0.0,0.0,0.0,0
4,PAYMENT,13,9167.32,322957.0,313789.68,0.0,0.0,0
4,CASH_OUT,36,55994.2,0.0,0.0,4575909.39,4955512.06,0
4,TRANSFER,664,84771.55,84771.55,0.0,0.0,0.0,1
4,PAYMENT,358,13448.98,61473.0,48024.02,0.0,0.0,0
4,CASH_OUT,15,423337.69,401363.0,0.0,0.0,423337.69,0
4,CASH_OUT,302,51745.12,0.0,0.0,85818.56,137563.69,0
4,CASH_OUT,46,138301.7,22917.0,0.0,81095.78,219397.49,0
4,PAYMENT,182,22977.26,6038.0,0.0,0.0,0.0,0
4,CASH_OUT,187,164994.63,41930.0,0.0,1221265.32,1386259.95,0
4,CASH_IN,44,209497.11,3206138.05,3415635.16,10188055.47,9978558.36,0
4,CASH_IN,161,351997.36,99194.0,451191.36,430918.21,78920.85,0
4,TRANSFER,140,4400457.84,4400457.84,0.0,0.0,0.0,1
4,TRANSFER,137,51171.29,6757.0,0.0,0.0,51171.29,0
4,PAYMENT,253,12780.92,44588.0,31807.08,0.0,0.0,0
4,CASH_OUT,378,212999.99,1424.0,0.0,517147.49,730147.49,0
4,CASH_OUT,226,198945.28,14901.0,0.0,0.0,198945.28,0
4,CASH_OUT,204,93667.24,568.0,0.0,4210541.89,4304209.14,0
4,PAYMENT,210,19226.06,0.0,0.0,0.0,0.0,0
4,CASH_OUT,209,230999.31,898.0,0.0,0.0,230999.31,0
4,CASH_OUT,37,134250.34,14063.0,0.0,1056935.78,1191186.11,0
4,CASH_OUT,39,152864.99,0.0,0.0,203072.03,355937.02,0
4,PAYMENT,307,2814.9,5005.0,2190.1,0.0,0.0,0
4,PAYMENT,210,1852.52,377070.12,375217.6,0.0,0.0,0
4,PAYMENT,383,10182.2,2127.0,0.0,0.0,0.0,0
4,TRANSFER,135,4659.31,0.0,0.0,26896.77,31556.08,0
4,CASH_OUT,162,45351.5,0.0,0.0,2800101.72,2845453.22,0
4,PAYMENT,265,22529.76,0.0,0.0,0.0,0.0,0
4,CASH_OUT,43,338769.41,0.0,0.0,3567479.94,3906249.36,0
4,CASH_OUT,187,160984.88,30113.0,0.0,191141.38,352126.26,0
4,CASH_IN,140,230626.55,7676258.81,7906885.36,2784473.13,2614144.67,0
4,CASH_OUT,489,4241.44,4241.44,0.0,256363.03,260604.47,1
4,CASH_OUT,18,319750.6,131.0,0.0,247806.82,567557.42,0
4,PAYMENT,134,604.21,9670.26,9066.05,0.0,0.0,0
4,CASH_OUT,304,87350.06,0.0,0.0,298418.6,385768.66,0
4,PAYMENT,590,9805.42,0.0,0.0,0.0,0.0,0
4,CASH_OUT,162,296569.41,0.0,0.0,942327.54,1238896.96,0
4,CASH_OUT,374,700523.69,700523.69,0.0,1633037.51,2333561.21,1
4,PAYMENT,353,6375.17,0.0,0.0,0.0,0.0,0
4,CASH_OUT,352,209213.01,68914.0,0.0,117740.03,326953.04,0
4,CASH_IN,254,4110.52,2024947.43,2029057.95,1142330.99,767450.69,0
4,CASH_OUT,309,96474.91,96474.91,0.0,0.0,96474.91,1
4,TRANSFER,161,182708.48,15158.0,0.0,837658.88,1020367.37,0
4,CASH_IN,38,146797.78,30105.0,176902.78,568988.77,422190.99,0
4,CASH_IN,281,62838.79,339469.99,402308.78,1476900.03,1414061.25,0
4,PAYMENT,379,3961.25,0.0,0.0,0.0,0.0,0
4,PAYMENT,399,49042.64,0.0,0.0,0.0,0.0,0
4,CASH_IN,251,71611.26,3522260.72,3593871.98,4114049.79,4042438.54,0
4,TRANSFER,38,413912.23,70420.0,0.0,2261566.73,2675478.97,0
4,PAYMENT,538,25236.98,349063.14,323826.16,0.0,0.0,0
4,CASH_OUT,543,74436.56,74436.56,0.0,201151.33,275587.89,1
4,CASH_OUT,160,49161.78,15403.0,0.0,1191235.04,1055661.03,0
4,CASH_OUT,255,584506.33,416.0,0.0,753575.62,1338081.96,0
4,PAYMENT,2,349.63,9037.0,8687.37,0.0,0.0,0
4,PAYMENT,490,3907.85,0.0,0.0,0.0,0.0,0
4,CASH_IN,130,107678.99,2449713.09,2557392.08,2347957.02,2240278.03,0
4,CASH_IN,334,173587.24,459598.24,633185.48,194217.74,20630.5,0
4,PAYMENT,182,6676.13,181529.0,174852.87,0.0,0.0,0
4,CASH_OUT,352,112205.92,0.0,0.0,3446099.72,3558305.63,0
4,CASH_IN,20,209120.3,111022.0,320142.3,3872805.71,3709658.91,0
4,CASH_IN,94,469991.27,5287624.67,5757615.94,548773.99,78782.73,0
4,CASH_OUT,280,268762.37,268762.37,0.0,864874.76,1133637.14,1
4,CASH_OUT,234,303753.64,12248.0,0.0,440043.19,743796.84,0
4,TRANSFER,285,44303.16,182129.77,137826.62,178291.07,222594.23,0
4,CASH_IN,130,197759.54,20515.0,218274.54,3155473.65,2957714.11,0
4,TRANSFER,184,94046.09,0.0,0.0,394877.76,488923.85,0
4,PAYMENT,237,19366.2,43510.0,24143.8,0.0,0.0,0
4,CASH_OUT,619,705.01,0.0,0.0,1309816.04,1310521.04,0
4,CASH_OUT,375,331584.21,0.0,0.0,1502610.46,3084266.31,0
4,CASH_IN,251,227610.3,34927.0,262537.3,0.0,0.0,0
4,CASH_OUT,205,188394.65,323276.0,134881.35,1165861.81,1354256.46,0
4,PAYMENT,182,3510.18,0.0,0.0,0.0,0.0,0
4,CASH_IN,325,158625.59,13739.0,172364.59,1388227.21,1229601.62,0
4,CASH_IN,395,99148.94,7181427.06,7280576.01,8137187.26,8038038.32,0
4,TRANSFER,7,2271227.47,0.0,0.0,10523029.85,15505523.11,0
4,CASH_IN,137,283802.83,3113534.6,3397337.42,751667.88,467865.05,0
4,PAYMENT,40,7775.18,364176.52,356401.34,0.0,0.0,0
4,PAYMENT,42,1136.69,0.0,0.0,0.0,0.0,0
4,PAYMENT,283,12775.55,141785.29,129009.74,0.0,0.0,0
4,PAYMENT,398,15193.98,51920.0,36726.02,0.0,0.0,0
4,PAYMENT,257,16232.52,130355.95,114123.43,0.0,0.0,0
4,PAYMENT,402,21440.6,0.0,0.0,0.0,0.0,0
4,TRANSFER,251,57741.88,0.0,0.0,357820.46,415562.34,0
4,CASH_OUT,347,295184.27,11571.0,0.0,417822.03,713006.3,0
4,CASH_IN,47,72771.23,16531.0,89302.23,456822.96,384051.73,0
4,TRANSFER,11,1367886.94,0.0,0.0,3020811.84,4301832.83,0
4,CASH_IN,139,54596.74,9974244.49,10028841.22,77567.7,22970.96,0
4,TRANSFER,679,198383.8,198383.8,0.0,0.0,0.0,1
4,CASH_IN,162,68483.32,176906.0,245389.32,0.0,0.0,0
4,CASH_IN,210,253239.36,5787273.18,6040512.54,274471.62,21232.26,0
4,CASH_OUT,375,821138.21,821138.21,0.0,1944521.52,2765659.73,1
4,PAYMENT,203,8074.41,59560.24,51485.83,0.0,0.0,0
4,CASH_OUT,39,45850.23,28939.0,0.0,0.0,45850.23,0
4,CASH_OUT,217,151583.7,0.0,0.0,635822.95,787406.65,0
4,PAYMENT,381,32078.38,0.0,0.0,0.0,0.0,0
4,CASH_IN,300,10027.55,19320429.24,19330456.8,65939.95,55912.4,0
4,PAYMENT,326,493.67,0.0,0.0,0.0,0.0,0
4,CASH_OUT,359,274614.6,0.0,0.0,1311853.28,1586467.88,0
4,CASH_IN,589,100824.63,3430707.4,3531532.03,5258744.29,5157919.66,0
4,CASH_IN,40,87652.82,22883014.44,22970667.26,450971.22,363318.4,0
4,CASH_IN,46,201053.48,2852123.17,3053176.65,1472865.9,1271812.42,0
4,TRANSFER,259,17595.82,115.0,0.0,137333.93,154929.75,0
4,CASH_OUT,161,218643.34,0.0,0.0,232326.28,450969.62,0
4,TRANSFER,20,16614.82,16614.82,0.0,0.0,0.0,1
4,CASH_IN,355,77408.56,157071.0,234479.56,0.0,0.0,0
4,CASH_IN,524,118074.61,272340.0,390414.61,0.0,0.0,0
4,PAYMENT,238,4539.07,19807.0,15267.93,0.0,0.0,0
4,PAYMENT,137,16008.69,7589.0,0.0,0.0,0.0,0
4,CASH_IN,325,408405.3,27077.0,435482.3,5571646.73,5163241.43,0
4,CASH_OUT,268,2219475.13,2219475.13,0.0,589145.32,2808620.45,1
4,TRANSFER,297,1626767.85,5140.0,0.0,2470.0,0.0,0
4,CASH_OUT,329,37725.13,54551.0,16825.87,330125.81,367850.94,0
4,PAYMENT,40,25740.72,1869.0,0.0,0.0,0.0,0
4,PAYMENT,142,26667.05,0.0,0.0,0.0,0.0,0
4,CASH_OUT,156,194602.98,35321.0,0.0,0.0,194602.98,0
4,PAYMENT,8,15200.76,84636.42,69435.66,0.0,0.0,0
4,TRANSFER,161,33882.98,21746.0,0.0,0.0,33882.98,0
4,CASH_IN,205,105343.88,5856.0,111199.88,235937.37,130593.5,0
4,PAYMENT,168,592.67,501414.41,500821.74,0.0,0.0,0
4,PAYMENT,153,17755.83,2.0,0.0,0.0,0.0,0
4,PAYMENT,204,7262.73,394338.02,387075.29,0.0,0.0,0
4,PAYMENT,259,18033.41,0.0,0.0,0.0,0.0,0
4,CASH_OUT,41,103216.5,124367.0,21150.5,0.0,103216.5,0
4,CASH_OUT,374,479955.96,24198.0,0.0,19003.56,498959.52,0
4,CASH_IN,234,117563.4,2257602.91,2375166.31,1296754.82,1179191.42,0
4,TRANSFER,383,366024.73,11179.0,0.0,0.0,366024.73,0
4,CASH_IN,331,134129.39,80898.0,215027.39,565806.13,431676.74,0
4,TRANSFER,9,1055.0,1055.0,0.0,0.0,0.0,1
4,CASH_OUT,547,1139983.15,1139983.15,0.0,164063.15,1304046.31,1
4,CASH_OUT,68,374178.28,374178.28,0.0,616364.57,990542.85,1
4,CASH_IN,130,289215.21,1001.0,290216.21,1518381.69,1229166.48,0
4,CASH_IN,373,352446.28,6391.0,358837.28,0.0,0.0,0
4,CASH_OUT,41,273374.04,20841.0,0.0,0.0,273374.04,0
4,PAYMENT,22,298.65,0.0,0.0,0.0,0.0,0
4,CASH_IN,283,163080.42,2044180.18,2207260.59,664532.06,501451.64,0
4,TRANSFER,43,144714.51,0.0,0.0,204847.97,349562.48,0
4,CASH_OUT,251,55635.37,109444.0,53808.63,0.0,55635.37,0
4,CASH_OUT,327,190894.2,966.0,0.0,1936938.5,2127832.7,0
4,CASH_OUT,236,67050.5,67050.5,0.0,0.0,67050.5,1
4,CASH_IN,10,142546.56,26.0,142572.56,3017525.18,2815114.44,0
4,PAYMENT,154,15730.85,9952.0,0.0,0.0,0.0,0
4,PAYMENT,376,8629.89,99250.0,90620.11,0.0,0.0,0
4,PAYMENT,239,21395.87,0.0,0.0,0.0,0.0,0
4,TRANSFER,192,35142.33,641.0,0.0,52882.01,88024.34,0
4,PAYMENT,237,5962.99,293.0,0.0,0.0,0.0,0
4,TRANSFER,138,955773.04,0.0,0.0,1050569.11,2006342.15,0
4,PAYMENT,183,5400.37,0.0,0.0,0.0,0.0,0
4,CASH_IN,41,206531.04,196744.19,403275.23,0.0,0.0,0
4,CASH_OUT,162,243765.36,1027.0,0.0,26025.0,172810.39,0
4,CASH_OUT,304,296942.02,0.0,0.0,740066.92,1037008.93,0
4,CASH_OUT,162,161743.7,41282.0,0.0,52151.03,213894.73,0
4,PAYMENT,137,11091.7,31215.52,20123.82,0.0,0.0,0
4,CASH_OUT,278,24110.51,20918.0,0.0,850861.44,874971.95,0
4,PAYMENT,19,16472.62,193246.68,176774.06,0.0,0.0,0
4,CASH_OUT,708,1494146.93,1494146.93,0.0,0.0,1494146.93,1
4,CASH_IN,302,268120.63,1135091.51,1403212.14,2864954.2,2596833.58,0
4,PAYMENT,13,2103.47,0.0,0.0,0.0,0.0,0
4,CASH_IN,36,475335.8,681056.93,1156392.74,1009967.17,534631.37,0
4,CASH_IN,228,482681.06,872186.76,1354867.83,1247017.14,764336.07,0
4,TRANSFER,40,923176.7,10672.0,0.0,0.0,923176.7,0
4,CASH_OUT,149,14016.65,14016.65,0.0,1818633.89,1832650.55,1
4,CASH_OUT,228,377720.48,0.0,0.0,874351.48,1252071.95,0
4,DEBIT,370,4928.81,111659.0,106730.19,4642439.05,4647367.87,0
4,PAYMENT,155,8554.85,599336.0,590781.15,0.0,0.0,0
4,CASH_OUT,306,201489.9,0.0,0.0,822165.95,1023655.85,0
4,PAYMENT,353,13541.86,0.0,0.0,0.0,0.0,0
4,CASH_IN,253,245736.24,20682.0,266418.24,36601.11,0.0,0
4,PAYMENT,380,24340.87,9736.34,0.0,0.0,0.0,0
4,CASH_OUT,395,286475.85,0.0,0.0,3903469.97,4189945.81,0
4,TRANSFER,654,114627.08,114627.08,0.0,0.0,0.0,1
4,PAYMENT,407,3872.48,70737.0,66864.52,0.0,0.0,0
4,CASH_OUT,394,98190.75,0.0,0.0,1158672.35,1256863.1,0
4,CASH_OUT,380,428250.68,0.0,0.0,26029052.07,26457302.75,0
4,CASH_OUT,567,223308.03,158045.0,0.0,0.0,223308.03,0
4,CASH_OUT,156,93088.87,0.0,0.0,3714726.7,3807815.57,0
4,CASH_IN,136,526996.04,677474.0,1204470.04,0.0,0.0,0
4,CASH_OUT,10,199693.84,4189.0,0.0,0.0,197179.85,0
4,CASH_IN,522,509909.95,50792.0,560701.95,1383587.54,873677.59,0
4,PAYMENT,353,3454.83,61917.64,58462.82,0.0,0.0,0
4,CASH_IN,372,149240.48,60031.0,209271.48,16919.4,0.0,0
4,CASH_OUT,44,341411.95,12690.0,0.0,241812.21,248270.19,0
4,TRANSFER,400,51113.0,51113.0,0.0,0.0,0.0,1
4,CASH_IN,308,29468.34,6442420.95,6471889.29,2270834.66,2241366.31,0
4,TRANSFER,377,272626.55,30679.0,0.0,4126999.36,4399625.91,0
4,CASH_OUT,230,274055.01,0.0,0.0,3253636.95,3527691.95,0
4,CASH_OUT,3,10539.37,10539.37,0.0,0.0,10539.37,1
4,TRANSFER,160,256705.68,256705.68,0.0,0.0,0.0,1
4,PAYMENT,9,7986.33,44122.0,36135.67,0.0,0.0,0
4,CASH_OUT,228,38250.56,0.0,0.0,1106350.36,1144600.92,0
4,CASH_OUT,20,95907.06,161686.41,65779.35,89083.44,0.0,0
4,CASH_OUT,41,48920.41,63087.0,14166.59,495239.19,544159.59,0
4,PAYMENT,331,5587.92,257623.42,252035.5,0.0,0.0,0
4,CASH_OUT,328,581063.61,57523.0,0.0,276762.6,857826.21,0
4,PAYMENT,188,5892.44,0.0,0.0,0.0,0.0,0
4,CASH_OUT,632,407347.84,407347.84,0.0,3247566.78,3654914.62,1
4,CASH_OUT,184,92910.02,0.0,0.0,2510563.99,2603474.01,0
4,CASH_OUT,184,238784.62,0.0,0.0,2026923.57,2265708.19,0
4,CASH_OUT,139,61537.74,0.0,0.0,207622.16,269159.9,0
4,CASH_OUT,163,72222.3,1023.0,0.0,196237.81,268460.11,0
4,PAYMENT,189,9263.33,0.0,0.0,0.0,0.0,0
4,PAYMENT,351,46665.01,0.0,0.0,0.0,0.0,0
4,CASH_IN,299,128896.3,16548392.1,16677288.4,1032960.34,904064.04,0
4,CASH_OUT,686,1467968.73,1467968.73,0.0,0.0,1467968.73,1
4,CASH_OUT,157,239506.1,0.0,0.0,1125003.08,1364509.18,0
4,PAYMENT,93,15522.75,157.0,0.0,0.0,0.0,0
4,CASH_OUT,299,18505.76,0.0,0.0,6005276.38,6023782.14,0
4,PAYMENT,299,19419.97,0.0,0.0,0.0,0.0,0
4,CASH_OUT,166,117237.35,0.0,0.0,161151.62,278388.97,0
4,TRANSFER,741,10000000.0,25674547.89,15674547.89,0.0,0.0,1
4,CASH_OUT,280,191405.65,0.0,0.0,481866.68,673272.33,0
4,CASH_OUT,202,152021.57,1138.0,0.0,1356017.12,1508038.68,0
4,CASH_IN,36,192728.73,1606494.84,1799223.56,197664.95,4936.22,0
4,CASH_IN,163,244261.56,18816279.54,19060541.1,1214327.81,970066.25,0
4,PAYMENT,187,4313.09,638061.02,633747.93,0.0,0.0,0
4,CASH_IN,178,105170.89,1297717.57,1402888.47,1173676.46,1068505.56,0
4,CASH_IN,162,209337.51,25616899.85,25826237.36,775041.35,565703.84,0
4,CASH_OUT,14,92777.29,0.0,0.0,1888941.05,2201538.02,0
4,CASH_OUT,156,238342.54,0.0,0.0,468411.53,706754.08,0
4,CASH_IN,305,387784.32,115.0,387899.32,2902626.32,2514842.0,0
4,TRANSFER,393,1667932.82,291959.0,0.0,471549.97,2139482.8,0
4,CASH_OUT,162,124821.92,0.0,0.0,559133.45,683955.38,0
4,CASH_OUT,371,53080.39,0.0,0.0,879437.76,932518.15,0
4,CASH_OUT,647,2253811.33,2253811.33,0.0,0.0,2253811.33,1
4,CASH_IN,130,206511.16,9891264.27,10097775.44,376407.82,169896.65,0
4,CASH_IN,379,169757.01,24920.0,194677.01,0.0,0.0,0
4,CASH_IN,333,51529.92,12386772.1,12438302.03,763451.43,711921.51,0
4,CASH_IN,331,132236.09,8110338.3,8242574.39,320199.38,187963.29,0
4,TRANSFER,286,97091.24,97091.24,0.0,0.0,0.0,1
4,CASH_OUT,133,114012.47,0.0,0.0,372550.98,486563.45,0
4,CASH_IN,354,113696.1,15804.0,129500.1,1652018.11,1538322.01,0
4,CASH_IN,165,121645.35,582667.42,704312.77,5535441.2,5413795.85,0
4,CASH_IN,36,129091.83,2817395.65,2946487.47,2882661.1,2753569.27,0
4,DEBIT,229,4290.92,209537.87,205246.95,485590.81,489881.73,0
4,CASH_IN,374,357550.33,11226.0,368776.33,130151.77,0.0,0
4,PAYMENT,254,691.46,0.0,0.0,0.0,0.0,0
4,CASH_OUT,18,125759.14,0.0,0.0,277542.56,403301.7,0
4,CASH_IN,131,191967.94,8174663.65,8366631.59,1499235.33,1307267.39,0
4,CASH_OUT,44,285052.01,27329.0,0.0,512971.34,798023.35,0
4,CASH_OUT,132,483475.17,56862.0,0.0,209063.03,692538.2,0
4,PAYMENT,231,8494.63,7391.82,0.0,0.0,0.0,0
4,CASH_IN,36,20248.18,1967840.83,1988089.01,450355.23,430107.04,0
4,PAYMENT,163,32806.2,8166.16,0.0,0.0,0.0,0
4,PAYMENT,187,11471.42,47026.36,35554.94,0.0,0.0,0
4,PAYMENT,203,10329.54,0.0,0.0,0.0,0.0,0
4,CASH_IN,324,154229.34,2989.0,157218.34,3270520.08,3116290.74,0
4,CASH_OUT,254,179566.17,6049.0,0.0,275279.56,454845.72,0
4,CASH_OUT,281,221918.82,0.0,0.0,462534.04,684452.86,0
4,PAYMENT,156,20858.33,12482.0,0.0,0.0,0.0,0
4,CASH_IN,307,267205.7,40202.0,307407.7,0.0,0.0,0
4,CASH_IN,256,345210.86,11651.0,356861.86,0.0,0.0,0
4,PAYMENT,404,7657.35,0.0,0.0,0.0,0.0,0
4,CASH_OUT,274,98724.15,31740.0,0.0,0.0,98724.15,0
4,CASH_OUT,36,319392.66,21624.0,0.0,241492.21,560884.86,0
4,CASH_OUT,19,206745.63,0.0,0.0,228657.34,896054.57,0
4,CASH_OUT,251,135198.91,10531.0,0.0,0.0,135198.91,0
4,CASH_IN,276,65292.81,8394543.08,8459835.88,340396.94,275104.13,0
4,CASH_OUT,234,97852.22,10950.0,0.0,1515344.9,1613197.11,0
4,CASH_OUT,251,62242.73,51775.0,0.0,469011.52,531254.25,0
4,CASH_OUT,202,171682.55,32378.0,0.0,0.0,171682.55,0
5,PAYMENT,20,13767.48,50670.0,36902.52,0.0,0.0,0
5,CASH_OUT,131,68630.26,0.0,0.0,231576.31,300206.57,0
5,CASH_OUT,372,299172.82,299172.82,0.0,45633.0,269864.44,1
5,PAYMENT,37,44564.82,51753.0,7188.18,0.0,0.0,0
5,CASH_OUT,157,1946687.34,1946687.34,0.0,0.0,1946687.34,1
5,CASH_OUT,323,13459.28,52181.0,38721.72,162266.79,175726.07,0
5,PAYMENT,540,4002.21,102299.0,98296.79,0.0,0.0,0
5,CASH_OUT,254,4829.48,0.0,0.0,83686.44,88515.92,0
5,PAYMENT,189,14263.9,0.0,0.0,0.0,0.0,0
5,PAYMENT,695,5220.81,6577.0,1356.19,0.0,0.0,0
5,CASH_OUT,242,3139423.35,3139423.35,0.0,2593641.94,5733065.29,1
5,PAYMENT,378,1724.21,45533.0,43808.79,0.0,0.0,0
5,CASH_OUT,394,201247.25,201247.25,0.0,1296099.23,1497346.48,1
5,CASH_IN,18,75775.65,3187525.74,3263301.39,180068.09,141789.95,0
5,CASH_OUT,235,94071.46,21161.0,0.0,0.0,94071.46,0
5,CASH_OUT,351,124719.6,0.0,0.0,252444.16,377163.77,0
5,CASH_OUT,471,147425.93,101094.0,0.0,27776.02,175201.95,0
5,CASH_IN,379,4706.02,10957.0,15663.02,0.0,0.0,0
5,PAYMENT,404,11526.1,0.0,0.0,0.0,0.0,0
5,TRANSFER,193,1562874.97,0.0,0.0,2038642.82,3601517.79,0
5,PAYMENT,372,4460.01,0.0,0.0,0.0,0.0,0
5,CASH_IN,403,44599.89,16018954.06,16063553.95,1267603.33,1223003.44,0
5,CASH_OUT,273,52932.64,0.0,0.0,282277.08,335209.71,0
5,PAYMENT,280,2809.43,18277.0,15467.57,0.0,0.0,0
5,CASH_IN,38,47125.59,9872.0,56997.59,353266.06,306140.47,0
5,PAYMENT,325,7477.85,30348.0,22870.15,0.0,0.0,0
5,CASH_IN,14,143106.91,482.0,143588.91,0.0,0.0,0
5,PAYMENT,283,13031.34,107520.0,94488.66,0.0,0.0,0
5,CASH_OUT,139,289507.45,21643.0,0.0,262899.36,552406.8,0
5,CASH_IN,140,170488.94,238131.0,408619.94,7770397.28,7599908.33,0
5,CASH_IN,260,55013.67,188.0,55201.67,2493654.14,2438640.47,0
5,TRANSFER,236,1057959.92,0.0,0.0,3153296.37,4211256.29,0
5,CASH_OUT,183,62758.64,123190.0,60431.36,1629615.55,1692374.19,0
5,CASH_OUT,207,155614.38,0.0,0.0,310200.81,465815.19,0
5,TRANSFER,380,130924.3,0.0,0.0,584817.32,715741.62,0
5,TRANSFER,41,813102.74,0.0,0.0,1130056.99,1943159.73,0
5,CASH_IN,166,357705.13,5232269.59,5589974.72,593750.33,236045.2,0
5,TRANSFER,304,36464.05,0.0,0.0,10000000.0,10036464.05,0
5,PAYMENT,231,10194.24,0.0,0.0,0.0,0.0,0
5,CASH_IN,207,239387.39,115821.0,355208.39,1035863.73,796476.35,0
5,PAYMENT,661,8838.32,0.0,0.0,0.0,0.0,0
5,CASH_IN,137,21464.82,8800119.77,8821584.59,4090219.49,4068754.67,0
5,CASH_OUT,378,48352.58,25529.0,0.0,1385.3,49737.88,0
5,CASH_OUT,13,67106.71,0.0,0.0,83742.72,78875.42,0
5,PAYMENT,41,6303.63,63181.0,56877.37,0.0,0.0,0
5,CASH_OUT,135,353766.97,48789.0,0.0,109441.48,463208.44,0
5,PAYMENT,469,6310.08,444182.35,437872.27,0.0,0.0,0
5,CASH_OUT,10,420419.29,0.0,0.0,1024127.58,1582411.93,0
5,CASH_OUT,402,54209.62,33711.0,0.0,0.0,54209.62,0
5,CASH_OUT,377,114237.25,572937.0,458699.75,89040.08,203277.33,0
5,PAYMENT,260,6562.09,0.0,0.0,0.0,0.0,0
5,CASH_IN,253,83125.54,51401.0,134526.54,0.0,0.0,0
5,PAYMENT,38,9882.72,31431.0,21548.28,0.0,0.0,0
5,CASH_OUT,19,33137.71,0.0,0.0,1799143.38,1536805.94,0
5,CASH_IN,46,154861.69,502274.0,657135.69,0.0,0.0,0
5,CASH_IN,20,223572.47,3130145.63,3353718.1,2865409.11,2652778.06,0
5,PAYMENT,210,14302.82,10500.0,0.0,0.0,0.0,0
5,CASH_OUT,353,464257.76,0.0,0.0,1343024.55,1807282.31,0
5,TRANSFER,403,431253.77,0.0,0.0,8220308.33,8651562.1,0
5,CASH_OUT,211,106869.36,11881.0,0.0,497882.03,634146.93,0
5,CASH_IN,45,303447.76,867374.29,1170822.05,1513771.69,1210323.93,0
5,CASH_OUT,156,26167.4,21401.0,0.0,1606824.24,1632991.63,0
5,PAYMENT,300,19329.47,17968.04,0.0,0.0,0.0,0
5,CASH_OUT,403,406446.18,0.0,0.0,678927.74,1085373.92,0
5,PAYMENT,204,2344.41,2202.52,0.0,0.0,0.0,0
5,CASH_OUT,34,108699.27,0.0,0.0,1031475.66,1140174.93,0
5,CASH_IN,42,317075.3,989874.0,1306949.3,0.0,0.0,0
5,CASH_OUT,304,17549.39,0.0,0.0,46758.64,64308.04,0
5,CASH_OUT,182,236706.54,50694.0,0.0,0.0,236706.54,0
5,PAYMENT,306,17181.97,162299.15,145117.18,0.0,0.0,0
5,TRANSFER,205,1089477.5,10132.0,0.0,0.0,1089477.5,0
5,PAYMENT,18,17512.79,0.0,0.0,0.0,0.0,0
5,CASH_OUT,162,208493.58,0.0,0.0,323775.4,532268.98,0
5,PAYMENT,167,5656.23,24369.0,18712.77,0.0,0.0,0
5,PAYMENT,286,6730.28,25625.0,18894.72,0.0,0.0,0
5,CASH_IN,282,59490.28,328.0,59818.28,556454.29,496964.01,0
5,CASH_IN,258,90586.78,4482.0,95068.78,1891445.54,1800858.77,0
5,TRANSFER,738,814689.88,814689.88,0.0,0.0,0.0,1
5,CASH_IN,378,35854.4,172874.0,208728.4,454446.38,418591.98,0
5,PAYMENT,209,8889.78,0.0,0.0,0.0,0.0,0
5,PAYMENT,154,3098.58,4773.89,1675.31,0.0,0.0,0
5,CASH_IN,35,15841.08,5781950.96,5797792.04,405293.53,389452.46,0
5,CASH_OUT,373,102098.58,50201.0,0.0,1980722.84,2082821.42,0
5,CASH_IN,14,76802.76,511379.0,588181.76,1101952.11,1025149.34,0
5,PAYMENT,207,12490.17,55479.0,42988.83,0.0,0.0,0
5,CASH_OUT,331,138944.75,0.0,0.0,1547074.18,1686018.93,0
5,CASH_OUT,36,32382.96,32382.96,0.0,0.0,32382.96,1
5,CASH_OUT,540,54366.23,104179.0,49812.77,0.0,54366.23,0
5,PAYMENT,140,6655.11,0.0,0.0,0.0,0.0,0
5,TRANSFER,262,68230.32,68230.32,0.0,0.0,0.0,1
5,CASH_OUT,35,307939.59,0.0,0.0,669483.88,977423.46,0
5,PAYMENT,285,8550.77,107341.0,98790.23,0.0,0.0,0
5,PAYMENT,163,7359.54,55816.99,48457.45,0.0,0.0,0
5,CASH_IN,16,488289.56,2293633.83,2781923.39,1828116.99,1356393.44,0
5,CASH_OUT,94,31621.24,46749.0,15127.76,636981.59,668602.83,0
5,PAYMENT,140,3472.1,67478.0,64005.9,0.0,0.0,0
5,CASH_OUT,136,401822.69,0.0,0.0,743117.78,1144940.47,0
5,CASH_OUT,13,131135.7,0.0,0.0,1240687.64,1371823.34,0
5,PAYMENT,136,28773.78,0.0,0.0,0.0,0.0,0
5,PAYMENT,407,9404.12,14592.69,5188.57,0.0,0.0,0
5,CASH_OUT,189,35125.76,18143.25,0.0,531805.19,566930.95,0
5,CASH_OUT,406,217866.33,0.0,0.0,746131.34,963997.67,0
5,CASH_IN,41,372292.8,39877.0,412169.8,125214.55,0.0,0
5,PAYMENT,323,6681.26,0.0,0.0,0.0,0.0,0
5,CASH_IN,252,356918.21,20451.0,377369.21,422059.33,65141.12,0
5,CASH_OUT,301,381593.08,0.0,0.0,3905452.83,4287045.91,0
5,CASH_IN,306,12800.07,130585.0,143385.07,255703.94,242903.87,0
5,CASH_OUT,301,88811.18,0.0,0.0,1263334.06,1352145.24,0
5,CASH_OUT,562,2305939.38,2305939.38,0.0,0.0,2305939.38,1
5,PAYMENT,40,3094.68,0.0,0.0,0.0,0.0,0
5,CASH_IN,307,10376.72,40441.0,50817.72,11659651.55,11649274.83,0
5,CASH_OUT,162,318260.39,0.0,0.0,1185376.48,1503636.87,0
5,CASH_IN,281,188628.79,693341.0,881969.79,0.0,0.0,0
5,CASH_OUT,299,215558.2,218801.0,3242.8,397719.49,613277.7,0
5,CASH_OUT,38,187537.51,0.0,0.0,193273.79,380811.3,0
5,PAYMENT,378,9118.14,15722.0,6603.86,0.0,0.0,0
5,TRANSFER,357,299792.84,21034.0,0.0,0.0,299792.84,0
5,PAYMENT,297,13658.28,105993.43,92335.14,0.0,0.0,0
5,TRANSFER,165,1102200.46,0.0,0.0,12582149.21,13684349.67,0
5,PAYMENT,141,22348.9,1910.43,0.0,0.0,0.0,0
5,CASH_OUT,346,278684.89,0.0,0.0,980786.16,1259471.05,0
5,CASH_OUT,207,299416.55,0.0,0.0,3983461.63,4282878.18,0
5,CASH_IN,544,290652.33,24480.41,315132.75,4292533.67,4001881.34,0
5,PAYMENT,402,28723.73,10083.0,0.0,0.0,0.0,0
5,PAYMENT,249,1143.51,0.0,0.0,0.0,0.0,0
5,TRANSFER,103,639468.22,639468.22,0.0,0.0,0.0,1
5,PAYMENT,163,3495.06,0.0,0.0,0.0,0.0,0
5,CASH_IN,181,30515.44,9943464.3,9973979.74,270688.57,240173.13,0
5,CASH_IN,165,312819.8,4889982.82,5202802.62,425835.28,113015.49,0
5,PAYMENT,281,5606.3,0.0,0.0,0.0,0.0,0
5,PAYMENT,398,32024.1,1549.0,0.0,0.0,0.0,0
5,CASH_IN,325,227421.15,4432376.14,4659797.3,301107.19,73686.03,0
5,CASH_IN,188,649.38,1011.0,1660.38,151158.8,150509.42,0
5,PAYMENT,48,1795.18,35916.07,34120.89,0.0,0.0,0
5,PAYMENT,448,5201.76,27837.35,22635.6,0.0,0.0,0
5,PAYMENT,321,14345.05,446372.63,432027.59,0.0,0.0,0
5,PAYMENT,37,16742.99,0.0,0.0,0.0,0.0,0
5,PAYMENT,469,6638.74,10940.0,4301.26,0.0,0.0,0
5,PAYMENT,332,1017.67,0.0,0.0,0.0,0.0,0
5,CASH_OUT,581,155002.83,155002.83,0.0,0.0,155002.83,1
5,CASH_IN,237,41521.47,40357.0,81878.47,0.0,0.0,0
5,CASH_OUT,159,383252.16,0.0,0.0,3125387.44,3508639.6,0
5,CASH_IN,9,43243.68,546819.71,590063.39,124714.0,81470.32,0
5,CASH_OUT,347,266304.5,0.0,0.0,1389007.37,1655311.86,0
5,PAYMENT,330,20399.72,93218.76,72819.04,0.0,0.0,0
5,CASH_IN,129,46018.28,14069522.12,14115540.39,1003223.06,1394887.18,0
5,TRANSFER,237,543684.49,180879.16,0.0,608454.36,1152138.86,0
5,PAYMENT,278,3940.05,0.0,0.0,0.0,0.0,0
5,PAYMENT,373,3431.08,0.0,0.0,0.0,0.0,0
5,CASH_OUT,283,200883.18,50025.0,0.0,584150.17,785033.36,0
5,CASH_OUT,252,320813.84,4175.0,0.0,496498.97,817312.81,0
5,CASH_OUT,401,127774.5,0.0,0.0,140158.58,267933.09,0
5,CASH_IN,281,160785.98,10641.0,171426.98,0.0,0.0,0
5,CASH_OUT,324,385685.55,0.0,0.0,995467.73,1381153.28,0
5,CASH_OUT,210,226041.7,0.0,0.0,1428423.37,1654465.08,0
5,CASH_IN,41,459428.73,5250.0,464678.73,1321978.5,862549.77,0
5,PAYMENT,129,9203.69,0.0,0.0,0.0,0.0,0
5,CASH_OUT,33,411204.36,0.0,0.0,5320031.26,5731235.62,0
5,PAYMENT,178,9066.26,182077.0,173010.74,0.0,0.0,0
5,CASH_OUT,331,197397.75,0.0,0.0,371528.6,568926.35,0
5,PAYMENT,184,1970.29,0.0,0.0,0.0,0.0,0
5,PAYMENT,329,50373.41,175057.0,124683.59,0.0,0.0,0
5,CASH_OUT,302,319827.09,8095.0,0.0,19981249.26,20301076.35,0
5,PAYMENT,353,8570.19,14241.0,5670.81,0.0,0.0,0
5,PAYMENT,19,11152.28,0.0,0.0,0.0,0.0,0
5,CASH_IN,15,311358.86,4534.0,315892.86,825203.31,779763.08,0
5,CASH_OUT,276,78895.57,9921.0,0.0,56643.07,135538.64,0
5,CASH_OUT,207,68204.23,0.0,0.0,470318.23,538522.46,0
5,TRANSFER,180,2136210.5,194321.0,0.0,1566030.24,3702240.73,0
5,CASH_IN,24,54878.24,1891361.94,1946240.18,1717342.16,1662463.92,0
5,CASH_OUT,39,18887.0,18887.0,0.0,131489.74,150376.74,1
5,CASH_IN,350,422151.09,50213.0,472364.09,0.0,0.0,0
5,TRANSFER,11,119356.6,0.0,0.0,886389.48,1481530.68,0
5,PAYMENT,302,4819.85,41466.0,36646.15,0.0,0.0,0
5,CASH_OUT,185,185885.25,201900.0,16014.75,0.0,185885.25,0
5,CASH_OUT,10,173945.25,0.0,0.0,1099179.99,1377707.7,0
5,CASH_OUT,398,506700.27,0.0,0.0,537513.14,1044213.41,0
5,PAYMENT,178,1936.5,17399.0,15462.5,0.0,0.0,0
5,CASH_OUT,12,127714.43,42228.0,0.0,0.0,156957.83,0
5,CASH_IN,253,633167.05,51049.0,684216.05,2189002.33,1555835.28,0
5,CASH_OUT,36,172316.02,254.0,0.0,0.0,172316.02,0
5,PAYMENT,394,21452.93,0.0,0.0,0.0,0.0,0
5,CASH_IN,402,168711.46,10530611.67,10699323.13,1002707.27,833995.81,0
5,TRANSFER,594,13722.34,0.0,0.0,39220.28,52942.62,0
5,CASH_IN,323,233371.98,6036163.88,6269535.86,616190.27,382818.29,0
5,TRANSFER,20,419264.15,11452.0,0.0,161648.06,580912.21,0
5,CASH_IN,206,13868.02,3396468.19,3410336.21,443982.62,430114.6,0
5,CASH_OUT,209,178312.34,0.0,0.0,988057.12,1166369.46,0
5,CASH_IN,13,11576.14,7015181.21,7026757.36,392087.22,380511.08,0
5,CASH_OUT,21,1702.55,0.0,0.0,181441.32,183143.87,0
5,CASH_OUT,183,233811.58,0.0,0.0,12338907.74,12572719.31,0
5,CASH_OUT,254,252036.04,10566.0,0.0,1768409.23,2020445.27,0
5,TRANSFER,208,1408726.15,0.0,0.0,1446927.63,2855653.78,0
5,CASH_OUT,226,249935.08,0.0,0.0,812265.92,1062201.0,0
5,CASH_OUT,355,53914.16,3040.0,0.0,1777561.24,1831475.39,0
5,CASH_OUT,207,78825.28,20145.0,0.0,0.0,78825.28,0
5,CASH_OUT,548,48686.37,2080.0,0.0,1045949.75,1094636.12,0
5,PAYMENT,201,6718.08,55550.0,48831.92,0.0,0.0,0
5,PAYMENT,325,12142.5,0.0,0.0,0.0,0.0,0
5,CASH_OUT,182,116436.5,104234.0,0.0,0.0,116436.5,0
5,PAYMENT,206,4457.63,0.0,0.0,0.0,0.0,0
5,PAYMENT,202,9810.97,2887.6,0.0,0.0,0.0,0
5,CASH_OUT,20,59285.07,6136.0,0.0,162757.52,222042.6,0
5,CASH_IN,394,276949.39,23767.0,300716.39,13708.94,0.0,0
5,PAYMENT,212,3675.01,102060.0,98384.99,0.0,0.0,0
5,TRANSFER,129,529339.07,0.0,0.0,1665279.49,2194618.56,0
5,CASH_OUT,18,460603.22,0.0,0.0,11463062.39,11923665.62,0
5,PAYMENT,40,3547.53,53248.0,49700.47,0.0,0.0,0
5,CASH_OUT,161,132421.26,5702.0,0.0,207983.75,340405.01,0
5,PAYMENT,253,10003.08,0.0,0.0,0.0,0.0,0
5,PAYMENT,379,15661.41,100652.0,84990.59,0.0,0.0,0
5,CASH_IN,348,89049.38,6631320.77,6720370.16,1588620.62,1499571.24,0
5,CASH_OUT,41,581889.94,581889.94,0.0,359585.03,941474.97,1
5,PAYMENT,332,17903.15,137441.09,119537.94,0.0,0.0,0
5,CASH_IN,188,238470.42,20020.0,258490.42,0.0,0.0,0
5,CASH_OUT,179,103030.87,13827.0,0.0,2968895.8,3071926.67,0
5,CASH_OUT,15,15470.64,43767.61,28296.97,377873.87,393344.51,0
5,CASH_IN,17,275591.59,164053.0,439644.59,0.0,0.0,0
5,CASH_OUT,259,110823.11,4650.0,0.0,112475.36,223298.46,0
5,CASH_OUT,252,74189.66,0.0,0.0,205515.9,279705.56,0
5,CASH_OUT,564,30245.46,30245.46,0.0,178594.07,208839.53,1
5,CASH_OUT,51,567932.31,567932.31,0.0,0.0,567932.31,1
5,CASH_IN,325,299505.82,844584.48,1144090.3,657683.56,358177.74,0
5,CASH_IN,276,60320.02,75556.0,135876.02,648695.3,588375.28,0
5,CASH_OUT,135,275534.53,245644.67,0.0,1074338.16,1349872.68,0
5,CASH_OUT,231,200000.11,0.0,0.0,1465080.92,1665081.03,0
5,PAYMENT,139,13558.29,364207.9,350649.61,0.0,0.0,0
5,CASH_OUT,228,38.82,113640.62,113601.8,199508.36,199547.18,0
5,CASH_OUT,18,135117.98,66528.82,0.0,0.0,135117.98,0
5,TRANSFER,672,172655.35,0.0,0.0,2117594.07,2290249.42,0
5,CASH_OUT,258,134024.95,0.0,0.0,405649.28,539674.22,0
5,PAYMENT,256,12349.55,0.0,0.0,0.0,0.0,0
5,CASH_IN,183,19227.09,20815.0,40042.09,0.0,0.0,0
5,CASH_IN,306,416217.58,4413143.74,4829361.32,2803538.65,2387321.07,0
5,TRANSFER,139,900803.41,23665.0,0.0,0.0,900803.41,0
5,CASH_IN,282,261200.91,3153879.8,3415080.71,953110.47,1043694.95,0
5,CASH_IN,347,152942.38,9157428.19,9310370.56,4181536.16,4028593.78,0
5,CASH_OUT,34,41744.07,0.0,0.0,409717.28,451461.35,0
5,PAYMENT,119,15091.81,64979.0,49887.19,0.0,0.0,0
5,PAYMENT,333,22956.92,137.0,0.0,0.0,0.0,0
5,CASH_OUT,207,327685.83,10705.0,0.0,0.0,327685.83,0
5,PAYMENT,402,16489.59,0.0,0.0,0.0,0.0,0
5,CASH_IN,308,156512.91,10362.0,166874.91,11461891.97,11305379.06,0
5,CASH_OUT,522,202724.29,0.0,0.0,255883.7,458607.99,0
5,PAYMENT,164,30390.19,84.0,0.0,0.0,0.0,0
5,CASH_IN,278,106082.15,944782.81,1050864.96,1449191.28,1343109.13,0
5,PAYMENT,159,10249.01,10077.0,0.0,0.0,0.0,0
5,PAYMENT,143,6016.73,0.0,0.0,0.0,0.0,0
5,PAYMENT,18,12779.61,1479004.29,1466224.68,0.0,0.0,0
5,PAYMENT,169,4079.72,2912.57,0.0,0.0,0.0,0
5,TRANSFER,684,459.38,459.38,0.0,0.0,0.0,1
5,CASH_IN,377,74550.2,59828.0,134378.2,855396.31,780846.11,0
5,CASH_OUT,345,164019.9,0.0,0.0,221950.03,385969.93,0
5,CASH_OUT,278,42652.4,103408.0,60755.6,473676.57,516328.97,0
5,CASH_OUT,306,77529.57,0.0,0.0,1317725.35,1395254.92,0
5,CASH_OUT,329,256222.74,6596.0,0.0,23222.01,279444.74,0
5,PAYMENT,166,13166.41,7009.0,0.0,0.0,0.0,0
5,CASH_OUT,184,96549.23,334.0,0.0,0.0,96549.23,0
5,TRANSFER,156,1732029.75,511.0,0.0,2097537.44,3829567.19,0
5,TRANSFER,351,258514.93,0.0,0.0,33919707.33,34178222.26,0
5,CASH_OUT,249,295003.51,386087.0,91083.49,204267.27,499270.78,0
5,CASH_IN,274,87014.75,3783166.41,3870181.16,3099115.1,3012100.35,0
5,PAYMENT,234,47421.36,5135.3,0.0,0.0,0.0,0
5,PAYMENT,35,16852.61,184213.83,167361.22,0.0,0.0,0
5,PAYMENT,280,274.9,30696.0,30421.1,0.0,0.0,0
5,TRANSFER,308,1339557.47,0.0,0.0,2338192.92,3677750.39,0
5,CASH_OUT,210,55501.83,0.0,0.0,165659.24,221161.07,0
5,PAYMENT,374,4070.13,20429.0,16358.87,0.0,0.0,0
5,CASH_OUT,422,298365.86,298365.86,0.0,0.0,298365.86,1
5,CASH_IN,395,420925.29,2826169.32,3247094.61,1434982.59,1014057.3,0
5,PAYMENT,545,3448.62,0.0,0.0,0.0,0.0,0
5,PAYMENT,370,9812.5,0.0,0.0,0.0,0.0,0
5,CASH_OUT,249,434710.67,180646.61,0.0,1340951.04,1775661.7,0
5,PAYMENT,330,24585.35,0.0,0.0,0.0,0.0,0
5,CASH_IN,309,236689.78,45508.0,282197.78,70653.0,0.0,0
5,PAYMENT,371,9478.61,0.0,0.0,0.0,0.0,0
5,CASH_IN,187,124317.8,24256.0,148573.8,314578.18,190260.38,0
5,PAYMENT,306,10738.07,29735.0,18996.93,0.0,0.0,0
5,TRANSFER,13,1161495.82,1161495.82,0.0,0.0,0.0,1
5,CASH_OUT,355,73149.89,136.0,0.0,0.0,73149.89,0
5,PAYMENT,130,15765.24,203594.0,187828.76,0.0,0.0,0
5,CASH_OUT,351,237467.74,172.0,0.0,67893.39,305361.13,0
5,CASH_OUT,285,165250.8,21719.0,0.0,314400.05,479650.85,0
5,PAYMENT,138,15509.9,734.0,0.0,0.0,0.0,0
5,CASH_IN,308,95893.22,1627.0,97520.22,0.0,0.0,0
5,CASH_OUT,590,292036.09,2844.54,0.0,964768.4,1256804.49,0
5,TRANSFER,467,171623.1,171623.1,0.0,0.0,0.0,1
5,CASH_OUT,208,337529.67,5194.0,0.0,244407.09,581936.76,0
5,CASH_IN,380,36793.54,2595003.22,2631796.76,143837.64,107044.1,0
5,TRANSFER,371,2262547.24,0.0,0.0,11373415.85,13635963.09,0
5,CASH_OUT,393,146359.41,26048.0,0.0,2290842.41,2437201.82,0
5,TRANSFER,281,204778.86,204778.86,0.0,0.0,0.0,1
5,CASH_OUT,688,224939.13,600528.0,375588.87,456669.62,681608.75,0
5,CASH_OUT,608,353094.9,353094.9,0.0,9099.34,362194.24,1
5,TRANSFER,348,697383.78,0.0,0.0,1559386.34,2760418.85,0
5,DEBIT,376,5293.61,187071.0,181777.39,85306.81,90600.42,0
5,CASH_OUT,686,307486.18,19169.0,0.0,754693.56,1062179.74,0
5,TRANSFER,722,21960.02,21960.02,0.0,0.0,0.0,1
5,PAYMENT,266,2717.03,35058.0,32340.97,0.0,0.0,0
5,PAYMENT,277,1859.49,6054.0,4194.51,0.0,0.0,0
5,PAYMENT,249,14821.11,86451.0,71629.89,0.0,0.0,0
5,CASH_OUT,226,1833.29,0.0,0.0,67899.15,69732.44,0
5,TRANSFER,372,355634.09,0.0,0.0,6071805.4,6427439.49,0
5,PAYMENT,371,18113.81,31715.0,13601.19,0.0,0.0,0
5,CASH_OUT,43,464385.77,20107.0,0.0,1317019.35,1781405.11,0
5,PAYMENT,331,2935.31,268649.11,265713.8,0.0,0.0,0
5,CASH_OUT,225,58451.16,80423.0,21971.84,49555.36,108006.52,0
5,CASH_OUT,275,206233.88,20876.68,0.0,318774.73,525008.61,0
5,TRANSFER,577,681525.62,681525.62,0.0,0.0,0.0,1
5,PAYMENT,130,18356.22,0.0,0.0,0.0,0.0,0
5,PAYMENT,394,35382.54,11223.0,0.0,0.0,0.0,0
5,CASH_OUT,212,418807.9,0.0,0.0,678023.97,1096831.87,0
5,PAYMENT,281,15314.77,162865.0,147550.23,0.0,0.0,0
5,PAYMENT,39,9050.04,0.0,0.0,0.0,0.0,0
5,CASH_OUT,522,29350.55,0.0,0.0,2678356.59,2707707.14,0
5,PAYMENT,187,22111.21,14173.0,0.0,0.0,0.0,0
5,TRANSFER,569,103053.5,103053.5,0.0,0.0,0.0,1
5,PAYMENT,16,22815.55,10991.0,0.0,0.0,0.0,0
5,PAYMENT,230,2619.69,6095.0,3475.31,0.0,0.0,0
5,PAYMENT,167,9871.5,0.0,0.0,0.0,0.0,0
5,CASH_OUT,544,126505.17,77696.0,0.0,2673153.3,2799658.46,0
5,TRANSFER,356,165747.48,0.0,0.0,16020211.56,16185959.03,0
5,TRANSFER,354,924352.74,42216.0,0.0,12592903.2,13517255.94,0
5,CASH_IN,135,227574.87,3438423.36,3665998.23,478173.92,250599.05,0
5,DEBIT,135,4558.14,271756.0,267197.86,1476892.12,1481450.26,0
5,PAYMENT,135,16992.93,0.0,0.0,0.0,0.0,0
5,TRANSFER,19,704396.23,21121.27,0.0,1080251.68,1521580.22,0
5,CASH_OUT,177,268923.98,0.0,0.0,491908.54,760832.52,0
5,CASH_OUT,134,66505.94,90613.0,24107.06,0.0,66505.94,0
5,PAYMENT,188,2825.87,329.0,0.0,0.0,0.0,0
5,TRANSFER,514,299479.32,0.0,0.0,3851159.41,4150638.72,0
5,PAYMENT,14,6449.23,0.0,0.0,0.0,0.0,0
5,PAYMENT,353,9908.03,543777.6,533869.58,0.0,0.0,0
5,CASH_OUT,235,194161.19,213047.0,18885.81,7787702.33,7981863.52,0
5,CASH_OUT,380,166385.46,35519.0,0.0,0.0,166385.46,0
5,PAYMENT,260,3350.06,1076.0,0.0,0.0,0.0,0
5,CASH_OUT,36,500773.45,0.0,0.0,8211035.33,8711808.79,0
5,PAYMENT,227,2573.22,166632.95,164059.74,0.0,0.0,0
5,CASH_OUT,10,23434.49,112561.0,89126.51,14147.0,37581.49,0
5,PAYMENT,233,3217.29,0.0,0.0,0.0,0.0,0
5,PAYMENT,135,26947.36,0.0,0.0,0.0,0.0,0
5,CASH_OUT,141,259423.69,0.0,0.0,427558.71,686982.4,0
5,CASH_OUT,186,124563.15,0.0,0.0,349326.24,473889.4,0
5,CASH_OUT,160,214138.07,0.0,0.0,1005588.65,1219726.72,0
5,CASH_IN,394,101714.59,3983078.53,4084793.12,181541.62,79827.03,0
5,CASH_OUT,278,5343.26,11619.0,6275.74,207986.59,213329.85,0
5,PAYMENT,210,8137.64,0.0,0.0,0.0,0.0,0
5,CASH_OUT,252,191751.55,0.0,0.0,937445.98,1129197.53,0
5,CASH_OUT,664,171935.25,171935.25,0.0,1659262.19,1831197.43,1
5,CASH_IN,232,174565.92,5196615.49,5371181.41,985549.24,810983.32,0
5,CASH_OUT,14,74282.89,171586.02,97303.12,9017386.58,9091669.48,0
5,PAYMENT,212,7766.7,0.0,0.0,0.0,0.0,0
5,TRANSFER,431,526071.46,526071.46,0.0,0.0,0.0,1
5,CASH_OUT,129,51172.31,0.0,0.0,230528.56,281700.86,0
5,TRANSFER,10,9217.19,9217.19,0.0,0.0,96795.6,1
5,CASH_OUT,544,93573.88,0.0,0.0,939119.5,1032693.38,0
5,PAYMENT,370,4809.31,146951.25,142141.94,0.0,0.0,0
5,CASH_OUT,201,117091.73,201045.0,83953.27,0.0,117091.73,0
5,CASH_IN,298,55331.62,2648446.67,2703778.28,67407.23,12075.61,0
5,CASH_OUT,305,34398.91,30268.32,0.0,111898.13,146297.04,0
5,CASH_OUT,371,285135.19,0.0,0.0,1866936.21,2152071.41,0
5,CASH_OUT,426,64349.73,0.0,0.0,86594.54,150944.27,0
5,CASH_OUT,478,33039.47,146.0,0.0,0.0,33039.47,0
5,PAYMENT,35,644.62,0.0,0.0,0.0,0.0,0
5,CASH_OUT,37,92431.64,0.0,0.0,4911281.42,5003713.06,0
5,PAYMENT,132,3943.3,0.0,0.0,0.0,0.0,0
5,TRANSFER,206,616450.8,0.0,0.0,2329715.13,2946165.93,0
5,CASH_OUT,399,243519.24,11193.0,0.0,8179627.49,8423146.73,0
5,PAYMENT,356,10553.85,0.0,0.0,0.0,0.0,0
5,CASH_OUT,180,180751.99,0.0,0.0,623326.75,804078.75,0
5,PAYMENT,202,12306.54,0.0,0.0,0.0,0.0,0
5,CASH_OUT,159,177263.52,81600.0,0.0,7590292.37,7767555.89,0
5,CASH_OUT,207,235202.55,52434.0,0.0,1322542.3,1557744.85,0
5,CASH_OUT,276,291547.97,0.0,0.0,878533.68,1170081.66,0
5,TRANSFER,297,1260681.59,131187.88,0.0,1785641.68,3523352.99,0
5,PAYMENT,11,12903.4,129422.13,116518.73,0.0,0.0,0
5,TRANSFER,41,1270564.34,1270564.34,0.0,0.0,0.0,1
5,CASH_OUT,477,1720600.92,1720600.92,0.0,5085691.59,6806292.51,1
5,PAYMENT,212,10995.65,198876.5,187880.85,0.0,0.0,0
5,CASH_OUT,300,249866.56,36999.98,0.0,1465073.09,1714939.65,0
5,CASH_OUT,190,447235.0,0.0,0.0,4547007.97,4994242.97,0
5,CASH_OUT,10,45537.8,0.0,0.0,1937581.53,2180312.38,0
5,CASH_OUT,40,473103.01,30385.0,0.0,451919.38,1294444.94,0
5,CASH_OUT,131,382725.9,0.0,0.0,12475786.23,12858512.13,0
5,CASH_OUT,120,377919.58,377919.58,0.0,617276.1,995195.68,1
5,TRANSFER,308,134394.91,64852.0,0.0,228592.27,362987.18,0
5,CASH_OUT,12,370149.18,141.0,0.0,3657192.67,4828458.72,0
5,PAYMENT,373,14601.53,944.0,0.0,0.0,0.0,0
5,PAYMENT,277,8167.76,95981.65,87813.89,0.0,0.0,0
5,PAYMENT,201,18225.13,355262.91,337037.78,0.0,0.0,0
5,PAYMENT,136,13016.91,155748.0,142731.09,0.0,0.0,0
5,CASH_OUT,741,0.0,0.0,0.0,267522.87,267522.87,1
5,CASH_OUT,356,141397.49,0.0,0.0,929282.35,1070679.84,0
5,CASH_IN,283,17979.78,300637.0,318616.78,0.0,0.0,0
5,PAYMENT,238,6675.13,0.0,0.0,0.0,0.0,0
5,PAYMENT,11,17659.53,104264.0,86604.47,0.0,0.0,0
5,CASH_IN,135,185709.03,2113418.07,2299127.1,536396.83,350687.8,0
5,PAYMENT,14,19784.06,369050.58,349266.52,0.0,0.0,0
5,PAYMENT,253,11009.42,0.0,0.0,0.0,0.0,0
5,CASH_OUT,617,104503.76,0.0,0.0,141497.78,246001.54,0
5,CASH_IN,334,234735.21,2203236.5,2437971.71,882895.61,648160.4,0
5,PAYMENT,201,9715.65,11650.0,1934.35,0.0,0.0,0
5,CASH_OUT,301,228047.59,11557.0,0.0,16565.16,244612.75,0
5,CASH_IN,301,73319.04,6713707.51,6787026.55,824478.78,751159.75,0
5,CASH_IN,381,180021.6,20562308.43,20742330.03,768047.71,588026.11,0
5,TRANSFER,300,1622635.65,0.0,0.0,1901656.78,3524292.43,0
5,CASH_OUT,137,339401.44,0.0,0.0,814380.96,1153782.41,0
5,PAYMENT,308,5498.83,35640.0,30141.17,0.0,0.0,0
5,PAYMENT,255,8515.02,381438.56,372923.54,0.0,0.0,0
5,PAYMENT,231,10406.76,467661.84,457255.08,0.0,0.0,0
5,PAYMENT,153,15865.84,0.0,0.0,0.0,0.0,0
5,PAYMENT,236,15567.19,99104.0,83536.81,0.0,0.0,0
5,CASH_IN,356,341907.56,2289582.69,2631490.25,422148.12,80240.56,0
5,CASH_IN,325,158045.16,1049193.45,1207238.61,975113.87,817068.71,0
5,CASH_IN,374,194226.25,10360.0,204586.25,214329.62,20103.37,0
5,CASH_IN,393,150518.55,4902830.55,5053349.1,1553589.96,1403071.41,0
5,CASH_IN,131,183462.04,49538.0,233000.04,3048756.1,2865294.06,0
5,PAYMENT,258,15396.29,0.0,0.0,0.0,0.0,0
5,PAYMENT,336,29451.52,114116.25,84664.73,0.0,0.0,0
5,CASH_OUT,43,47030.89,451093.0,404062.11,134808.99,181839.88,0
5,PAYMENT,237,828.02,20096.0,19267.98,0.0,0.0,0
5,CASH_OUT,126,1244037.74,1244037.74,0.0,0.0,1244037.74,1
5,PAYMENT,306,6136.61,266432.12,260295.51,0.0,0.0,0
5,CASH_OUT,43,153578.98,24349.0,0.0,1826295.64,1979874.63,0
5,PAYMENT,405,6017.76,10607.0,4589.24,0.0,0.0,0
5,CASH_IN,550,133726.4,8182469.45,8316195.86,424103.44,290377.04,0
5,PAYMENT,230,21786.15,242095.8,220309.65,0.0,0.0,0
5,PAYMENT,330,16038.74,0.0,0.0,0.0,0.0,0
5,CASH_IN,202,149373.46,198180.0,347553.46,3052700.74,2903327.29,0
5,PAYMENT,40,9275.88,147354.4,138078.52,0.0,0.0,0
5,CASH_IN,46,249551.84,4814101.29,5063653.12,437454.94,187903.1,0
5,PAYMENT,282,34080.91,0.0,0.0,0.0,0.0,0
5,TRANSFER,12,2007.0,2007.0,0.0,0.0,0.0,1
5,PAYMENT,322,36546.63,0.0,0.0,0.0,0.0,0
5,CASH_OUT,130,467910.72,117315.0,0.0,0.0,467910.72,0
5,CASH_OUT,379,61882.49,0.0,0.0,856548.1,912729.9,0
5,CASH_OUT,356,22417.12,0.0,0.0,105243.46,127660.58,0
5,PAYMENT,379,51714.53,180413.73,128699.2,0.0,0.0,0
5,CASH_OUT,276,310234.1,0.0,0.0,1204260.13,1514494.23,0
5,TRANSFER,8,716985.15,1173.0,0.0,33971.07,854165.83,0
5,PAYMENT,11,11272.5,0.0,0.0,0.0,0.0,0
5,CASH_OUT,394,164277.46,0.0,0.0,1386112.25,1550389.71,0
5,CASH_OUT,158,220203.38,10787.0,0.0,33925.7,254129.09,0
5,CASH_IN,397,410421.95,373233.09,783655.04,1514939.18,1104517.23,0
5,PAYMENT,277,12109.96,44958.55,32848.59,0.0,0.0,0
5,CASH_IN,710,74550.4,266203.0,340753.4,618769.39,544218.98,0
5,PAYMENT,20,91.89,31157.0,31065.11,0.0,0.0,0
5,CASH_OUT,370,260447.73,90087.0,0.0,0.0,260447.73,0
5,CASH_OUT,255,119949.18,1037.0,0.0,6858497.81,6978446.99,0
5,TRANSFER,140,770583.96,0.0,0.0,2987653.96,3758237.93,0
5,CASH_OUT,177,258232.22,0.0,0.0,679285.21,937517.44,0
5,TRANSFER,506,575082.97,575082.97,0.0,0.0,0.0,1
5,PAYMENT,311,8882.79,0.0,0.0,0.0,0.0,0
5,TRANSFER,369,2357563.22,26985.0,0.0,4625409.05,6982972.26,0
5,CASH_IN,234,90449.0,20257.0,110706.0,136206.57,45757.57,0
5,CASH_OUT,380,19668.95,0.0,0.0,443439.35,463108.3,0
5,CASH_IN,379,143308.72,6119745.33,6263054.04,924931.95,781623.23,0
5,CASH_IN,370,7832.09,40155.0,47987.09,0.0,0.0,0
5,CASH_OUT,592,42647.79,72821.0,30173.21,0.0,42647.79,0
5,CASH_OUT,406,188644.06,154.0,0.0,0.0,188644.06,0
5,CASH_OUT,232,330588.99,23557.0,0.0,208466.21,539055.2,0
5,CASH_OUT,283,1192.2,0.0,0.0,160158.92,161351.12,0
5,TRANSFER,351,389325.4,344144.0,0.0,3455866.39,3729850.16,0
5,CASH_OUT,14,293859.99,2774.0,0.0,6745.0,0.0,0
5,PAYMENT,138,14570.29,128294.0,113723.71,0.0,0.0,0
5,PAYMENT,257,8979.96,0.0,0.0,0.0,0.0,0
5,PAYMENT,252,9002.89,21124.0,12121.11,0.0,0.0,0
5,CASH_OUT,212,111488.67,97.0,0.0,0.0,169475.9,0
5,CASH_OUT,188,84691.44,18196.0,0.0,557902.24,642593.68,0
5,PAYMENT,139,11294.61,0.0,0.0,0.0,0.0,0
5,CASH_OUT,378,91488.38,0.0,0.0,3089765.44,3181253.82,0
5,TRANSFER,352,791417.54,86135.0,0.0,6400612.09,7192029.64,0
5,CASH_OUT,11,172279.07,201049.92,28770.86,180322.61,352601.67,0
5,TRANSFER,153,18845.68,26464.0,7618.32,3075049.33,3093895.01,0
5,TRANSFER,469,637080.25,73758.0,0.0,1219466.93,1856547.18,0
5,CASH_OUT,177,66946.37,9359.0,0.0,0.0,66946.37,0
5,CASH_OUT,132,250930.8,21816.0,0.0,134245.1,385175.9,0
5,CASH_OUT,372,28917.35,0.0,0.0,409365.62,438282.97,0
5,CASH_IN,207,34383.56,602370.7,636754.26,112324.28,77940.72,0
5,CASH_OUT,399,293311.06,40862.0,0.0,0.0,293311.06,0
5,CASH_IN,178,240752.58,21062.0,261814.58,0.0,0.0,0
5,CASH_OUT,135,288364.42,1139.0,0.0,0.0,288364.42,0
5,CASH_OUT,297,480399.57,11696.0,0.0,851463.94,1331863.51,0
5,PAYMENT,18,3139.9,110419.89,107279.99,0.0,0.0,0
5,CASH_OUT,597,46790.83,12582.0,0.0,1240947.85,1287738.68,0
5,CASH_IN,379,174172.64,1340562.67,1514735.3,588123.54,413950.91,0
5,TRANSFER,279,50325.2,0.0,0.0,3954033.52,4004358.72,0
5,PAYMENT,253,3008.02,0.0,0.0,0.0,0.0,0
5,TRANSFER,356,357226.8,357226.8,0.0,0.0,0.0,1
5,CASH_IN,300,241155.75,0.0,241155.75,5202645.32,4961489.57,0
5,PAYMENT,182,14608.14,11019.0,0.0,0.0,0.0,0
5,CASH_IN,351,104413.8,7532790.26,7637204.07,473660.86,369247.06,0
5,CASH_OUT,14,184151.1,0.0,0.0,1769444.41,3891483.83,0
5,CASH_IN,254,29317.91,351683.47,381001.39,5339786.03,5310468.11,0
5,PAYMENT,709,17167.81,144725.0,127557.19,0.0,0.0,0
5,CASH_OUT,236,247483.97,0.0,0.0,373442.57,620926.54,0
5,PAYMENT,187,16860.39,135.0,0.0,0.0,0.0,0
5,CASH_OUT,130,417121.57,109803.0,0.0,0.0,417121.57,0
5,CASH_OUT,140,85080.08,85793.0,712.92,241271.62,326351.7,0
5,CASH_IN,305,82696.2,5041.0,87737.2,1061821.94,979125.74,0
6,TRANSFER,306,324202.44,34114.0,0.0,654913.84,979116.27,0
6,PAYMENT,9,16352.91,51789.0,35436.09,0.0,0.0,0
6,PAYMENT,500,22618.39,0.0,0.0,0.0,0.0,0
6,PAYMENT,259,9927.38,38321.0,28393.62,0.0,0.0,0
6,PAYMENT,16,14022.46,0.0,0.0,0.0,0.0,0
6,PAYMENT,308,2688.76,10886.0,8197.24,0.0,0.0,0
6,CASH_IN,211,221774.26,21063.0,242837.26,229647.31,7873.05,0
6,CASH_IN,404,313853.36,12407758.85,12721612.21,678594.11,364740.75,0
6,PAYMENT,9,12641.94,2413036.86,2400394.93,0.0,0.0,0
6,PAYMENT,297,4333.61,20287.0,15953.39,0.0,0.0,0
6,PAYMENT,259,10059.46,5195.0,0.0,0.0,0.0,0
6,CASH_IN,161,322256.85,11373.0,333629.85,560651.97,238395.12,0
6,PAYMENT,369,33336.4,25851.0,0.0,0.0,0.0,0
6,CASH_IN,691,157880.47,1388852.59,1546733.06,404258.06,246377.59,0
6,TRANSFER,9,1478853.86,56916.0,0.0,51169.0,1526327.91,0
6,CASH_OUT,354,53960.06,1098.0,0.0,736702.25,790662.3,0
6,CASH_IN,129,2176.53,41700.0,43876.53,178201.51,176024.97,0
6,PAYMENT,206,802.67,0.0,0.0,0.0,0.0,0
6,CASH_OUT,18,91204.36,222454.0,131249.64,7423.0,203784.49,0
6,CASH_IN,429,10222.04,133.0,10355.04,949908.45,939686.41,0
6,DEBIT,14,54.24,0.0,0.0,49941.0,0.0,0
6,PAYMENT,384,1756.97,0.0,0.0,0.0,0.0,0
6,CASH_OUT,321,143233.23,0.0,0.0,4738482.37,4881715.6,0
6,CASH_OUT,261,53190.99,99999.0,46808.01,12327.89,65518.88,0
6,TRANSFER,141,2236947.65,0.0,0.0,2773016.21,5009963.86,0
6,CASH_OUT,354,77863.72,22100.0,0.0,37934.51,115798.23,0
6,TRANSFER,402,19407.16,0.0,0.0,77094.56,96501.71,0
6,PAYMENT,379,22356.31,156212.24,133855.93,0.0,0.0,0
6,TRANSFER,466,340647.9,0.0,0.0,2456285.14,2796933.04,0
6,PAYMENT,311,3064.63,486.0,0.0,0.0,0.0,0
6,TRANSFER,385,627088.33,627088.33,0.0,0.0,0.0,1
6,PAYMENT,347,57420.14,0.0,0.0,0.0,0.0,0
6,PAYMENT,129,555.16,0.0,0.0,0.0,0.0,0
6,CASH_IN,42,366025.6,13765.0,379790.6,292507.02,0.0,0
6,PAYMENT,180,21571.17,0.0,0.0,0.0,0.0,0
6,CASH_OUT,229,189257.97,0.0,0.0,3394452.99,3583710.96,0
6,CASH_OUT,325,99529.59,49906.0,0.0,3743929.92,3843459.51,0
6,CASH_OUT,21,148029.75,59705.0,0.0,6416060.32,6564090.08,0
6,CASH_IN,181,192545.89,8741151.97,8933697.86,1660002.88,1467456.99,0
6,CASH_OUT,205,260701.15,0.0,0.0,271522.39,532223.53,0
6,CASH_OUT,212,555574.92,555574.92,0.0,4271280.57,4826855.5,1
6,CASH_OUT,380,183430.22,312798.0,129367.78,212781.15,396211.37,0
6,CASH_OUT,12,248802.74,0.0,0.0,503934.25,13449.56,0
6,CASH_OUT,352,226430.73,0.0,0.0,3969280.0,4195710.73,0
6,PAYMENT,277,7977.94,0.0,0.0,0.0,0.0,0
6,CASH_OUT,371,125843.52,0.0,0.0,192677.54,318521.06,0
6,PAYMENT,203,27.39,0.0,0.0,0.0,0.0,0
6,CASH_OUT,154,78114.46,10109.0,0.0,1810769.95,1888884.41,0
6,PAYMENT,305,6297.41,0.0,0.0,0.0,0.0,0
6,TRANSFER,259,105245.56,0.0,0.0,8631881.63,8737127.19,0
6,CASH_OUT,358,57378.14,206709.0,149330.86,20849.65,78227.79,0
6,PAYMENT,14,15911.97,0.0,0.0,0.0,0.0,0
6,PAYMENT,323,3367.14,0.0,0.0,0.0,0.0,0
6,TRANSFER,57,1014816.16,1014816.16,0.0,0.0,0.0,1
6,CASH_OUT,686,1411271.23,1411271.23,0.0,579602.96,1990874.19,1
6,PAYMENT,303,7149.93,0.0,0.0,0.0,0.0,0
6,PAYMENT,41,6211.72,157594.01,151382.29,0.0,0.0,0
6,PAYMENT,403,2473.35,118.0,0.0,0.0,0.0,0
6,TRANSFER,71,62091.44,62091.44,0.0,0.0,0.0,1
6,CASH_OUT,34,95436.99,0.0,0.0,553043.02,648480.01,0
6,PAYMENT,41,121.2,0.0,0.0,0.0,0.0,0
6,CASH_OUT,637,447474.67,447474.67,0.0,0.0,447474.67,1
6,CASH_OUT,280,305441.77,11377.0,0.0,136582.33,442024.11,0
6,CASH_OUT,354,10107.3,10118.0,10.7,295953.61,306060.91,0
6,CASH_IN,307,287104.11,5927565.59,6214669.7,5442792.63,5155688.52,0
6,PAYMENT,230,16272.97,28866.0,12593.03,0.0,0.0,0
6,CASH_OUT,276,228904.03,11653.0,0.0,23648.06,252552.09,0
6,PAYMENT,402,13108.88,0.0,0.0,0.0,0.0,0
6,CASH_OUT,133,262975.51,366912.48,103936.98,1403877.09,1666852.6,0
6,PAYMENT,236,11853.87,30501.0,18647.13,0.0,0.0,0
6,TRANSFER,254,107927.63,0.0,0.0,305144.19,413071.82,0
6,PAYMENT,39,9000.38,0.0,0.0,0.0,0.0,0
6,CASH_OUT,179,101256.52,1452.0,0.0,209666.24,310922.76,0
6,CASH_OUT,619,66072.02,0.0,0.0,436198.88,502270.9,0
6,CASH_OUT,139,115029.05,3013.0,0.0,4908.65,119937.71,0
6,PAYMENT,38,3465.5,40214.0,36748.5,0.0,0.0,0
6,CASH_OUT,631,341.3,341.3,0.0,135440.48,135781.78,1
6,CASH_IN,257,234804.1,10630.0,245434.1,177445.26,0.0,0
6,CASH_OUT,253,41131.7,14573.0,0.0,733057.77,774189.46,0
6,PAYMENT,354,315.37,30173.0,29857.63,0.0,0.0,0
6,CASH_OUT,282,79973.35,55567.0,0.0,21775.2,101748.55,0
6,CASH_OUT,302,432068.03,10751.0,0.0,206976.5,639044.53,0
6,TRANSFER,625,1040303.44,1040303.44,0.0,0.0,0.0,1
6,CASH_OUT,84,10000000.0,10000000.0,0.0,0.0,10000000.0,1
6,TRANSFER,342,22402.21,22402.21,0.0,0.0,0.0,1
6,CASH_OUT,306,158962.51,32268.0,0.0,0.0,158962.51,0
6,CASH_OUT,40,93806.19,63557.64,0.0,4382173.55,4475979.74,0
6,PAYMENT,14,12477.32,414144.25,401666.93,0.0,0.0,0
6,CASH_OUT,138,265944.09,0.0,0.0,747546.27,1013490.36,0
6,CASH_OUT,354,50547.74,0.0,0.0,4798379.41,4848927.15,0
6,CASH_OUT,355,235195.16,0.0,0.0,652099.59,887294.74,0
6,PAYMENT,167,13058.18,193.0,0.0,0.0,0.0,0
6,PAYMENT,302,21386.17,287215.57,265829.4,0.0,0.0,0
6,TRANSFER,138,447517.82,0.0,0.0,3865978.69,4313496.51,0
6,CASH_IN,254,204145.56,4291650.3,4495795.86,2535596.22,2331450.66,0
6,PAYMENT,37,6702.48,0.0,0.0,0.0,0.0,0
6,PAYMENT,41,627.7,20651.0,20023.3,0.0,0.0,0
6,CASH_OUT,346,182521.65,50404.0,0.0,0.0,182521.65,0
6,PAYMENT,203,4014.95,0.0,0.0,0.0,0.0,0
6,CASH_IN,395,94792.88,1326500.21,1421293.09,225399.14,130606.26,0
6,CASH_OUT,331,102405.68,14752.0,0.0,347409.65,449815.33,0
6,CASH_OUT,522,123799.55,103006.0,0.0,438143.54,561943.1,0
6,CASH_IN,588,274859.48,7305038.47,7579897.95,1620074.92,1345215.44,0
6,CASH_IN,353,173367.11,6628653.3,6802020.41,669694.84,496327.73,0
6,CASH_IN,357,276064.51,6642665.8,6918730.31,5189460.16,4913395.64,0
6,CASH_OUT,322,485940.21,11401.0,0.0,0.0,485940.21,0
6,PAYMENT,278,1572.34,0.0,0.0,0.0,0.0,0
6,CASH_OUT,464,1027963.96,1027963.96,0.0,3216668.79,4244632.75,1
6,CASH_OUT,234,65477.68,21762.0,0.0,227963.31,293440.98,0
6,CASH_OUT,16,196327.34,59092.0,0.0,3357882.04,3554209.38,0
6,CASH_OUT,134,454368.47,0.0,0.0,528380.97,982749.44,0
6,PAYMENT,11,3219.06,129100.0,125880.94,0.0,0.0,0
6,CASH_IN,206,138646.21,6508776.63,6647422.84,336830.59,198184.37,0
6,PAYMENT,379,14673.51,0.0,0.0,0.0,0.0,0
6,CASH_OUT,145,150245.05,150245.05,0.0,1833611.89,1983856.94,1
6,PAYMENT,356,20949.83,146602.73,125652.9,0.0,0.0,0
6,CASH_IN,135,44311.11,5882956.49,5927267.6,830470.5,786159.39,0
6,CASH_OUT,130,216334.49,0.0,0.0,1502038.21,1718372.7,0
6,PAYMENT,207,15413.28,0.0,0.0,0.0,0.0,0
6,TRANSFER,702,240746.27,240746.27,0.0,0.0,0.0,1
6,CASH_OUT,356,198338.11,113115.0,0.0,0.0,198338.11,0
6,TRANSFER,404,1190538.24,0.0,0.0,2335542.33,3526080.57,0
6,PAYMENT,250,9486.9,0.0,0.0,0.0,0.0,0
6,CASH_IN,260,273211.52,7070.0,280281.52,114010.48,0.0,0
6,CASH_OUT,140,339061.8,0.0,0.0,421868.57,760930.37,0
6,CASH_OUT,155,14289.21,50534.0,36244.79,83181.27,455608.31,0
6,TRANSFER,326,15237111.13,124879.3,0.0,29890072.38,45127183.51,0
6,CASH_OUT,481,1710180.37,1710180.37,0.0,934700.52,2644880.89,1
6,CASH_OUT,404,52172.21,22233.0,0.0,92753.14,144925.35,0
6,PAYMENT,274,9137.92,0.0,0.0,0.0,0.0,0
6,TRANSFER,379,96469.96,0.0,0.0,509593.62,606063.58,0
6,CASH_OUT,12,41610.39,0.0,0.0,5930491.22,6647696.57,0
6,CASH_OUT,433,5270.57,5270.57,0.0,305288.23,310558.81,1
6,CASH_OUT,212,5131896.17,5131896.17,0.0,302942.16,5434838.33,1
6,DEBIT,694,621.35,243.0,0.0,949267.77,949889.12,0
6,PAYMENT,241,4525.74,18177.0,13651.26,0.0,0.0,0
6,TRANSFER,625,2654302.46,2654302.46,0.0,0.0,0.0,1
6,CASH_OUT,186,21432.54,0.0,0.0,505125.87,1090270.12,0
6,PAYMENT,227,14366.85,0.0,0.0,0.0,0.0,0
6,CASH_OUT,133,293177.62,1482.0,0.0,655111.03,948288.65,0
6,PAYMENT,374,12192.43,20981.0,8788.57,0.0,0.0,0
6,CASH_OUT,371,360696.02,5306.0,0.0,9617223.03,9977919.05,0
6,TRANSFER,249,271229.8,271229.8,0.0,0.0,0.0,1
6,CASH_OUT,186,188314.35,149849.16,0.0,538850.51,727164.87,0
6,CASH_OUT,204,122760.11,65482.0,0.0,115070.84,237830.95,0
6,TRANSFER,40,1288791.33,0.0,0.0,5452517.54,6741308.87,0
6,PAYMENT,297,73292.33,0.0,0.0,0.0,0.0,0
6,PAYMENT,13,1232.1,0.0,0.0,0.0,0.0,0
6,CASH_OUT,346,37709.08,0.0,0.0,4736521.88,4774230.96,0
6,TRANSFER,34,240639.55,22697.0,0.0,977747.73,1218387.28,0
6,CASH_OUT,22,117236.17,18945.0,0.0,0.0,117236.17,0
6,DEBIT,131,22561.62,43467.52,20905.91,1232360.11,1254921.72,0
6,TRANSFER,154,3424092.39,3424092.39,0.0,0.0,0.0,1
6,CASH_IN,356,13656.94,201843.48,215500.42,1133075.42,1119418.48,0
6,CASH_OUT,189,186036.58,135088.0,0.0,3367136.19,3553172.77,0
6,CASH_IN,206,314012.41,4271565.76,4585578.17,3761993.9,3447981.49,0
6,CASH_IN,514,379403.52,2581158.28,2960561.81,8502249.63,8122846.1,0
6,PAYMENT,178,21992.38,377140.0,355147.62,0.0,0.0,0
6,TRANSFER,332,218469.58,29020.44,0.0,249669.78,468139.36,0
6,CASH_OUT,34,131002.28,0.0,0.0,166405.66,297407.94,0
6,CASH_OUT,22,207695.75,136194.0,0.0,2499475.62,2707171.38,0
6,CASH_IN,346,40234.02,22455.0,62689.02,107320.81,67086.79,0
6,CASH_OUT,209,168573.33,102144.0,0.0,296942.62,465515.95,0
6,PAYMENT,14,1417.97,0.0,0.0,0.0,0.0,0
6,CASH_OUT,275,170138.82,7131.0,0.0,778396.28,948535.1,0
6,CASH_OUT,349,217479.88,444.0,0.0,1069391.74,1286871.62,0
6,TRANSFER,137,263860.74,32698.0,0.0,2021470.89,2285331.63,0
6,CASH_IN,322,165683.87,443630.54,609314.41,461118.9,295435.04,0
6,CASH_IN,204,162173.37,834991.0,997164.37,0.0,0.0,0
6,CASH_OUT,354,75460.77,0.0,0.0,1116307.67,1191768.44,0
6,PAYMENT,20,26600.96,0.0,0.0,0.0,0.0,0
6,CASH_OUT,15,287196.6,0.0,0.0,1101542.41,1388739.01,0
6,CASH_OUT,236,66539.42,503.0,0.0,135777.93,202317.35,0
6,PAYMENT,229,6096.8,270944.0,264847.2,0.0,0.0,0
6,CASH_OUT,355,204251.15,0.0,0.0,357497.45,561748.6,0
6,CASH_IN,379,74031.72,22697.0,96728.72,0.0,0.0,0
6,PAYMENT,178,279.48,10894.0,10614.52,0.0,0.0,0
6,CASH_OUT,236,74891.28,21916.0,0.0,1552335.41,1627226.69,0
6,CASH_OUT,300,103248.36,0.0,0.0,1269879.12,1373127.48,0
6,PAYMENT,396,36293.35,0.0,0.0,0.0,0.0,0
6,PAYMENT,6,3392.19,64738.71,61346.52,0.0,0.0,0
6,PAYMENT,304,25268.35,0.0,0.0,0.0,0.0,0
6,TRANSFER,435,365332.78,365332.78,0.0,0.0,0.0,1
6,PAYMENT,257,8054.23,0.0,0.0,0.0,0.0,0
6,CASH_OUT,331,99575.76,109798.0,10222.24,0.0,99575.76,0
6,CASH_OUT,402,302978.04,70004.0,0.0,0.0,302978.04,0
6,PAYMENT,394,8092.78,0.0,0.0,0.0,0.0,0
6,PAYMENT,550,7541.59,30790.0,23248.41,0.0,0.0,0
6,CASH_IN,397,236370.13,6442692.1,6679062.23,481065.24,244695.11,0
6,CASH_IN,280,122471.77,20006.0,142477.77,0.0,0.0,0
6,CASH_IN,142,124086.98,1140695.14,1264782.11,4629670.59,4505583.62,0
6,CASH_OUT,239,96841.07,0.0,0.0,813824.24,910665.31,0
6,CASH_OUT,43,161556.3,0.0,0.0,200437.46,361993.76,0
6,CASH_OUT,261,143035.9,721.0,0.0,0.0,143035.9,0
6,CASH_OUT,407,17900.28,0.0,0.0,3359751.83,3377652.11,0
6,TRANSFER,252,605522.66,0.0,0.0,635182.19,1240704.85,0
6,CASH_IN,161,8299.26,15395908.14,15404207.39,475249.39,466950.13,0
6,PAYMENT,597,1097.45,14587.0,13489.55,0.0,0.0,0
6,CASH_OUT,554,9421856.87,9421856.87,0.0,0.0,9421856.87,1
6,CASH_IN,282,125089.34,6125825.24,6250914.58,129870.15,102536.43,0
6,CASH_OUT,185,53009.2,755.0,0.0,0.0,53009.2,0
6,PAYMENT,252,4731.83,0.0,0.0,0.0,0.0,0
6,CASH_OUT,185,217375.63,41664.15,0.0,2403114.81,2620490.45,0
6,TRANSFER,118,897427.17,897427.17,0.0,0.0,0.0,1
6,CASH_OUT,182,131589.3,0.0,0.0,2146101.9,2277691.2,0
6,PAYMENT,686,10916.82,2140.0,0.0,0.0,0.0,0
6,PAYMENT,181,12492.21,0.0,0.0,0.0,0.0,0
6,DEBIT,595,2852.94,408050.0,405197.06,607661.62,610514.57,0
6,CASH_OUT,307,69196.86,73046.52,3849.65,19412923.27,19482120.13,0
6,CASH_OUT,253,168455.76,168455.76,0.0,468448.82,636904.58,1
6,PAYMENT,277,7658.7,0.0,0.0,0.0,0.0,0
6,PAYMENT,238,10431.66,21416.0,10984.34,0.0,0.0,0
6,TRANSFER,456,13914.81,13914.81,0.0,0.0,0.0,1
6,CASH_IN,18,90847.38,34646.0,125493.38,21699.0,0.0,0
6,CASH_OUT,8,222548.88,14718.0,0.0,1319415.2,1311387.88,0
6,TRANSFER,349,648503.74,0.0,0.0,946265.54,1594769.29,0
6,CASH_OUT,185,115980.05,18268.0,0.0,401806.25,517786.3,0
6,CASH_IN,250,153029.46,12489.0,165518.46,49908.09,0.0,0
6,PAYMENT,688,7076.53,0.0,0.0,0.0,0.0,0
6,CASH_IN,352,365657.94,51446.0,417103.94,1341212.06,975554.12,0
6,CASH_OUT,134,190893.12,28017.0,0.0,67301.61,258194.73,0
6,PAYMENT,233,4531.86,59956.0,55424.14,0.0,0.0,0
6,CASH_OUT,403,316036.93,0.0,0.0,2125650.79,2441687.72,0
6,CASH_OUT,299,405569.82,0.0,0.0,474884.57,880454.4,0
6,PAYMENT,8,985.29,283.0,0.0,0.0,0.0,0
6,CASH_OUT,38,192173.61,10921.0,0.0,1438472.09,1630645.71,0
6,PAYMENT,298,84497.27,19892.0,0.0,0.0,0.0,0
6,CASH_OUT,302,55087.43,30823.0,0.0,520469.15,575556.58,0
6,PAYMENT,252,43309.32,11217.0,0.0,0.0,0.0,0
6,CASH_IN,238,99463.52,4404272.82,4503736.34,700839.67,601376.16,0
6,CASH_OUT,284,800115.05,800115.05,0.0,317406.39,1117521.44,1
6,PAYMENT,351,6186.81,0.0,0.0,0.0,0.0,0
6,CASH_OUT,273,6440.67,0.0,0.0,4358684.84,4365125.51,0
6,PAYMENT,23,271.67,148346.0,148074.33,0.0,0.0,0
6,CASH_IN,328,88497.38,476372.12,564869.5,327190.66,238693.28,0
6,CASH_OUT,252,307930.52,0.0,0.0,426078.81,734009.33,0
6,TRANSFER,530,19576.96,19576.96,0.0,0.0,0.0,1
6,PAYMENT,325,26635.39,0.0,0.0,0.0,0.0,0
6,CASH_OUT,205,77245.93,0.0,0.0,304143.54,381389.47,0
6,PAYMENT,369,5228.15,0.0,0.0,0.0,0.0,0
6,CASH_OUT,183,49209.53,49959.0,749.47,534455.77,583665.29,0
6,TRANSFER,141,350800.27,350800.27,0.0,0.0,0.0,1
6,TRANSFER,573,1298609.73,1298609.73,0.0,0.0,0.0,1
6,PAYMENT,202,56387.46,109837.95,53450.49,0.0,0.0,0
6,CASH_OUT,235,67976.59,21402.0,0.0,3923907.54,3991884.13,0
6,CASH_OUT,162,141834.71,440165.0,298330.29,0.0,141834.71,0
6,CASH_IN,254,153597.74,3609514.89,3763112.64,2709858.94,2556261.2,0
6,CASH_IN,352,135907.12,7743429.5,7879336.62,1188546.71,1052639.6,0
6,CASH_OUT,187,93721.22,0.0,0.0,793476.41,887197.63,0
6,PAYMENT,40,34908.71,19303.0,0.0,0.0,0.0,0
6,PAYMENT,162,12848.58,0.0,0.0,0.0,0.0,0
6,TRANSFER,16,31074.0,31074.0,0.0,0.0,0.0,1
6,CASH_OUT,277,166851.5,0.0,0.0,262713.54,429565.05,0
6,PAYMENT,136,2754.21,41095.63,38341.42,0.0,0.0,0
6,CASH_IN,233,111593.02,382760.7,494353.72,511808.35,400215.33,0
6,CASH_OUT,400,277092.88,0.0,0.0,402781.54,679874.42,0
6,PAYMENT,129,7958.19,132680.0,124721.81,0.0,0.0,0
6,CASH_IN,594,152878.88,54208.0,207086.88,0.0,0.0,0
6,CASH_OUT,743,1258818.82,1258818.82,0.0,503464.5,1762283.33,1
6,PAYMENT,15,1130.88,27873.43,26742.55,0.0,0.0,0
6,PAYMENT,159,14646.39,243070.95,228424.56,0.0,0.0,0
6,TRANSFER,252,229781.62,11684.0,0.0,36430.34,266211.96,0
6,PAYMENT,306,5140.19,22433.0,17292.81,0.0,0.0,0
6,CASH_OUT,283,79104.22,0.0,0.0,97888.51,176992.73,0
6,CASH_IN,234,9899.74,651.0,10550.74,4630887.86,4620988.12,0
6,CASH_IN,398,390665.29,24583.0,415248.29,533096.94,142431.66,0
6,CASH_OUT,131,19902.9,0.0,0.0,984384.88,1004287.78,0
6,TRANSFER,42,162780.0,16692.59,0.0,1557220.08,1720000.08,0
6,PAYMENT,379,1868.2,8802.1,6933.9,0.0,0.0,0
6,CASH_OUT,282,145411.04,0.0,0.0,474664.27,620075.31,0
6,CASH_IN,236,180798.72,318226.3,499025.02,2635929.53,2455130.81,0
6,PAYMENT,134,17449.52,36650.64,19201.11,0.0,0.0,0
6,CASH_IN,230,277599.4,465.0,278064.4,4560230.45,4282631.05,0
6,CASH_OUT,407,312955.14,312955.14,0.0,18559.06,331514.2,1
6,CASH_IN,164,175543.15,10248.0,185791.15,0.0,0.0,0
6,CASH_IN,309,113597.15,5088929.16,5202526.31,1255563.1,1141965.94,0
6,CASH_OUT,138,172721.24,722.0,0.0,229275.95,401997.19,0
6,CASH_OUT,301,280892.87,178886.47,0.0,463415.7,744308.57,0
6,PAYMENT,258,3787.9,20794.67,17006.77,0.0,0.0,0
6,CASH_IN,255,101358.0,21941.0,123299.0,512949.87,420389.49,0
6,TRANSFER,36,185752.13,0.0,0.0,4877408.09,5063160.22,0
6,CASH_OUT,179,79205.53,0.0,0.0,116882.54,196088.07,0
6,CASH_OUT,179,276836.3,4751.0,0.0,1803731.66,2080567.96,0
6,PAYMENT,303,4597.46,0.0,0.0,0.0,0.0,0
6,CASH_OUT,257,48111.1,20680.0,0.0,1310327.2,1223042.41,0
6,PAYMENT,205,2908.86,77187.85,74278.98,0.0,0.0,0
6,CASH_OUT,19,334684.71,0.0,0.0,0.0,180483.85,0
6,CASH_OUT,237,129403.18,0.0,0.0,583578.15,712981.33,0
6,TRANSFER,588,137648.85,0.0,0.0,2168294.98,2305943.83,0
6,PAYMENT,351,12373.4,38523.34,26149.94,0.0,0.0,0
6,CASH_OUT,356,325963.91,0.0,0.0,578143.34,904107.26,0
6,TRANSFER,206,685133.38,136309.0,0.0,116409.92,801543.31,0
6,PAYMENT,14,2569.49,298504.17,295934.68,0.0,0.0,0
6,PAYMENT,44,4762.21,0.0,0.0,0.0,0.0,0
6,CASH_OUT,231,88502.78,0.0,0.0,581234.92,669737.7,0
6,TRANSFER,138,166434.63,0.0,0.0,493533.81,659968.44,0
6,CASH_IN,36,214416.43,17146596.7,17361013.13,1988119.01,1773702.58,0
6,PAYMENT,355,1882.72,30013.66,28130.94,0.0,0.0,0
6,TRANSFER,37,303283.05,0.0,0.0,1459540.93,1762823.98,0
6,CASH_OUT,9,262056.6,621606.0,359549.4,1108689.35,1379283.3,0
6,CASH_IN,35,139328.22,3843610.25,3982938.47,833461.62,694133.4,0
6,CASH_OUT,718,376639.05,376639.05,0.0,0.0,376639.05,1
6,PAYMENT,323,59448.43,15157.0,0.0,0.0,0.0,0
6,PAYMENT,12,8382.08,31291.0,22908.92,0.0,0.0,0
6,CASH_IN,191,121079.21,1965336.09,2086415.3,5300012.84,5178933.63,0
6,CASH_OUT,466,340093.9,31236.0,0.0,0.0,340093.9,0
6,TRANSFER,160,432085.97,279.0,0.0,0.0,432085.97,0
6,PAYMENT,203,38750.15,442603.61,403853.45,0.0,0.0,0
6,PAYMENT,263,11291.34,14866.71,3575.37,0.0,0.0,0
6,CASH_IN,402,272791.94,20684.0,293475.94,2245817.14,1973025.2,0
6,CASH_OUT,350,500905.62,100872.0,0.0,536851.63,1037757.25,0
6,CASH_OUT,273,361765.59,29091.0,0.0,1224776.48,1586542.08,0
6,CASH_OUT,8,186514.95,0.0,0.0,7737124.43,9917629.77,0
6,CASH_IN,19,57749.33,6168110.72,6225860.04,724249.0,784777.46,0
6,CASH_IN,136,303554.38,3274292.08,3577846.46,3808930.32,3661550.12,0
6,CASH_OUT,251,8276235.5,8276235.5,0.0,190006.69,8466242.19,1
6,PAYMENT,120,7974.03,874.0,0.0,0.0,0.0,0
6,CASH_IN,399,260899.54,5763117.82,6024017.37,607540.57,346641.03,0
6,TRANSFER,187,894387.85,79866.0,0.0,0.0,894387.85,0
6,CASH_OUT,347,170554.06,230908.0,60353.94,118462.46,289016.52,0
6,PAYMENT,215,4959.45,253413.61,248454.16,0.0,0.0,0
6,CASH_OUT,257,383636.95,187243.14,0.0,5661984.49,6045621.44,0
6,TRANSFER,373,606708.3,0.0,0.0,850844.53,1457552.83,0
6,CASH_OUT,346,301909.49,15462.0,0.0,323557.81,625467.3,0
6,CASH_IN,240,58426.94,3757939.09,3816366.02,480478.31,422051.37,0
6,CASH_IN,211,105285.27,432390.96,537676.23,1009857.99,904572.72,0
6,CASH_OUT,40,327278.73,107532.0,0.0,195637.14,522915.87,0
6,CASH_IN,180,49880.46,940374.83,990255.29,75054.65,25174.19,0
6,CASH_OUT,160,154708.38,0.0,0.0,786862.63,941571.01,0
6,PAYMENT,181,6386.68,0.0,0.0,0.0,0.0,0
6,CASH_OUT,282,20653.17,335.0,0.0,0.0,20653.17,0
6,CASH_IN,203,38126.46,542680.75,580807.21,9828065.58,9789939.12,0
6,CASH_OUT,162,286375.92,47045.75,0.0,0.0,286375.92,0
6,CASH_OUT,260,288665.87,0.0,0.0,7129750.48,7418416.35,0
6,PAYMENT,347,27183.43,178.0,0.0,0.0,0.0,0
6,PAYMENT,42,6625.68,0.0,0.0,0.0,0.0,0
6,TRANSFER,285,442075.1,0.0,0.0,664803.35,1106878.45,0
6,CASH_OUT,182,147304.7,518244.0,370939.3,0.0,147304.7,0
6,PAYMENT,369,8773.86,0.0,0.0,0.0,0.0,0
6,CASH_OUT,328,79024.81,0.0,0.0,693243.6,772268.41,0
6,CASH_OUT,306,21810.64,5070.0,0.0,0.0,21810.64,0
6,CASH_OUT,284,42032.34,0.0,0.0,126488.27,168520.61,0
6,CASH_OUT,395,190911.23,0.0,0.0,511295.8,702207.03,0
6,CASH_OUT,234,177336.14,29986.0,0.0,1279476.09,1456812.23,0
6,TRANSFER,325,584924.51,1047.0,0.0,1313394.75,1898319.26,0
6,CASH_OUT,155,32397.33,0.0,0.0,34760.28,67157.61,0
6,PAYMENT,42,9417.11,50074.0,40656.89,0.0,0.0,0
6,CASH_IN,330,219219.0,20103.0,239322.0,20422162.3,20202943.3,0
6,CASH_OUT,141,197417.54,0.0,0.0,918698.42,1116115.96,0
6,TRANSFER,257,6262505.91,6262505.91,0.0,0.0,0.0,1
6,CASH_IN,182,196990.88,2458.0,199448.88,65695.17,0.0,0
6,CASH_IN,373,284352.39,21255.0,305607.39,7299.55,0.0,0
6,CASH_OUT,306,10728.93,12541.0,1812.07,44282.73,55011.67,0
6,TRANSFER,443,43159.0,43159.0,0.0,0.0,0.0,1
6,PAYMENT,403,21328.68,258094.62,236765.94,0.0,0.0,0
6,CASH_IN,13,76852.77,4955870.26,5032723.03,2493184.59,2416331.82,0
6,PAYMENT,396,26979.52,681.0,0.0,0.0,0.0,0
6,PAYMENT,382,3614.33,28389.0,24774.67,0.0,0.0,0
6,PAYMENT,402,22354.18,14455.0,0.0,0.0,0.0,0
6,PAYMENT,395,16378.67,271447.23,255068.56,0.0,0.0,0
6,TRANSFER,234,193563.8,3713.0,0.0,103035.04,296598.85,0
6,CASH_IN,41,84150.18,868959.14,953109.32,3170600.11,3258831.02,0
6,PAYMENT,135,44713.13,1138.0,0.0,0.0,0.0,0
6,TRANSFER,582,6106149.52,6106149.52,0.0,0.0,0.0,1
6,TRANSFER,713,108779.53,108779.53,0.0,0.0,0.0,1
6,PAYMENT,19,8453.83,75890.97,67437.15,0.0,0.0,0
6,CASH_IN,188,51599.57,8046859.38,8098458.96,154517.66,102918.08,0
6,CASH_OUT,277,78884.75,40213.0,0.0,0.0,78884.75,0
6,CASH_IN,282,222753.06,6628836.88,6851589.95,676085.59,453332.52,0
6,CASH_IN,44,187525.2,56838.0,244363.2,310.81,0.0,0
6,CASH_IN,209,136688.95,47633.0,184321.95,215349.26,78660.31,0
6,PAYMENT,357,1371.44,20826.0,19454.56,0.0,0.0,0
6,CASH_OUT,279,0.0,0.0,0.0,538547.63,538547.63,1
6,CASH_OUT,44,338922.72,11107.0,0.0,3659035.1,3997957.82,0
6,CASH_IN,372,20493.09,4952615.66,4973108.75,746052.8,725559.71,0
6,CASH_IN,159,33823.58,101602.0,135425.58,0.0,0.0,0
6,CASH_OUT,650,50523.78,50523.78,0.0,0.0,50523.78,1
6,CASH_OUT,544,143901.87,0.0,0.0,175457.86,319359.73,0
6,CASH_IN,322,59594.46,3582.0,63176.46,0.0,0.0,0
6,CASH_OUT,280,3465.33,11608.0,8142.67,675458.04,678923.37,0
6,PAYMENT,546,3941.11,14830.0,10888.89,0.0,0.0,0
6,CASH_OUT,276,126153.01,121307.0,0.0,4098868.82,4225021.83,0
6,CASH_IN,354,60671.02,21716017.48,21776688.5,867308.61,806637.59,0
6,CASH_OUT,372,245228.23,0.0,0.0,815957.99,1061186.22,0
6,CASH_OUT,237,192838.94,0.0,0.0,9383320.67,9576159.6,0
6,PAYMENT,404,14540.29,9950.0,0.0,0.0,0.0,0
6,CASH_OUT,12,149668.66,0.0,0.0,44170.11,193838.76,1
6,PAYMENT,299,22187.35,0.0,0.0,0.0,0.0,0
6,TRANSFER,379,2611799.82,0.0,0.0,3202059.29,5813859.11,0
6,CASH_OUT,93,78557.52,107.0,0.0,2115049.25,2193606.77,0
6,TRANSFER,351,550725.48,0.0,0.0,2707917.26,3258642.73,0
6,PAYMENT,236,8604.79,90269.79,81665.0,0.0,0.0,0
6,CASH_OUT,95,104067.69,34276.0,0.0,240628.65,344696.34,0
6,PAYMENT,308,32650.32,301945.1,269294.78,0.0,0.0,0
6,PAYMENT,131,30175.94,0.0,0.0,0.0,0.0,0
6,TRANSFER,281,177152.2,474055.0,296902.8,354365.97,531518.17,0
6,TRANSFER,234,256482.44,0.0,0.0,8497233.12,8753715.55,0
6,CASH_OUT,304,338630.15,8111.0,0.0,432299.3,885692.02,0
6,TRANSFER,164,48969.43,0.0,0.0,2534254.22,2583223.66,0
6,PAYMENT,375,18677.14,0.0,0.0,0.0,0.0,0
6,TRANSFER,236,497404.62,49171.0,0.0,693039.48,1190444.1,0
6,CASH_IN,589,97908.83,400131.23,498040.06,153433.11,55524.28,0
6,CASH_IN,256,67952.8,227399.0,295351.8,3361101.26,3293148.46,0
6,CASH_IN,276,119319.4,26548592.15,26667911.56,3904141.79,3784822.38,0
6,PAYMENT,135,4746.22,14016.95,9270.73,0.0,0.0,0
6,CASH_IN,280,4925.17,7726648.72,7731573.89,770459.55,765534.37,0
6,CASH_OUT,203,283681.24,42153.0,0.0,204022.22,487703.46,0
6,TRANSFER,672,21332.46,21332.46,0.0,0.0,0.0,1
6,CASH_OUT,135,123634.27,60410.0,0.0,252917.34,376551.61,0
6,PAYMENT,133,13883.73,0.0,0.0,0.0,0.0,0
6,CASH_IN,250,195088.63,1786042.26,1981130.89,1178356.19,983267.56,0
6,CASH_OUT,18,150751.95,0.0,0.0,390271.86,541023.81,0
6,CASH_OUT,307,52412.47,11281.0,0.0,0.0,52412.47,0
6,CASH_OUT,45,179622.99,174110.16,0.0,249523.08,429146.07,0
6,PAYMENT,285,27437.73,0.0,0.0,0.0,0.0,0
6,TRANSFER,130,728600.41,0.0,0.0,1057100.84,1785701.25,0
6,CASH_OUT,568,66188.66,66188.66,0.0,715846.03,782034.69,1
6,TRANSFER,378,345.78,0.0,0.0,5705249.5,5705595.28,0
6,CASH_OUT,331,44780.8,0.0,0.0,87543.58,132324.37,0
6,TRANSFER,11,612877.8,30256.0,0.0,0.0,784603.79,0
6,PAYMENT,334,11973.2,2310.0,0.0,0.0,0.0,0
6,CASH_OUT,219,2312944.11,2312944.11,0.0,0.0,2312944.11,1
6,CASH_OUT,522,212701.48,0.0,0.0,270987.33,483688.81,0
6,CASH_OUT,231,400758.85,400758.85,0.0,2210854.46,4090444.07,1
6,CASH_IN,356,166620.42,104391.0,271011.42,2576310.22,2409689.8,0
6,CASH_OUT,37,112486.46,0.0,0.0,257274.47,369760.93,1
6,PAYMENT,326,9914.91,29423.0,19508.09,0.0,0.0,0
6,PAYMENT,43,3554.14,50514.0,46959.86,0.0,0.0,0
6,PAYMENT,326,4429.24,11551.0,7121.76,0.0,0.0,0
6,PAYMENT,137,35792.72,22395.0,0.0,0.0,0.0,0
6,CASH_OUT,11,24181.05,0.0,0.0,6580283.95,6604465.0,0
6,PAYMENT,374,1732.02,0.0,0.0,0.0,0.0,0
6,PAYMENT,256,12792.85,613678.0,600885.15,0.0,0.0,0
6,PAYMENT,305,4079.75,0.0,0.0,0.0,0.0,0
6,CASH_IN,239,154731.94,31226.0,185957.94,0.0,0.0,0
6,CASH_IN,670,80959.45,11775542.63,11856502.09,223842.44,142882.99,0
6,CASH_OUT,355,101676.61,0.0,0.0,144661.0,84325.01,0
6,CASH_OUT,8,63425.62,0.0,0.0,2954608.42,3018034.04,0
6,CASH_IN,426,93538.58,4157542.67,4251081.25,211954.69,118416.1,0
6,CASH_IN,141,80576.39,28523063.7,28603640.09,93864.38,13287.99,0
6,PAYMENT,44,7516.77,40982.0,33465.23,0.0,0.0,0
6,PAYMENT,8,11982.73,21373.0,9390.27,0.0,0.0,0
6,CASH_OUT,135,113307.2,29900.0,0.0,150526.02,263833.22,0
6,CASH_OUT,19,94365.89,257.0,0.0,2771043.21,2652778.06,0
6,CASH_OUT,37,119913.73,25647.0,0.0,1447463.06,1567376.79,0
6,CASH_OUT,226,76721.32,0.0,0.0,692264.43,680737.77,0
6,CASH_IN,325,428224.46,10699729.5,11127953.97,1082201.68,653977.22,0
6,CASH_OUT,42,263275.71,0.0,0.0,4397981.69,4135307.49,0
6,CASH_OUT,18,80593.75,107303.0,26709.25,589970.91,493709.71,0
6,CASH_OUT,164,149020.93,11736.0,0.0,237642.84,386663.77,0
6,CASH_OUT,205,74247.05,0.0,0.0,757282.96,831530.01,0
6,TRANSFER,188,389549.15,158096.0,0.0,0.0,389549.15,0
6,CASH_OUT,45,1069508.42,1069508.42,0.0,172254.0,1439496.96,1
6,CASH_OUT,397,299565.22,11657.0,0.0,51805.23,351370.45,0
6,TRANSFER,42,31901.5,0.0,0.0,73235.23,105136.73,0
6,PAYMENT,299,21457.22,285303.72,263846.5,0.0,0.0,0
6,CASH_OUT,566,2202575.1,2202575.1,0.0,1006442.23,3209017.33,1
6,CASH_OUT,138,200979.29,0.0,0.0,856403.46,1057382.75,0
6,TRANSFER,629,19527.35,19527.35,0.0,0.0,0.0,1
6,PAYMENT,229,28067.67,0.0,0.0,0.0,0.0,0
6,CASH_OUT,205,123391.17,809467.0,686075.83,0.0,123391.17,0
6,TRANSFER,382,89970.67,32243.0,0.0,46681.08,136651.75,0
6,PAYMENT,282,6437.95,201891.0,195453.05,0.0,0.0,0
6,TRANSFER,203,1189.61,24638.44,23448.83,162500.84,163690.45,0
6,PAYMENT,325,5752.97,0.0,0.0,0.0,0.0,0
6,PAYMENT,329,25743.47,0.0,0.0,0.0,0.0,0
6,CASH_OUT,428,3028421.03,3028421.03,0.0,4503234.54,7531655.57,1
6,CASH_IN,401,123504.46,2646642.48,2770146.95,232636.37,109131.91,0
6,TRANSFER,154,442722.01,442722.01,0.0,0.0,0.0,1
6,PAYMENT,345,15533.84,8201.0,0.0,0.0,0.0,0
6,CASH_IN,280,169995.16,42928.0,212923.16,738984.54,568989.38,0
6,CASH_IN,235,107882.19,2327334.79,2435216.98,1882225.23,1774343.04,0
6,PAYMENT,546,21428.5,0.0,0.0,0.0,0.0,0
6,CASH_OUT,402,255175.49,0.0,0.0,536356.4,791531.89,0
6,CASH_IN,130,151523.95,49574.0,201097.95,18553.0,0.0,0
6,PAYMENT,135,3343.7,528419.87,525076.17,0.0,0.0,0
6,CASH_OUT,370,492080.33,12521.0,0.0,0.0,492080.33,0
6,CASH_OUT,324,142743.89,0.0,0.0,522544.72,665288.61,0
6,PAYMENT,132,4515.17,380843.07,376327.9,0.0,0.0,0
6,CASH_IN,228,204141.53,825616.33,1029757.86,143.72,0.0,0
6,CASH_IN,330,211463.99,68917.0,280380.99,6593.52,0.0,0
6,CASH_OUT,332,141174.74,8941.0,0.0,78102.49,219277.23,0
6,PAYMENT,38,8310.5,21373.0,13062.5,0.0,0.0,0
6,PAYMENT,8,10875.07,500.0,0.0,0.0,0.0,0
6,CASH_IN,9,53834.92,3017971.55,3071806.47,55343.18,128019.46,0
6,PAYMENT,522,3213.07,62643.0,59429.93,0.0,0.0,0
6,CASH_OUT,137,54801.56,1002.17,0.0,0.0,54801.56,0
6,TRANSFER,557,131050.76,131050.76,0.0,0.0,0.0,1
6,CASH_OUT,16,120467.53,0.0,0.0,2219572.42,2340039.95,0
6,DEBIT,119,277.49,24567.0,24289.51,1508844.06,1509121.55,0
6,CASH_OUT,260,39368.88,0.0,0.0,148962.19,188331.07,0
6,CASH_OUT,327,107862.5,16503.0,0.0,370779.79,478642.29,0
6,CASH_OUT,186,58468.5,0.0,0.0,1605332.26,1663800.76,0
6,PAYMENT,234,35441.24,987.0,0.0,0.0,0.0,0
6,CASH_IN,325,89158.42,20894.0,110052.42,3241691.02,3152532.6,0
6,CASH_OUT,692,349619.91,349619.91,0.0,1472559.62,1822179.54,1
6,TRANSFER,234,3082541.36,49866.12,0.0,4912144.24,7994685.61,0
6,CASH_OUT,43,168938.89,0.0,0.0,7542786.91,7711725.8,0
6,TRANSFER,12,1576762.87,157019.1,0.0,5841456.65,9832623.93,0
6,CASH_IN,139,173317.48,2140.0,175457.48,411607.3,238289.82,0
7,PAYMENT,431,3229.29,21190.0,17960.71,0.0,0.0,0
7,CASH_IN,351,213038.98,9484845.69,9697884.67,2539290.86,2452607.79,0
7,CASH_OUT,298,362404.92,41835.0,0.0,0.0,362404.92,0
7,CASH_OUT,250,90553.98,50386.0,0.0,0.0,90553.98,0
7,TRANSFER,297,533565.93,795.0,0.0,0.0,112643.39,0
7,PAYMENT,518,11432.47,0.0,0.0,0.0,0.0,0
7,CASH_IN,258,5667.64,836028.07,841695.71,387845.12,382177.48,0
7,CASH_OUT,139,190414.44,11254.0,0.0,0.0,190414.44,0
7,PAYMENT,184,194.63,0.0,0.0,0.0,0.0,0
7,PAYMENT,282,9984.45,12036.0,2051.55,0.0,0.0,0
7,CASH_OUT,325,199241.7,0.0,0.0,737126.74,936368.44,0
7,PAYMENT,135,4434.57,0.0,0.0,0.0,0.0,0
7,CASH_IN,307,2928.66,40645.0,43573.66,350026.19,347097.53,0
7,PAYMENT,230,28316.44,129838.64,101522.2,0.0,0.0,0
7,CASH_OUT,258,310502.44,40422.0,0.0,0.0,310502.44,0
7,PAYMENT,43,880.09,158789.0,157908.91,0.0,0.0,0
7,PAYMENT,15,514.75,79370.09,78855.34,0.0,0.0,0
7,CASH_IN,43,183583.45,2588838.01,2772421.46,2291817.72,2108234.27,0
7,PAYMENT,256,5839.92,702808.74,696968.83,0.0,0.0,0
7,CASH_IN,354,177691.15,27111.0,204802.15,0.0,0.0,0
7,CASH_OUT,395,103347.05,102665.0,0.0,2328280.16,2431627.21,0
7,PAYMENT,183,4529.21,0.0,0.0,0.0,0.0,0
7,PAYMENT,191,24944.72,203457.78,178513.06,0.0,0.0,0
7,TRANSFER,184,3350315.56,0.0,0.0,5072966.4,8423281.96,0
7,CASH_OUT,307,232378.69,45483.49,0.0,329543.44,561922.12,0
7,PAYMENT,401,6302.01,251940.4,245638.39,0.0,0.0,0
7,CASH_OUT,663,473387.81,473387.81,0.0,100129.18,573516.99,1
7,CASH_OUT,21,69208.87,145059.85,75850.98,112308.1,181516.97,0
7,TRANSFER,302,940065.63,0.0,0.0,4381953.86,5322019.5,0
7,PAYMENT,330,9979.27,519940.21,509960.93,0.0,0.0,0
7,CASH_OUT,376,74897.8,0.0,0.0,110533.83,185431.63,0
7,PAYMENT,588,96107.36,31215.62,0.0,0.0,0.0,0
7,PAYMENT,331,6946.78,1509.0,0.0,0.0,0.0,0
7,PAYMENT,346,5602.36,61581.0,55978.64,0.0,0.0,0
7,CASH_OUT,477,338293.14,338293.14,0.0,4293922.64,4632215.78,1
7,PAYMENT,208,13695.72,143745.2,130049.47,0.0,0.0,0
7,CASH_IN,38,57120.96,1710912.32,1768033.28,1002358.67,945237.71,0
7,CASH_IN,201,299848.64,662960.66,962809.3,758471.72,458623.08,0
7,TRANSFER,46,945131.85,945131.85,0.0,0.0,0.0,1
7,CASH_OUT,21,289288.15,0.0,0.0,849196.47,1138484.62,0
7,PAYMENT,301,29581.22,17504.0,0.0,0.0,0.0,0
7,CASH_IN,45,298356.98,4449391.59,4747748.56,1426377.38,1128020.4,0
7,CASH_IN,334,73494.6,8387789.12,8461283.72,1091175.01,1017680.41,0
7,CASH_IN,130,311311.03,5627001.82,5938312.85,513324.99,202013.96,0
7,CASH_IN,259,148043.68,5865.0,153908.68,5374528.58,5226484.9,0
7,PAYMENT,345,35727.01,0.0,0.0,0.0,0.0,0
7,PAYMENT,129,10807.01,177779.7,166972.69,0.0,0.0,0
7,CASH_OUT,164,50122.54,5568.0,0.0,301099.1,351221.65,0
7,CASH_OUT,332,152175.33,428533.38,276358.04,1822020.48,1974195.81,0
7,CASH_OUT,201,46798.06,270736.0,223937.94,0.0,46798.06,0
7,CASH_OUT,23,93153.0,44377.09,0.0,4640112.78,4733265.78,0
7,CASH_OUT,45,39516.8,11936.0,0.0,0.0,39516.8,0
7,PAYMENT,20,11168.55,0.0,0.0,0.0,0.0,0
7,CASH_OUT,345,525665.13,0.0,0.0,624663.57,1150328.7,0
7,CASH_IN,360,47889.55,11484.0,59373.55,414733.0,366843.45,0
7,TRANSFER,261,619142.42,0.0,0.0,1236347.76,1855490.18,0
7,PAYMENT,534,1399.26,45247.0,43847.74,0.0,0.0,0
7,CASH_OUT,17,272106.22,0.0,0.0,1580734.84,1852841.06,0
7,CASH_OUT,47,238493.53,0.0,0.0,1136754.39,1375247.91,0
7,CASH_IN,353,128938.27,10342.0,139280.27,0.0,0.0,0
7,PAYMENT,667,2005.34,38614.59,36609.25,0.0,0.0,0
7,TRANSFER,293,234673.76,234673.76,0.0,0.0,0.0,1
7,CASH_IN,159,145359.07,8782109.34,8927468.41,10020980.82,9875621.76,0
7,CASH_OUT,321,338515.33,0.0,0.0,348875.61,687390.94,0
7,PAYMENT,331,15235.16,1292.0,0.0,0.0,0.0,0
7,CASH_IN,19,47781.21,198.0,47979.21,290925.57,243144.37,0
7,CASH_OUT,237,168607.34,0.0,0.0,659999.55,828606.89,0
7,CASH_OUT,161,5017.93,0.0,0.0,141725.18,146743.11,0
7,PAYMENT,131,1220.13,0.0,0.0,0.0,0.0,0
7,PAYMENT,34,25972.01,24941.0,0.0,0.0,0.0,0
7,CASH_OUT,232,331935.84,0.0,0.0,552508.44,884444.28,0
7,PAYMENT,191,993.94,12200.0,11206.06,0.0,0.0,0
7,CASH_OUT,133,44475.82,0.0,0.0,4068112.36,4112588.17,0
7,CASH_IN,257,326547.31,80783.0,407330.31,7964.46,0.0,0
7,PAYMENT,279,197.4,25455.0,25257.6,0.0,0.0,0
7,PAYMENT,235,1084.18,293350.11,292265.93,0.0,0.0,0
7,PAYMENT,18,10847.47,0.0,0.0,0.0,0.0,0
7,CASH_OUT,157,82011.38,9983.0,0.0,169062.06,251073.44,0
7,CASH_OUT,331,152566.48,0.0,0.0,2427366.72,2579933.19,0
7,CASH_OUT,139,343402.61,44442.0,0.0,1552269.7,1895672.31,0
7,TRANSFER,380,277078.25,0.0,0.0,1913851.6,2190929.85,0
7,CASH_OUT,354,126480.89,0.0,0.0,142995.2,269476.09,0
7,TRANSFER,181,804307.24,20595.0,0.0,5471741.58,6276048.82,0
7,CASH_OUT,306,175259.64,373621.89,198362.25,1357259.24,1532518.88,0
7,CASH_OUT,256,124164.71,2447.0,0.0,1341617.31,1465782.02,0
7,TRANSFER,402,78746.43,21715.0,0.0,1183533.31,1262279.74,0
7,CASH_OUT,302,281800.95,15745.0,0.0,82636903.57,82918704.52,0
7,CASH_OUT,255,260355.87,0.0,0.0,763754.32,1024110.19,0
7,CASH_IN,187,124358.34,324.0,124682.34,0.0,0.0,0
7,CASH_OUT,18,86454.18,0.0,0.0,379854.91,889002.44,0
7,PAYMENT,332,18108.62,0.0,0.0,0.0,0.0,0
7,TRANSFER,141,137972.58,23022.0,0.0,256410.95,394383.52,0
7,CASH_OUT,373,143124.28,79505.0,0.0,183342.12,326466.4,0
7,PAYMENT,256,12362.76,285.0,0.0,0.0,0.0,0
7,TRANSFER,614,281087.01,281087.01,0.0,0.0,0.0,1
7,TRANSFER,15,452764.02,300270.95,0.0,789092.79,1241856.81,0
7,PAYMENT,355,2494.56,24532.02,22037.46,0.0,0.0,0
7,PAYMENT,12,34041.74,0.0,0.0,0.0,0.0,0
7,PAYMENT,403,22191.2,8294.0,0.0,0.0,0.0,0
7,CASH_OUT,204,287443.1,0.0,0.0,804643.03,1092086.13,0
7,TRANSFER,132,1400472.01,1400472.01,0.0,0.0,0.0,1
7,CASH_IN,12,113043.97,6994733.23,7107777.2,1566707.48,1453663.51,0
7,CASH_IN,14,218813.14,1927095.09,2145908.23,304570.0,51162.11,0
7,CASH_OUT,232,119063.98,17511.0,0.0,0.0,119063.98,0
7,CASH_OUT,163,54075.87,21272.0,0.0,999304.9,1053380.77,0
7,CASH_IN,209,144935.28,3720808.19,3865743.47,1966539.41,1821604.13,0
7,PAYMENT,205,10899.53,0.0,0.0,0.0,0.0,0
7,PAYMENT,131,36501.43,24629.91,0.0,0.0,0.0,0
7,TRANSFER,36,22331.98,0.0,0.0,2460516.96,2229391.06,0
7,CASH_IN,208,141462.9,4632829.49,4774292.39,3036997.45,2895534.55,0
7,CASH_OUT,36,146212.3,0.0,0.0,2536230.03,2682442.33,0
7,CASH_OUT,131,25238.23,0.0,0.0,746816.4,772054.63,0
7,PAYMENT,18,7570.65,13377.0,5806.35,0.0,0.0,0
7,CASH_OUT,162,381997.83,114097.0,0.0,105763.99,487761.82,0
7,TRANSFER,226,2484982.84,0.0,0.0,2755392.3,5240375.14,0
7,PAYMENT,132,9852.98,0.0,0.0,0.0,0.0,0
7,CASH_OUT,163,35235.5,20432.0,0.0,34029.99,69265.49,0
7,PAYMENT,158,7263.19,36523.0,29259.81,0.0,0.0,0
7,PAYMENT,300,1314.15,0.0,0.0,0.0,0.0,0
7,CASH_OUT,187,22537.17,328650.72,306113.56,533003.11,555540.28,0
7,PAYMENT,329,18121.39,0.0,0.0,0.0,0.0,0
7,CASH_IN,131,49582.45,11530002.31,11579584.76,220278.28,170695.84,0
7,PAYMENT,260,4849.33,14684.0,9834.67,0.0,0.0,0
7,PAYMENT,398,27439.4,72284.0,44844.6,0.0,0.0,0
7,CASH_OUT,353,28275.08,118315.0,90039.92,1745733.14,1774008.21,0
7,CASH_OUT,137,194411.2,17324.0,0.0,1355419.14,1549830.34,0
7,CASH_OUT,13,32342.61,0.0,0.0,53293.3,85635.91,0
7,CASH_IN,162,229247.94,269790.36,499038.3,0.0,0.0,0
7,PAYMENT,33,6678.41,69439.0,62760.59,0.0,0.0,0
7,CASH_IN,398,369055.52,11770.0,380825.52,0.0,0.0,0
7,CASH_OUT,304,156262.69,22404.0,0.0,51135.26,207397.95,0
7,PAYMENT,378,983.66,510047.88,509064.22,0.0,0.0,0
7,CASH_OUT,192,306213.63,306213.63,0.0,1489690.35,1795903.98,1
7,CASH_OUT,20,69015.05,0.0,0.0,2538329.63,2418716.86,0
7,PAYMENT,130,44538.7,10635.0,0.0,0.0,0.0,0
7,CASH_OUT,205,112407.42,21499.0,0.0,0.0,112407.42,0
7,PAYMENT,299,11504.45,0.0,0.0,0.0,0.0,0
7,PAYMENT,9,3790.63,31.0,0.0,0.0,0.0,0
7,PAYMENT,162,1520.96,229723.52,228202.56,0.0,0.0,0
7,PAYMENT,356,11516.45,20150.0,8633.55,0.0,0.0,0
7,CASH_OUT,202,383027.45,0.0,0.0,26428826.86,26811854.31,0
7,TRANSFER,300,794421.26,794421.26,0.0,0.0,0.0,1
7,CASH_IN,40,79797.15,11559973.89,11639771.04,176041.75,96244.6,0
7,CASH_IN,332,89301.27,4617502.81,4706804.08,120590.37,31289.1,0
7,CASH_OUT,281,88728.26,0.0,0.0,782620.5,871348.76,0
7,TRANSFER,140,1435218.2,0.0,0.0,1748154.65,3183372.85,0
7,CASH_OUT,307,44382.64,136059.0,91676.36,0.0,44382.64,0
7,CASH_OUT,132,188235.61,0.0,0.0,323226.71,1171209.89,0
7,TRANSFER,514,148144.7,457767.53,309622.83,4443040.7,4591185.4,0
7,CASH_OUT,509,40836.05,40836.05,0.0,1125471.43,1166307.48,1
7,CASH_IN,189,155832.23,0.0,155832.23,370061.13,214228.89,0
7,PAYMENT,15,9486.37,348480.24,338993.87,0.0,0.0,0
7,CASH_OUT,523,4623764.68,4623764.68,0.0,0.0,4623764.68,1
7,CASH_IN,13,137839.22,3914713.88,4052553.1,288112.13,150272.9,0
7,CASH_OUT,256,179814.84,52234.0,0.0,979264.45,1159079.29,0
7,TRANSFER,253,470061.16,0.0,0.0,1203379.09,1673440.26,0
7,PAYMENT,374,14867.49,7614.0,0.0,0.0,0.0,0
7,CASH_OUT,325,305639.93,20884.0,0.0,390973.78,696613.72,0
7,PAYMENT,239,2177.51,1113.0,0.0,0.0,0.0,0
7,CASH_OUT,396,85993.55,53795.81,0.0,245234.81,331228.37,0
7,PAYMENT,212,11185.55,40477.67,29292.11,0.0,0.0,0
7,CASH_OUT,275,56827.12,0.0,0.0,115481.71,172308.83,0
7,CASH_OUT,274,86704.49,15842.0,0.0,375954.64,462659.13,0
7,PAYMENT,135,15177.78,49977.0,34799.22,0.0,0.0,0
7,CASH_OUT,35,48357.22,61683.0,13325.78,7303.51,55660.72,0
7,PAYMENT,308,26506.81,0.0,0.0,0.0,0.0,0
7,TRANSFER,516,10000000.0,12625132.51,2625132.51,0.0,0.0,1
7,CASH_OUT,249,102804.83,0.0,0.0,957952.53,1060757.36,0
7,TRANSFER,131,610429.81,9848.0,0.0,53666.57,664096.38,0
7,CASH_IN,373,190313.02,0.0,190313.02,2337183.42,2146870.4,0
7,PAYMENT,354,997.38,23312.46,22315.08,0.0,0.0,0
7,CASH_OUT,182,300157.19,8558.0,0.0,2715733.68,3015890.86,0
7,CASH_OUT,154,184743.97,0.0,0.0,354616.16,539360.13,0
7,TRANSFER,332,509243.99,0.0,0.0,934617.37,1443861.36,0
7,PAYMENT,329,456.13,538790.98,538334.86,0.0,0.0,0
7,CASH_IN,691,274559.06,5002.0,279561.06,173437.92,0.0,0
7,CASH_OUT,51,1170282.92,1170282.92,0.0,173264.14,1343547.06,1
7,CASH_OUT,302,106781.01,549015.0,442233.99,1235898.58,1342679.59,0
7,PAYMENT,154,7358.82,10673.0,3314.18,0.0,0.0,0
7,TRANSFER,211,497928.69,0.0,0.0,4753767.17,5251695.86,0
7,TRANSFER,401,1806516.34,1806516.34,0.0,0.0,0.0,1
7,CASH_OUT,135,5808.34,25519.0,19710.66,142942.36,148750.69,0
7,CASH_OUT,136,274684.42,0.0,0.0,2645137.62,2919822.04,0
7,CASH_IN,212,269594.53,1137266.04,1406860.57,6598411.2,6110973.53,0
7,CASH_OUT,308,67230.38,0.0,0.0,408591.29,475821.67,0
7,PAYMENT,356,3714.53,0.0,0.0,0.0,0.0,0
7,CASH_OUT,20,381572.24,0.0,0.0,2024407.3,2405979.54,0
7,CASH_OUT,595,268176.64,10406.0,0.0,50121.68,401477.69,0
7,CASH_OUT,305,71658.21,41466.0,0.0,3686566.3,3758224.51,0
7,CASH_IN,399,239954.85,17373893.81,17613848.66,7805506.02,7565551.18,0
7,PAYMENT,331,4045.58,361430.4,357384.82,0.0,0.0,0
7,TRANSFER,540,298312.97,0.0,0.0,1667858.86,1966171.83,0
7,PAYMENT,329,79.62,0.0,0.0,0.0,0.0,0
7,CASH_OUT,307,68141.93,32104.0,0.0,0.0,68141.93,0
7,CASH_IN,254,104914.96,334043.83,438958.79,123425.24,18510.28,0
7,CASH_OUT,347,84550.18,659810.0,575259.82,76251.46,160801.64,0
7,TRANSFER,323,204065.17,0.0,0.0,2014617.34,2225198.39,0
7,CASH_OUT,43,46522.75,11432.0,0.0,9776162.85,9512577.09,0
7,CASH_IN,302,136520.88,7688159.51,7824680.39,3510077.3,3373556.42,0
7,CASH_OUT,15,108414.94,51199.0,0.0,44928.0,0.0,0
7,PAYMENT,188,8214.81,41242.62,33027.82,0.0,0.0,0
7,CASH_IN,188,215201.31,11410.0,226611.31,91730.22,0.0,0
7,PAYMENT,20,6451.08,0.0,0.0,0.0,0.0,0
7,CASH_OUT,548,129696.33,254283.0,124586.67,184751.96,314448.29,0
7,TRANSFER,12,483427.07,0.0,0.0,12881007.13,13613352.47,0
7,PAYMENT,307,8936.57,1350.0,0.0,0.0,0.0,0
7,PAYMENT,190,9098.03,28.0,0.0,0.0,0.0,0
7,CASH_IN,14,94173.82,6629671.65,6723845.47,2075750.51,2773224.92,0
7,PAYMENT,16,183.95,10676.0,10492.05,0.0,0.0,0
7,CASH_OUT,370,104792.43,24536.0,0.0,691568.86,796361.3,0
7,PAYMENT,190,6300.09,9661.32,3361.24,0.0,0.0,0
7,TRANSFER,308,1196673.08,25274.0,0.0,751487.68,1948160.76,0
7,CASH_IN,331,163147.19,300403.0,463550.19,510700.64,347553.45,0
7,CASH_OUT,16,196544.16,20202.0,0.0,45920.3,275546.72,0
7,CASH_IN,277,102961.86,19815861.87,19918823.72,1664614.63,1561652.77,0
7,CASH_IN,377,82526.1,136672.0,219198.1,53801.29,0.0,0
7,CASH_OUT,622,165547.54,165547.54,0.0,0.0,165547.54,1
7,PAYMENT,324,943.91,61274.0,60330.09,0.0,0.0,0
7,PAYMENT,237,3634.16,108361.31,104727.16,0.0,0.0,0
7,CASH_IN,185,399604.32,74479.0,474083.32,0.0,0.0,0
7,CASH_OUT,153,37819.64,0.0,0.0,340289.95,378109.59,0
7,DEBIT,327,13010.72,0.0,0.0,288187.94,301198.66,0
7,TRANSFER,349,737915.84,108510.0,0.0,73227.2,811143.04,0
7,PAYMENT,159,9341.24,37318.22,27976.98,0.0,0.0,0
7,CASH_IN,300,369121.59,94.0,369215.59,1645046.62,1275925.03,0
7,TRANSFER,235,31094.24,0.0,0.0,1318634.0,1349728.24,0
7,CASH_OUT,227,404079.71,16949.0,0.0,101728.82,534343.71,0
7,CASH_IN,356,187009.0,5515146.29,5702155.3,331550.06,144541.06,0
7,CASH_IN,256,133979.99,60223.0,194202.99,81538.06,0.0,0
7,CASH_OUT,187,105.53,0.0,0.0,2001712.83,2001818.37,0
7,TRANSFER,617,621034.85,621034.85,0.0,0.0,0.0,1
7,TRANSFER,409,10000000.0,11018800.91,1018800.91,0.0,0.0,1
7,PAYMENT,22,9710.54,285.0,0.0,0.0,0.0,0
7,CASH_OUT,349,40419.99,0.0,0.0,434751.63,475171.62,0
7,PAYMENT,164,31277.38,11551.0,0.0,0.0,0.0,0
7,CASH_OUT,332,279743.21,21014.0,0.0,0.0,279743.21,0
7,CASH_OUT,374,199432.95,0.0,0.0,1018510.01,1217942.95,0
7,CASH_OUT,188,74459.67,735529.0,661069.33,23016.7,113865.84,0
7,TRANSFER,263,645840.87,0.0,0.0,787100.78,1432941.66,0
7,CASH_OUT,212,279913.77,0.0,0.0,389652.4,791821.26,0
7,CASH_OUT,259,64446.05,1822.0,0.0,23977.65,88423.7,0
7,CASH_OUT,131,102585.06,0.0,0.0,129512.43,404986.74,0
7,PAYMENT,134,9949.66,68974.0,59024.34,0.0,0.0,0
7,TRANSFER,138,372938.63,0.0,0.0,1225484.44,1598423.07,0
7,PAYMENT,10,5204.17,0.0,0.0,0.0,0.0,0
7,CASH_OUT,44,161725.98,0.0,0.0,912438.31,1074164.29,0
7,PAYMENT,203,14706.26,9706.0,0.0,0.0,0.0,0
7,PAYMENT,203,5859.52,0.0,0.0,0.0,0.0,0
7,PAYMENT,156,6501.21,1436.46,0.0,0.0,0.0,0
7,TRANSFER,227,909334.44,0.0,0.0,2167148.88,3076483.33,0
7,PAYMENT,155,5677.48,0.0,0.0,0.0,0.0,0
7,CASH_IN,189,5705.37,2554893.05,2560598.43,247865.25,242159.88,0
7,TRANSFER,7,386540.33,21374.0,0.0,19818.0,854916.91,0
7,PAYMENT,380,20896.22,10247.0,0.0,0.0,0.0,0
7,PAYMENT,20,8974.87,92362.57,83387.7,0.0,0.0,0
7,PAYMENT,39,2088.91,5670.0,3581.09,0.0,0.0,0
7,CASH_IN,164,432375.4,13715024.79,14147400.19,439164.09,6788.68,0
7,DEBIT,330,3723.58,0.0,0.0,84836.63,88560.22,0
7,PAYMENT,16,13304.29,0.0,0.0,0.0,0.0,0
7,CASH_IN,324,159912.57,680272.99,840185.56,427230.8,267318.22,0
7,CASH_OUT,211,109424.91,0.0,0.0,396255.78,505680.69,0
7,PAYMENT,184,44381.94,440742.59,396360.65,0.0,0.0,0
7,PAYMENT,95,4311.04,323494.15,319183.1,0.0,0.0,0
7,TRANSFER,334,240762.39,165149.0,0.0,21039.44,261801.83,0
7,PAYMENT,356,8255.16,9612.56,1357.4,0.0,0.0,0
7,CASH_OUT,422,40591.72,40591.72,0.0,276257.36,316849.08,1
7,CASH_IN,307,204913.46,1005879.37,1210792.83,1992912.65,1787999.19,0
7,PAYMENT,129,6519.23,298546.0,292026.77,0.0,0.0,0
7,PAYMENT,204,5033.76,1339.0,0.0,0.0,0.0,0
7,PAYMENT,12,13807.43,69538.32,55730.88,0.0,0.0,0
7,CASH_OUT,330,1031608.37,1031608.37,0.0,0.0,1031608.37,1
7,CASH_OUT,687,458845.55,458845.55,0.0,388945.59,847791.14,1
7,PAYMENT,210,1860.39,0.0,0.0,0.0,0.0,0
7,PAYMENT,349,10861.08,0.0,0.0,0.0,0.0,0
7,PAYMENT,303,3176.75,0.0,0.0,0.0,0.0,0
7,PAYMENT,402,21850.94,0.0,0.0,0.0,0.0,0
7,CASH_OUT,166,174870.03,21075.0,0.0,0.0,174870.03,0
7,CASH_OUT,14,130534.44,1371916.54,1241382.1,166284.34,720173.64,0
7,PAYMENT,37,43769.29,586.0,0.0,0.0,0.0,0
7,PAYMENT,596,1413.67,0.0,0.0,0.0,0.0,0
7,CASH_IN,589,2133.23,3505985.43,3508118.66,277894.98,275761.75,0
7,PAYMENT,40,6338.77,63522.0,57183.23,0.0,0.0,0
7,PAYMENT,621,1718.71,29110.0,27391.29,0.0,0.0,0
7,CASH_IN,135,106.43,3105890.88,3105997.31,819639.51,819533.08,0
7,CASH_OUT,399,77710.4,77710.4,0.0,11181435.26,11259145.67,1
7,CASH_OUT,187,70114.18,707232.0,637117.82,0.0,70114.18,0
7,TRANSFER,136,3263443.15,3263443.15,0.0,0.0,0.0,1
7,CASH_OUT,24,166740.79,0.0,0.0,3225727.19,3392467.98,0
7,CASH_OUT,299,283961.22,110.0,0.0,79936.06,363897.28,0
7,CASH_OUT,279,281591.62,12568.0,0.0,44252.53,325844.15,0
7,CASH_OUT,41,110145.19,0.0,0.0,7330952.92,7441098.11,0
7,CASH_IN,405,254564.19,5929839.34,6184403.53,514267.68,259703.49,0
7,CASH_OUT,184,188357.44,0.0,0.0,4844591.18,5032948.62,0
7,TRANSFER,44,155449.74,0.0,0.0,759137.41,914587.15,0
7,PAYMENT,283,4269.26,98236.0,93966.74,0.0,0.0,0
7,PAYMENT,34,5693.13,305700.74,300007.61,0.0,0.0,0
7,PAYMENT,19,7007.66,2460.0,0.0,0.0,0.0,0
7,CASH_OUT,394,457447.75,95611.0,0.0,888852.55,1346300.3,0
7,CASH_OUT,327,160807.31,0.0,0.0,1700368.35,1861175.66,0
7,PAYMENT,304,54470.84,0.0,0.0,0.0,0.0,0
7,CASH_OUT,349,977805.62,977805.62,0.0,0.0,977805.62,1
7,CASH_IN,10,102307.37,3033424.99,3135732.35,1071941.83,675550.68,0
7,PAYMENT,357,4908.75,90880.0,85971.25,0.0,0.0,0
7,CASH_OUT,251,28.87,36776.0,36747.13,31928.95,31957.82,0
7,PAYMENT,551,4983.0,20721.0,15738.0,0.0,0.0,0
7,TRANSFER,306,2846575.42,0.0,0.0,6236171.47,9082746.89,0
7,TRANSFER,104,803794.53,803794.53,0.0,0.0,0.0,1
7,CASH_IN,119,88890.18,8966363.54,9055253.72,112471.19,23581.01,0
7,CASH_IN,373,259350.93,9086.0,268436.93,0.0,0.0,0
7,CASH_OUT,161,38031.55,0.0,0.0,289859.44,515033.38,0
7,CASH_OUT,37,175994.66,0.0,0.0,3251296.9,4373515.29,0
7,PAYMENT,288,21425.24,0.0,0.0,0.0,0.0,0
7,CASH_OUT,357,34184.07,0.0,0.0,182166.9,216350.97,0
7,CASH_OUT,138,396058.0,0.0,0.0,549866.0,945924.01,0
7,CASH_OUT,204,351290.31,19557.0,0.0,0.0,351290.31,0
7,CASH_OUT,403,341125.84,12011.0,0.0,173399.56,514525.39,0
7,CASH_IN,181,86079.64,2028797.66,2114877.3,4399206.28,4313126.65,0
7,CASH_IN,204,137164.9,904.0,138068.9,0.0,0.0,0
7,CASH_IN,38,374691.74,7421036.14,7795727.88,591009.23,216317.49,0
7,CASH_OUT,370,123171.15,0.0,0.0,5932825.91,6055997.05,0
7,PAYMENT,351,9115.61,392.0,0.0,0.0,0.0,0
7,CASH_OUT,205,68693.07,99493.0,30799.93,0.0,68693.07,0
7,CASH_IN,399,3377.5,232.0,3609.5,100420.76,97043.26,0
7,CASH_OUT,235,4814.69,4814.69,0.0,0.0,4814.69,1
7,CASH_IN,330,399786.34,16162.0,415948.34,167493.92,0.0,0
7,CASH_OUT,398,242493.11,0.0,0.0,540760.33,783253.43,0
7,PAYMENT,278,4488.58,10731.0,6242.42,0.0,0.0,0
7,CASH_IN,546,96643.3,113478.0,210121.3,0.0,0.0,0
7,CASH_OUT,278,267560.35,0.0,0.0,703663.94,971224.29,0
7,CASH_IN,286,182585.86,5084.0,187669.86,0.0,0.0,0
7,CASH_OUT,399,121579.38,0.0,0.0,896982.12,1018561.5,0
7,CASH_OUT,204,30390.52,0.0,0.0,5524166.28,5554556.8,0
7,CASH_OUT,251,163978.66,0.0,0.0,1921654.47,2085633.13,0
7,PAYMENT,164,19678.72,329793.01,310114.29,0.0,0.0,0
7,CASH_OUT,394,7357.94,0.0,0.0,9998887.75,10006245.69,0
7,PAYMENT,346,16018.31,0.0,0.0,0.0,0.0,0
7,PAYMENT,235,14239.29,215195.0,200955.71,0.0,0.0,0
7,TRANSFER,194,21741.36,21741.36,0.0,0.0,0.0,1
7,CASH_IN,202,102749.93,4126729.78,4229479.71,472267.93,369518.0,0
7,TRANSFER,279,782216.71,0.0,0.0,982162.8,1764379.51,0
7,PAYMENT,356,18738.01,20392.0,1653.99,0.0,0.0,0
7,CASH_IN,180,196077.68,2314154.58,2510232.26,872101.95,676024.27,0
7,PAYMENT,154,9675.91,21076.0,11400.09,0.0,0.0,0
7,TRANSFER,492,1580168.44,0.0,0.0,2890937.63,4471106.07,0
7,CASH_OUT,369,209190.57,11100.0,0.0,0.0,209190.57,0
7,PAYMENT,18,41859.46,21299.0,0.0,0.0,0.0,0
7,PAYMENT,143,18858.72,30998.0,12139.28,0.0,0.0,0
7,CASH_IN,323,173113.47,4587120.36,4760233.83,5038124.73,4865011.26,0
7,CASH_IN,400,194766.77,173.0,194939.77,9226.04,0.0,0
7,CASH_OUT,35,121180.55,0.0,0.0,630330.4,751510.96,0
7,CASH_OUT,14,97560.77,2519.0,0.0,0.0,125577.41,0
7,CASH_IN,17,357453.75,53687.0,411140.75,0.0,1020691.8,0
7,PAYMENT,130,4522.41,22089.0,17566.59,0.0,0.0,0
7,CASH_OUT,14,184613.71,0.0,0.0,2011321.31,2402492.5,0
7,CASH_IN,278,212006.88,5609559.07,5821565.96,10301458.98,10089452.09,0
7,CASH_OUT,17,3690.09,538260.0,534569.91,0.0,23542.35,0
7,PAYMENT,208,3897.86,89509.51,85611.65,0.0,0.0,0
7,CASH_OUT,403,34217.29,0.0,0.0,560897.79,595115.08,0
7,PAYMENT,204,33951.4,0.0,0.0,0.0,0.0,0
7,TRANSFER,401,899002.94,0.0,0.0,1473489.8,2372492.74,0
7,PAYMENT,39,2644.23,0.0,0.0,0.0,0.0,0
7,CASH_OUT,206,348788.3,106489.0,0.0,388297.21,737085.52,0
7,CASH_OUT,467,171623.1,171623.1,0.0,76632.01,248255.12,1
7,CASH_OUT,144,612743.87,612743.87,0.0,311807.53,924551.41,1
7,CASH_OUT,474,1165171.47,1165171.47,0.0,371852.42,1537023.88,1
7,CASH_IN,585,103937.02,2198037.78,2301974.79,6047737.95,5943800.93,0
7,PAYMENT,186,54237.32,20098.0,0.0,0.0,0.0,0
7,CASH_OUT,211,85237.43,0.0,0.0,1826318.3,1985681.69,0
7,CASH_IN,18,287747.25,400640.65,688387.91,389893.66,102146.41,0
7,PAYMENT,375,13761.42,3106.0,0.0,0.0,0.0,0
7,CASH_IN,328,34499.13,7021428.67,7055927.8,66066.89,31567.76,0
7,CASH_OUT,214,115995.44,392305.0,276309.56,0.0,115995.44,0
7,PAYMENT,299,9306.1,20461.42,11155.32,0.0,0.0,0
7,CASH_OUT,240,297392.33,86210.0,0.0,71593.91,368986.23,0
7,CASH_OUT,161,159278.56,0.0,0.0,5594976.45,5754255.01,0
7,CASH_OUT,688,735329.1,735329.1,0.0,0.0,735329.1,1
7,PAYMENT,140,6189.33,0.0,0.0,0.0,0.0,0
7,PAYMENT,20,2104.12,104669.8,102565.67,0.0,0.0,0
7,TRANSFER,95,115168.91,420978.0,305809.09,342504.29,457673.2,0
7,PAYMENT,40,4449.57,136110.92,131661.35,0.0,0.0,0
7,CASH_IN,211,191580.71,4019830.85,4211411.56,399139.93,207559.22,0
7,CASH_OUT,146,187900.18,0.0,0.0,753450.23,941350.41,0
7,TRANSFER,495,296940.32,296940.32,0.0,0.0,0.0,1
7,CASH_OUT,137,388503.38,0.0,0.0,1960149.12,2348652.5,0
7,CASH_IN,211,64925.36,7157231.79,7222157.15,4424410.26,4359484.9,0
7,CASH_OUT,239,154199.68,6474.0,0.0,662997.14,817196.82,0
7,CASH_IN,255,247993.74,2066291.38,2314285.12,283012.88,35019.14,0
7,CASH_IN,326,80714.63,3404469.66,3485184.28,227284.15,146569.52,0
7,CASH_OUT,309,187071.75,133440.0,0.0,0.0,187071.75,0
7,CASH_IN,285,89749.81,4447590.8,4537340.61,845183.65,755433.84,0
7,PAYMENT,351,20046.66,129136.0,109089.34,0.0,0.0,0
7,PAYMENT,347,990.09,0.0,0.0,0.0,0.0,0
7,CASH_OUT,305,218149.29,0.0,0.0,1276577.68,1494726.97,0
7,TRANSFER,261,200301.94,467449.86,267147.93,1901917.29,2102219.22,0
7,PAYMENT,402,7057.61,304011.0,296953.39,0.0,0.0,0
7,CASH_IN,348,81942.62,26198.0,108140.62,2352140.85,2270198.23,0
7,CASH_IN,420,67468.5,2071085.3,2138553.79,160815.08,93346.59,0
7,PAYMENT,201,15284.75,61442.0,46157.25,0.0,0.0,0
7,PAYMENT,228,13664.51,0.0,0.0,0.0,0.0,0
7,CASH_OUT,514,21688.33,0.0,0.0,22811.01,44499.34,0
7,CASH_OUT,356,136194.64,0.0,0.0,626571.72,762766.36,0
7,CASH_OUT,284,87170.51,59634.0,0.0,0.0,87170.51,0
7,PAYMENT,380,26061.56,5443.0,0.0,0.0,0.0,0
7,PAYMENT,46,113.64,125723.24,125609.6,0.0,0.0,0
7,CASH_OUT,373,7149.86,81554.0,74404.14,0.0,7149.86,0
7,CASH_OUT,274,188441.76,188441.76,0.0,7551194.23,7739635.99,1
7,TRANSFER,365,93581.19,93581.19,0.0,0.0,0.0,1
7,PAYMENT,47,1493.0,8045.0,6552.0,0.0,0.0,0
7,CASH_OUT,16,45451.44,164725.0,119273.56,758723.69,668481.16,0
7,CASH_OUT,186,88603.66,86906.0,0.0,189164.09,277767.75,0
7,PAYMENT,43,23173.28,142940.07,119766.79,0.0,0.0,0
7,PAYMENT,225,31014.55,42802.0,11787.45,0.0,0.0,0
7,PAYMENT,136,1465.71,183633.0,182167.29,0.0,0.0,0
7,CASH_OUT,403,56626.82,383449.61,326822.79,171651.65,228278.47,0
7,CASH_IN,181,138326.93,16513794.82,16652121.75,826053.1,816927.85,0
7,PAYMENT,352,449.05,0.0,0.0,0.0,0.0,0
7,CASH_OUT,36,76473.45,89518.0,13044.55,468615.87,349004.18,0
7,CASH_IN,177,284440.94,7497034.32,7781475.25,290244.63,5803.7,0
7,PAYMENT,37,10234.09,132.0,0.0,0.0,0.0,0
7,CASH_OUT,107,204675.48,204675.48,0.0,109380.43,314055.91,1
7,TRANSFER,19,489725.0,0.0,0.0,0.0,489725.0,0
7,CASH_OUT,206,2660.92,98145.0,95484.08,1245092.37,1213379.88,0
7,CASH_IN,165,194326.68,668.0,194994.68,15251.7,0.0,0
7,CASH_IN,133,287917.9,3454.0,291371.9,71700.42,0.0,0
7,CASH_IN,235,44567.47,84291.0,128858.47,1663189.8,1618622.33,0
7,CASH_OUT,327,109101.09,222.0,0.0,2514867.9,2623968.99,0
7,TRANSFER,35,1414082.82,0.0,0.0,15920767.04,17334849.85,0
7,PAYMENT,217,3477.0,13907.0,10430.0,0.0,0.0,0
7,CASH_IN,302,18561.75,4537778.37,4556340.12,112498.15,93936.4,0
7,CASH_OUT,259,199199.74,12739.0,0.0,117875.76,317075.5,0
7,PAYMENT,134,18640.61,208918.0,190277.39,0.0,0.0,0
7,CASH_OUT,566,1828.6,1828.6,0.0,615881.78,617710.37,1
7,PAYMENT,260,1816.05,32595.0,30778.95,0.0,0.0,0
7,CASH_OUT,225,69875.63,35802.99,0.0,205936.48,275812.12,0
7,CASH_OUT,544,362899.35,63.0,0.0,1289.72,364189.07,0
7,PAYMENT,189,14711.47,133840.0,119128.53,0.0,0.0,0
7,PAYMENT,141,27311.69,51758.78,24447.08,0.0,0.0,0
7,TRANSFER,17,588982.03,0.0,0.0,919550.3,1508532.34,0
7,TRANSFER,106,219489.62,219489.62,0.0,0.0,0.0,1
7,CASH_OUT,235,52991.86,0.0,0.0,2276458.75,2329450.6,0
7,PAYMENT,493,23661.3,2683.0,0.0,0.0,0.0,0
7,CASH_IN,203,227214.93,17209.0,244423.93,0.0,0.0,0
7,CASH_OUT,307,12783.5,22243.0,9459.5,0.0,12783.5,0
7,CASH_OUT,282,146471.54,0.0,0.0,1623094.51,1769566.06,0
7,CASH_OUT,94,596944.38,0.0,0.0,1715196.29,2312140.67,0
7,PAYMENT,350,1157.37,21553.39,20396.02,0.0,0.0,0
7,CASH_IN,400,61457.19,15585538.45,15646995.64,5670428.16,5608970.97,0
7,TRANSFER,38,262547.31,0.0,0.0,2389366.2,2651913.51,0
7,CASH_IN,377,56552.83,3164505.35,3221058.17,1069760.62,1013207.79,0
7,CASH_OUT,251,434162.41,0.0,0.0,1490761.52,1924923.93,0
7,TRANSFER,542,353797.97,0.0,0.0,3342369.15,3696167.12,0
7,CASH_OUT,252,600996.01,0.0,0.0,3029395.48,3630391.49,0
7,CASH_OUT,522,177976.1,145509.0,0.0,0.0,177976.1,0
7,CASH_OUT,227,660532.33,0.0,0.0,7918171.31,8578703.64,0
7,PAYMENT,349,26889.59,0.0,0.0,0.0,0.0,0
7,TRANSFER,309,1058380.01,0.0,0.0,2585078.61,3643458.62,0
7,CASH_IN,282,59863.05,137.0,60000.05,966764.8,906901.75,0
7,PAYMENT,399,18552.08,0.0,0.0,0.0,0.0,0
7,CASH_IN,42,140460.49,104269.0,244729.49,672226.23,531765.75,0
7,CASH_IN,93,118319.49,245233.0,363552.49,2038510.53,1920191.04,0
7,CASH_OUT,290,3275.33,3275.33,0.0,14224439.72,14227715.04,1
7,CASH_IN,240,153336.73,281717.0,435053.73,301124.98,147788.25,0
7,CASH_OUT,102,1076739.91,1076739.91,0.0,2186542.64,3263282.55,1
7,PAYMENT,47,1879.48,364711.0,362831.52,0.0,0.0,0
7,CASH_IN,353,61540.67,21656.0,83196.67,0.0,0.0,0
7,CASH_IN,202,177171.63,2528354.23,2705525.86,1923445.7,1746274.07,0
7,PAYMENT,139,4408.39,0.0,0.0,0.0,0.0,0
7,TRANSFER,86,21829.31,21829.31,0.0,0.0,0.0,1
7,CASH_OUT,283,262700.99,0.0,0.0,476109.6,738810.59,0
7,CASH_OUT,16,370769.99,20874.0,0.0,0.0,353859.81,0
7,CASH_OUT,308,296385.71,0.0,0.0,6442103.9,6738489.61,0
7,CASH_IN,345,150225.14,201693.0,351918.14,0.0,0.0,0
7,CASH_IN,154,168451.7,277181.0,445632.7,2885747.53,2717295.83,0
7,CASH_IN,282,136203.54,2873844.21,3010047.75,2182817.94,2046614.4,0
7,CASH_OUT,169,310712.71,310712.71,0.0,0.0,310712.71,1
7,TRANSFER,16,547116.25,0.0,0.0,4108910.04,5029427.27,0
7,CASH_OUT,401,188716.37,0.0,0.0,1022462.0,1211178.36,0
7,CASH_OUT,348,143401.71,39697.0,0.0,474184.46,617586.17,0
7,CASH_OUT,238,65091.34,65091.34,0.0,0.0,65091.34,1
7,CASH_OUT,322,215771.26,41468.52,0.0,697915.85,913687.11,0
7,PAYMENT,253,6489.79,32118.73,25628.94,0.0,0.0,0
7,TRANSFER,82,1534985.07,1534985.07,0.0,0.0,0.0,1
7,CASH_OUT,327,120908.85,2664.0,0.0,740758.84,861667.69,0
7,CASH_IN,165,104859.74,122260.0,227119.74,79387.71,0.0,0
7,PAYMENT,167,3623.13,12626.69,9003.55,0.0,0.0,0
7,CASH_OUT,127,701707.89,701707.89,0.0,3010281.05,3711988.94,1
7,PAYMENT,134,40764.81,17875.09,0.0,0.0,0.0,0
7,CASH_OUT,451,10199.99,0.0,0.0,207297.95,217497.95,0
7,CASH_OUT,161,79576.19,106310.0,26733.81,566576.95,646153.14,0
7,CASH_OUT,322,147932.48,0.0,0.0,1208961.41,1356893.89,0
7,CASH_OUT,710,23134.17,23134.17,0.0,0.0,23134.17,1
7,TRANSFER,78,178569.48,178569.48,0.0,0.0,0.0,1
7,CASH_OUT,138,52257.92,0.0,0.0,6480402.36,6532660.28,0
7,CASH_OUT,20,57011.68,0.0,0.0,4454679.31,4511690.99,0
7,TRANSFER,374,1390426.97,0.0,0.0,1507406.93,2897833.9,0
7,CASH_OUT,298,110298.64,0.0,0.0,119301.18,229599.82,0
7,CASH_OUT,567,195567.56,21856.0,0.0,103116.2,298683.77,0
7,CASH_IN,185,162102.15,4655734.22,4817836.37,321152.32,159050.17,0
7,CASH_OUT,739,176549.59,176549.59,0.0,409531.17,586080.76,1
7,CASH_IN,324,91461.21,29665.0,121126.21,132843.73,41382.52,0
8,CASH_IN,661,204291.47,65242.0,269533.47,0.0,0.0,0
8,CASH_OUT,281,297696.62,0.0,0.0,821958.34,1119654.96,0
8,PAYMENT,396,11447.86,27518.69,16070.83,0.0,0.0,0
8,PAYMENT,212,4447.34,1627.0,0.0,0.0,0.0,0
8,CASH_IN,180,129493.13,24651161.84,24780654.97,484431.39,354938.26,0
8,CASH_OUT,184,353413.66,0.0,0.0,1724464.02,2314397.78,0
8,CASH_IN,202,49528.21,51472.0,101000.21,7941478.21,7891950.0,0
8,CASH_OUT,156,372407.49,13873.0,0.0,0.0,372407.49,0
8,CASH_OUT,138,66996.03,71666.0,4669.97,304450.85,709637.03,0
8,PAYMENT,43,2273.28,11295.0,9021.72,0.0,0.0,0
8,CASH_OUT,160,431161.8,11084.0,0.0,776747.16,1207908.96,0
8,PAYMENT,177,1306.0,67.0,0.0,0.0,0.0,0
8,PAYMENT,158,2229.01,563.0,0.0,0.0,0.0,0
8,PAYMENT,381,3867.23,70561.0,66693.77,0.0,0.0,0
8,PAYMENT,36,42514.53,185477.0,142962.47,0.0,0.0,0
8,CASH_OUT,19,131537.5,31467.0,0.0,0.0,220008.29,0
8,PAYMENT,610,6586.1,21294.0,14707.9,0.0,0.0,0
8,PAYMENT,281,2293.91,0.0,0.0,0.0,0.0,0
8,PAYMENT,256,9628.72,22931.0,13302.28,0.0,0.0,0
8,PAYMENT,278,8333.26,58983.0,50649.74,0.0,0.0,0
8,CASH_OUT,334,83489.15,0.0,0.0,369219.8,452708.96,0
8,PAYMENT,353,14531.48,0.0,0.0,0.0,0.0,0
8,CASH_IN,308,228056.6,328342.91,556399.5,3354250.88,3126194.29,0
8,PAYMENT,378,10841.88,356141.63,345299.75,0.0,0.0,0
8,PAYMENT,179,3404.6,107.0,0.0,0.0,0.0,0
8,CASH_IN,164,160360.3,2893638.97,3053999.27,278455.23,118094.93,0
8,PAYMENT,395,39337.99,61434.0,22096.01,0.0,0.0,0
8,CASH_OUT,304,189089.7,0.0,0.0,236473.03,425562.73,0
8,CASH_OUT,202,267463.09,0.0,0.0,1754351.61,2021814.69,0
8,CASH_OUT,199,80885.48,80885.48,0.0,756653.51,837538.99,1
8,CASH_OUT,134,324230.14,25000.0,0.0,357541.12,681771.26,0
8,TRANSFER,574,495565.77,30397.0,0.0,0.0,495565.77,0
8,CASH_IN,161,345882.13,6410207.24,6756089.36,1497223.09,1151340.97,0
8,CASH_IN,186,238354.34,5209177.19,5447531.53,493905.52,255551.18,0
8,CASH_IN,229,230942.58,10640.0,241582.58,230351.0,0.0,0
8,TRANSFER,617,433399.2,120296.0,0.0,0.0,433399.2,0
8,CASH_IN,348,174473.21,10388866.39,10563339.6,808699.75,634226.54,0
8,PAYMENT,385,4515.26,0.0,0.0,0.0,0.0,0
8,CASH_IN,185,172409.94,106268.0,278677.94,0.0,0.0,0
8,PAYMENT,402,8163.77,0.0,0.0,0.0,0.0,0
8,CASH_OUT,379,95518.69,22708.0,0.0,116147.32,211666.01,0
8,PAYMENT,16,7039.91,81410.0,74370.09,0.0,0.0,0
8,CASH_OUT,346,82140.67,114891.0,32750.33,396777.65,478918.32,0
8,CASH_OUT,394,125568.15,0.0,0.0,144878.69,270446.85,0
8,CASH_OUT,469,199402.16,31383.0,0.0,553117.98,752520.13,0
8,PAYMENT,346,7688.5,28106.3,20417.8,0.0,0.0,0
8,DEBIT,397,1503.45,30102.0,28598.55,53468.85,54972.3,0
8,CASH_OUT,215,45053.05,45053.05,0.0,202038.75,247091.8,1
8,PAYMENT,207,11980.13,30430.0,18449.87,0.0,0.0,0
8,TRANSFER,371,523827.74,507671.0,0.0,3239528.93,3763356.68,0
8,PAYMENT,322,23187.1,1295.02,0.0,0.0,0.0,0
8,CASH_OUT,1,416001.33,0.0,0.0,102.0,9291619.62,1
8,PAYMENT,306,4806.18,0.0,0.0,0.0,0.0,0
8,PAYMENT,397,4726.03,0.0,0.0,0.0,0.0,0
8,PAYMENT,186,22478.45,21336.0,0.0,0.0,0.0,0
8,CASH_IN,16,444613.92,12645.0,457258.92,1329567.02,527693.81,0
8,CASH_IN,138,147674.43,396709.88,544384.31,11870969.31,12122680.94,0
8,PAYMENT,235,10454.9,267033.38,256578.48,0.0,0.0,0
8,CASH_IN,351,44930.06,3732512.75,3777442.81,501300.99,456370.94,0
8,PAYMENT,13,10199.52,52520.0,42320.48,0.0,0.0,0
8,TRANSFER,425,9585040.37,19585040.37,19585040.37,0.0,0.0,1
8,CASH_OUT,544,218021.38,380.0,0.0,105240.35,323261.73,0
8,CASH_OUT,355,50195.09,0.0,0.0,201094.98,251290.07,0
8,PAYMENT,261,4697.3,16325.0,11627.7,0.0,0.0,0
8,PAYMENT,307,18573.0,0.0,0.0,0.0,0.0,0
8,TRANSFER,342,21279.19,21279.19,0.0,0.0,0.0,1
8,PAYMENT,350,18768.41,92594.0,73825.59,0.0,0.0,0
8,CASH_IN,348,62480.1,282194.05,344674.15,1289207.97,1226727.87,0
8,CASH_IN,321,93201.89,16452.0,109653.89,0.0,0.0,0
8,PAYMENT,19,9324.71,73281.86,63957.14,0.0,0.0,0
8,CASH_OUT,191,105462.76,0.0,0.0,3839500.2,3944962.96,0
8,PAYMENT,346,17943.09,0.0,0.0,0.0,0.0,0
8,CASH_IN,258,27731.96,29944.0,57675.96,2394307.59,2366575.63,0
8,TRANSFER,206,670437.96,77768.0,0.0,0.0,670437.96,0
8,PAYMENT,209,623.8,329298.09,328674.29,0.0,0.0,0
8,CASH_OUT,690,47355.19,11528.0,0.0,1365411.08,1412766.28,0
8,PAYMENT,253,47083.78,26026.0,0.0,0.0,0.0,0
8,CASH_IN,43,1041.02,4796.0,5837.02,1358382.96,1357341.94,0
8,CASH_OUT,139,145222.22,0.0,0.0,262248.86,407471.08,0
8,PAYMENT,640,2444.3,30055.0,27610.7,0.0,0.0,0
8,PAYMENT,353,30001.77,82306.0,52304.23,0.0,0.0,0
8,TRANSFER,134,533540.55,6478.18,0.0,1685143.49,2218684.04,0
8,CASH_OUT,42,92941.76,43500.0,0.0,0.0,92941.76,0
8,CASH_IN,401,238749.27,4925.0,243674.27,0.0,0.0,0
8,TRANSFER,227,203193.82,0.0,0.0,4496394.61,4699588.43,0
8,PAYMENT,22,11958.31,28836.09,16877.78,0.0,0.0,0
8,PAYMENT,403,22024.36,0.0,0.0,0.0,0.0,0
8,PAYMENT,161,18485.93,0.0,0.0,0.0,0.0,0
8,TRANSFER,298,796329.0,30061.0,0.0,5067448.05,5863777.06,0
8,CASH_OUT,279,104064.37,678.0,0.0,0.0,104064.37,0
8,CASH_OUT,321,395991.04,248.0,0.0,2624943.16,3020934.19,0
8,CASH_IN,301,77283.49,8436005.31,8513288.8,260471.89,183188.4,0
8,CASH_OUT,177,200769.29,0.0,0.0,472889.53,673658.82,0
8,TRANSFER,331,398219.08,398219.08,0.0,0.0,0.0,1
8,CASH_OUT,156,115894.35,11788.0,0.0,22530.97,138425.32,0
8,PAYMENT,251,8678.5,57943.84,49265.33,0.0,0.0,0
8,CASH_OUT,394,177457.13,0.0,0.0,580160.93,757618.06,0
8,PAYMENT,34,4870.5,0.0,0.0,0.0,0.0,0
8,PAYMENT,394,630.28,0.0,0.0,0.0,0.0,0
8,PAYMENT,164,16394.18,0.0,0.0,0.0,0.0,0
8,PAYMENT,37,4055.71,0.0,0.0,0.0,0.0,0
8,PAYMENT,130,1904.6,0.0,0.0,0.0,0.0,0
8,CASH_OUT,333,290204.34,104134.04,0.0,1221017.1,1511221.44,0
8,CASH_OUT,38,37072.76,0.0,0.0,10677631.75,10837439.32,0
8,CASH_IN,235,223652.82,176.0,223828.82,4712053.07,4488400.25,0
8,CASH_OUT,284,11330.62,156323.0,144992.38,940006.17,951336.79,0
8,PAYMENT,493,3728.31,0.0,0.0,0.0,0.0,0
8,TRANSFER,297,3105902.49,3105902.49,0.0,0.0,0.0,1
8,CASH_OUT,281,79712.38,1210.0,0.0,460684.03,540396.41,0
8,PAYMENT,133,4266.75,264409.73,260142.98,0.0,0.0,0
8,PAYMENT,383,6769.79,23240.0,16470.21,0.0,0.0,0
8,CASH_OUT,284,19872.31,0.0,0.0,5886977.94,5615878.37,0
8,PAYMENT,235,2693.49,0.0,0.0,0.0,0.0,0
8,CASH_IN,548,81690.05,3775.0,85465.05,1297961.25,1216271.2,0
8,PAYMENT,20,8158.75,79730.0,71571.25,0.0,0.0,0
8,CASH_IN,379,303416.8,5434723.28,5738140.09,3686809.41,3383392.6,0
8,TRANSFER,196,1221900.21,1221900.21,0.0,0.0,0.0,1
8,CASH_OUT,163,281557.48,0.0,0.0,326608.66,657949.78,0
8,CASH_OUT,141,224813.34,0.0,0.0,5235972.63,6833048.32,0
8,CASH_IN,134,352750.1,0.0,352750.1,364723.55,317551.8,0
8,CASH_OUT,233,13075.76,0.0,0.0,873652.67,886728.43,0
8,CASH_OUT,17,65234.55,856529.12,791294.57,707376.18,772610.73,0
8,CASH_OUT,178,16926.08,0.0,0.0,39474.73,56400.81,0
8,PAYMENT,300,854.51,0.0,0.0,0.0,0.0,0
8,CASH_IN,11,161781.88,30462457.95,30624239.83,824170.11,662388.23,0
8,PAYMENT,299,32706.46,0.0,0.0,0.0,0.0,0
8,CASH_IN,185,3307.26,2582856.04,2586163.3,72959.25,69652.0,0
8,PAYMENT,345,3881.07,0.0,0.0,0.0,0.0,0
8,CASH_IN,330,128339.53,1510.0,129849.53,927092.31,923908.06,0
8,CASH_OUT,188,164899.32,0.0,0.0,242966.98,407866.3,0
8,CASH_OUT,400,141671.5,0.0,0.0,3454876.79,3596548.29,0
8,CASH_OUT,232,228747.62,0.0,0.0,737102.7,965850.32,0
8,TRANSFER,362,7677120.59,7677120.59,0.0,0.0,0.0,1
8,PAYMENT,15,37358.22,80673.69,43315.47,0.0,0.0,0
8,CASH_OUT,204,219969.96,68203.0,0.0,313253.27,533223.23,0
8,CASH_OUT,353,65649.7,86830.0,21180.3,0.0,65649.7,0
8,PAYMENT,400,45348.6,15127.0,0.0,0.0,0.0,0
8,PAYMENT,274,1586.86,889.0,0.0,0.0,0.0,0
8,CASH_OUT,376,94139.97,196.0,0.0,0.0,94139.97,0
8,CASH_OUT,439,112656.24,112656.24,0.0,0.0,112656.24,1
8,CASH_OUT,681,246671.33,0.0,0.0,1006962.08,1253633.41,0
8,PAYMENT,162,29459.44,0.0,0.0,0.0,0.0,0
8,PAYMENT,19,4802.95,515176.84,510373.89,0.0,0.0,0
8,CASH_IN,490,224730.89,3110.0,227840.89,863956.3,639225.41,0
8,PAYMENT,260,7912.78,232548.0,224635.22,0.0,0.0,0
8,PAYMENT,36,11536.42,0.0,0.0,0.0,0.0,0
8,CASH_OUT,20,6439.1,6128.0,0.0,0.0,6439.1,0
8,CASH_OUT,403,299181.96,53722.0,0.0,284963.72,584145.68,0
8,CASH_IN,373,432495.25,7765595.76,8198091.01,570233.96,14148.01,0
8,CASH_OUT,209,73409.01,388903.02,315494.01,3224729.56,3298138.57,0
8,PAYMENT,370,40101.01,104621.07,64520.06,0.0,0.0,0
8,CASH_OUT,167,67478.22,40465.85,0.0,143028.69,210506.91,0
8,CASH_OUT,142,29338.43,0.0,0.0,1038874.3,1068212.73,0
8,PAYMENT,134,33032.06,62007.0,28974.94,0.0,0.0,0
8,TRANSFER,155,271267.23,0.0,0.0,1314916.27,2010082.17,0
8,CASH_OUT,37,26417.82,0.0,0.0,833711.71,860129.53,0
8,CASH_OUT,355,104096.14,1974.0,0.0,0.0,104096.14,0
8,CASH_IN,327,361587.89,148969.0,510556.89,257843.56,0.0,0
8,PAYMENT,325,30622.21,408858.82,378236.61,0.0,0.0,0
8,PAYMENT,356,26178.37,158848.45,132670.08,0.0,0.0,0
8,PAYMENT,308,41000.4,0.0,0.0,0.0,0.0,0
8,CASH_IN,305,119465.07,41071.0,160536.07,34293.39,0.0,0
8,CASH_OUT,661,11304.51,0.0,0.0,367598.7,378903.21,0
8,CASH_OUT,33,154620.93,20159.0,0.0,80361.0,0.0,0
8,CASH_IN,492,285143.8,10665.0,295808.8,1655134.37,1369990.58,0
8,CASH_OUT,376,349186.66,4109.0,0.0,0.0,349186.66,0
8,PAYMENT,251,5878.8,0.0,0.0,0.0,0.0,0
8,CASH_OUT,278,58290.5,8.0,0.0,88388.79,146679.3,0
8,CASH_IN,394,2661.6,4458754.29,4461415.89,258259.64,255598.04,0
8,CASH_IN,567,341581.14,7733281.03,8074862.17,3007701.03,2666119.9,0
8,TRANSFER,258,1291743.99,0.0,0.0,4926476.83,6218220.82,0
8,PAYMENT,164,11741.99,0.0,0.0,0.0,0.0,0
8,PAYMENT,96,5771.73,10415.0,4643.27,0.0,0.0,0
8,CASH_OUT,17,42591.11,7191.0,0.0,0.0,0.0,0
8,PAYMENT,354,13985.29,0.0,0.0,0.0,0.0,0
8,PAYMENT,165,1017.54,13248.0,12230.46,0.0,0.0,0
8,TRANSFER,41,36494.7,600056.0,563561.3,0.0,36494.7,0
8,CASH_IN,38,619133.41,7857302.97,8476436.38,6722840.12,6103706.71,0
8,PAYMENT,307,23753.71,2002.0,0.0,0.0,0.0,0
8,PAYMENT,184,15547.61,0.0,0.0,0.0,0.0,0
8,PAYMENT,23,4925.09,0.0,0.0,0.0,0.0,0
8,TRANSFER,134,670426.76,55359.0,0.0,0.0,670426.76,0
8,TRANSFER,142,386113.3,709103.0,322989.7,0.0,386113.3,0
8,TRANSFER,605,269692.53,269692.53,0.0,0.0,0.0,1
8,PAYMENT,374,7770.13,20361.0,12590.87,0.0,0.0,0
8,PAYMENT,24,15970.9,43181.0,27210.1,0.0,0.0,0
8,CASH_OUT,351,272757.97,0.0,0.0,1900980.35,2173738.31,0
8,CASH_IN,302,44759.35,139.0,44898.35,5237862.24,5193102.89,0
8,DEBIT,18,1787.74,6092.0,4304.26,19505399.41,20097099.39,0
8,TRANSFER,33,703022.87,61678.48,0.0,712037.66,1415060.53,0
8,TRANSFER,19,376574.06,221143.26,0.0,41953.59,418527.65,0
8,CASH_OUT,279,147233.74,36.0,0.0,0.0,147233.74,0
8,CASH_IN,211,348652.67,10298843.0,10647495.67,4014678.63,3666025.96,0
8,CASH_IN,282,99822.94,183794.0,283616.94,0.0,0.0,0
8,PAYMENT,526,13252.21,0.0,0.0,0.0,0.0,0
8,CASH_IN,377,135168.61,15805.0,150973.61,966612.76,831444.15,0
8,PAYMENT,420,5693.83,50353.0,44659.17,0.0,0.0,0
8,CASH_IN,299,38827.16,12177847.31,12216674.48,1368882.63,1330055.47,0
8,CASH_IN,180,113355.41,4210145.79,4323501.2,1248124.55,1134769.14,0
8,CASH_OUT,43,159727.41,0.0,0.0,485152.07,698544.66,0
8,PAYMENT,43,9145.53,0.0,0.0,0.0,0.0,0
8,PAYMENT,347,32214.57,50556.0,18341.43,0.0,0.0,0
8,PAYMENT,133,15543.24,0.0,0.0,0.0,0.0,0
8,CASH_OUT,212,188298.4,0.0,0.0,3385239.74,3573538.14,0
8,CASH_OUT,249,96696.82,21271.0,0.0,227611.83,324308.66,0
8,CASH_OUT,306,345239.04,0.0,0.0,1612923.49,1958162.53,0
8,TRANSFER,180,1330107.79,0.0,0.0,1503554.35,2833662.14,0
8,PAYMENT,129,1632.3,0.0,0.0,0.0,0.0,0
8,CASH_IN,401,8316.83,2335054.91,2343371.75,8963237.73,8954920.89,0
8,PAYMENT,617,11781.93,55567.0,43785.07,0.0,0.0,0
8,CASH_OUT,202,176949.57,0.0,0.0,237204.48,414154.05,0
8,PAYMENT,164,9430.73,30825.0,21394.27,0.0,0.0,0
8,PAYMENT,321,4262.89,21306.0,17043.11,0.0,0.0,0
8,CASH_OUT,236,376703.44,15079.0,0.0,840122.85,1216826.29,0
8,CASH_OUT,38,206944.49,38121.0,0.0,0.0,206944.49,0
8,CASH_IN,19,34833.46,385332.69,420166.16,89414.09,36443.53,0
8,CASH_OUT,307,157902.74,0.0,0.0,621570.72,779473.46,0
8,CASH_OUT,42,61608.93,73454.0,11845.07,0.0,61608.93,0
8,PAYMENT,357,26519.62,165842.13,139322.51,0.0,0.0,0
8,CASH_OUT,101,253793.28,253793.28,0.0,525977.66,779770.94,1
8,CASH_IN,398,96268.47,24908.0,121176.47,10885.45,0.0,0
8,CASH_OUT,323,280436.49,0.0,0.0,1031175.98,1311612.47,0
8,PAYMENT,229,9052.08,125998.16,116946.08,0.0,0.0,0
8,CASH_IN,38,87748.74,5295733.69,5383482.43,1006296.27,943959.78,0
8,PAYMENT,306,2511.09,8422.0,5910.91,0.0,0.0,0
8,CASH_OUT,139,104545.7,0.0,0.0,1174386.0,1278931.7,0
8,CASH_IN,330,67622.78,11437.0,79059.78,2709470.4,2641847.62,0
8,PAYMENT,129,8592.54,0.0,0.0,0.0,0.0,0
8,PAYMENT,690,10289.11,0.0,0.0,0.0,0.0,0
8,CASH_OUT,351,127648.41,0.0,0.0,964357.91,1092006.32,0
8,CASH_IN,380,138075.32,3752546.93,3890622.25,1013746.4,875671.08,0
8,PAYMENT,141,6214.12,180907.0,174692.88,0.0,0.0,0
8,PAYMENT,332,4838.7,60112.0,55273.3,0.0,0.0,0
8,CASH_OUT,425,10000000.0,10000000.0,0.0,10662599.15,20662599.15,1
8,CASH_OUT,398,291382.92,51513.0,0.0,366861.46,658244.38,0
8,CASH_OUT,233,352010.87,157300.0,0.0,0.0,352010.87,0
8,PAYMENT,17,1827.35,0.0,0.0,0.0,0.0,0
8,PAYMENT,395,1654.62,154.0,0.0,0.0,0.0,0
8,PAYMENT,211,6633.41,17552.68,10919.27,0.0,0.0,0
8,TRANSFER,199,465498.74,465498.74,0.0,0.0,0.0,1
8,CASH_OUT,262,70247.58,0.0,0.0,1480394.26,1550641.83,0
8,PAYMENT,253,11090.42,71441.0,60350.58,0.0,0.0,0
8,CASH_OUT,328,82276.17,957.0,0.0,2729997.08,2812273.26,0
8,CASH_IN,13,106712.75,1629.0,108341.75,34796.0,0.0,0
8,CASH_IN,205,176989.23,4680015.03,4857004.26,216972.87,39983.64,0
8,PAYMENT,276,23991.52,225.0,0.0,0.0,0.0,0
8,CASH_OUT,18,26356.16,0.0,0.0,0.0,26356.16,0
8,CASH_OUT,130,320167.4,560.0,0.0,36881.0,357048.4,0
8,CASH_IN,420,103104.22,264803.0,367907.22,0.0,0.0,0
8,CASH_OUT,238,183327.77,3532.0,0.0,1812100.33,1995428.1,0
8,CASH_IN,35,374845.45,3185800.22,3560645.67,617805.93,242960.48,0
8,TRANSFER,312,953884.51,0.0,0.0,1310672.81,2264557.32,0
8,TRANSFER,202,1338782.57,0.0,0.0,6304106.65,7642889.21,0
8,PAYMENT,381,2770.82,391555.0,388784.18,0.0,0.0,0
8,PAYMENT,476,2999.94,10065.0,7065.06,0.0,0.0,0
8,CASH_IN,590,15870.48,1728658.94,1744529.42,648975.09,633104.61,0
8,TRANSFER,394,3354215.55,3354215.55,0.0,0.0,0.0,1
8,CASH_IN,23,119618.37,1697117.53,1816735.9,3693161.28,3573542.91,0
8,CASH_OUT,133,5754.97,0.0,0.0,882667.88,1026662.69,0
8,CASH_IN,155,271439.37,59879.0,331318.37,0.0,0.0,0
8,PAYMENT,383,1324.44,21887.0,20562.56,0.0,0.0,0
8,CASH_IN,379,168127.75,1742190.26,1910318.01,3136924.57,2968796.83,0
8,PAYMENT,297,18173.28,9715.04,0.0,0.0,0.0,0
8,CASH_OUT,299,167489.47,0.0,0.0,517314.82,684804.29,0
8,CASH_OUT,40,21616.4,0.0,0.0,186001.8,207618.2,0
8,TRANSFER,312,90979.23,27662.0,0.0,78413.51,169392.74,0
8,PAYMENT,351,9936.65,5246.0,0.0,0.0,0.0,0
8,PAYMENT,307,3266.53,12735.0,9468.47,0.0,0.0,0
8,TRANSFER,35,775008.33,107411.11,0.0,1777683.32,2451054.52,0
8,CASH_IN,226,394987.58,25045.0,420032.58,7631496.2,7236508.61,0
8,DEBIT,179,41.74,21236.0,21194.26,107546.35,107588.1,0
8,PAYMENT,416,533.75,32227.0,31693.25,0.0,0.0,0
8,CASH_OUT,237,286687.19,125072.0,0.0,174326.96,461014.15,0
8,CASH_OUT,307,242518.71,0.0,0.0,94116907.96,94359426.66,0
8,CASH_IN,592,142035.65,4511356.05,4653391.7,146635.92,4600.27,0
8,PAYMENT,333,1272.04,0.0,0.0,0.0,0.0,0
8,PAYMENT,167,10879.14,33695.61,22816.47,0.0,0.0,0
8,PAYMENT,187,1804.1,20314.04,18509.93,0.0,0.0,0
8,TRANSFER,548,776131.2,0.0,0.0,1180395.76,1956526.96,0
8,PAYMENT,281,1797.6,172957.0,171159.4,0.0,0.0,0
8,CASH_OUT,232,5277.03,5029.0,0.0,178209.93,183486.96,0
8,PAYMENT,13,13058.57,51736.0,38677.43,0.0,0.0,0
8,CASH_OUT,42,40952.83,22452.0,0.0,916062.1,1222891.42,0
8,CASH_OUT,180,8186519.17,8186519.17,0.0,796550.54,8983069.72,1
8,PAYMENT,259,10490.7,127135.97,116645.27,0.0,0.0,0
8,CASH_IN,20,129049.77,16317.0,145366.77,3733207.72,3964361.01,0
8,PAYMENT,321,17867.53,194905.06,177037.53,0.0,0.0,0
8,CASH_IN,274,49391.31,143013.0,192404.31,492465.41,443074.1,0
8,CASH_IN,347,557199.07,1957300.74,2514499.81,8716976.61,8159777.54,0
8,PAYMENT,226,9553.43,0.0,0.0,0.0,0.0,0
8,TRANSFER,66,7169129.94,7169129.94,0.0,0.0,0.0,1
8,CASH_OUT,36,266258.57,0.0,0.0,667539.8,1078826.41,0
8,CASH_OUT,236,161862.93,0.0,0.0,3555513.23,3717376.16,0
8,PAYMENT,608,41635.53,0.0,0.0,0.0,0.0,0
8,CASH_OUT,722,59263.88,59263.88,0.0,1597464.29,1656728.17,1
8,CASH_OUT,131,157289.42,0.0,0.0,2838321.69,2995611.11,0
8,CASH_IN,260,98190.03,7589457.76,7687647.78,1156312.67,1058122.64,0
8,CASH_OUT,654,114627.08,114627.08,0.0,0.0,114627.08,1
8,CASH_OUT,16,74064.64,22280.0,0.0,0.0,74064.64,0
8,CASH_IN,328,391363.89,2279876.91,2671240.8,677466.13,286102.24,0
8,CASH_IN,136,13312.4,270442.54,283754.94,292748.72,279436.32,0
8,PAYMENT,332,4663.07,10033.0,5369.93,0.0,0.0,0
8,PAYMENT,140,20981.15,154.0,0.0,0.0,0.0,0
8,TRANSFER,232,314915.03,0.0,0.0,480343.84,795258.87,0
8,CASH_OUT,165,202442.1,250.0,0.0,0.0,415493.62,0
8,PAYMENT,399,11652.72,52045.0,40392.28,0.0,0.0,0
8,CASH_OUT,130,306850.71,99355.0,0.0,0.0,306850.71,0
8,PAYMENT,582,5388.52,0.0,0.0,0.0,0.0,0
8,PAYMENT,374,5962.19,19407.37,13445.18,0.0,0.0,0
8,PAYMENT,381,8670.23,75156.0,66485.77,0.0,0.0,0
8,CASH_OUT,38,205617.37,1024.0,0.0,102074.0,307691.37,0
8,TRANSFER,161,1051217.39,77095.66,0.0,0.0,1051217.39,0
8,PAYMENT,182,16302.46,471.0,0.0,0.0,0.0,0
8,PAYMENT,303,6185.1,184204.0,178018.9,0.0,0.0,0
8,PAYMENT,253,27491.15,51683.0,24191.85,0.0,0.0,0
8,TRANSFER,185,428318.13,0.0,0.0,3556454.73,3984772.86,0
8,TRANSFER,551,759257.55,759257.55,0.0,0.0,0.0,1
8,CASH_OUT,331,262740.3,0.0,0.0,524352.91,787093.21,0
8,PAYMENT,235,16157.74,131020.0,114862.26,0.0,0.0,0
8,CASH_OUT,135,27661.71,1057.0,0.0,43486.55,71148.26,0
8,CASH_OUT,300,72957.22,100486.0,27528.78,712348.1,785305.32,0
8,PAYMENT,305,25392.12,0.0,0.0,0.0,0.0,0
8,PAYMENT,278,6991.58,32175.0,25183.42,0.0,0.0,0
8,TRANSFER,137,475517.06,282833.59,0.0,1837167.63,2312684.69,0
8,PAYMENT,131,53295.9,118512.0,65216.1,0.0,0.0,0
8,PAYMENT,301,10723.69,0.0,0.0,0.0,0.0,0
8,CASH_OUT,19,296455.11,11225.0,0.0,2026579.64,2323034.75,0
8,CASH_IN,329,65817.92,20319.0,86136.92,0.0,0.0,0
8,TRANSFER,448,362585.26,0.0,0.0,1478159.73,1840744.99,0
8,CASH_IN,288,59641.47,2807707.63,2867349.11,461678.67,402037.2,0
8,CASH_OUT,37,217622.87,9558.0,0.0,556432.42,1040149.13,0
8,CASH_OUT,15,60468.31,5674.0,0.0,0.0,60468.31,0
8,CASH_OUT,661,227115.05,0.0,0.0,1095812.58,1322927.64,0
8,PAYMENT,131,10313.28,0.0,0.0,0.0,0.0,0
8,CASH_IN,209,104634.62,6467177.21,6571811.83,1328338.69,1223704.07,0
8,CASH_IN,374,127094.55,171575.0,298669.55,0.0,0.0,0
8,PAYMENT,351,1378.83,324835.08,323456.25,0.0,0.0,0
8,PAYMENT,190,9046.77,9761.65,714.88,0.0,0.0,0
8,CASH_OUT,12,88008.5,0.0,0.0,1370085.62,2233748.11,0
8,CASH_OUT,382,208926.94,4486.45,0.0,2883860.54,3092787.49,0
8,PAYMENT,43,14.55,0.0,0.0,0.0,0.0,0
8,CASH_OUT,254,174099.86,264537.0,90437.14,614559.84,788659.7,0
8,PAYMENT,690,3476.39,261935.76,258459.37,0.0,0.0,0
8,CASH_OUT,236,158616.39,0.0,0.0,199400.12,358016.51,0
8,PAYMENT,310,15390.47,149919.0,134528.53,0.0,0.0,0
8,CASH_IN,203,281766.64,30341.0,312107.64,0.0,0.0,0
8,PAYMENT,182,9642.11,0.0,0.0,0.0,0.0,0
8,PAYMENT,237,11379.73,0.0,0.0,0.0,0.0,0
8,PAYMENT,19,7092.64,6695.0,0.0,0.0,0.0,0
8,PAYMENT,95,1955.45,151265.0,149309.55,0.0,0.0,0
8,CASH_OUT,304,417886.85,0.0,0.0,962912.23,1380799.08,0
8,CASH_OUT,203,343834.9,0.0,0.0,593642.07,937476.97,0
8,PAYMENT,7,3941.31,0.0,0.0,0.0,0.0,0
8,CASH_OUT,226,90294.16,6296.0,0.0,0.0,90294.16,0
8,PAYMENT,345,7137.1,0.0,0.0,0.0,0.0,0
8,CASH_OUT,401,6592.15,0.0,0.0,1476102.57,1482694.73,0
8,PAYMENT,208,8739.35,2481.14,0.0,0.0,0.0,0
8,PAYMENT,135,6255.85,740594.5,734338.65,0.0,0.0,0
8,CASH_OUT,157,124699.08,41781.0,0.0,1304003.32,1428702.4,0
8,TRANSFER,12,156754.88,75072.0,0.0,189944.17,916667.57,0
8,TRANSFER,186,660091.01,219.0,0.0,742266.46,1402357.48,0
8,TRANSFER,9,592900.98,10992.0,0.0,51443.0,0.0,0
8,PAYMENT,155,15058.71,0.0,0.0,0.0,0.0,0
8,PAYMENT,260,2273.1,96719.0,94445.9,0.0,0.0,0
8,CASH_IN,283,200598.37,125482.0,326080.37,179439.51,0.0,0
8,CASH_IN,160,134873.07,15012.0,149885.07,94457.29,0.0,0
8,PAYMENT,325,9646.89,29482.0,19835.11,0.0,0.0,0
8,PAYMENT,44,5621.98,5034.0,0.0,0.0,0.0,0
8,CASH_OUT,14,179058.31,0.0,0.0,469538.59,720681.89,0
8,TRANSFER,207,136263.51,0.0,0.0,4519805.49,4656069.0,0
8,CASH_IN,162,303707.43,14512486.5,14816193.93,7090323.64,6786616.21,0
8,CASH_OUT,403,6232.84,5215.0,0.0,114476.74,120709.58,0
8,PAYMENT,398,36453.37,177451.16,140997.79,0.0,0.0,0
8,CASH_OUT,351,107924.86,0.0,0.0,158207.72,266132.59,0
8,PAYMENT,236,30425.75,73134.13,42708.38,0.0,0.0,0
8,CASH_OUT,155,206065.38,115.0,0.0,273496.18,479561.56,0
8,CASH_IN,401,122796.32,675613.11,798409.44,310677.93,187881.61,0
8,PAYMENT,329,2398.25,2162.0,0.0,0.0,0.0,0
8,CASH_IN,278,16204.04,31190.0,47394.04,0.0,0.0,0
8,CASH_IN,306,320674.04,722.0,321396.04,82457.34,0.0,0
8,CASH_IN,203,49905.87,1300683.31,1350589.18,2619259.13,2569353.26,0
8,CASH_OUT,229,250145.38,0.0,0.0,1639257.02,1889402.4,0
8,CASH_IN,234,69570.74,10947938.79,11017509.53,209598.59,140027.85,0
8,CASH_OUT,371,490977.41,0.0,0.0,1098617.39,1589594.8,0
8,PAYMENT,254,18359.63,17466.0,0.0,0.0,0.0,0
8,CASH_IN,324,92555.01,6312196.13,6404751.14,1386772.93,1294217.92,0
8,CASH_IN,201,74629.35,4081684.65,4156314.0,266839.09,192209.73,0
8,CASH_OUT,130,172467.97,0.0,0.0,3941053.31,4113521.28,0
8,CASH_OUT,275,209302.04,0.0,0.0,4703718.12,4913020.16,0
8,CASH_IN,306,87215.31,1934281.28,2021496.6,431055.69,343840.37,0
8,CASH_IN,188,82811.01,6099098.53,6181909.54,280668.86,197857.84,0
8,CASH_OUT,138,222415.25,20125.0,0.0,0.0,222415.25,0
8,PAYMENT,208,7528.89,0.0,0.0,0.0,0.0,0
8,PAYMENT,522,5575.8,56494.47,50918.67,0.0,0.0,0
8,PAYMENT,19,13948.96,0.0,0.0,0.0,0.0,0
8,TRANSFER,95,451159.81,0.0,0.0,2034341.18,2485500.98,0
8,PAYMENT,157,2629.66,0.0,0.0,0.0,0.0,0
8,CASH_OUT,183,258839.83,16357.0,0.0,0.0,258839.83,0
8,CASH_IN,308,131732.36,7331899.01,7463631.38,252582.04,120849.68,0
8,CASH_IN,187,81405.26,75844.0,157249.26,149301.0,29215.57,0
8,CASH_OUT,354,4139.78,0.0,0.0,688099.19,692238.98,0
8,PAYMENT,228,36970.72,21393.0,0.0,0.0,0.0,0
8,CASH_IN,328,78962.18,14160311.81,14239273.99,5040139.56,4961177.38,0
8,PAYMENT,493,22452.12,503920.0,481467.88,0.0,0.0,0
8,CASH_OUT,46,219506.05,0.0,0.0,811707.24,1031213.29,0
8,CASH_OUT,232,51172.22,0.0,0.0,56162.99,107335.21,0
8,CASH_IN,323,252307.59,20378.0,272685.59,355520.42,103212.83,0
8,CASH_IN,398,95522.38,21044.0,116566.38,0.0,0.0,0
8,CASH_OUT,305,299763.24,140487.0,0.0,0.0,299763.24,0
8,CASH_OUT,229,42411.55,8187.0,0.0,114133.46,156545.01,0
8,CASH_OUT,281,204778.86,204778.86,0.0,1325029.54,1529808.39,1
8,TRANSFER,307,707141.16,3051.0,0.0,10684393.45,11391534.6,0
8,CASH_IN,307,154686.6,307092.0,461778.6,0.0,0.0,0
8,CASH_OUT,19,152236.72,100628.0,0.0,19803.0,0.0,0
8,TRANSFER,277,295232.57,26309.0,0.0,0.0,295232.57,0
8,PAYMENT,44,13823.0,7093.0,0.0,0.0,0.0,0
8,PAYMENT,286,2662.76,32763.0,30100.24,0.0,0.0,0
8,CASH_IN,130,329609.59,5228743.0,5558352.59,3399179.08,3069569.49,0
8,PAYMENT,214,9728.65,0.0,0.0,0.0,0.0,0
8,PAYMENT,266,4522.9,0.0,0.0,0.0,0.0,0
8,PAYMENT,169,7146.92,12154.97,5008.04,0.0,0.0,0
8,PAYMENT,255,21922.84,66194.0,44271.16,0.0,0.0,0
8,CASH_IN,252,295086.65,4694.0,299780.65,0.0,0.0,0
8,CASH_OUT,490,60503.89,20595.0,0.0,924231.59,984735.48,0
8,PAYMENT,43,21104.59,0.0,0.0,0.0,0.0,0
8,CASH_IN,18,107201.94,2019771.38,2126973.32,244751.49,137549.55,0
8,TRANSFER,379,159767.51,78786.0,0.0,194489.18,354256.68,0
8,PAYMENT,42,14195.73,0.0,0.0,0.0,0.0,0
8,CASH_OUT,210,259261.56,0.0,0.0,701031.67,960293.23,0
8,CASH_IN,373,223559.27,5523373.21,5746932.49,339528.75,115969.48,0
8,PAYMENT,253,9555.39,273903.7,264348.31,0.0,0.0,0
8,PAYMENT,44,16903.93,0.0,0.0,0.0,0.0,0
8,PAYMENT,139,4808.78,0.0,0.0,0.0,0.0,0
8,PAYMENT,178,38878.0,0.0,0.0,0.0,0.0,0
8,PAYMENT,19,6490.34,0.0,0.0,0.0,0.0,0
8,CASH_IN,185,68295.26,104553.0,172848.26,2664903.41,2596608.16,0
8,PAYMENT,211,396.97,0.0,0.0,0.0,0.0,0
8,PAYMENT,137,14751.3,36232.0,21480.7,0.0,0.0,0
8,CASH_OUT,214,163241.39,0.0,0.0,636519.59,1052815.05,0
8,CASH_OUT,138,75196.91,0.0,0.0,288216.0,282085.65,0
8,TRANSFER,274,24279.32,24279.32,0.0,0.0,0.0,1
8,CASH_OUT,404,97600.47,0.0,0.0,242048.47,339648.94,0
8,PAYMENT,164,9683.32,0.0,0.0,0.0,0.0,0
8,PAYMENT,203,4885.91,5452.0,566.09,0.0,0.0,0
8,CASH_OUT,186,121451.15,135103.6,13652.45,1739500.17,1935981.79,0
8,CASH_IN,230,131953.27,4238179.52,4370132.78,1112507.0,980553.73,0
8,PAYMENT,358,12287.31,35946.44,23659.13,0.0,0.0,0
8,PAYMENT,503,2703.64,10488.0,7784.36,0.0,0.0,0
8,CASH_OUT,153,145958.91,5576.0,0.0,1418884.24,1564843.14,0
8,CASH_OUT,375,177675.48,102880.0,0.0,0.0,177675.48,0
8,CASH_OUT,233,210688.04,0.0,0.0,741628.31,952316.35,0
8,CASH_OUT,346,92977.2,0.0,0.0,226967.08,319944.28,0
8,CASH_OUT,236,31865.13,11636.0,0.0,0.0,31865.13,0
8,CASH_OUT,354,52321.94,0.0,0.0,215211.6,267533.53,0
8,PAYMENT,309,4477.35,255838.0,251360.65,0.0,0.0,0
8,TRANSFER,401,880447.04,50398.0,0.0,417278.81,1297725.86,0
8,CASH_OUT,182,275028.9,0.0,0.0,1036334.71,1311363.61,0
8,PAYMENT,348,4806.22,0.0,0.0,0.0,0.0,0
8,CASH_IN,8,15468.23,17820.0,33288.23,0.0,0.0,0
8,TRANSFER,37,1175817.97,0.0,0.0,1828127.78,3003945.75,0
8,PAYMENT,325,2962.12,1647.0,0.0,0.0,0.0,0
8,CASH_IN,138,17464.06,271402.31,288866.36,156978.39,139514.33,0
8,CASH_OUT,301,163385.8,22236.0,0.0,53186.84,216572.64,0
8,PAYMENT,160,12793.04,0.0,0.0,0.0,0.0,0
8,CASH_OUT,18,159635.69,11408.0,0.0,29010.89,360355.43,0
8,TRANSFER,254,480922.63,50150.0,0.0,17161.38,498084.01,0
8,PAYMENT,12,2893.94,0.0,0.0,0.0,0.0,0
8,CASH_OUT,393,226568.35,0.0,0.0,343814.24,570382.59,0
8,CASH_OUT,226,216324.31,49526.0,0.0,202152.81,418477.12,0
8,CASH_IN,163,98619.78,21878.0,120497.78,82639.12,0.0,0
8,PAYMENT,382,9803.25,132979.0,123175.75,0.0,0.0,0
8,CASH_IN,279,129521.45,9115763.57,9245285.03,240487.98,110966.53,0
8,PAYMENT,234,12524.96,0.0,0.0,0.0,0.0,0
8,PAYMENT,154,5614.26,0.0,0.0,0.0,0.0,0
8,PAYMENT,402,5679.72,0.0,0.0,0.0,0.0,0
8,TRANSFER,334,1526680.39,0.0,0.0,2184546.34,3711226.73,0
8,PAYMENT,179,3957.06,19909.0,15951.94,0.0,0.0,0
8,PAYMENT,408,7538.58,12445.0,4906.42,0.0,0.0,0
8,CASH_OUT,330,195082.74,0.0,0.0,423636.31,618719.05,0
8,CASH_IN,47,54571.21,2141179.19,2195750.4,570804.45,516233.24,0
8,PAYMENT,8,6648.84,102872.0,96223.16,0.0,0.0,0
8,CASH_IN,229,159486.76,10781396.25,10940883.0,194704.17,35217.41,0
8,CASH_IN,397,131697.85,13668696.77,13800394.62,510305.78,378607.92,0
8,CASH_IN,326,52837.75,3413079.79,3465917.54,204064.01,151226.27,0
8,CASH_OUT,330,80232.32,0.0,0.0,2304426.27,2384658.6,0
8,CASH_OUT,351,101554.88,0.0,0.0,1106652.83,1208207.72,0
8,TRANSFER,411,281023.82,281023.82,0.0,0.0,0.0,1
8,PAYMENT,373,19852.97,0.0,0.0,0.0,0.0,0
8,PAYMENT,304,3700.58,173244.0,169543.42,0.0,0.0,0
8,PAYMENT,228,33805.2,0.0,0.0,0.0,0.0,0
8,PAYMENT,132,39952.02,0.0,0.0,0.0,0.0,0
8,TRANSFER,253,2108068.26,847.0,0.0,504758.85,2612827.11,0
8,CASH_IN,308,88541.04,161337.0,249878.04,0.0,0.0,0
8,PAYMENT,18,476.82,101811.0,101334.18,0.0,0.0,0
8,CASH_IN,96,91687.55,7641747.77,7733435.31,190594.96,98907.41,0
8,CASH_IN,254,209552.64,3850673.5,4060226.14,590948.99,381396.35,0
8,PAYMENT,140,3775.7,38624.64,34848.94,0.0,0.0,0
8,PAYMENT,356,7447.59,20550.0,13102.41,0.0,0.0,0
8,CASH_OUT,164,113102.91,0.0,0.0,9827281.53,9940384.44,0
8,TRANSFER,599,224942.05,0.0,0.0,1461947.37,1686889.42,0
9,CASH_OUT,228,141562.25,0.0,0.0,4212985.26,4354547.5,0
9,PAYMENT,11,24050.95,0.0,0.0,0.0,0.0,0
9,PAYMENT,205,6153.49,50527.0,44373.51,0.0,0.0,0
9,CASH_IN,256,55134.89,3967168.88,4022303.77,94660.57,39525.68,0
9,CASH_OUT,201,120017.72,0.0,0.0,186596.27,306613.99,0
9,PAYMENT,249,54251.3,0.0,0.0,0.0,0.0,0
9,CASH_OUT,39,389504.18,157215.0,0.0,0.0,389504.18,0
9,CASH_OUT,132,145305.92,29769.0,0.0,90161.96,235467.88,0
9,CASH_IN,686,14285.86,3223476.06,3237761.92,36285.85,21999.99,0
9,CASH_OUT,60,89014.32,89014.32,0.0,330651.68,419666.0,1
9,CASH_OUT,38,281814.77,297732.0,15917.23,0.0,281814.77,0
9,CASH_IN,334,390936.9,4369657.91,4760594.81,2351424.09,1960487.19,0
9,CASH_OUT,275,155542.1,0.0,0.0,1471928.93,1627471.03,0
9,CASH_OUT,379,105650.64,0.0,0.0,814653.27,920303.92,0
9,CASH_IN,346,137083.81,11879048.33,12016132.14,4780609.33,4643525.52,0
9,PAYMENT,132,4593.28,1034.0,0.0,0.0,0.0,0
9,PAYMENT,324,1046.6,272617.8,271571.2,0.0,0.0,0
9,CASH_IN,162,148364.81,4258458.15,4406822.96,2189687.61,2041322.8,0
9,CASH_IN,351,325724.49,1516244.97,1841969.46,621294.32,295569.83,0
9,TRANSFER,402,136485.64,62710.0,0.0,4089337.89,4225823.53,0
9,PAYMENT,256,23946.51,247247.0,223300.49,0.0,0.0,0
9,CASH_IN,14,116460.75,233443.99,349904.74,662586.58,848579.96,0
9,TRANSFER,259,979225.42,401589.0,0.0,0.0,979225.42,0
9,PAYMENT,40,593.05,5039.97,4446.92,0.0,0.0,0
9,CASH_IN,42,159805.79,326.0,160131.79,4738.0,0.0,0
9,PAYMENT,230,6863.97,10883.0,4019.03,0.0,0.0,0
9,CASH_OUT,203,354119.6,70657.0,0.0,82570.53,436690.13,0
9,TRANSFER,162,859782.31,0.0,0.0,8496483.39,9356265.69,0
9,TRANSFER,402,771704.66,47106.27,0.0,9775044.08,10546748.74,0
9,CASH_IN,263,94704.8,8816.0,103520.8,11517768.27,11423063.46,0
9,CASH_OUT,258,16370.98,0.0,0.0,702643.33,719014.3,0
9,CASH_IN,227,243625.51,4840682.29,5084307.81,2583664.21,2340038.69,0
9,CASH_IN,202,431510.46,16040565.86,16472076.32,4973757.68,4542247.22,0
9,PAYMENT,471,4041.83,0.0,0.0,0.0,0.0,0
9,CASH_OUT,186,119277.22,0.0,0.0,2562855.73,2682132.95,0
9,PAYMENT,352,3845.73,0.0,0.0,0.0,0.0,0
9,CASH_OUT,15,119.0,119.0,0.0,4844060.13,4844179.13,1
9,CASH_IN,588,315821.65,250666.0,566487.65,0.0,0.0,0
9,PAYMENT,146,9344.66,12762.0,3417.34,0.0,0.0,0
9,CASH_OUT,351,126013.7,0.0,0.0,838324.49,964338.2,0
9,CASH_OUT,250,317942.3,0.0,0.0,5900925.51,6218867.82,0
9,CASH_OUT,403,354342.55,0.0,0.0,683213.79,1037556.34,0
9,CASH_OUT,232,2898.09,2898.09,0.0,741450.85,744348.94,1
9,CASH_OUT,349,80800.21,80800.21,0.0,0.0,80800.21,1
9,PAYMENT,251,22761.03,69652.0,46890.97,0.0,0.0,0
9,TRANSFER,306,1034630.0,0.0,0.0,1476214.2,2510844.2,0
9,CASH_IN,279,159070.56,9115429.49,9274500.05,231777.73,72707.17,0
9,CASH_OUT,251,58412.62,0.0,0.0,407498.44,465911.06,0
9,CASH_IN,181,261744.04,260095.0,521839.04,0.0,0.0,0
9,PAYMENT,331,6055.97,66707.0,60651.03,0.0,0.0,0
9,CASH_IN,37,70799.92,51890.0,122689.92,1363307.18,1292507.26,0
9,CASH_IN,302,96238.5,7892473.64,7988712.14,405496.32,309257.82,0
9,CASH_IN,230,218194.12,5432874.54,5651068.66,6555058.62,6336864.5,0
9,PAYMENT,186,123.37,216179.0,216055.63,0.0,0.0,0
9,TRANSFER,554,9421856.87,9421856.87,0.0,0.0,0.0,1
9,CASH_OUT,353,368077.88,19813.0,0.0,0.0,368077.88,0
9,CASH_IN,42,265426.65,5151.0,270577.65,0.0,0.0,0
9,TRANSFER,188,610343.69,0.0,0.0,2711412.99,3321756.68,0
9,CASH_OUT,231,131782.23,68709.0,0.0,455358.84,587141.06,0
9,CASH_OUT,203,220899.47,3272.0,0.0,428022.55,648922.03,0
9,CASH_IN,547,117479.72,58174.0,175653.72,5590406.3,5472926.58,0
9,CASH_IN,134,152181.82,3523252.1,3675433.92,1243067.03,1090885.21,0
9,CASH_IN,282,149233.57,39754.0,188987.57,2569667.66,2420434.09,0
9,CASH_OUT,188,161492.53,374749.67,213257.14,245526.92,407019.44,0
9,CASH_OUT,159,5762.91,20001.0,14238.09,1026567.02,1032329.92,0
9,CASH_OUT,322,136702.04,362.0,0.0,0.0,136702.04,0
9,CASH_OUT,252,5164.91,0.0,0.0,526359.47,531524.37,0
9,CASH_OUT,8,58201.8,0.0,0.0,1061513.46,762973.35,0
9,CASH_IN,133,172256.53,541976.0,714232.53,100562.0,0.0,0
9,PAYMENT,332,5504.41,13661.0,8156.59,0.0,0.0,0
9,TRANSFER,405,661568.92,0.0,0.0,1582746.23,2244315.15,0
9,CASH_OUT,297,143103.13,0.0,0.0,908742.45,1051845.58,0
9,PAYMENT,187,893.97,0.0,0.0,0.0,0.0,0
9,CASH_OUT,43,346283.11,0.0,0.0,3338600.8,3684883.9,0
9,CASH_OUT,251,8249.61,5838.0,0.0,2318064.86,2326314.47,0
9,PAYMENT,397,24275.7,0.0,0.0,0.0,0.0,0
9,CASH_OUT,401,277677.72,21478.0,0.0,0.0,277677.72,0
9,TRANSFER,701,496420.67,496420.67,0.0,0.0,0.0,1
9,TRANSFER,20,1693591.95,0.0,0.0,1786385.85,3479977.8,0
9,PAYMENT,310,18976.61,2726.0,0.0,0.0,0.0,0
9,PAYMENT,402,6170.69,200581.0,194410.31,0.0,0.0,0
9,CASH_IN,201,160923.79,4626771.3,4787695.09,951979.41,791055.62,0
9,CASH_IN,139,54400.97,1109035.18,1163436.15,591539.37,537138.4,0
9,PAYMENT,254,8558.72,0.0,0.0,0.0,0.0,0
9,CASH_IN,277,76887.92,16489378.12,16566266.03,2572363.73,2495475.82,0
9,CASH_OUT,283,94351.77,0.0,0.0,404098.92,498450.68,0
9,PAYMENT,256,20819.1,206259.0,185439.9,0.0,0.0,0
9,PAYMENT,161,18047.18,25932.0,7884.82,0.0,0.0,0
9,PAYMENT,188,3369.78,60670.95,57301.17,0.0,0.0,0
9,PAYMENT,181,11130.91,9919.0,0.0,0.0,0.0,0
9,CASH_OUT,307,184424.24,0.0,0.0,5092043.22,5276467.45,0
9,CASH_IN,201,179927.06,3627050.61,3806977.67,1325715.73,1145788.67,0
9,PAYMENT,160,31960.02,215285.52,183325.49,0.0,0.0,0
9,TRANSFER,307,103937.28,0.0,0.0,299285.94,403223.22,0
9,CASH_OUT,379,66214.58,28305.0,0.0,72044.62,138259.21,0
9,TRANSFER,190,3955980.94,0.0,0.0,7927132.96,11883113.9,0
9,CASH_IN,211,175879.79,4107.0,179986.79,0.0,0.0,0
9,CASH_IN,371,423402.9,105821.0,529223.9,86144.02,0.0,0
9,CASH_OUT,680,272716.64,272716.64,0.0,1019542.34,1292258.98,1
9,PAYMENT,354,6575.25,10132.0,3556.75,0.0,0.0,0
9,CASH_OUT,379,29356.77,0.0,0.0,104041.79,133398.56,0
9,CASH_OUT,302,117592.04,27790.0,0.0,161606.65,279198.69,0
9,CASH_IN,540,129097.42,1181289.09,1310386.51,1565517.72,1436420.31,0
9,CASH_IN,136,212787.77,103789.0,316576.77,778994.5,566206.72,0
9,CASH_OUT,396,157065.88,0.0,0.0,167071.1,324136.98,0
9,PAYMENT,384,4705.33,12494.0,7788.67,0.0,0.0,0
9,CASH_IN,379,214707.49,10473302.4,10688009.89,220598.54,5891.05,0
9,CASH_OUT,140,105433.82,0.0,0.0,4192864.79,4354168.53,0
9,CASH_IN,586,200438.07,116957.35,317395.42,4082881.48,3882443.41,0
9,CASH_OUT,140,138678.18,672929.0,534250.82,0.0,138678.18,0
9,PAYMENT,207,6366.07,238896.35,232530.28,0.0,0.0,0
9,TRANSFER,425,10000000.0,29585040.37,19585040.37,0.0,0.0,1
9,CASH_IN,211,21801.73,34734.0,56535.73,135871.36,114069.63,0
9,CASH_OUT,405,161680.44,0.0,0.0,567533.68,729214.12,0
9,CASH_IN,357,194773.91,2285.0,197058.91,507456.47,312682.56,0
9,PAYMENT,325,18355.67,112.0,0.0,0.0,0.0,0
9,CASH_IN,10,21919.72,4616226.22,4638145.94,1399715.83,1137121.76,0
9,CASH_OUT,41,281584.59,77494.0,0.0,834492.14,1116076.73,0
9,CASH_OUT,325,46920.04,16428.0,0.0,3413081.84,3460001.88,0
9,CASH_IN,323,196470.76,5597.0,202067.76,0.0,0.0,0
9,CASH_OUT,14,480809.57,52462.0,0.0,0.0,802498.27,0
9,CASH_OUT,19,264873.67,20652.0,0.0,0.0,638302.25,0
9,PAYMENT,393,9063.97,0.0,0.0,0.0,0.0,0
9,PAYMENT,428,13035.76,6001.0,0.0,0.0,0.0,0
9,CASH_OUT,209,385179.59,0.0,0.0,2998022.55,3383202.13,0
9,PAYMENT,9,9928.04,0.0,0.0,0.0,0.0,0
9,PAYMENT,281,5739.13,714936.61,709197.48,0.0,0.0,0
9,PAYMENT,20,10395.34,3384.58,0.0,0.0,0.0,0
9,CASH_IN,14,67433.93,798436.5,865870.43,10807475.37,11287259.79,0
9,TRANSFER,229,400694.21,10461.0,0.0,282861.67,939055.09,0
9,CASH_IN,226,328401.04,4092223.6,4420624.63,1293477.76,965076.73,0
9,PAYMENT,130,22001.17,360185.44,338184.28,0.0,0.0,0
9,CASH_OUT,313,96275.21,48167.65,0.0,537162.29,633437.5,0
9,PAYMENT,132,10412.49,0.0,0.0,0.0,0.0,0
9,CASH_OUT,41,66857.55,0.0,0.0,174628.43,241485.98,0
9,CASH_OUT,451,55970.08,0.0,0.0,240177.72,296147.8,0
9,CASH_OUT,39,72618.71,0.0,0.0,2410855.91,2483474.62,0
9,CASH_OUT,326,142398.3,211728.0,69329.7,520315.92,662714.22,0
9,CASH_OUT,43,225963.26,339533.0,113569.74,2157203.45,2383166.71,0
9,CASH_IN,277,270414.28,70666.0,341080.28,138609.0,0.0,0
9,CASH_OUT,129,141946.99,0.0,0.0,202687.99,317099.23,0
9,CASH_IN,262,16311.34,10208.0,26519.34,1704485.82,1688174.48,0
9,PAYMENT,10,4670.34,0.0,0.0,0.0,0.0,0
9,PAYMENT,43,2782.34,253494.83,250712.48,0.0,0.0,0
9,CASH_OUT,16,71677.7,0.0,0.0,347323.49,419001.19,0
9,PAYMENT,169,1056.16,14603.0,13546.84,0.0,0.0,0
9,CASH_IN,280,103220.71,16731.0,119951.71,190140.33,86919.61,0
9,TRANSFER,34,238546.8,30399.48,0.0,7669767.08,7908313.88,0
9,CASH_IN,10,126804.54,21431710.47,21558515.01,1270084.56,1239569.54,0
9,CASH_OUT,178,166899.36,0.0,0.0,602884.49,769783.84,0
9,CASH_OUT,454,278577.6,278577.6,0.0,124948.07,403525.68,1
9,CASH_OUT,298,89671.7,0.0,0.0,721345.85,811017.54,0
9,PAYMENT,236,27205.24,39348.23,12142.99,0.0,0.0,0
9,CASH_OUT,211,321976.61,37257.88,0.0,1024002.65,1345979.25,0
9,PAYMENT,327,5857.54,601867.9,596010.36,0.0,0.0,0
9,CASH_OUT,520,1459180.14,1459180.14,0.0,1120598.68,2579778.81,1
9,CASH_IN,235,981.15,13364322.09,13365303.24,2203477.37,2202496.22,0
9,CASH_OUT,129,585969.31,126.0,0.0,1294176.61,1880145.92,0
9,CASH_OUT,622,668273.94,668273.94,0.0,619362.81,1287636.75,1
9,PAYMENT,158,3333.56,120082.0,116748.44,0.0,0.0,0
9,CASH_OUT,322,301264.36,0.0,0.0,806211.4,1107475.76,0
9,TRANSFER,134,171154.91,0.0,0.0,551537.22,722692.13,0
9,CASH_OUT,304,161758.56,8661.0,0.0,2851588.23,3013346.78,0
9,PAYMENT,279,13710.28,16607.0,2896.72,0.0,0.0,0
9,CASH_IN,351,110839.71,6488118.5,6598958.21,349819.29,238979.58,0
9,CASH_OUT,361,1742012.06,1742012.06,0.0,70881.61,1812893.67,1
9,CASH_OUT,307,117305.69,0.0,0.0,300160.68,417466.37,0
9,PAYMENT,398,5229.81,72717.0,67487.19,0.0,0.0,0
9,PAYMENT,163,2045.1,168706.55,166661.45,0.0,0.0,0
9,CASH_OUT,9,128427.85,0.0,0.0,484591.5,1200757.17,0
9,CASH_OUT,16,34183.15,21.0,0.0,565796.54,385153.98,0
9,CASH_IN,279,245909.45,24395.0,270304.45,0.0,0.0,0
9,CASH_OUT,260,65695.32,0.0,0.0,852038.83,917734.15,0
9,CASH_IN,258,309701.28,9572905.07,9882606.35,2703076.26,2393374.98,0
9,CASH_IN,187,161785.65,11302811.83,11464597.48,617267.26,455481.61,0
9,CASH_OUT,164,226815.28,43301.0,0.0,7529808.64,7756623.92,0
9,PAYMENT,349,11766.92,21522.0,9755.08,0.0,0.0,0
9,CASH_OUT,189,59332.36,572.0,0.0,898007.01,957339.37,0
9,TRANSFER,94,63995.53,0.0,0.0,4675449.08,4739444.61,0
9,CASH_IN,45,49276.44,31726.0,81002.44,13050.27,0.0,0
9,CASH_OUT,203,151364.27,21026.0,0.0,131456.25,282820.52,0
9,PAYMENT,284,759.13,271394.0,270634.87,0.0,0.0,0
9,PAYMENT,139,35621.67,300157.65,264535.99,0.0,0.0,0
9,PAYMENT,322,41394.37,0.0,0.0,0.0,0.0,0
9,PAYMENT,328,24442.28,5010.0,0.0,0.0,0.0,0
9,CASH_IN,213,99575.95,2146719.25,2246295.2,364990.37,265414.42,0
9,CASH_OUT,14,374995.79,0.0,0.0,1243566.81,1618562.59,0
9,PAYMENT,354,6751.13,32308.29,25557.16,0.0,0.0,0
9,CASH_OUT,154,387223.87,31360.0,0.0,752415.76,1139639.63,0
9,PAYMENT,262,784.29,524.0,0.0,0.0,0.0,0
9,TRANSFER,281,140010.26,309294.0,169283.74,0.0,140010.26,0
9,PAYMENT,36,6193.1,0.0,0.0,0.0,0.0,0
9,PAYMENT,278,13153.39,39979.0,26825.61,0.0,0.0,0
9,CASH_OUT,184,102998.17,69877.0,0.0,57286.56,160284.73,0
9,CASH_OUT,15,345917.67,411.0,0.0,0.0,271682.54,0
9,CASH_OUT,154,266554.91,0.0,0.0,322379.86,588934.77,0
9,PAYMENT,231,6209.58,281165.43,274955.85,0.0,0.0,0
9,TRANSFER,236,293172.11,10553.0,0.0,1311053.15,1604225.26,0
9,CASH_OUT,351,114806.11,0.0,0.0,652019.48,766825.58,0
9,PAYMENT,526,44296.92,0.0,0.0,0.0,0.0,0
9,CASH_OUT,258,203555.48,523878.0,320322.52,1172167.37,1375722.85,0
9,TRANSFER,294,21819.57,21819.57,0.0,0.0,0.0,1
9,TRANSFER,200,54380.21,54380.21,0.0,0.0,0.0,1
9,PAYMENT,492,21813.6,0.0,0.0,0.0,0.0,0
9,PAYMENT,378,10239.43,29724.0,19484.57,0.0,0.0,0
9,CASH_OUT,367,240427.17,240427.17,0.0,41255.61,281682.78,1
9,PAYMENT,19,21604.03,144577.0,122972.97,0.0,0.0,0
9,PAYMENT,187,195.18,7069.85,6874.67,0.0,0.0,0
9,CASH_IN,399,109065.77,25098.0,134163.77,0.0,0.0,0
9,CASH_OUT,137,261077.39,35494.0,0.0,1657921.96,1918999.35,0
9,PAYMENT,230,6846.14,8668.89,1822.75,0.0,0.0,0
9,CASH_OUT,330,359421.26,195.0,0.0,0.0,359421.26,0
9,PAYMENT,182,39507.25,0.0,0.0,0.0,0.0,0
9,CASH_IN,255,165574.53,173.0,165747.53,154949.39,0.0,0
9,PAYMENT,307,53448.49,0.0,0.0,0.0,0.0,0
9,CASH_IN,94,170725.55,6345535.5,6516261.05,891518.72,720793.17,0
9,CASH_IN,585,94808.22,10306807.57,10401615.79,3939145.2,3844336.98,0
9,PAYMENT,19,5176.93,270954.93,265778.0,0.0,0.0,0
9,CASH_OUT,39,349900.91,31514.0,0.0,0.0,307841.05,0
9,PAYMENT,210,7144.98,29100.09,21955.11,0.0,0.0,0
9,CASH_IN,358,305924.22,1650838.62,1956762.84,407518.54,101594.32,0
9,PAYMENT,34,22941.28,0.0,0.0,0.0,0.0,0
9,CASH_OUT,397,14792.78,71239.0,56446.22,0.0,14792.78,0
9,TRANSFER,186,569534.59,0.0,0.0,1760088.08,2329622.67,0
9,CASH_OUT,373,534214.79,0.0,0.0,9828961.01,10363175.8,0
9,CASH_OUT,298,140096.29,512.0,0.0,3429030.99,3569127.27,0
9,CASH_IN,203,282590.4,47791.0,330381.4,0.0,0.0,0
9,CASH_IN,281,240561.32,598.0,241159.32,3256576.33,3016015.01,0
9,PAYMENT,327,16149.2,2008.0,0.0,0.0,0.0,0
9,CASH_IN,190,76405.74,102.0,76507.74,0.0,0.0,0
9,PAYMENT,377,11419.25,105270.0,93850.75,0.0,0.0,0
9,CASH_IN,306,248689.19,16057.38,264746.57,668546.4,419857.21,0
9,CASH_OUT,181,6683.15,0.0,0.0,1299917.96,1306601.12,0
9,TRANSFER,393,316950.5,0.0,0.0,2126993.0,2443943.49,0
9,CASH_OUT,355,322018.65,11067.0,0.0,0.0,322018.65,0
9,CASH_OUT,297,187964.75,0.0,0.0,780634.44,968599.19,0
9,CASH_IN,201,133620.46,7022769.87,7156390.33,213901.23,80280.76,0
9,PAYMENT,239,5603.22,28881.0,23277.78,0.0,0.0,0
9,PAYMENT,19,5833.98,10012.0,4178.02,0.0,0.0,0
9,PAYMENT,46,2574.5,0.0,0.0,0.0,0.0,0
9,CASH_IN,380,118575.97,1605094.61,1723670.58,2077648.85,1959072.88,0
9,CASH_OUT,16,202783.25,40358.0,0.0,0.0,121963.51,0
9,CASH_IN,204,144901.75,3408.0,148309.75,214856.37,69954.61,0
9,PAYMENT,331,34095.45,82027.0,47931.55,0.0,0.0,0
9,PAYMENT,265,9686.8,36218.47,26531.68,0.0,0.0,0
9,CASH_OUT,331,86600.94,11220.0,0.0,0.0,86600.94,0
9,CASH_IN,154,292653.88,13080131.82,13372785.7,6834335.48,6541681.6,0
9,PAYMENT,225,24846.66,378324.32,353477.66,0.0,0.0,0
9,PAYMENT,373,35584.43,10637.37,0.0,0.0,0.0,0
9,CASH_OUT,372,255859.59,11104.0,0.0,0.0,389000.29,0
9,CASH_OUT,513,1530378.45,1530378.45,0.0,0.0,1530378.45,1
9,TRANSFER,13,1060508.0,36541.0,0.0,147196.02,1207704.01,0
9,CASH_IN,422,72321.01,36436.0,108757.01,180686.16,108365.15,0
9,CASH_OUT,554,10000000.0,10000000.0,0.0,0.0,10000000.0,1
9,TRANSFER,164,1213052.22,0.0,0.0,4757241.65,5970293.87,0
9,PAYMENT,203,2453.51,0.0,0.0,0.0,0.0,0
9,CASH_IN,212,141411.83,9037074.88,9178486.71,1581663.37,1440251.54,0
9,PAYMENT,661,9667.5,31725.0,22057.5,0.0,0.0,0
9,PAYMENT,251,24008.86,0.0,0.0,0.0,0.0,0
9,CASH_OUT,525,18968.61,0.0,0.0,150346.42,169315.02,0
9,TRANSFER,144,325732.34,325732.34,0.0,0.0,0.0,1
9,PAYMENT,250,7724.66,262680.0,254955.34,0.0,0.0,0
9,CASH_IN,36,165804.37,46715.0,212519.37,633482.51,467678.14,0
9,CASH_OUT,229,87693.87,0.0,0.0,1611797.74,1699491.61,0
9,CASH_OUT,203,27772.52,0.0,0.0,719229.93,747002.45,0
9,PAYMENT,305,20036.76,0.0,0.0,0.0,0.0,0
9,CASH_OUT,212,266687.51,79324.0,0.0,320034.95,586722.46,0
9,PAYMENT,372,17124.3,553690.35,536566.05,0.0,0.0,0
9,PAYMENT,398,8735.7,23748.0,15012.3,0.0,0.0,0
9,CASH_IN,14,11848.32,184302.83,196151.15,16018.03,4169.71,0
9,CASH_IN,20,226022.76,8048706.88,8274729.64,1076025.16,850002.4,0
9,PAYMENT,686,60380.87,102341.38,41960.52,0.0,0.0,0
9,CASH_OUT,201,386465.07,26017.0,0.0,3338291.52,3724756.59,0
9,CASH_IN,311,207577.82,9305880.38,9513458.2,1028684.57,821106.75,0
9,CASH_OUT,403,225582.72,0.0,0.0,592779.4,818362.11,0
9,CASH_IN,331,208938.21,12192.0,221130.21,0.0,0.0,0
9,CASH_IN,143,49776.41,442404.27,492180.68,141326.41,91549.99,0
9,TRANSFER,11,506447.08,35549.0,0.0,2439.03,683928.89,0
9,CASH_OUT,9,74462.84,0.0,0.0,1593099.64,1760664.16,0
9,CASH_IN,346,174679.26,64523.0,239202.26,0.0,0.0,0
9,PAYMENT,214,38910.46,0.0,0.0,0.0,0.0,0
9,PAYMENT,548,4458.24,229263.0,224804.76,0.0,0.0,0
9,PAYMENT,520,430.46,392439.63,392009.17,0.0,0.0,0
9,TRANSFER,209,464982.27,112832.0,0.0,0.0,464982.27,0
9,CASH_OUT,228,302202.89,198743.0,0.0,0.0,302202.89,0
9,PAYMENT,207,13112.78,10171.0,0.0,0.0,0.0,0
9,CASH_IN,307,177611.42,2874228.83,3051840.25,1947367.41,1769755.99,0
9,CASH_OUT,253,495614.51,11595.0,0.0,0.0,495614.51,0
9,PAYMENT,274,147.21,0.0,0.0,0.0,0.0,0
9,CASH_OUT,39,159661.68,30425.0,0.0,844935.34,1004597.02,0
9,CASH_OUT,372,55460.36,284721.0,229260.64,126914.98,182375.34,0
9,CASH_OUT,397,70264.55,69617.0,0.0,53861.0,0.0,0
9,PAYMENT,401,28499.99,24854.0,0.0,0.0,0.0,0
9,PAYMENT,33,6212.58,20746.0,14533.42,0.0,0.0,0
9,PAYMENT,133,10044.74,0.0,0.0,0.0,0.0,0
9,TRANSFER,102,46081.45,46081.45,0.0,0.0,0.0,1
9,CASH_OUT,306,118549.98,21402.0,0.0,163488.88,282038.86,0
9,PAYMENT,403,18603.58,3644.63,0.0,0.0,0.0,0
9,CASH_IN,254,48661.58,2739067.12,2787728.7,9247283.38,9198621.8,0
9,PAYMENT,332,7921.07,21180.0,13258.93,0.0,0.0,0
9,PAYMENT,179,4439.83,16680.0,12240.17,0.0,0.0,0
9,PAYMENT,274,1961.39,31313.0,29351.61,0.0,0.0,0
9,CASH_IN,182,111488.24,764454.88,875943.12,238232.5,126744.26,0
9,CASH_IN,227,95561.66,1227679.38,1323241.05,1436893.08,2246313.74,0
9,CASH_IN,324,125872.77,21224.0,147096.77,0.0,0.0,0
9,CASH_OUT,36,188303.17,0.0,0.0,635611.5,1703527.86,0
9,PAYMENT,178,6729.88,10912.0,4182.12,0.0,0.0,0
9,CASH_OUT,133,266630.74,108589.76,0.0,1920357.8,2186988.54,0
9,TRANSFER,35,1637321.92,138.0,0.0,0.0,1637321.92,0
9,TRANSFER,448,729318.44,0.0,0.0,4423038.44,5152356.88,0
9,CASH_IN,162,176128.14,10544.0,186672.14,28771.54,0.0,0
9,CASH_IN,348,97664.53,6749994.1,6847658.63,111038.04,13373.51,0
9,PAYMENT,161,724.17,0.0,0.0,0.0,0.0,0
9,PAYMENT,21,4140.56,101240.0,97099.44,0.0,0.0,0
9,PAYMENT,18,17342.36,5065.0,0.0,0.0,0.0,0
9,CASH_OUT,307,43992.57,0.0,0.0,119808.32,163800.89,0
9,CASH_OUT,115,120232.13,120232.13,0.0,2419860.01,2540092.14,1
9,CASH_OUT,372,75375.59,0.0,0.0,205430.29,280805.88,0
9,PAYMENT,329,5908.27,11237.0,5328.73,0.0,0.0,0
9,CASH_OUT,131,454464.75,0.0,0.0,457682.11,912146.86,0
9,CASH_OUT,36,127205.31,60702.0,0.0,2178658.72,2305864.03,0
9,CASH_OUT,45,232709.13,0.0,0.0,715862.17,948571.3,0
9,CASH_OUT,156,79031.41,79031.41,0.0,840743.33,919774.75,1
9,CASH_OUT,231,34769.06,31662.0,0.0,170236.22,205005.28,0
9,TRANSFER,141,184371.95,32775.0,0.0,160241.94,344613.89,0
9,CASH_OUT,253,266500.72,22434.0,0.0,21728.47,288229.18,0
9,PAYMENT,683,1857.83,0.0,0.0,0.0,0.0,0
9,TRANSFER,475,11424.36,11424.36,0.0,0.0,0.0,1
9,PAYMENT,404,25885.72,0.0,0.0,0.0,0.0,0
9,CASH_IN,301,259537.56,12133858.66,12393396.22,502049.85,242512.28,0
9,PAYMENT,20,12140.94,0.0,0.0,0.0,0.0,0
9,CASH_OUT,154,142551.0,0.0,0.0,350940.82,493491.82,0
9,CASH_OUT,378,27250.77,0.0,0.0,541973.05,569223.82,0
9,TRANSFER,278,978387.23,25709.0,0.0,518401.3,1496788.53,0
9,PAYMENT,135,38573.03,794058.57,755485.54,0.0,0.0,0
9,CASH_OUT,188,17616.13,0.0,0.0,3389039.39,3406655.53,0
9,PAYMENT,399,5838.46,335780.53,329942.07,0.0,0.0,0
9,CASH_OUT,203,306062.17,0.0,0.0,1814447.19,2120509.36,0
9,PAYMENT,12,35446.9,361843.5,326396.6,0.0,0.0,0
9,PAYMENT,160,31885.33,171039.0,139153.67,0.0,0.0,0
9,TRANSFER,408,522171.96,31809.0,0.0,484573.73,1006745.69,0
9,PAYMENT,13,20342.43,530811.35,510468.92,0.0,0.0,0
9,PAYMENT,182,19596.81,0.0,0.0,0.0,0.0,0
9,PAYMENT,130,11679.47,120.0,0.0,0.0,0.0,0
9,CASH_OUT,282,120992.13,98725.0,0.0,1858173.48,1979165.62,0
9,PAYMENT,332,8649.29,0.0,0.0,0.0,0.0,0
9,CASH_IN,281,279785.0,9966995.7,10246780.7,2864975.82,2585190.82,0
9,CASH_IN,687,76923.41,715121.64,792045.05,425532.83,348609.42,0
9,CASH_OUT,306,61670.93,0.0,0.0,2531966.51,2593637.43,0
9,CASH_IN,234,108172.78,5551547.37,5659720.15,2815218.7,2707045.92,0
9,CASH_OUT,285,224117.98,0.0,0.0,231781.02,455899.0,0
9,CASH_IN,396,46625.48,8330545.25,8377170.73,147957.31,101331.83,0
9,PAYMENT,137,2574.15,0.0,0.0,0.0,0.0,0
9,PAYMENT,308,165.19,0.0,0.0,0.0,0.0,0
9,CASH_OUT,163,395874.06,30447.0,0.0,59649.28,455523.33,0
9,CASH_OUT,301,82665.47,82665.47,0.0,122651.87,205317.34,1
9,CASH_OUT,201,247020.28,102512.0,0.0,1361043.3,1608063.58,0
9,TRANSFER,501,472808.24,472808.24,0.0,0.0,0.0,1
9,PAYMENT,33,547.06,137908.47,137361.41,0.0,0.0,0
9,CASH_OUT,13,142619.11,21347.0,0.0,9840.38,152459.5,0
9,CASH_OUT,349,354764.22,139266.0,0.0,0.0,354764.22,0
9,TRANSFER,106,1486955.35,1486955.35,0.0,0.0,0.0,1
9,PAYMENT,325,26999.25,620.0,0.0,0.0,0.0,0
9,CASH_OUT,37,83800.01,0.0,0.0,311910.23,395710.24,0
9,PAYMENT,186,5084.55,434394.57,429310.01,0.0,0.0,0
9,TRANSFER,37,948140.85,92729.97,0.0,118809.37,1066950.21,0
9,PAYMENT,249,950.47,0.0,0.0,0.0,0.0,0
9,PAYMENT,34,5902.34,16145.0,10242.66,0.0,0.0,0
9,CASH_IN,274,31302.68,31337.0,62639.68,0.0,0.0,0
9,PAYMENT,274,23569.17,186619.83,163050.66,0.0,0.0,0
9,PAYMENT,354,8863.87,0.0,0.0,0.0,0.0,0
9,TRANSFER,259,146501.73,0.0,0.0,1852363.81,1998865.54,0
9,CASH_OUT,180,89424.19,2502.0,0.0,0.0,89424.19,0
9,CASH_OUT,231,745292.99,0.0,0.0,2123047.95,2868340.94,0
9,PAYMENT,403,1062.59,0.0,0.0,0.0,0.0,0
9,PAYMENT,283,8189.46,0.0,0.0,0.0,0.0,0
9,CASH_OUT,14,350946.56,51908.0,0.0,618924.16,1282393.09,0
9,PAYMENT,298,52406.34,949.0,0.0,0.0,0.0,0
9,CASH_IN,206,266950.0,4854417.43,5121367.42,4384276.77,4117326.78,0
9,CASH_IN,256,78715.86,740873.32,819589.18,429900.93,351185.07,0
9,CASH_OUT,321,331079.19,49639.0,0.0,308081.47,639160.66,0
9,CASH_OUT,133,210445.15,129.0,0.0,0.0,210445.15,0
9,PAYMENT,284,1436.67,0.0,0.0,0.0,0.0,0
9,CASH_OUT,23,4371.59,0.0,0.0,829014.36,833385.95,0
9,TRANSFER,687,313087.03,775.0,0.0,1132515.24,1445602.27,0
9,CASH_OUT,285,105617.29,0.0,0.0,3422488.05,3528105.35,0
9,CASH_IN,258,254886.75,3661914.22,3916800.96,430184.9,175298.16,0
9,CASH_IN,323,196128.15,11030509.41,11226637.57,1123969.27,927841.12,0
9,CASH_IN,278,42276.96,10347.0,52623.96,696108.09,653831.13,0
9,CASH_OUT,402,19763.88,0.0,0.0,3669135.68,3821015.21,0
9,CASH_IN,186,159753.43,6495465.53,6655218.97,253043.49,93290.06,0
9,CASH_OUT,333,85664.35,30145.0,0.0,39707.35,125371.7,0
9,CASH_IN,163,1715.38,2321.0,4036.38,22527.33,20811.95,0
9,CASH_IN,208,62314.08,560657.48,622971.56,3594140.0,3531825.92,0
9,PAYMENT,396,4117.59,26063.0,21945.41,0.0,0.0,0
9,PAYMENT,258,3709.56,0.0,0.0,0.0,0.0,0
9,TRANSFER,331,498017.81,1692.0,0.0,0.0,498017.81,0
9,CASH_IN,709,404382.16,1792175.74,2196557.9,6936021.41,6531639.25,0
9,CASH_OUT,275,24761.71,0.0,0.0,209873.72,234635.43,0
9,CASH_IN,403,131807.61,1095455.58,1227263.19,985249.79,853442.19,0
9,CASH_OUT,135,268230.63,0.0,0.0,1639468.25,1907698.88,0
9,TRANSFER,291,145035.4,145035.4,0.0,0.0,0.0,1
9,CASH_OUT,382,334888.13,4476.52,0.0,1670819.13,2005707.26,0
9,CASH_OUT,306,15310.58,0.0,0.0,1529785.99,1545096.57,0
9,TRANSFER,86,17822.02,17822.02,0.0,0.0,0.0,1
9,CASH_OUT,9,556218.01,556218.01,0.0,0.0,582265.81,1
9,PAYMENT,214,12846.82,0.0,0.0,0.0,0.0,0
9,PAYMENT,303,4581.02,284968.93,280387.91,0.0,0.0,0
9,PAYMENT,209,6601.6,0.0,0.0,0.0,0.0,0
9,CASH_OUT,488,50279.4,50279.4,0.0,1108375.76,1158655.16,1
9,TRANSFER,403,420364.58,0.0,0.0,493081.26,913445.84,0
9,CASH_OUT,157,42620.18,15409.0,0.0,0.0,42620.18,0
9,PAYMENT,15,9509.96,19039.34,9529.38,0.0,0.0,0
9,CASH_OUT,206,14013.31,140773.26,126759.95,581817.88,595831.19,0
9,CASH_OUT,21,159291.22,0.0,0.0,170044.24,634917.93,0
9,CASH_IN,194,138441.3,1976858.3,2115299.6,564572.37,426131.07,0
9,CASH_OUT,180,68609.99,0.0,0.0,855288.66,923898.65,0
9,PAYMENT,34,16502.55,0.0,0.0,0.0,0.0,0
9,PAYMENT,39,4687.71,47910.0,43222.29,0.0,0.0,0
9,CASH_OUT,227,349559.07,0.0,0.0,537807.74,887366.81,0
9,CASH_IN,596,4684.75,82774.0,87458.75,562253.19,557568.44,0
9,PAYMENT,471,33973.73,84614.0,50640.27,0.0,0.0,0
9,CASH_IN,211,161395.19,10538688.46,10700083.65,4470464.15,4309068.96,0
9,CASH_OUT,373,73236.64,40079.0,0.0,396813.71,470050.35,0
9,CASH_IN,137,162282.77,175970.0,338252.77,4894797.29,4732514.52,0
9,CASH_OUT,562,6324299.91,6324299.91,0.0,411927.3,6736227.21,1
9,PAYMENT,350,4774.56,0.0,0.0,0.0,0.0,0
9,PAYMENT,210,15468.0,12825.29,0.0,0.0,0.0,0
9,CASH_OUT,330,378844.5,23253.0,0.0,1257390.55,1636235.05,0
9,CASH_IN,134,21817.2,1378308.73,1400125.94,86512.44,64695.24,0
9,TRANSFER,307,413814.4,340829.43,0.0,577883.06,991697.46,0
9,CASH_OUT,20,48967.56,45249.0,0.0,910528.43,959496.0,0
9,CASH_OUT,204,404262.77,101623.0,0.0,11402043.31,11806306.08,0
9,CASH_IN,210,133047.9,6767743.39,6900791.3,680918.49,547870.59,0
9,PAYMENT,154,9960.26,133990.78,124030.52,0.0,0.0,0
9,CASH_OUT,354,166933.62,21370.0,0.0,610138.42,777072.04,0
9,CASH_OUT,159,174547.86,5526.0,0.0,167009.01,341556.87,0
9,TRANSFER,162,2765.95,0.0,0.0,627629.93,630395.87,0
9,CASH_IN,20,110494.64,6908779.1,7019273.75,436810.24,116498.27,0
9,CASH_IN,379,189996.61,3316782.52,3506779.13,1982565.59,1792568.99,0
9,CASH_OUT,136,168345.08,0.0,0.0,386214.58,554559.66,0
9,CASH_OUT,36,400200.79,304669.0,0.0,7647526.45,8047727.25,0
9,CASH_OUT,35,190792.01,0.0,0.0,12879699.08,13070491.09,0
9,PAYMENT,325,19157.87,13295.0,0.0,0.0,0.0,0
9,CASH_OUT,565,177328.88,59775.0,0.0,22091.58,199420.47,0
9,TRANSFER,262,304647.72,0.0,0.0,18420826.52,18725474.24,0
9,PAYMENT,41,8641.16,169047.93,160406.78,0.0,0.0,0
9,TRANSFER,331,414492.68,0.0,0.0,11370086.72,11784579.4,0
9,CASH_IN,286,32117.9,106896.0,139013.9,2063257.04,2031139.14,0
9,CASH_IN,259,139637.3,3081802.41,3221439.71,865773.6,726136.31,0
9,PAYMENT,179,10431.42,0.0,0.0,0.0,0.0,0
9,CASH_OUT,188,59786.39,0.0,0.0,168555.02,228341.41,0
9,TRANSFER,44,136006.38,258.0,0.0,356.48,136362.86,0
9,PAYMENT,522,56072.06,0.0,0.0,0.0,0.0,0
9,CASH_OUT,278,186036.64,37245.0,0.0,0.0,186036.64,0
9,PAYMENT,232,5319.88,31193.0,25873.12,0.0,0.0,0
9,PAYMENT,204,3179.71,20502.0,17322.29,0.0,0.0,0
9,CASH_IN,184,196765.48,13140917.17,13337682.65,1071360.81,874595.33,0
9,CASH_OUT,232,311395.78,47447.0,0.0,0.0,311395.78,0
9,PAYMENT,155,10431.05,216560.07,206129.02,0.0,0.0,0
9,CASH_OUT,139,16987.6,27864.0,10876.4,1036800.26,1053787.86,0
9,TRANSFER,350,96703.63,0.0,0.0,464043.74,560747.37,0
9,CASH_OUT,406,13258.08,0.0,0.0,27890409.39,27903667.47,0
9,CASH_IN,355,154190.27,1479680.52,1633870.79,831570.06,677379.79,0
9,PAYMENT,350,18230.66,43666.0,25435.34,0.0,0.0,0
9,PAYMENT,180,13769.25,0.0,0.0,0.0,0.0,0
9,CASH_IN,381,53111.46,1685554.17,1738665.64,2186064.29,2132952.83,0
9,PAYMENT,382,9587.0,95.0,0.0,0.0,0.0,0
9,CASH_OUT,210,320178.67,180.0,0.0,171185.35,491364.02,0
9,CASH_OUT,375,205980.48,0.0,0.0,1286171.21,1492151.69,0
9,PAYMENT,308,15659.8,576887.0,561227.2,0.0,0.0,0
9,PAYMENT,42,15495.17,34833.74,19338.57,0.0,0.0,0
9,PAYMENT,278,6653.65,483.0,0.0,0.0,0.0,0
9,PAYMENT,255,10623.57,0.0,0.0,0.0,0.0,0
9,CASH_OUT,346,26312.34,0.0,0.0,58792.97,85105.31,0
9,CASH_OUT,307,73574.82,0.0,0.0,7932289.53,8005864.35,0
9,PAYMENT,345,20091.14,0.0,0.0,0.0,0.0,0
9,TRANSFER,514,1413072.25,44864.52,0.0,5035336.84,6448409.09,0
9,CASH_IN,252,281149.14,17446058.46,17727207.6,694543.98,413394.83,0
9,CASH_OUT,253,42453.86,0.0,0.0,284112.44,326566.3,0
9,CASH_IN,251,386602.3,4820054.6,5206656.9,943914.57,557312.27,0
9,PAYMENT,10,7933.99,1461.0,0.0,0.0,0.0,0
9,PAYMENT,165,8822.78,0.0,0.0,0.0,0.0,0
9,PAYMENT,399,7389.56,49131.15,41741.59,0.0,0.0,0
9,CASH_OUT,235,14583.85,136983.0,122399.15,0.0,14583.85,0
9,CASH_OUT,135,150413.4,0.0,0.0,5892871.58,6043284.98,0
9,CASH_IN,185,308639.37,6071497.27,6380136.64,11839762.42,11531123.04,0
9,PAYMENT,233,29531.95,19877.0,0.0,0.0,0.0,0
9,PAYMENT,141,16597.65,10018.0,0.0,0.0,0.0,0
9,PAYMENT,346,21920.0,150.0,0.0,0.0,0.0,0
9,CASH_IN,376,137037.58,50018.0,187055.58,0.0,0.0,0
9,CASH_IN,135,23706.51,58748.0,82454.51,7777800.05,7754093.55,0
9,CASH_IN,162,272285.58,2370325.66,2642611.24,542987.5,270701.92,0
9,CASH_IN,302,446027.98,3105.0,449132.98,327388.1,0.0,0
9,PAYMENT,346,25429.34,170883.52,145454.18,0.0,0.0,0
9,CASH_OUT,136,36237.65,0.0,0.0,41778.72,78016.37,0
9,CASH_OUT,205,31402.57,105030.0,73627.43,14850990.66,14882393.23,0
9,CASH_OUT,307,193071.02,150.0,0.0,218577.4,411648.42,0
9,PAYMENT,166,1447.82,104597.0,103149.18,0.0,0.0,0
9,CASH_OUT,235,302103.99,0.0,0.0,6285780.06,6587884.05,0
