window_id,type,step,amount,oldbalanceOrg,newbalanceOrig,oldbalanceDest,newbalanceDest,isFraud
0,CASH_IN,143,142735.04,2186409.75,2329144.79,4251792.69,4109057.65,0
0,PAYMENT,399,38081.21,0.0,0.0,0.0,0.0,0
0,CASH_OUT,136,139866.86,19838.0,0.0,777909.32,917776.19,0
0,TRANSFER,346,516355.22,516355.22,0.0,0.0,0.0,1
0,PAYMENT,11,6109.64,0.0,0.0,0.0,0.0,0
0,PAYMENT,12,17669.05,13471.0,0.0,0.0,0.0,0
0,CASH_IN,298,260675.26,5910059.11,6170734.38,466843.12,206167.85,0
0,CASH_IN,15,75324.95,7734.0,83058.95,11943.0,480130.83,0
0,CASH_IN,209,46339.68,801183.14,847522.82,104885.77,58546.08,0
0,CASH_OUT,188,227359.53,0.0,0.0,281184.79,508544.32,0
0,CASH_OUT,163,244261.57,0.0,0.0,354594.05,598855.62,0
0,CASH_OUT,280,53219.25,0.0,0.0,67130.52,120349.77,0
0,CASH_OUT,277,142094.02,252223.0,110128.98,0.0,142094.02,0
0,CASH_IN,374,48066.72,10785.0,58851.72,0.0,0.0,0
0,CASH_IN,400,194708.69,2664607.99,2859316.68,871149.09,676440.4,0
0,PAYMENT,22,27694.2,21823.0,0.0,0.0,0.0,0
0,CASH_OUT,237,56400.1,533621.73,477221.64,4984992.72,5041392.82,0
0,TRANSFER,177,744837.89,0.0,0.0,797054.93,1541892.82,0
0,PAYMENT,21,13606.4,0.0,0.0,0.0,0.0,0
0,TRANSFER,288,997450.2,0.0,0.0,5416435.0,6413885.2,0
0,PAYMENT,382,5188.47,90401.0,85212.53,0.0,0.0,0
0,CASH_IN,254,278500.82,6774.0,285274.82,103974.29,0.0,0
0,CASH_OUT,184,223775.62,7051.0,0.0,0.0,223775.62,0
0,TRANSFER,6,17320.91,17320.91,0.0,0.0,0.0,1
0,PAYMENT,347,46756.07,18109.0,0.0,0.0,0.0,0
0,PAYMENT,694,2092.77,6990.0,4897.23,0.0,0.0,0
0,CASH_IN,234,314838.02,7104729.69,7419567.71,332347.07,17509.04,0
0,TRANSFER,205,1213044.27,0.0,0.0,5958645.99,7171690.26,0
0,CASH_IN,136,145150.65,7968135.88,8113286.53,656715.48,511564.83,0
0,CASH_OUT,180,173309.11,173309.11,0.0,0.0,173309.11,1
0,CASH_OUT,300,220173.22,0.0,0.0,668675.48,888848.7,0
0,CASH_IN,331,158356.11,3633412.3,3791768.41,3838291.29,3667965.24,0
0,CASH_OUT,306,205120.63,0.0,0.0,4279094.05,4484214.68,0
0,CASH_IN,249,139631.17,2059219.98,2198851.16,401472.42,261841.24,0
0,CASH_OUT,178,119604.13,30678.0,0.0,22457787.17,22577391.3,0
0,TRANSFER,237,3924102.18,3924102.18,0.0,0.0,0.0,1
0,CASH_IN,253,2333.45,50235.0,52568.45,546672.65,544339.2,0
0,TRANSFER,402,1899259.57,90435.15,0.0,15785884.37,17685143.94,0
0,PAYMENT,695,1651.77,20967.0,19315.23,0.0,0.0,0
0,TRANSFER,132,380192.0,0.0,0.0,657395.05,1037587.05,0
0,CASH_IN,178,211827.44,5950.0,217777.44,129880.7,0.0,0
0,TRANSFER,540,3707342.38,3707342.38,0.0,0.0,0.0,1
0,CASH_OUT,251,191065.09,0.0,0.0,1411746.99,1602812.08,0
0,PAYMENT,402,5120.82,24650.53,19529.7,0.0,0.0,0
0,CASH_OUT,348,9174.09,0.0,0.0,569870.19,579044.28,0
0,CASH_OUT,491,1122827.94,1122827.94,0.0,257056.52,1379884.46,1
0,CASH_IN,329,30895.61,2315.0,33210.61,1764763.03,1733867.42,0
0,CASH_OUT,185,95198.49,143991.0,48792.51,2939.24,98137.73,0
0,CASH_IN,297,527520.99,50142.0,577662.99,326797.95,0.0,0
0,PAYMENT,34,21297.94,103988.0,82690.06,0.0,0.0,0
0,TRANSFER,137,339605.37,14889.0,0.0,141622.36,481227.73,0
0,CASH_OUT,15,206604.88,48568.0,0.0,5070371.38,5474735.44,0
0,CASH_IN,20,177394.27,52286.0,229680.27,770692.42,179119.68,0
0,CASH_OUT,38,150941.17,0.0,0.0,720759.71,871700.88,0
0,CASH_OUT,15,226949.94,0.0,0.0,13616147.02,13781260.89,0
0,PAYMENT,157,5839.99,0.0,0.0,0.0,0.0,0
0,CASH_OUT,182,39033.64,493132.0,454098.36,0.0,39033.64,0
0,CASH_IN,205,71525.57,1702530.05,1774055.63,133933.37,62407.79,0
0,CASH_OUT,406,145997.25,0.0,0.0,356113.33,502110.58,0
0,PAYMENT,282,7528.69,72205.0,64676.31,0.0,0.0,0
0,TRANSFER,153,1424006.29,58591.25,0.0,4148692.61,5820042.14,0
0,PAYMENT,95,10051.31,10510.0,458.69,0.0,0.0,0
0,CASH_OUT,15,47611.3,0.0,0.0,667174.49,487373.49,0
0,PAYMENT,163,13494.66,21261.0,7766.34,0.0,0.0,0
0,CASH_OUT,256,127255.2,0.0,0.0,304385.94,431641.14,0
0,CASH_OUT,188,163457.13,4509.0,0.0,3004586.99,3168044.11,0
0,PAYMENT,11,17606.0,328.0,0.0,0.0,0.0,0
0,TRANSFER,283,404228.26,11580.0,0.0,2450807.27,2855035.52,0
0,CASH_OUT,33,292091.54,14789.0,0.0,83742.94,432855.73,0
0,PAYMENT,370,5967.59,0.0,0.0,0.0,0.0,0
0,CASH_OUT,353,239627.37,583.0,0.0,0.0,239627.37,0
0,PAYMENT,40,18968.57,192914.99,173946.42,0.0,0.0,0
0,PAYMENT,495,35037.29,2072.0,0.0,0.0,0.0,0
0,CASH_OUT,379,24451.47,103245.0,78793.53,47360.39,71811.86,0
0,TRANSFER,297,1592868.28,0.0,0.0,2479906.7,4417042.78,0
0,CASH_IN,301,366673.05,156830.0,523503.05,0.0,0.0,0
0,CASH_OUT,261,2689633.8,2689633.8,0.0,0.0,2689633.8,1
0,PAYMENT,232,3006.18,0.0,0.0,0.0,0.0,0
0,TRANSFER,37,1099890.95,9922.0,0.0,2190971.63,3290862.58,0
0,PAYMENT,44,7686.85,17681.0,9994.15,0.0,0.0,0
0,CASH_OUT,275,145778.45,0.0,0.0,243017.1,388795.55,0
0,PAYMENT,225,23589.16,0.0,0.0,0.0,0.0,0
0,CASH_OUT,136,128287.71,0.0,0.0,425392.89,553680.6,0
0,PAYMENT,209,6876.88,13667.44,6790.56,0.0,0.0,0
0,CASH_OUT,11,605572.0,31109.0,0.0,0.0,605572.0,0
0,CASH_IN,137,145778.9,18253.0,164031.9,0.0,0.0,0
0,PAYMENT,158,22090.97,0.0,0.0,0.0,0.0,0
0,CASH_OUT,275,56046.04,0.0,0.0,1213112.49,1269158.54,0
0,CASH_OUT,225,501137.46,0.0,0.0,9977068.05,10672001.58,0
0,PAYMENT,345,10038.08,0.0,0.0,0.0,0.0,0
0,PAYMENT,139,2310.77,14563.0,12252.23,0.0,0.0,0
0,CASH_OUT,252,192709.17,14209.0,0.0,29989.95,222699.12,0
0,CASH_OUT,399,355374.83,0.0,0.0,4467887.27,4823262.1,0
0,PAYMENT,253,6147.65,1180433.65,1174286.0,0.0,0.0,0
0,CASH_OUT,139,109481.62,214917.0,105435.38,17864.73,127346.35,0
0,PAYMENT,548,2480.69,10401.0,7920.31,0.0,0.0,0
0,PAYMENT,163,16205.0,0.0,0.0,0.0,0.0,0
0,CASH_OUT,704,339152.24,339152.24,0.0,0.0,339152.24,1
0,PAYMENT,383,7172.68,37803.0,30630.32,0.0,0.0,0
0,TRANSFER,357,4177467.46,4177467.46,0.0,0.0,0.0,1
0,CASH_OUT,36,203684.92,0.0,0.0,339564.24,543249.16,0
0,CASH_OUT,131,370404.46,25460.0,0.0,673433.82,1418003.57,0
0,CASH_OUT,139,332948.57,11967.0,0.0,1734576.45,2067525.02,0
0,PAYMENT,404,12002.84,11245.0,0.0,0.0,0.0,0
0,CASH_IN,209,189432.84,20742.0,210174.84,925880.15,736447.31,0
0,CASH_OUT,139,4804.45,0.0,0.0,286336.45,291140.9,0
0,CASH_OUT,369,211414.21,0.0,0.0,2948919.73,3160333.94,0
0,TRANSFER,232,60056.09,0.0,0.0,88536.89,148592.98,0
0,CASH_OUT,308,138064.23,108.0,0.0,663312.44,801376.67,0
0,CASH_OUT,130,1494432.21,1494432.21,0.0,0.0,1494432.21,1
0,PAYMENT,229,24135.89,0.0,0.0,0.0,0.0,0
0,PAYMENT,379,1999.98,128455.26,126455.28,0.0,0.0,0
0,CASH_OUT,39,105152.83,77488.0,0.0,81592.76,707203.81,0
0,PAYMENT,184,7294.61,295.0,0.0,0.0,0.0,0
0,TRANSFER,305,10000000.0,20399.0,0.0,0.0,16272607.92,0
0,PAYMENT,133,41205.29,0.0,0.0,0.0,0.0,0
0,TRANSFER,274,859324.03,10509.0,0.0,854430.73,1713754.76,0
0,CASH_IN,400,221471.69,502.0,221973.69,39205.35,0.0,0
0,CASH_IN,260,5637.58,15009440.35,15015077.92,1071115.28,1065477.71,0
0,TRANSFER,127,701707.89,701707.89,0.0,0.0,0.0,1
0,CASH_OUT,253,212597.74,11691.0,0.0,0.0,212597.74,0
0,PAYMENT,181,26823.39,0.0,0.0,0.0,0.0,0
0,CASH_IN,18,89216.36,19976020.43,20065236.8,1007611.52,1007301.57,0
0,PAYMENT,205,15285.58,30617.0,15331.42,0.0,0.0,0
0,CASH_OUT,259,123339.6,0.0,0.0,319269.5,442609.1,0
0,CASH_IN,524,265060.77,41929.0,306989.77,0.0,0.0,0
0,CASH_IN,9,103703.38,21444.0,125147.38,258421.6,154718.22,0
0,CASH_IN,159,419788.09,20241.0,440029.09,0.0,0.0,0
0,CASH_IN,229,232835.42,8125826.13,8358661.55,1654405.59,1421570.17,0
0,CASH_IN,165,389377.93,4330887.73,4720265.66,1327665.85,1097028.44,0
0,CASH_OUT,41,281955.4,444.0,0.0,26600.82,308556.22,0
0,CASH_IN,38,303460.38,4486333.42,4789793.8,542091.91,238631.53,0
0,PAYMENT,230,4427.15,0.0,0.0,0.0,0.0,0
0,CASH_OUT,379,189002.63,10.0,0.0,21060.09,210062.72,0
0,CASH_OUT,17,358848.72,267.0,0.0,123525.81,118041.87,0
0,CASH_IN,22,6714.1,2829128.22,2835842.32,61380.88,54666.78,0
0,PAYMENT,280,11793.14,450403.83,438610.69,0.0,0.0,0
0,CASH_OUT,330,157694.24,99633.0,0.0,190752.95,348447.19,0
0,CASH_OUT,326,108316.73,98646.0,0.0,71087.99,179404.72,0
0,CASH_OUT,523,497928.97,497928.97,0.0,4112129.55,4610058.51,1
0,CASH_IN,329,78378.81,9788.0,88166.81,48755.0,0.0,0
0,PAYMENT,372,9485.17,20367.0,10881.83,0.0,0.0,0
0,CASH_OUT,162,144153.84,0.0,0.0,4270598.05,4623454.53,0
0,CASH_OUT,354,235587.42,62159.29,0.0,1110261.64,1345849.06,0
0,CASH_OUT,15,135665.91,0.0,0.0,1707686.5,1843352.41,0
0,PAYMENT,202,4379.13,0.0,0.0,0.0,0.0,0
0,CASH_OUT,206,14722.25,60157.0,45434.75,2097117.59,2111839.84,0
0,CASH_IN,373,58238.92,175270.0,233508.92,34156.48,0.0,0
0,CASH_OUT,279,8423.94,0.0,0.0,1803032.66,1811456.6,0
0,CASH_OUT,160,129060.73,167581.0,38520.27,0.0,129060.73,0
0,TRANSFER,337,88748.63,88748.63,0.0,0.0,0.0,1
0,CASH_OUT,402,59611.9,0.0,0.0,176046.42,235658.32,0
0,CASH_IN,138,203691.8,49888.0,253579.8,0.0,0.0,0
0,PAYMENT,163,6479.08,94.0,0.0,0.0,0.0,0
0,PAYMENT,15,28064.47,163100.87,135036.41,0.0,0.0,0
0,TRANSFER,36,1068748.51,59334.38,0.0,1849995.29,2918743.8,0
0,CASH_OUT,540,192649.8,0.0,0.0,1820948.43,2013598.23,0
0,CASH_IN,259,91550.9,4385.0,95935.9,0.0,0.0,0
0,PAYMENT,163,9636.77,0.0,0.0,0.0,0.0,0
0,CASH_OUT,17,107181.61,0.0,0.0,1636349.99,1743531.61,0
0,CASH_OUT,402,119216.35,178268.0,59051.65,115882.27,238615.73,0
0,PAYMENT,161,7721.01,35082.0,27360.99,0.0,0.0,0
0,CASH_IN,46,168576.06,4358027.27,4526603.33,266491.46,97915.41,0
0,CASH_IN,205,94988.68,20329.0,115317.68,125266.29,30277.61,0
0,TRANSFER,537,254773.22,254773.22,0.0,0.0,0.0,1
0,CASH_OUT,162,266245.46,166186.0,0.0,5769.34,272014.8,0
0,CASH_IN,181,86505.8,7292826.47,7379332.27,177288.2,90782.4,0
0,CASH_OUT,354,147601.56,0.0,0.0,1686393.13,1833994.69,0
0,CASH_IN,186,92776.06,27258.0,120034.06,118536.34,25760.28,0
0,CASH_IN,186,227765.95,8435489.08,8663255.04,752911.38,525145.43,0
0,CASH_OUT,139,122713.59,18985.0,0.0,2398020.27,2520733.86,0
0,CASH_OUT,403,141545.48,0.0,0.0,697735.3,839280.78,0
0,CASH_OUT,573,28298.62,132970.0,104671.38,253748.55,282047.16,0
0,TRANSFER,201,16182.7,16182.7,0.0,0.0,0.0,1
0,CASH_OUT,43,350789.59,350789.59,0.0,8785008.75,9135798.34,1
0,PAYMENT,12,14637.47,45880.0,31242.53,0.0,0.0,0
0,CASH_OUT,236,142144.45,12436.0,0.0,0.0,142144.45,0
0,PAYMENT,95,995.91,215269.0,214273.09,0.0,0.0,0
0,CASH_IN,229,465456.24,143.0,465599.24,1117491.21,652034.97,0
0,CASH_IN,347,102889.43,3722945.93,3825835.35,286174.18,183284.75,0
0,PAYMENT,214,3472.56,185.0,0.0,0.0,0.0,0
0,PAYMENT,282,20156.89,0.0,0.0,0.0,0.0,0
0,PAYMENT,327,6183.53,82265.0,76081.47,0.0,0.0,0
0,CASH_OUT,38,62861.15,12117.0,0.0,1079082.32,1141943.47,0
0,CASH_OUT,596,152345.22,166968.63,14623.41,282569.25,434914.47,0
0,PAYMENT,449,22131.8,0.0,0.0,0.0,0.0,0
0,CASH_OUT,183,62765.82,199076.0,136310.18,0.0,62765.82,0
0,CASH_IN,16,1572.24,20553.0,22125.24,2739388.1,3258854.91,0
0,CASH_OUT,164,1191399.72,1191399.72,0.0,2447080.16,3638479.89,1
0,CASH_IN,333,337665.99,4900777.15,5238443.14,11506107.15,11168441.16,0
0,CASH_IN,201,140126.01,5393782.53,5533908.54,377885.7,237759.68,0
0,PAYMENT,403,550.89,10088.0,9537.11,0.0,0.0,0
0,TRANSFER,202,701510.22,29791.0,0.0,8789718.83,9491229.06,0
0,PAYMENT,307,5190.08,98328.33,93138.25,0.0,0.0,0
0,CASH_IN,393,290413.49,1392820.47,1683233.96,350346.69,59933.2,0
0,CASH_OUT,522,146908.38,146908.38,0.0,4991504.3,5138412.68,1
0,CASH_OUT,42,212487.57,0.0,0.0,311409.48,523897.05,0
0,CASH_OUT,283,87345.6,0.0,0.0,6265398.77,6352744.37,0
0,CASH_OUT,404,83374.03,0.0,0.0,667629.17,751003.19,0
0,CASH_OUT,12,279569.28,0.0,0.0,4378866.35,4650584.75,0
0,CASH_OUT,276,185364.24,66051.0,0.0,0.0,185364.24,0
0,CASH_IN,375,221041.79,2360387.96,2581429.75,3934789.19,3713747.39,0
0,PAYMENT,276,19770.78,0.0,0.0,0.0,0.0,0
0,CASH_OUT,15,135264.84,30857.0,0.0,0.0,204222.4,0
0,PAYMENT,370,34271.78,0.0,0.0,0.0,0.0,0
0,CASH_OUT,350,297900.19,10652.0,0.0,83301.76,381201.95,0
0,PAYMENT,378,3361.35,41155.0,37793.65,0.0,0.0,0
0,CASH_IN,10,280318.73,1525.0,281843.73,194257.87,0.0,0
0,PAYMENT,379,13339.54,90459.0,77119.46,0.0,0.0,0
0,CASH_IN,179,284925.54,106352.0,391277.54,11653142.5,11368216.96,0
0,PAYMENT,284,5183.83,52402.94,47219.1,0.0,0.0,0
0,CASH_OUT,184,66934.07,21546.0,0.0,961318.46,1028252.53,0
0,CASH_IN,33,179370.07,1106140.52,1285510.59,5957476.47,5778106.4,0
0,PAYMENT,178,26446.84,150869.0,124422.16,0.0,0.0,0
0,CASH_IN,332,98635.66,2265693.28,2364328.94,413186.61,314550.96,0
0,PAYMENT,136,16419.27,52148.0,35728.73,0.0,0.0,0
0,PAYMENT,33,28668.1,0.0,0.0,0.0,0.0,0
0,CASH_OUT,177,103873.32,20474.0,0.0,0.0,103873.32,0
0,CASH_IN,166,82484.38,2382328.17,2464812.55,530103.73,447619.34,0
0,TRANSFER,137,753372.27,39348.0,0.0,0.0,753372.27,0
0,CASH_OUT,332,106580.78,0.0,0.0,257129.8,363710.59,0
0,CASH_OUT,18,349869.58,31470.0,0.0,135666.24,360365.65,0
0,CASH_OUT,38,57580.76,38.0,0.0,1530115.79,1697083.72,0
0,CASH_OUT,348,667968.88,696.0,0.0,0.0,667968.88,0
0,TRANSFER,299,369171.3,212.0,0.0,0.0,369171.3,0
0,CASH_IN,335,15808.08,9396574.18,9412382.26,1359846.99,1344038.91,0
0,CASH_OUT,370,47138.88,0.0,0.0,110216.15,157355.03,0
0,CASH_OUT,326,50014.73,25270.0,0.0,0.0,50014.73,0
0,PAYMENT,349,5755.91,50181.0,44425.09,0.0,0.0,0
0,PAYMENT,201,3568.64,538.0,0.0,0.0,0.0,0
0,CASH_OUT,218,1476248.65,1476248.65,0.0,212179.0,1688427.66,1
0,PAYMENT,141,2082.36,204365.0,202282.64,0.0,0.0,0
0,PAYMENT,306,9897.63,50321.0,40423.37,0.0,0.0,0
0,PAYMENT,21,28516.61,301320.0,272803.39,0.0,0.0,0
0,PAYMENT,158,113.75,0.0,0.0,0.0,0.0,0
0,PAYMENT,136,64434.48,0.0,0.0,0.0,0.0,0
0,CASH_IN,375,299589.36,1952213.36,2251802.72,1654626.73,1355037.38,0
0,CASH_IN,225,57318.69,3837930.56,3895249.25,1509529.67,1452210.98,0
0,CASH_IN,255,80079.61,3216295.74,3296375.34,1129879.44,1049799.83,0
0,CASH_OUT,209,122306.37,0.0,0.0,1304322.34,1426628.7,0
0,PAYMENT,238,11822.95,1118.0,0.0,0.0,0.0,0
0,CASH_OUT,19,119229.33,57934.0,0.0,111342.27,408040.34,0
0,CASH_OUT,275,144068.18,76873.0,0.0,534545.71,678613.9,0
0,CASH_IN,303,214610.48,6902356.55,7116967.03,6981525.9,6766915.42,0
0,CASH_OUT,186,65204.13,16323.0,0.0,0.0,65204.13,0
0,CASH_OUT,284,96857.63,33091.0,0.0,244981.61,158823.63,0
0,CASH_OUT,351,458795.43,446.0,0.0,8432175.15,8890970.58,0
0,CASH_OUT,277,369697.92,11779.0,0.0,4021948.46,4391646.39,0
0,CASH_OUT,379,160078.64,0.0,0.0,218877.53,378956.17,0
0,PAYMENT,420,5470.99,54975.0,49504.01,0.0,0.0,0
0,CASH_OUT,298,47710.26,5572.0,0.0,0.0,47710.26,0
0,PAYMENT,298,4545.73,0.0,0.0,0.0,0.0,0
0,CASH_IN,691,220942.61,77561.0,298503.61,88006.26,0.0,0
0,CASH_IN,331,37382.39,5607418.83,5644801.23,1445770.74,1408388.34,0
0,CASH_OUT,507,227304.91,227304.91,0.0,80290.25,307595.16,1
0,CASH_OUT,188,99467.98,0.0,0.0,358062.04,457530.02,0
0,TRANSFER,306,521986.29,521986.29,0.0,0.0,0.0,1
0,PAYMENT,190,1063.81,0.0,0.0,0.0,0.0,0
0,CASH_OUT,129,310817.95,0.0,0.0,522365.43,833183.37,0
0,CASH_OUT,278,16427.83,59793.0,43365.17,134806.84,151234.67,0
0,PAYMENT,180,20438.16,59217.12,38778.97,0.0,0.0,0
0,PAYMENT,185,19728.42,11459.0,0.0,0.0,0.0,0
0,CASH_OUT,398,338658.08,772.0,0.0,0.0,338658.08,0
0,CASH_IN,297,33041.83,62083.0,95124.83,0.0,0.0,0
0,TRANSFER,738,114490.39,114490.39,0.0,0.0,0.0,1
0,CASH_IN,211,137099.29,49981.0,187080.29,0.0,0.0,0
0,PAYMENT,139,12614.08,0.0,0.0,0.0,0.0,0
0,TRANSFER,594,28936.11,28936.11,0.0,0.0,0.0,1
0,TRANSFER,281,397191.69,0.0,0.0,479937.88,877129.56,0
0,CASH_OUT,43,25758.25,31327.0,5568.75,0.0,25758.25,0
0,TRANSFER,706,265961.0,265961.0,0.0,0.0,0.0,1
0,PAYMENT,13,13557.83,6715.0,0.0,0.0,0.0,0
0,CASH_IN,42,310400.28,17691389.03,18001789.31,408749.67,98349.4,0
0,CASH_OUT,201,18866.94,0.0,0.0,566438.43,585305.37,0
0,CASH_OUT,595,52654.66,26389.0,0.0,0.0,52654.66,0
0,CASH_IN,14,182390.08,3869770.42,4052160.49,407666.91,225276.83,0
0,CASH_OUT,160,143095.81,0.0,0.0,2251214.24,2394310.05,0
0,CASH_OUT,1,106267.21,0.0,0.0,241106.05,49864.36,0
0,CASH_OUT,394,108192.39,0.0,0.0,413024.89,521217.28,0
0,CASH_OUT,350,128857.51,0.0,0.0,5269573.69,5398431.19,0
0,PAYMENT,36,5555.36,191864.11,186308.74,0.0,0.0,0
0,PAYMENT,356,11043.52,86114.65,75071.13,0.0,0.0,0
0,CASH_IN,610,36867.34,14278.0,51145.34,336878.1,300010.76,0
0,CASH_OUT,394,176168.67,34758.0,0.0,0.0,176168.67,0
0,CASH_OUT,596,244664.0,10083.0,0.0,0.0,244664.0,0
0,TRANSFER,132,1122939.67,173838.0,0.0,0.0,1122939.67,0
0,CASH_OUT,289,220464.5,367.79,0.0,294832.52,515297.02,0
0,CASH_OUT,500,73989.29,24829.0,0.0,0.0,73989.29,0
0,CASH_OUT,36,130421.99,2093.0,0.0,0.0,130421.99,0
0,TRANSFER,17,257236.86,0.0,0.0,2239828.73,2497065.58,0
0,PAYMENT,10,12679.23,170806.09,158126.87,0.0,0.0,0
0,CASH_OUT,236,188087.97,16103.0,0.0,0.0,188087.97,0
0,CASH_OUT,276,14735.98,0.0,0.0,636382.06,651118.04,0
0,CASH_IN,688,139720.85,47976.0,187696.85,144027.47,4306.62,0
0,CASH_OUT,134,732748.06,10226.0,0.0,0.0,732748.06,0
0,TRANSFER,188,312296.92,0.0,0.0,373195.26,685492.18,0
0,CASH_OUT,669,111033.79,111033.79,0.0,470258.81,581292.59,1
0,CASH_IN,349,277070.97,29028.12,306099.09,13191573.94,12914502.97,0
0,CASH_IN,9,210275.71,40191.0,250466.71,0.0,0.0,0
0,PAYMENT,374,17768.67,2521.0,0.0,0.0,0.0,0
0,CASH_OUT,327,178802.92,555.0,0.0,584107.7,762910.62,0
0,PAYMENT,281,5344.64,11567.0,6222.36,0.0,0.0,0
0,CASH_IN,325,232559.71,19224.0,251783.71,0.0,0.0,0
0,PAYMENT,36,8767.24,108460.96,99693.72,0.0,0.0,0
0,PAYMENT,397,18433.16,0.0,0.0,0.0,0.0,0
0,CASH_OUT,352,75734.99,75734.99,0.0,3474246.35,3549981.33,1
0,CASH_OUT,566,111263.71,12962.0,0.0,304604.39,415868.11,0
0,CASH_OUT,401,246978.16,15093.0,0.0,33911.55,280889.71,0
0,CASH_OUT,205,134472.1,10566.0,0.0,182091.83,316563.93,0
0,CASH_OUT,398,86444.09,0.0,0.0,4920699.87,5007143.96,0
0,CASH_OUT,283,109986.57,0.0,0.0,782964.49,892951.05,0
0,CASH_IN,36,628119.22,7307875.78,7935995.0,1430797.68,886512.2,0
0,CASH_OUT,262,51928.43,0.0,0.0,130207.96,182136.39,0
0,TRANSFER,140,971578.65,0.0,0.0,2859377.03,3830955.67,0
0,TRANSFER,160,192178.44,0.0,0.0,1755303.17,1947481.61,0
0,CASH_IN,206,193978.68,41733.0,235711.68,2741555.11,2547576.43,0
0,PAYMENT,355,4290.39,372804.0,368513.61,0.0,0.0,0
0,CASH_OUT,381,96030.44,36751.0,0.0,1804778.5,1900808.95,0
0,CASH_IN,251,383647.41,21537.0,405184.41,0.0,0.0,0
0,PAYMENT,232,9978.95,0.0,0.0,0.0,0.0,0
0,CASH_OUT,161,50511.05,65488.0,14976.95,6761499.24,6812010.29,0
0,CASH_OUT,379,168912.99,0.0,0.0,3718345.7,3887258.69,0
0,CASH_OUT,405,103428.06,30.0,0.0,1051285.25,1154713.31,0
0,CASH_OUT,158,50239.56,0.0,0.0,477173.51,527413.07,0
0,PAYMENT,265,625.6,6026.0,5400.4,0.0,0.0,0
0,CASH_IN,136,325126.16,14591667.89,14916794.06,502750.81,177624.65,0
0,TRANSFER,304,10000000.0,0.0,0.0,10246814.23,31491632.42,0
0,CASH_IN,250,113150.18,7436.0,120586.18,0.0,0.0,0
0,CASH_OUT,231,123325.27,7129.0,0.0,0.0,123325.27,0
0,PAYMENT,309,4822.88,10463.0,5640.12,0.0,0.0,0
0,PAYMENT,331,2487.37,0.0,0.0,0.0,0.0,0
0,CASH_OUT,204,83209.95,46555.0,0.0,205670.78,288880.73,0
0,CASH_OUT,325,40670.08,166895.0,126224.92,212751.39,253421.47,0
0,PAYMENT,229,8636.86,298122.0,289485.14,0.0,0.0,0
0,CASH_IN,133,92014.27,782209.2,874223.47,1608279.56,1516265.29,0
0,CASH_IN,141,108119.91,1650157.89,1758277.8,147325.99,39206.08,0
0,CASH_IN,277,55519.56,270655.0,326174.56,39225.36,0.0,0
0,CASH_OUT,136,221303.32,0.0,0.0,384679.93,605983.24,0
0,CASH_OUT,396,155277.78,0.0,0.0,2223330.15,2378607.93,0
0,PAYMENT,325,7073.42,50047.0,42973.58,0.0,0.0,0
0,PAYMENT,187,15698.45,0.0,0.0,0.0,0.0,0
0,PAYMENT,332,7812.14,73922.0,66109.86,0.0,0.0,0
0,CASH_IN,255,18766.32,811156.05,829922.37,197463.4,178697.08,0
0,CASH_OUT,262,28632.57,739.45,0.0,2078616.82,2107249.38,0
0,CASH_OUT,588,271389.5,119.0,0.0,1004904.61,1276294.11,0
0,TRANSFER,157,779036.04,0.0,0.0,2068401.59,2424593.49,0
0,PAYMENT,276,14052.13,0.0,0.0,0.0,0.0,0
0,PAYMENT,476,5725.69,0.0,0.0,0.0,0.0,0
0,CASH_IN,162,135694.4,3285137.72,3420832.12,4279452.34,4143757.94,0
0,CASH_IN,130,281674.28,167060.0,448734.28,0.0,0.0,0
0,CASH_OUT,183,15084.41,194396.41,179312.0,1143625.03,1158709.44,0
0,PAYMENT,230,7141.03,0.0,0.0,0.0,0.0,0
0,PAYMENT,349,2018.02,5066.0,3047.98,0.0,0.0,0
0,CASH_OUT,329,348027.77,60957.0,0.0,146331.01,494358.78,0
0,CASH_OUT,202,314705.8,20314.97,0.0,646789.22,961495.01,0
0,CASH_IN,324,273347.15,10453.0,283800.15,6466457.61,6193110.45,0
0,PAYMENT,514,6549.1,50080.51,43531.41,0.0,0.0,0
0,CASH_OUT,275,158932.66,0.0,0.0,1690943.99,1849876.65,0
0,TRANSFER,403,949979.11,949979.11,0.0,0.0,0.0,1
0,CASH_OUT,497,1177100.83,1177100.83,0.0,0.0,1177100.83,1
0,TRANSFER,685,10000000.0,14886423.05,4886423.05,0.0,0.0,1
0,PAYMENT,187,136.17,55974.35,55838.18,0.0,0.0,0
0,CASH_OUT,677,10000000.0,10000000.0,0.0,1622330.57,11622330.57,1
0,CASH_IN,10,132250.45,3470443.63,3602694.08,202960.0,70709.55,0
0,CASH_IN,21,297439.28,813635.46,1111074.74,2171223.48,1873784.21,0
0,CASH_OUT,276,321390.99,0.0,0.0,2041844.27,2363235.26,0
0,PAYMENT,205,2717.51,608034.24,605316.73,0.0,0.0,0
0,PAYMENT,276,14886.27,192807.17,177920.9,0.0,0.0,0
0,CASH_OUT,459,4153.02,4153.02,0.0,0.0,4153.02,1
0,PAYMENT,586,14607.19,0.0,0.0,0.0,0.0,0
0,CASH_OUT,182,2907.32,0.0,0.0,122821.92,125729.24,0
0,CASH_IN,571,262801.14,4860863.69,5123664.83,1058788.4,795987.26,0
0,TRANSFER,17,1235460.1,0.0,0.0,1586033.3,2729576.41,0
0,CASH_OUT,276,148613.15,0.0,0.0,274499.94,423113.09,0
0,CASH_OUT,512,127120.88,127120.88,0.0,2605727.43,2732848.31,1
0,TRANSFER,458,256556.98,256556.98,0.0,0.0,0.0,1
0,CASH_IN,11,48189.24,1790875.84,1839065.07,81350.1,33160.87,0
0,PAYMENT,210,9713.7,0.0,0.0,0.0,0.0,0
0,CASH_OUT,210,82154.52,1079.0,0.0,444039.86,526194.38,0
0,CASH_OUT,161,133346.02,0.0,0.0,164429.23,586382.93,0
0,PAYMENT,18,8987.49,65145.96,56158.48,0.0,0.0,0
0,CASH_OUT,16,543027.39,0.0,0.0,3601461.93,4144489.32,0
0,PAYMENT,379,22979.56,12296.0,0.0,0.0,0.0,0
0,CASH_OUT,18,233886.49,0.0,0.0,283488.42,517374.9,0
0,CASH_OUT,545,87960.87,38138.0,0.0,333446.78,421407.65,0
0,PAYMENT,5,1871.25,25474.0,23602.75,0.0,0.0,0
0,CASH_IN,298,32055.38,2838517.25,2870572.63,1022575.79,990520.41,0
0,PAYMENT,548,1831.25,249028.75,247197.5,0.0,0.0,0
0,CASH_OUT,188,3671853.86,3671853.86,0.0,160374.92,3832228.78,1
0,CASH_OUT,401,168022.92,56243.0,0.0,82.0,133561.95,0
0,CASH_OUT,105,35496.47,35496.47,0.0,123871.82,159368.28,1
0,PAYMENT,397,32217.57,24413.0,0.0,0.0,0.0,0
0,TRANSFER,713,4130371.73,4130371.73,0.0,0.0,0.0,1
0,PAYMENT,141,7954.46,43924.0,35969.54,0.0,0.0,0
0,PAYMENT,403,404.73,8670.67,8265.94,0.0,0.0,0
0,PAYMENT,162,5257.46,39849.0,34591.54,0.0,0.0,0
0,CASH_OUT,183,183294.54,0.0,0.0,4804502.75,4987797.29,0
0,CASH_IN,162,48032.75,20515.0,68547.75,30987.0,0.0,0
0,PAYMENT,216,20803.14,35487.04,14683.9,0.0,0.0,0
0,PAYMENT,36,1359.95,39827.0,38467.05,0.0,0.0,0
0,TRANSFER,373,82750.0,82750.0,0.0,0.0,0.0,1
0,CASH_OUT,36,207287.17,50624.0,0.0,0.0,207287.17,0
0,TRANSFER,619,293470.64,293470.64,0.0,0.0,0.0,1
0,CASH_OUT,16,252622.28,0.0,0.0,4335067.64,4869113.49,0
0,TRANSFER,207,633013.53,69239.0,0.0,0.0,633013.53,0
0,CASH_OUT,74,3284197.88,3284197.88,0.0,200942.08,3485139.96,1
0,CASH_OUT,298,439838.08,0.0,0.0,1178667.86,1618505.94,0
0,CASH_OUT,133,307852.35,205941.0,0.0,0.0,307852.35,0
0,CASH_OUT,522,253578.18,0.0,0.0,475288.18,728866.36,0
0,PAYMENT,11,15802.93,0.0,0.0,0.0,0.0,0
0,CASH_IN,548,52980.26,141657.0,194637.26,560026.84,507046.58,0
0,CASH_OUT,282,183758.63,0.0,0.0,2750949.45,2934708.08,0
0,CASH_OUT,688,26586.33,0.0,0.0,47199.79,73786.13,0
0,CASH_IN,331,293671.31,1308532.63,1602203.94,3553265.27,3259593.96,0
0,CASH_IN,211,207996.17,9841346.4,10049342.57,1487239.44,1279243.26,0
0,CASH_IN,353,453219.21,21475.0,474694.21,492973.35,39754.14,0
0,PAYMENT,331,12709.73,11515.0,0.0,0.0,0.0,0
0,PAYMENT,325,2652.31,0.0,0.0,0.0,0.0,0
0,CASH_IN,348,166430.57,1391258.44,1557689.01,2197513.72,2031083.15,0
0,PAYMENT,19,8490.09,51176.0,42685.91,0.0,0.0,0
0,CASH_IN,180,220129.23,30472.0,250601.23,0.0,0.0,0
0,CASH_OUT,210,26793.52,50213.0,23419.48,51027.55,77821.07,0
0,TRANSFER,594,348526.87,0.0,0.0,3795435.39,4143962.26,0
0,CASH_IN,131,17643.18,4021742.36,4039385.54,6952274.18,6934631.0,0
0,CASH_OUT,9,446140.38,246903.42,0.0,543172.22,0.0,0
0,TRANSFER,33,1092135.89,0.0,0.0,8014627.78,9106763.67,0
0,CASH_OUT,353,106744.84,589222.0,482477.16,0.0,106744.84,0
0,CASH_IN,302,351334.35,2610312.99,2961647.35,615925.25,264590.9,0
0,CASH_IN,182,257108.19,1074957.25,1332065.44,2476214.01,2219105.81,0
0,CASH_OUT,348,193372.31,49657.0,0.0,1538360.94,1731733.25,0
0,PAYMENT,39,13233.1,146105.41,132872.31,0.0,0.0,0
0,PAYMENT,353,11158.1,199271.0,188112.9,0.0,0.0,0
0,CASH_OUT,183,148171.21,106372.0,0.0,29915.89,28820.94,0
0,CASH_IN,212,220519.4,3068714.93,3289234.33,2431162.79,2210643.39,0
0,CASH_OUT,347,901.49,0.0,0.0,95463.32,96364.81,0
0,CASH_IN,179,137224.68,11390785.65,11528010.33,285318.22,148093.54,0
0,PAYMENT,230,19263.93,1389.0,0.0,0.0,0.0,0
0,PAYMENT,157,14736.14,5429.0,0.0,0.0,0.0,0
0,CASH_IN,374,327390.84,7608.0,334998.84,33999.82,0.0,0
0,CASH_OUT,353,238790.29,0.0,0.0,1577194.62,1815984.92,0
0,CASH_IN,380,105904.42,7750621.95,7856526.37,4569193.11,4463288.69,0
0,CASH_OUT,20,148815.29,12648.0,0.0,0.0,148815.29,0
0,CASH_OUT,161,209475.0,150348.0,0.0,189914.43,399389.43,0
0,PAYMENT,381,7216.64,0.0,0.0,0.0,0.0,0
0,CASH_OUT,348,159280.91,151391.0,0.0,0.0,159280.91,0
0,CASH_IN,208,111873.56,1959352.78,2071226.34,4371500.87,4259627.3,0
0,CASH_OUT,14,160856.46,0.0,0.0,855803.35,1369359.56,0
0,DEBIT,96,2543.71,24400.0,21856.29,4261.54,6805.24,0
0,PAYMENT,327,32519.09,0.0,0.0,0.0,0.0,0
0,CASH_OUT,348,252199.09,32986.35,0.0,318803.27,547677.26,0
0,CASH_IN,257,168521.83,8994693.05,9163214.88,278498.99,109977.16,0
0,CASH_IN,21,195593.88,14963.0,210556.88,367.0,0.0,0
0,PAYMENT,304,26463.89,0.0,0.0,0.0,0.0,0
0,CASH_IN,23,22677.05,3545459.11,3568136.16,2676300.33,2653623.28,0
0,CASH_OUT,546,468645.52,21282.0,0.0,63801.31,532446.83,0
0,CASH_OUT,375,242533.66,0.0,0.0,690811.55,933345.21,0
0,CASH_IN,139,201919.51,20054.0,221973.51,0.0,0.0,0
0,CASH_OUT,370,483659.16,305467.0,0.0,5128502.63,5612161.79,0
0,CASH_IN,257,132171.59,623387.31,755558.9,704799.78,1011824.45,0
0,CASH_IN,216,6584.53,3730481.96,3737066.48,66497.7,59913.18,0
0,DEBIT,131,768.77,57752.11,56983.34,10477490.94,10478259.71,0
0,CASH_OUT,526,174934.46,0.0,0.0,1965512.31,2140446.77,0
0,TRANSFER,20,697977.32,0.0,0.0,6180906.43,6878883.76,0
0,PAYMENT,570,3526.92,0.0,0.0,0.0,0.0,0
0,PAYMENT,236,446.72,0.0,0.0,0.0,0.0,0
0,CASH_IN,20,302681.39,6023.0,308704.39,15249.5,0.0,0
0,CASH_IN,206,60828.18,2574684.46,2635512.64,1580642.87,1519814.69,0
0,PAYMENT,284,5480.39,33240.0,27759.61,0.0,0.0,0
0,PAYMENT,225,14011.22,45463.0,31451.78,0.0,0.0,0
0,CASH_OUT,179,97836.86,631041.0,533204.14,0.0,97836.86,0
0,CASH_OUT,285,46890.41,100687.0,53796.59,37063.44,83953.85,0
0,CASH_OUT,306,143175.23,143175.23,0.0,695647.18,838822.41,1
0,CASH_OUT,184,29765.52,3047.0,0.0,288698.21,419651.77,0
0,CASH_OUT,255,283741.99,248717.0,0.0,12525.38,296267.37,0
0,CASH_IN,399,107121.18,9839595.94,9946717.12,755860.51,648739.33,0
0,CASH_OUT,134,18050.33,0.0,0.0,1450943.96,1468994.3,0
0,CASH_IN,11,329271.99,866760.35,1196032.33,41885.95,0.0,0
0,CASH_IN,259,30572.48,8697881.85,8728454.33,147070.95,116498.47,0
0,CASH_IN,555,159141.3,794188.0,953329.3,187816.29,28674.99,0
0,PAYMENT,253,9083.7,20756.0,11672.3,0.0,0.0,0
0,CASH_OUT,252,192146.7,0.0,0.0,1329980.88,1717704.2,0
0,PAYMENT,185,11184.94,0.0,0.0,0.0,0.0,0
0,TRANSFER,250,289617.67,0.0,0.0,556826.83,846444.51,0
0,CASH_OUT,369,294341.21,0.0,0.0,1069186.33,1363527.54,0
0,CASH_IN,251,402558.76,8655.0,411213.76,57270.23,0.0,0
0,CASH_IN,156,75653.18,9814981.81,9890635.0,525646.74,449993.56,0
0,PAYMENT,134,495.86,0.0,0.0,0.0,0.0,0
0,PAYMENT,277,9569.35,150433.45,140864.11,0.0,0.0,0
0,PAYMENT,21,5443.44,303549.0,298105.56,0.0,0.0,0
0,CASH_OUT,18,47056.78,529005.0,481948.22,45455.78,92512.56,0
0,PAYMENT,354,1934.12,0.0,0.0,0.0,0.0,0
0,CASH_OUT,204,260697.73,0.0,0.0,354518.23,615215.96,0
0,PAYMENT,330,14379.05,10457.0,0.0,0.0,0.0,0
0,TRANSFER,376,263478.32,0.0,0.0,1221779.12,1485257.44,0
0,CASH_OUT,46,203933.77,0.0,0.0,2948762.35,3152696.12,0
0,CASH_OUT,208,37536.53,11151.0,0.0,945702.02,983238.55,0
0,TRANSFER,115,120232.13,120232.13,0.0,0.0,0.0,1
0,CASH_OUT,17,131714.87,1340.0,0.0,1290262.74,1421977.61,0
0,PAYMENT,161,10449.27,5047.59,0.0,0.0,0.0,0
0,CASH_IN,236,291276.17,5749911.5,6041187.67,469127.26,177851.08,0
1,CASH_OUT,402,70756.21,160490.0,89733.79,0.0,70756.21,0
1,CASH_IN,163,30061.11,170627.19,200688.3,0.0,0.0,0
1,PAYMENT,376,16415.52,6728.98,0.0,0.0,0.0,0
1,CASH_OUT,354,473025.17,0.0,0.0,975824.28,1448849.45,0
1,CASH_OUT,371,226489.07,0.0,0.0,1356343.08,1582832.15,0
1,CASH_OUT,370,563149.41,563149.41,0.0,65562.72,628712.13,1
1,PAYMENT,352,37496.3,0.0,0.0,0.0,0.0,0
1,PAYMENT,303,3895.68,14304.34,10408.66,0.0,0.0,0
1,TRANSFER,356,142794.08,0.0,0.0,505309.15,648103.23,0
1,CASH_OUT,256,87100.65,0.0,0.0,805680.5,892781.15,0
1,CASH_IN,19,151164.93,89793.34,240958.27,1074069.35,1218561.39,0
1,CASH_OUT,187,121221.23,2069.0,0.0,10947.0,1446.66,0
1,CASH_OUT,184,176930.18,12114.0,0.0,0.0,176930.18,0
1,CASH_IN,18,135833.3,4416583.26,4552416.55,333509.19,41123.01,0
1,PAYMENT,331,5363.93,22025.17,16661.23,0.0,0.0,0
1,PAYMENT,43,8302.52,3311.99,0.0,0.0,0.0,0
1,CASH_OUT,211,294823.58,0.0,0.0,727360.11,1022183.69,0
1,PAYMENT,372,14577.41,3005.0,0.0,0.0,0.0,0
1,CASH_IN,332,192887.55,14584.0,207471.55,1487787.37,1294899.82,0
1,CASH_IN,323,87537.27,1975088.97,2062626.24,10276210.52,10188673.25,0
1,PAYMENT,20,7329.83,606.0,0.0,0.0,0.0,0
1,CASH_OUT,692,69849.57,656.0,0.0,0.0,69849.57,0
1,CASH_IN,375,28129.56,4793586.83,4821716.4,1190605.05,1162475.49,0
1,PAYMENT,154,24673.06,375462.8,350789.74,0.0,0.0,0
1,CASH_OUT,206,4271.44,0.0,0.0,21375.27,25646.71,0
1,TRANSFER,352,1903320.27,0.0,0.0,2667725.14,4571045.4,0
1,CASH_IN,135,213185.72,1390.0,214575.72,1392936.45,1179750.73,0
1,TRANSFER,397,52689.13,52689.13,0.0,0.0,0.0,1
1,TRANSFER,538,202968.27,202968.27,0.0,0.0,0.0,1
1,CASH_OUT,13,233918.63,0.0,0.0,9817020.24,12017615.45,0
1,CASH_OUT,401,106488.73,24175.0,0.0,956292.06,1062780.79,0
1,CASH_OUT,15,372049.68,62701.0,0.0,669630.04,1041679.72,0
1,TRANSFER,84,2627070.5,2627070.5,0.0,0.0,0.0,1
1,PAYMENT,202,8632.28,250513.78,241881.5,0.0,0.0,0
1,CASH_OUT,378,236126.95,0.0,0.0,4220596.45,4456723.4,0
1,PAYMENT,500,2957.93,0.0,0.0,0.0,0.0,0
1,PAYMENT,260,6042.49,29838.0,23795.51,0.0,0.0,0
1,CASH_OUT,135,515645.16,515645.16,0.0,283377.85,799023.01,1
1,TRANSFER,595,325673.66,0.0,0.0,382090.09,707763.75,0
1,CASH_OUT,360,85596.41,0.0,0.0,152245.04,237841.45,0
1,CASH_OUT,351,20443.1,0.0,0.0,941626.15,962069.25,0
1,CASH_OUT,234,379254.29,0.0,0.0,387034.34,766288.63,0
1,PAYMENT,160,12056.84,0.0,0.0,0.0,0.0,0
1,CASH_OUT,252,36593.82,10685.0,0.0,2772259.31,2808853.13,0
1,CASH_OUT,162,330220.19,0.0,0.0,4409005.29,4739225.48,0
1,PAYMENT,378,28442.68,0.0,0.0,0.0,0.0,0
1,CASH_IN,43,47779.0,2894489.3,2942268.3,157337.41,109558.41,0
1,CASH_OUT,193,113273.1,113273.1,0.0,0.0,113273.1,1
1,CASH_OUT,483,7576324.61,7576324.61,0.0,0.0,7576324.61,1
1,CASH_OUT,137,2350.73,16555.0,14204.27,58350.82,60701.55,0
1,PAYMENT,182,17753.28,0.0,0.0,0.0,0.0,0
1,CASH_IN,302,55195.84,1425360.17,1480556.01,27072848.84,27017653.0,0
1,TRANSFER,473,179700.14,179700.14,0.0,0.0,0.0,1
1,CASH_IN,397,351107.06,33063353.34,33414460.4,995933.99,644826.93,0
1,CASH_IN,17,474309.48,397294.68,871604.16,0.0,0.0,0
1,PAYMENT,382,43479.25,0.0,0.0,0.0,0.0,0
1,PAYMENT,312,24844.73,312.0,0.0,0.0,0.0,0
1,CASH_OUT,257,15354.18,39504.0,24149.82,53242.61,68596.79,0
1,CASH_IN,19,308227.04,5708271.26,6016498.29,377238.17,69011.13,0
1,PAYMENT,285,343.83,10037.0,9693.17,0.0,0.0,0
1,PAYMENT,334,8703.47,50648.0,41944.53,0.0,0.0,0
1,PAYMENT,279,16395.29,98201.0,81805.71,0.0,0.0,0
1,CASH_IN,164,323918.5,26656628.72,26980547.21,1004184.97,680266.47,0
1,PAYMENT,14,3809.87,0.0,0.0,0.0,0.0,0
1,TRANSFER,47,2249574.01,2249574.01,0.0,0.0,0.0,1
1,CASH_IN,187,64034.11,12287.0,76321.11,0.0,156814.04,0
1,CASH_OUT,697,106850.22,106850.22,0.0,225081.54,331931.76,1
1,CASH_OUT,253,163200.98,0.0,0.0,1011927.53,1175128.51,0
1,CASH_IN,8,3315.1,587466.0,590781.11,21545.0,293417.51,0
1,PAYMENT,236,12475.01,20863.0,8387.99,0.0,0.0,0
1,CASH_IN,17,160576.83,90613.0,251189.83,7242554.29,7081977.46,0
1,TRANSFER,37,732619.81,0.0,0.0,2305819.7,3038439.52,0
1,CASH_OUT,327,302596.25,31206.0,0.0,0.0,302596.25,0
1,CASH_OUT,186,103728.14,0.0,0.0,195679.24,299407.38,0
1,PAYMENT,307,11346.72,0.0,0.0,0.0,0.0,0
1,CASH_OUT,132,246060.66,191056.0,0.0,2394020.57,2640081.24,0
1,PAYMENT,278,564.77,49380.26,48815.49,0.0,0.0,0
1,PAYMENT,204,5890.07,200215.0,194324.93,0.0,0.0,0
1,CASH_OUT,349,334923.79,47846.0,0.0,410248.94,745172.73,0
1,CASH_OUT,301,97246.44,0.0,0.0,1654722.64,1751969.08,0
1,PAYMENT,34,24953.5,30440.0,5486.5,0.0,0.0,0
1,TRANSFER,544,1332800.76,11325.0,0.0,0.0,1332800.76,0
1,PAYMENT,13,4125.21,282554.96,278429.74,0.0,0.0,0
1,CASH_OUT,612,43559.46,50009.0,6449.54,2799.61,46359.07,0
1,PAYMENT,186,551.05,0.0,0.0,0.0,0.0,0
1,PAYMENT,284,3607.89,18230.18,14622.3,0.0,0.0,0
1,PAYMENT,403,3477.87,0.0,0.0,0.0,0.0,0
1,CASH_OUT,18,458245.72,0.0,0.0,719994.61,1311517.81,0
1,PAYMENT,44,5486.13,42421.54,36935.41,0.0,0.0,0
1,CASH_IN,138,201438.82,211372.48,412811.3,3128778.67,2927339.85,0
1,CASH_IN,375,47027.18,55116.0,102143.18,71255.16,24227.98,0
1,CASH_OUT,284,93476.99,0.0,0.0,219661.69,313138.68,0
1,CASH_OUT,10,350297.13,0.0,0.0,1012951.87,1854851.7,0
1,PAYMENT,153,10320.13,0.0,0.0,0.0,0.0,0
1,TRANSFER,594,335071.5,335071.5,0.0,0.0,0.0,1
1,CASH_IN,378,72224.72,9206646.71,9278871.43,806242.84,734018.12,0
1,CASH_OUT,709,242296.17,242296.17,0.0,0.0,242296.17,1
1,CASH_OUT,727,276298.49,276298.49,0.0,598892.69,875191.19,1
1,CASH_OUT,357,168365.5,115610.0,0.0,407341.38,575706.87,0
1,CASH_IN,12,115018.13,24461930.37,24576948.5,413842.07,0.0,0
1,CASH_OUT,251,609416.21,609416.21,0.0,4316293.87,4925710.08,1
1,CASH_OUT,353,318237.33,10760.0,0.0,0.0,318237.33,0
1,PAYMENT,408,3274.16,211037.6,207763.44,0.0,0.0,0
1,CASH_IN,178,162133.81,3012443.58,3174577.4,486770.72,324636.91,0
1,CASH_OUT,211,97267.42,10886.0,0.0,835336.78,932604.2,0
1,PAYMENT,353,6281.64,0.0,0.0,0.0,0.0,0
1,CASH_IN,230,215096.45,22835.0,237931.45,30527.04,0.0,0
1,PAYMENT,24,10160.13,129.0,0.0,0.0,0.0,0
1,PAYMENT,376,4971.2,131234.06,126262.86,0.0,0.0,0
1,PAYMENT,255,9984.28,17938.0,7953.72,0.0,0.0,0
1,CASH_IN,401,178961.2,11742558.18,11921519.39,14815633.68,14636672.48,0
1,PAYMENT,33,26562.76,0.0,0.0,0.0,0.0,0
1,DEBIT,187,4537.03,130296.0,125758.97,12995444.05,13227019.58,0
1,CASH_IN,283,37689.99,25183.0,62872.99,7834769.86,7797079.88,0
1,CASH_OUT,331,154372.36,51484.0,0.0,53298.15,207670.51,0
1,PAYMENT,527,8958.31,9627.0,668.69,0.0,0.0,0
1,CASH_OUT,375,16175.82,6270.0,0.0,38792.83,54968.64,0
1,CASH_OUT,355,159144.64,0.0,0.0,14137276.07,14296420.71,0
1,CASH_IN,210,172908.11,172.0,173080.11,308688.07,135779.96,0
1,CASH_IN,397,156009.49,495.0,156504.49,0.0,0.0,0
1,DEBIT,303,5946.12,22342.0,16395.88,179864.16,185810.28,0
1,CASH_OUT,324,185041.81,0.0,0.0,516636.36,701678.17,0
1,PAYMENT,330,20137.22,106559.0,86421.78,0.0,0.0,0
1,CASH_IN,46,98314.78,297442.21,395756.99,1455858.65,1357543.87,0
1,CASH_IN,403,162862.23,199953.0,362815.23,21679.72,0.0,0
1,PAYMENT,522,11818.82,314470.76,302651.93,0.0,0.0,0
1,PAYMENT,522,5074.17,0.0,0.0,0.0,0.0,0
1,CASH_IN,255,601427.24,4682087.67,5283514.91,8826323.9,8224896.66,0
1,CASH_IN,299,152652.54,51417.0,204069.54,0.0,0.0,0
1,PAYMENT,260,7197.52,0.0,0.0,0.0,0.0,0
1,CASH_OUT,349,57282.84,1423.0,0.0,94147.34,151430.18,0
1,PAYMENT,193,6917.19,54646.0,47728.81,0.0,0.0,0
1,CASH_IN,157,274907.31,5383368.92,5658276.23,4559189.61,4284282.3,0
1,TRANSFER,277,1284501.2,0.0,0.0,1646159.47,2930660.67,0
1,TRANSFER,16,288357.88,11626.0,0.0,1695500.42,1983858.3,0
1,TRANSFER,305,5364032.59,49542.0,0.0,441958.01,5805990.6,0
1,CASH_OUT,404,15401.11,791.0,0.0,1424413.39,1439814.49,0
1,CASH_OUT,681,199174.88,1080.0,0.0,0.0,199174.88,0
1,CASH_IN,324,207690.97,17509.0,225199.97,24476.32,0.0,0
1,CASH_OUT,13,506269.06,0.0,0.0,4033945.42,4832956.9,0
1,PAYMENT,11,8548.17,13448.0,4899.83,0.0,0.0,0
1,CASH_OUT,10,363088.83,31185.0,0.0,17805370.66,18375429.82,0
1,CASH_OUT,161,151343.31,72103.0,0.0,2258011.67,2409354.98,0
1,CASH_OUT,207,204190.41,10784.18,0.0,4256559.1,4460749.51,0
1,PAYMENT,308,648.05,216235.54,215587.49,0.0,0.0,0
1,CASH_IN,237,23372.7,29805.0,53177.7,1432352.2,1408979.5,0
1,CASH_OUT,378,425933.07,11947.67,0.0,1074926.81,1500859.88,0
1,CASH_IN,351,15068.69,20601.0,35669.69,0.0,34842.44,0
1,CASH_OUT,284,145058.82,0.0,0.0,187802.53,332861.35,0
1,CASH_OUT,260,29404.42,0.0,0.0,469297.68,498702.09,0
1,PAYMENT,41,3558.74,0.0,0.0,0.0,0.0,0
1,CASH_OUT,21,75644.41,0.0,0.0,500342.33,575986.75,0
1,PAYMENT,205,242.6,197939.0,197696.4,0.0,0.0,0
1,TRANSFER,690,343429.34,343429.34,0.0,0.0,0.0,1
1,CASH_OUT,225,166908.23,20414.0,0.0,1300979.92,1467888.15,0
1,CASH_IN,158,15073.99,12386.0,27459.99,32208.47,17134.48,0
1,CASH_OUT,258,152315.71,1542.0,0.0,500054.17,652369.88,0
1,CASH_OUT,132,298107.94,21117.0,0.0,0.0,298107.94,0
1,CASH_IN,307,29984.05,105648.0,135632.05,1171173.19,1141189.14,0
1,CASH_OUT,353,245075.77,9606.0,0.0,0.0,245075.77,0
1,CASH_OUT,43,111641.07,0.0,0.0,240972.33,352613.4,0
1,PAYMENT,352,3046.77,0.0,0.0,0.0,0.0,0
1,PAYMENT,405,916.6,48011.0,47094.4,0.0,0.0,0
1,CASH_OUT,231,80297.68,0.0,0.0,124504.93,204802.61,0
1,PAYMENT,403,17300.4,1517918.7,1500618.29,0.0,0.0,0
1,CASH_OUT,358,99782.07,103.0,0.0,5803.43,105585.5,0
1,PAYMENT,379,10574.2,10246.0,0.0,0.0,0.0,0
1,PAYMENT,298,80227.11,48646.0,0.0,0.0,0.0,0
1,PAYMENT,240,9125.88,10308.0,1182.12,0.0,0.0,0
1,CASH_OUT,131,2248584.96,2248584.96,0.0,44660.15,2293245.11,1
1,CASH_OUT,369,58923.62,186.0,0.0,30303.61,89227.23,0
1,CASH_OUT,382,105727.12,0.0,0.0,1238141.9,1343869.02,0
1,PAYMENT,16,10512.44,0.0,0.0,0.0,0.0,0
1,PAYMENT,382,19277.14,50402.28,31125.15,0.0,0.0,0
1,TRANSFER,208,215599.06,107035.0,0.0,43365.37,261102.1,0
1,CASH_OUT,18,295844.05,0.0,0.0,453227.0,188521.17,0
1,PAYMENT,203,2134.89,405.0,0.0,0.0,0.0,0
1,CASH_IN,310,162290.63,5647546.46,5809837.09,1865286.08,1702995.46,0
1,CASH_IN,279,235945.57,606452.0,842397.57,0.0,0.0,0
1,PAYMENT,12,3363.06,626033.45,622670.39,0.0,0.0,0
1,CASH_IN,252,206909.95,13575190.62,13782100.57,459389.07,252479.13,0
1,CASH_IN,212,23377.07,28670866.66,28694243.74,4774643.0,4751265.93,0
1,CASH_OUT,161,70406.27,10724.0,0.0,2488584.61,2558990.89,0
1,CASH_IN,159,47089.93,859275.23,906365.17,302483.83,255393.9,0
1,PAYMENT,226,2375.15,11010.27,8635.12,0.0,0.0,0
1,PAYMENT,130,77.1,295.0,217.9,0.0,0.0,0
1,CASH_IN,133,30725.29,3778338.16,3809063.45,1104735.15,1074009.86,0
1,TRANSFER,564,30245.46,30245.46,0.0,0.0,0.0,1
1,CASH_IN,334,100214.49,23638161.63,23738376.12,115854.14,15639.65,0
1,CASH_OUT,8,393367.3,0.0,0.0,1432801.42,2085232.92,0
1,CASH_IN,274,78396.03,2837659.21,2916055.24,905330.63,826934.6,0
1,PAYMENT,250,41681.66,45658.0,3976.34,0.0,0.0,0
1,CASH_OUT,330,219981.61,29.0,0.0,5257549.79,5477531.4,0
1,PAYMENT,305,42716.23,0.0,0.0,0.0,0.0,0
1,PAYMENT,254,1084.89,0.0,0.0,0.0,0.0,0
1,CASH_OUT,481,1710180.37,1710180.37,0.0,934700.52,2644880.89,1
1,CASH_OUT,44,98850.19,9194.0,0.0,172324.22,271174.41,0
1,CASH_OUT,531,29637.03,29637.03,0.0,0.0,29637.03,1
1,PAYMENT,284,7024.65,288436.0,281411.35,0.0,0.0,0
1,PAYMENT,185,869.73,0.0,0.0,0.0,0.0,0
1,TRANSFER,273,4574246.75,4574246.75,0.0,0.0,0.0,1
1,PAYMENT,355,23331.73,0.0,0.0,0.0,0.0,0
1,CASH_IN,329,92290.98,1953921.86,2046212.84,660954.58,568663.6,0
1,TRANSFER,254,120425.74,0.0,0.0,2854855.48,2975281.22,0
1,CASH_OUT,397,540452.59,4407.0,0.0,0.0,540452.59,0
1,CASH_OUT,163,79948.1,311941.0,231992.9,2341950.2,2421898.3,0
1,CASH_OUT,35,420123.64,0.0,0.0,1816374.51,2236498.16,0
1,TRANSFER,161,1336901.11,1336901.11,0.0,0.0,0.0,1
1,PAYMENT,216,4171.92,25639.0,21467.08,0.0,0.0,0
1,CASH_OUT,210,59253.0,0.0,0.0,8243738.88,8302991.88,0
1,PAYMENT,257,2838.9,187185.46,184346.57,0.0,0.0,0
1,TRANSFER,362,60450.18,60450.18,0.0,0.0,0.0,1
1,CASH_OUT,158,209341.24,162.0,0.0,463320.63,672661.87,0
1,PAYMENT,209,8942.99,0.0,0.0,0.0,0.0,0
1,CASH_IN,205,993.67,762725.54,763719.21,324386.01,323392.34,0
1,CASH_OUT,275,117735.19,289314.0,171578.81,5544456.93,5662192.12,0
1,CASH_IN,280,223239.74,3673244.65,3896484.39,391204.31,167964.57,0
1,PAYMENT,550,2385.48,23359.0,20973.52,0.0,0.0,0
1,PAYMENT,130,20993.17,106940.0,85946.83,0.0,0.0,0
1,CASH_OUT,361,1742012.06,1742012.06,0.0,70881.61,1812893.67,1
1,CASH_OUT,18,75857.4,15868.0,0.0,264090.61,339948.02,0
1,CASH_OUT,570,41312.3,91943.0,50630.7,1562238.55,1603550.85,0
1,CASH_IN,187,6994.76,2851123.66,2858118.42,311772.29,304777.53,0
1,CASH_OUT,303,394821.85,0.0,0.0,791890.78,1186712.63,0
1,CASH_OUT,588,431186.68,7032.0,0.0,1883544.74,2314731.42,0
1,CASH_OUT,13,329221.0,23631.0,0.0,4711839.54,5041060.54,0
1,CASH_OUT,349,32443.43,499951.22,467507.79,0.0,32443.43,0
1,PAYMENT,160,2041.41,38824.0,36782.59,0.0,0.0,0
1,TRANSFER,278,203688.57,0.0,0.0,2612021.22,2815709.8,0
1,CASH_OUT,332,14354.26,0.0,0.0,160480.06,174834.32,0
1,TRANSFER,715,1390048.67,1390048.67,0.0,0.0,0.0,1
1,CASH_IN,283,224671.83,4913510.42,5138182.25,327505.83,102834.0,0
1,CASH_IN,191,127295.0,1652006.51,1779301.5,482345.51,355050.52,0
1,CASH_OUT,686,188191.27,0.0,0.0,445409.07,633600.34,0
1,PAYMENT,207,14677.19,47230.68,32553.5,0.0,0.0,0
1,PAYMENT,37,12145.64,0.0,0.0,0.0,0.0,0
1,PAYMENT,402,1780.31,0.0,0.0,0.0,0.0,0
1,TRANSFER,232,794269.08,0.0,0.0,7183424.56,7977693.63,0
1,PAYMENT,401,7024.07,20329.0,13304.93,0.0,0.0,0
1,PAYMENT,695,11589.01,49704.0,38114.99,0.0,0.0,0
1,TRANSFER,258,394110.56,0.0,0.0,997186.45,1391297.01,0
1,CASH_IN,284,263340.82,24511253.84,24774594.66,1952172.16,1688831.34,0
1,CASH_IN,228,13032.16,5105.0,18137.16,6067.3,0.0,0
1,CASH_IN,329,105423.78,3686680.32,3792104.1,1017460.31,912036.53,0
1,PAYMENT,119,1612.99,99830.0,98217.01,0.0,0.0,0
1,CASH_IN,328,161286.02,110840.0,272126.02,0.0,0.0,0
1,CASH_IN,258,165288.61,14965.0,180253.61,25704.62,0.0,0
1,CASH_OUT,227,87627.47,52695.0,0.0,4095975.21,4183602.68,0
1,CASH_OUT,14,438503.05,1253.0,0.0,205634.96,294472.35,0
1,TRANSFER,14,555951.05,13040.0,0.0,196290.0,805170.09,0
1,CASH_OUT,321,91545.65,10802.0,0.0,0.0,91545.65,0
1,CASH_OUT,254,336756.83,71950.0,0.0,287055.64,623812.47,0
1,CASH_OUT,349,178803.41,0.0,0.0,4054772.72,4233576.14,0
1,PAYMENT,251,26096.19,137570.21,111474.03,0.0,0.0,0
1,PAYMENT,166,1921.67,0.0,0.0,0.0,0.0,0
1,CASH_OUT,204,214162.79,0.0,0.0,709494.7,923657.48,0
1,TRANSFER,414,3285475.4,3285475.4,0.0,0.0,0.0,1
1,CASH_IN,331,130678.75,242695.6,373374.35,187488.36,56809.61,0
1,CASH_IN,297,237799.26,2492860.9,2730660.16,682966.47,445167.21,0
1,TRANSFER,459,1153156.0,1153156.0,0.0,0.0,0.0,1
1,CASH_OUT,310,1868438.44,1868438.44,0.0,0.0,1868438.44,1
1,PAYMENT,36,27597.33,248156.0,220558.67,0.0,0.0,0
1,CASH_IN,356,170861.24,188343.12,359204.36,91183.12,0.0,0
1,CASH_IN,520,80093.66,4482744.8,4562838.46,19241719.74,19161626.08,0
1,PAYMENT,399,8043.1,0.0,0.0,0.0,0.0,0
1,PAYMENT,349,9537.58,39660.6,30123.02,0.0,0.0,0
1,CASH_OUT,406,198276.97,0.0,0.0,394371.99,592648.97,0
1,CASH_OUT,404,104522.64,80225.0,0.0,306420.96,410943.6,0
1,TRANSFER,235,2771653.87,0.0,0.0,4512176.15,7283830.02,0
1,TRANSFER,436,59841.44,59841.44,0.0,0.0,0.0,1
1,PAYMENT,564,12512.87,0.0,0.0,0.0,0.0,0
1,CASH_IN,236,155276.43,718.0,155994.43,196633.77,41357.34,0
1,CASH_OUT,136,338567.21,7097.0,0.0,0.0,525873.91,0
1,CASH_OUT,279,96550.13,0.0,0.0,5826497.46,5923047.58,0
1,PAYMENT,259,8246.23,851.0,0.0,0.0,0.0,0
1,CASH_IN,14,20096.77,5086.0,25182.77,291020.76,270923.99,0
1,CASH_OUT,307,374117.13,0.0,0.0,1969001.94,2343119.07,0
1,CASH_IN,301,30588.79,3886039.16,3916627.96,2514608.02,2484019.22,0
1,DEBIT,286,1641.94,1088.0,0.0,4941991.9,4943633.84,0
1,TRANSFER,502,613020.85,613020.85,0.0,0.0,0.0,1
1,CASH_OUT,283,86393.15,11329.0,0.0,0.0,86393.15,0
1,PAYMENT,287,21815.9,0.0,0.0,0.0,0.0,0
1,CASH_IN,274,80974.27,8523683.38,8604657.65,311180.94,230206.67,0
1,CASH_IN,381,103411.69,3568602.12,3672013.82,263932.92,160521.22,0
1,CASH_OUT,307,214619.33,0.0,0.0,391918.27,606537.6,0
1,CASH_IN,162,33695.3,331.0,34026.3,1571817.9,1538122.61,0
1,PAYMENT,282,9041.55,8227.66,0.0,0.0,0.0,0
1,CASH_OUT,260,6874.5,0.0,0.0,64633.34,71507.85,0
1,CASH_IN,544,100660.29,6323718.83,6424379.13,233306.62,132646.33,0
1,PAYMENT,348,18152.39,66975.74,48823.35,0.0,0.0,0
1,CASH_OUT,153,185770.88,0.0,0.0,1540022.74,1725793.62,0
1,CASH_IN,355,30160.78,13716098.93,13746259.7,312027.41,281866.63,0
1,CASH_IN,325,183116.28,7173519.18,7356635.46,498310.93,315194.65,0
1,CASH_OUT,402,54751.83,102740.0,47988.17,865563.07,920314.9,0
1,PAYMENT,216,4902.72,7073.0,2170.28,0.0,0.0,0
1,PAYMENT,215,7019.2,18946.0,11926.8,0.0,0.0,0
1,PAYMENT,237,2894.25,158728.29,155834.04,0.0,0.0,0
1,CASH_OUT,72,3786438.03,3786438.03,0.0,84013.26,3870451.29,1
1,PAYMENT,191,5451.29,5140.0,0.0,0.0,0.0,0
1,PAYMENT,19,11380.96,444969.21,433588.25,0.0,0.0,0
1,PAYMENT,155,7921.35,256084.36,248163.01,0.0,0.0,0
1,PAYMENT,661,3556.09,38484.0,34927.91,0.0,0.0,0
1,TRANSFER,402,1301410.68,1301410.68,0.0,0.0,0.0,1
1,TRANSFER,10,1486926.29,0.0,0.0,6255832.42,7742758.7,0
1,CASH_OUT,379,129483.17,5083.0,0.0,58287.79,187770.96,0
1,CASH_OUT,39,138230.94,0.0,0.0,5812201.75,5950432.69,0
1,CASH_OUT,307,138023.05,0.0,0.0,1251080.48,1389103.53,0
1,CASH_OUT,137,23909.95,27006.0,3096.05,1153622.03,1177531.97,0
1,CASH_OUT,9,508514.89,194498.0,0.0,0.0,245895.15,0
1,PAYMENT,286,8330.32,14780.0,6449.68,0.0,0.0,0
1,CASH_OUT,137,144183.27,0.0,0.0,3712591.93,3856775.2,0
1,CASH_OUT,155,404597.3,111245.0,0.0,1710858.24,2308355.1,0
1,CASH_OUT,15,256462.05,11339.0,0.0,4334344.22,4590806.27,0
1,PAYMENT,352,1235.86,282523.7,281287.83,0.0,0.0,0
1,TRANSFER,349,1454398.25,0.0,0.0,1993510.4,3447908.65,0
1,CASH_OUT,308,196276.69,0.0,0.0,663054.55,859331.24,0
1,PAYMENT,350,33069.62,3006.0,0.0,0.0,0.0,0
1,CASH_OUT,8,14744.62,0.0,0.0,658975.32,844861.56,0
1,PAYMENT,520,17422.07,194.0,0.0,0.0,0.0,0
1,PAYMENT,226,9740.06,0.0,0.0,0.0,0.0,0
1,PAYMENT,404,13491.55,0.0,0.0,0.0,0.0,0
1,PAYMENT,360,613.19,29147.0,28533.81,0.0,0.0,0
1,CASH_IN,297,219434.75,10265.0,229699.75,1410448.86,1191014.12,0
1,CASH_OUT,41,195313.34,3569.0,0.0,2144119.17,2339432.52,0
1,CASH_OUT,332,236163.07,0.0,0.0,1791894.28,2028057.35,0
1,CASH_OUT,144,13728.04,39098.11,25370.06,109320.76,123048.81,0
1,CASH_OUT,147,522343.83,522343.83,0.0,3135268.16,3657611.99,1
1,CASH_OUT,189,55190.68,258329.0,203138.32,0.0,55190.68,0
1,PAYMENT,255,9698.14,0.0,0.0,0.0,0.0,0
1,CASH_OUT,301,262238.03,62311.0,0.0,0.0,262238.03,0
1,PAYMENT,20,8505.34,22464.0,13958.66,0.0,0.0,0
1,PAYMENT,229,817.88,20651.0,19833.12,0.0,0.0,0
1,PAYMENT,398,1394.95,10752.0,9357.05,0.0,0.0,0
1,PAYMENT,254,23724.1,34832.0,11107.9,0.0,0.0,0
1,CASH_IN,275,156196.85,11517807.69,11674004.54,21864265.33,21708068.48,0
1,CASH_OUT,178,282185.91,0.0,0.0,637711.54,919897.45,0
1,CASH_OUT,404,181874.86,0.0,0.0,507847.15,689722.01,0
1,PAYMENT,187,3354.7,28384.0,25029.3,0.0,0.0,0
1,CASH_OUT,17,254170.31,194930.01,0.0,612416.73,866587.03,0
1,CASH_OUT,14,187969.46,559302.77,371333.31,501775.39,1692011.32,0
1,PAYMENT,449,7669.17,21337.0,13667.83,0.0,0.0,0
1,PAYMENT,370,2549.24,103590.0,101040.76,0.0,0.0,0
1,PAYMENT,46,8097.57,14979.0,6881.43,0.0,0.0,0
1,TRANSFER,20,260753.42,335.0,0.0,5299.51,525353.93,0
1,CASH_OUT,684,310970.11,2082.0,0.0,0.0,310970.11,0
1,CASH_OUT,186,179321.12,179321.12,0.0,0.0,179321.12,1
1,PAYMENT,298,51433.76,771.0,0.0,0.0,0.0,0
1,TRANSFER,154,442722.01,442722.01,0.0,0.0,0.0,1
1,TRANSFER,40,552075.96,0.0,0.0,1298491.3,1850567.25,0
1,CASH_OUT,298,319639.29,68111.0,0.0,3995568.8,4315208.09,0
1,PAYMENT,308,26858.23,271451.18,244592.95,0.0,0.0,0
1,CASH_OUT,332,240110.02,0.0,0.0,806841.69,1046951.71,0
1,CASH_IN,190,169876.86,28120605.38,28290482.25,657665.11,487788.25,0
1,PAYMENT,278,4157.8,0.0,0.0,0.0,0.0,0
1,DEBIT,17,10890.07,10570.0,0.0,631601.91,642491.99,0
1,CASH_IN,299,393540.72,35853.0,429393.72,94106.04,0.0,0
1,CASH_OUT,378,90812.78,16871.0,0.0,221361.17,312173.95,0
1,CASH_OUT,282,431650.71,0.0,0.0,552394.05,984044.76,0
1,CASH_OUT,206,43607.76,21442.0,0.0,136644.71,180252.47,0
1,PAYMENT,46,4347.7,11904.26,7556.56,0.0,0.0,0
1,CASH_OUT,546,133407.93,0.0,0.0,258446.57,391854.5,0
1,PAYMENT,207,96.81,5652.0,5555.19,0.0,0.0,0
1,CASH_IN,250,346968.96,1812.0,348780.96,0.0,0.0,0
1,CASH_OUT,493,64402.77,0.0,0.0,421295.91,485698.67,0
1,PAYMENT,356,4090.47,0.0,0.0,0.0,0.0,0
1,CASH_OUT,330,286700.91,148069.0,0.0,1619553.81,1906254.72,0
1,PAYMENT,306,18910.51,0.0,0.0,0.0,0.0,0
1,CASH_IN,163,30767.5,5810127.03,5840894.53,525123.1,494355.59,0
1,PAYMENT,429,4141.45,190020.36,185878.92,0.0,0.0,0
1,PAYMENT,329,28135.16,10387.0,0.0,0.0,0.0,0
1,TRANSFER,37,279557.12,3622.0,0.0,0.0,279557.12,0
1,CASH_IN,331,89494.59,10024244.66,10113739.25,789974.56,700479.97,0
1,CASH_IN,12,39697.08,4342312.49,4382009.58,116996.99,151857.89,0
1,CASH_OUT,522,61721.07,0.0,0.0,535786.27,597507.34,0
1,CASH_OUT,14,81511.6,100222.0,18710.4,0.0,81511.6,0
1,PAYMENT,280,3766.71,62114.35,58347.64,0.0,0.0,0
1,CASH_OUT,233,200686.1,11942.0,0.0,0.0,200686.1,0
1,PAYMENT,205,8471.34,10893.0,2421.66,0.0,0.0,0
1,PAYMENT,189,4565.41,225126.71,220561.3,0.0,0.0,0
1,PAYMENT,18,1333.99,120671.71,119337.72,0.0,0.0,0
1,CASH_OUT,8,366654.32,0.0,0.0,759901.17,1547638.64,0
1,PAYMENT,256,9878.7,51848.8,41970.1,0.0,0.0,0
1,CASH_IN,43,145967.87,7763657.32,7909625.19,204105.57,58137.7,0
1,CASH_IN,131,297445.7,33181.0,330626.7,0.0,0.0,0
1,CASH_OUT,330,40372.29,10057.0,0.0,0.0,40372.29,0
1,CASH_OUT,369,172837.65,0.0,0.0,473860.34,646697.99,0
1,PAYMENT,40,9527.98,0.0,0.0,0.0,0.0,0
1,CASH_OUT,302,56722.79,32119.0,0.0,18644.79,75367.58,0
1,PAYMENT,5,8411.86,553397.0,544985.14,0.0,0.0,0
1,CASH_OUT,350,106835.34,32008.0,0.0,813561.01,920396.35,0
1,PAYMENT,181,28106.17,24795.0,0.0,0.0,0.0,0
1,PAYMENT,331,1191.83,15088.0,13896.17,0.0,0.0,0
1,PAYMENT,191,955.19,20969.0,20013.81,0.0,0.0,0
1,CASH_IN,331,38303.04,0.0,38303.04,1369741.68,1331438.64,0
1,CASH_IN,373,138043.23,466466.85,604510.08,6268103.2,6130059.97,0
1,TRANSFER,398,3435515.12,0.0,0.0,5217288.44,8652803.57,0
1,PAYMENT,260,11916.72,31324.0,19407.28,0.0,0.0,0
1,PAYMENT,299,545.87,0.0,0.0,0.0,0.0,0
1,CASH_IN,353,110880.81,0.0,110880.81,211201.68,100320.87,0
1,CASH_IN,209,45417.08,64764.0,110181.08,912665.88,867248.79,0
1,TRANSFER,183,1843080.71,0.0,0.0,10806767.51,12649848.22,0
1,CASH_OUT,235,274329.77,0.0,0.0,3056587.13,3330916.89,0
1,PAYMENT,234,486.12,177545.0,177058.88,0.0,0.0,0
1,CASH_OUT,183,320906.39,0.0,0.0,1032716.24,1353622.62,0
1,CASH_OUT,211,115043.37,5000.0,0.0,114219.98,229263.35,0
1,CASH_OUT,225,235075.62,235075.62,0.0,436894.35,310170.72,1
1,CASH_OUT,230,487167.56,10055.0,0.0,1048600.54,1386350.73,0
1,CASH_IN,394,55099.19,21492.0,76591.19,226487.06,171387.87,0
1,CASH_OUT,307,93030.79,0.0,0.0,142838.18,235868.97,0
1,PAYMENT,16,1462.53,5411.0,3948.47,0.0,0.0,0
1,CASH_OUT,182,318714.52,8763.0,0.0,0.0,318714.52,0
1,CASH_OUT,259,31572.56,0.0,0.0,545583.71,577156.28,0
1,CASH_OUT,212,53248.94,350870.0,297621.06,75578.04,128826.98,0
1,CASH_OUT,15,67059.99,61956.0,0.0,0.0,67059.99,0
1,PAYMENT,96,2399.19,105792.0,103392.81,0.0,0.0,0
1,TRANSFER,148,394886.13,394886.13,0.0,0.0,0.0,1
1,CASH_OUT,323,136150.32,29647.0,0.0,0.0,136150.32,0
1,PAYMENT,21,4536.91,60332.0,55795.09,0.0,0.0,0
1,CASH_OUT,400,295816.95,0.0,0.0,480486.48,776303.43,0
1,TRANSFER,306,708147.5,12128.93,0.0,1955131.8,2663279.3,0
1,PAYMENT,178,19399.3,251827.0,232427.7,0.0,0.0,0
1,TRANSFER,139,375141.86,375141.86,0.0,0.0,0.0,1
1,CASH_OUT,17,72403.95,724475.51,652071.57,78025.1,150429.04,0
1,PAYMENT,141,17597.62,92118.0,74520.38,0.0,0.0,0
1,CASH_IN,154,286490.59,5003255.08,5289745.67,442740.49,156249.9,0
1,CASH_OUT,493,342710.37,1572.0,0.0,576887.78,919598.15,0
1,PAYMENT,394,7620.97,0.0,0.0,0.0,0.0,0
1,CASH_IN,380,180984.13,50616.0,231600.13,106250.62,0.0,0
1,CASH_OUT,523,25819.42,25819.42,0.0,0.0,25819.42,1
1,CASH_OUT,346,104079.16,20572.0,0.0,0.0,104079.16,0
1,PAYMENT,137,32951.51,61500.0,28548.49,0.0,0.0,0
1,PAYMENT,404,6868.88,11365.0,4496.12,0.0,0.0,0
1,CASH_OUT,328,280823.15,356655.0,75831.85,442721.3,723544.45,0
1,PAYMENT,281,3755.08,0.0,0.0,0.0,0.0,0
1,PAYMENT,236,7578.07,49530.0,41951.93,0.0,0.0,0
1,TRANSFER,234,1083023.42,0.0,0.0,9649342.75,10732366.17,0
1,PAYMENT,227,34233.36,0.0,0.0,0.0,0.0,0
1,CASH_IN,134,125553.7,17685674.57,17811228.27,569861.91,444308.2,0
1,CASH_OUT,136,189200.76,0.0,0.0,1598199.35,1787400.11,0
1,TRANSFER,62,724414.43,724414.43,0.0,0.0,0.0,1
1,TRANSFER,39,107376.93,0.0,0.0,21862162.11,22244648.26,0
1,PAYMENT,217,10623.48,0.0,0.0,0.0,0.0,0
1,PAYMENT,310,3683.32,41119.0,37435.68,0.0,0.0,0
1,CASH_IN,298,45163.83,106138.0,151301.83,724286.81,679122.98,0
1,PAYMENT,371,22741.17,0.0,0.0,0.0,0.0,0
1,CASH_OUT,327,218397.91,14764.0,0.0,126696.0,10686.35,0
1,PAYMENT,212,7073.48,9116.0,2042.52,0.0,0.0,0
1,CASH_OUT,330,258032.56,101289.0,0.0,3469546.81,3727579.37,0
1,CASH_IN,255,68254.38,15993.0,84247.38,727690.99,659436.61,0
1,PAYMENT,158,4572.15,0.0,0.0,0.0,0.0,0
1,TRANSFER,329,1734664.32,0.0,0.0,4720485.52,6455149.84,0
1,TRANSFER,186,351461.69,0.0,0.0,482398.83,833860.52,0
1,CASH_IN,202,53855.16,3564930.71,3618785.87,122454.16,68599.0,0
1,CASH_OUT,332,15622.4,0.0,0.0,35759.18,51381.59,0
1,CASH_OUT,487,1035401.2,1035401.2,0.0,4906677.4,5942078.6,1
1,CASH_OUT,396,252930.95,0.0,0.0,2142056.2,2394987.14,0
1,TRANSFER,652,762782.66,762782.66,0.0,0.0,0.0,1
1,CASH_OUT,347,186816.97,0.0,0.0,765305.4,952122.37,0
1,PAYMENT,356,906.05,105459.85,104553.8,0.0,0.0,0
1,CASH_OUT,404,292678.39,86152.38,0.0,2470326.75,2887621.09,0
1,CASH_OUT,296,716273.17,716273.17,0.0,0.0,716273.17,1
1,CASH_IN,130,100857.19,10515.0,111372.19,136838.67,35981.48,0
1,PAYMENT,34,26.58,128.0,101.42,0.0,0.0,0
1,CASH_IN,397,79853.22,4298339.97,4378193.18,361820.95,281967.73,0
1,CASH_OUT,379,8600.28,0.0,0.0,4113910.64,4122510.91,0
1,CASH_IN,166,176556.6,29700.0,206256.6,1231975.05,1055418.45,0
1,CASH_OUT,192,1489970.0,1489970.0,0.0,6487649.3,7977619.3,1
1,TRANSFER,15,637713.7,0.0,0.0,2087369.46,2725083.16,0
1,CASH_IN,309,103542.42,8570.0,112112.42,3415867.25,3312324.83,0
1,PAYMENT,300,12489.74,61170.0,48680.26,0.0,0.0,0
1,CASH_OUT,330,351213.82,0.0,0.0,2414083.33,2765297.15,0
1,CASH_IN,206,47945.05,8600414.89,8648359.94,1354047.39,1306102.34,0
1,CASH_OUT,177,63210.91,63210.91,0.0,6697.1,69908.01,1
1,PAYMENT,573,28126.57,15440.0,0.0,0.0,0.0,0
1,PAYMENT,134,5668.23,0.0,0.0,0.0,0.0,0
1,CASH_OUT,88,4022408.76,4022408.76,0.0,4542879.5,8565288.26,1
1,PAYMENT,185,17581.91,0.0,0.0,0.0,0.0,0
1,CASH_IN,161,47727.4,4341652.36,4389379.77,766259.49,718532.09,0
1,CASH_IN,16,217882.41,3.0,217885.41,363588.79,52464.81,0
1,CASH_IN,259,25278.07,1893982.17,1919260.24,398669.44,373391.37,0
1,PAYMENT,47,3697.09,21451.0,17753.91,0.0,0.0,0
1,CASH_IN,228,282351.5,19750.0,302101.5,0.0,0.0,0
1,CASH_IN,380,59071.44,2523713.64,2582785.08,1511242.2,1452170.76,0
1,PAYMENT,276,17544.18,0.0,0.0,0.0,0.0,0
1,TRANSFER,44,209362.01,0.0,0.0,1100542.49,1309904.51,0
1,CASH_IN,300,178306.64,10306.0,188612.64,3528475.85,3350169.21,0
1,PAYMENT,254,5651.46,0.0,0.0,0.0,0.0,0
1,PAYMENT,375,10559.29,17624.0,7064.71,0.0,0.0,0
1,CASH_IN,375,263184.64,14963.0,278147.64,1342086.76,1078902.12,0
1,CASH_OUT,255,36984.88,749.0,0.0,250963.47,287948.35,0
1,PAYMENT,201,721.61,8224.0,7502.39,0.0,0.0,0
1,PAYMENT,37,11942.78,0.0,0.0,0.0,0.0,0
1,CASH_IN,19,19384.18,797345.0,816729.18,1277072.14,1257687.97,0
1,PAYMENT,154,28821.59,31925.38,3103.78,0.0,0.0,0
1,CASH_IN,132,393294.08,105109.0,498403.08,451453.23,58159.15,0
1,PAYMENT,331,2442.94,21181.0,18738.06,0.0,0.0,0
1,CASH_IN,178,192509.4,19838.0,212347.4,61680.34,0.0,0
1,TRANSFER,179,285230.86,0.0,0.0,1439394.51,1724625.37,0
1,CASH_IN,542,69660.77,11550.0,81210.77,538599.44,468938.67,0
1,PAYMENT,302,22768.48,15686.0,0.0,0.0,0.0,0
2,PAYMENT,299,38086.99,49935.0,11848.01,0.0,0.0,0
2,CASH_IN,542,95373.13,6685570.35,6780943.49,1713822.33,1618449.2,0
2,CASH_OUT,403,168359.61,39676.0,0.0,2233958.98,2402318.59,0
2,CASH_IN,401,112581.74,12525598.34,12638180.07,174465.4,99128.89,0
2,PAYMENT,255,4652.8,0.0,0.0,0.0,0.0,0
2,TRANSFER,327,2884214.26,0.0,0.0,10060628.19,13403543.71,0
2,CASH_OUT,285,129768.45,0.0,0.0,5949266.27,6079034.72,0
2,CASH_OUT,187,275481.58,6652.39,0.0,501782.01,777263.59,0
2,CASH_IN,330,231410.71,40806.0,272216.71,2639077.2,2407666.49,0
2,TRANSFER,561,2763025.35,2763025.35,0.0,0.0,0.0,1
2,CASH_IN,279,32815.9,2720.0,35535.9,61272.51,28456.61,0
2,PAYMENT,142,11169.34,40457.0,29287.66,0.0,0.0,0
2,CASH_OUT,331,159190.0,10172.0,0.0,177518.04,336708.04,0
2,CASH_IN,188,3089.58,841.0,3930.58,0.0,0.0,0
2,PAYMENT,357,8635.51,0.0,0.0,0.0,0.0,0
2,PAYMENT,159,1176.08,12186.0,11009.92,0.0,0.0,0
2,CASH_OUT,724,506923.53,506923.53,0.0,413370.56,920294.09,1
2,TRANSFER,501,73328.47,73328.47,0.0,0.0,0.0,1
2,CASH_IN,234,109222.74,2418362.34,2527585.08,671165.01,561942.28,0
2,CASH_IN,10,220961.28,215582.0,436543.28,146747.97,0.0,0
2,PAYMENT,138,8577.51,0.0,0.0,0.0,0.0,0
2,CASH_OUT,661,318711.67,109412.0,0.0,31592568.85,31911280.52,0
2,CASH_IN,332,364783.39,2446337.85,2811121.24,2086959.93,1722176.54,0
2,PAYMENT,162,241.37,15922.0,15680.63,0.0,0.0,0
2,PAYMENT,255,11236.5,0.0,0.0,0.0,0.0,0
2,CASH_OUT,229,193969.76,712.0,0.0,432988.39,626958.15,0
2,CASH_OUT,281,128007.8,38600.0,0.0,368174.92,496182.72,0
2,CASH_IN,237,60543.12,7493387.03,7553930.15,121463.62,60920.49,0
2,CASH_IN,141,56270.44,5108064.83,5164335.27,194363.1,138092.66,0
2,PAYMENT,378,9295.92,87080.0,77784.08,0.0,0.0,0
2,CASH_OUT,253,262279.43,0.0,0.0,449122.2,711401.62,0
2,PAYMENT,205,3928.86,192519.39,188590.53,0.0,0.0,0
2,PAYMENT,191,16934.25,0.0,0.0,0.0,0.0,0
2,CASH_OUT,155,206801.59,10917.0,0.0,591815.35,798616.94,0
2,CASH_OUT,203,380002.17,0.0,0.0,716097.18,1096099.35,0
2,CASH_OUT,37,224306.75,69247.0,0.0,582857.3,807164.05,0
2,CASH_OUT,185,483691.9,605.0,0.0,4805868.0,5289559.9,0
2,CASH_OUT,284,148226.79,10025.0,0.0,0.0,148226.79,0
2,PAYMENT,594,10792.86,0.0,0.0,0.0,0.0,0
2,TRANSFER,34,166537.53,10786.0,0.0,3651070.03,4272882.73,0
2,CASH_OUT,225,282935.18,0.0,0.0,1252997.32,1535932.5,0
2,CASH_IN,334,207313.28,2179658.48,2386971.77,527364.94,320051.65,0
2,CASH_OUT,161,110836.05,11590.0,0.0,34354.06,145190.12,0
2,CASH_OUT,374,228044.18,400935.6,172891.42,396726.4,624770.59,0
2,CASH_IN,181,57801.93,13621767.06,13679568.99,3142572.05,3084770.13,0
2,CASH_OUT,379,261025.92,34155.89,0.0,336524.68,597550.6,0
2,PAYMENT,284,3205.57,37524.99,34319.43,0.0,0.0,0
2,PAYMENT,211,1957.99,0.0,0.0,0.0,0.0,0
2,CASH_IN,332,17534.05,19024966.38,19042500.43,110102.64,92568.59,0
2,CASH_OUT,225,257972.96,10759.0,0.0,765507.2,1023480.16,0
2,PAYMENT,323,10078.08,0.0,0.0,0.0,0.0,0
2,CASH_OUT,154,437222.26,13317.0,0.0,363929.85,775284.53,0
2,PAYMENT,153,5198.78,226745.98,221547.19,0.0,0.0,0
2,CASH_OUT,354,43980.89,6084.0,0.0,0.0,43980.89,0
2,CASH_IN,129,191906.19,5513836.35,5705742.54,600174.44,1326498.17,0
2,CASH_OUT,642,15708.79,0.0,0.0,171645.63,187354.42,0
2,CASH_OUT,236,77491.37,90691.0,13199.63,101618.5,179109.87,0
2,PAYMENT,251,56100.97,136.0,0.0,0.0,0.0,0
2,TRANSFER,230,715451.32,540.0,0.0,311456.0,1232878.46,0
2,CASH_OUT,651,65494.78,65494.78,0.0,422252.51,487747.29,1
2,CASH_IN,159,82205.38,31374.0,113579.38,0.0,0.0,0
2,CASH_OUT,253,6395.11,259503.0,253107.89,179129.6,185524.71,0
2,TRANSFER,350,1500437.39,0.0,0.0,4890961.74,6391399.14,0
2,CASH_OUT,688,174150.12,0.0,0.0,650059.68,824209.8,0
2,TRANSFER,236,1020297.73,0.0,0.0,2076617.65,3096915.38,0
2,PAYMENT,14,3934.81,0.0,0.0,0.0,0.0,0
2,PAYMENT,202,8047.41,134773.43,126726.01,0.0,0.0,0
2,CASH_IN,354,452973.32,22061970.12,22514943.44,712353.85,259380.53,0
2,PAYMENT,20,4226.59,39804.0,35577.41,0.0,0.0,0
2,PAYMENT,18,3070.96,139977.0,136906.04,0.0,0.0,0
2,CASH_IN,238,87803.09,196040.07,283843.17,92099.43,4296.34,0
2,PAYMENT,10,1941.71,23037.0,21095.29,0.0,0.0,0
2,CASH_OUT,301,319916.8,30040.0,0.0,173280.09,493196.89,0
2,CASH_OUT,17,208570.26,0.0,0.0,1126141.34,1334711.61,0
2,PAYMENT,379,1499.87,6004.0,4504.13,0.0,0.0,0
2,CASH_OUT,226,105863.21,55000.0,0.0,20022.37,125885.58,0
2,CASH_IN,186,23704.45,38393.0,62097.45,13019.58,0.0,0
2,TRANSFER,41,62472.62,0.0,0.0,83882.01,146354.63,0
2,PAYMENT,177,8705.74,22160.0,13454.26,0.0,0.0,0
2,CASH_OUT,18,24500.12,81680.0,57179.88,2292855.27,2317355.4,0
2,PAYMENT,346,527.58,10855.0,10327.42,0.0,0.0,0
2,CASH_IN,155,314077.56,5679570.42,5993647.98,2020807.0,1706729.45,0
2,CASH_OUT,129,205926.76,171.0,0.0,0.0,205926.76,0
2,CASH_OUT,681,46400.43,0.0,0.0,301404.04,347804.47,0
2,TRANSFER,160,141508.56,141508.56,0.0,0.0,0.0,1
2,PAYMENT,36,21281.25,498392.83,477111.58,0.0,0.0,0
2,CASH_OUT,161,292731.83,0.0,0.0,3110971.64,3403703.47,0
2,PAYMENT,381,5191.7,17364.0,12172.3,0.0,0.0,0
2,TRANSFER,253,734533.42,54375.58,0.0,852651.91,1587185.33,0
2,PAYMENT,380,5201.86,161484.0,156282.14,0.0,0.0,0
2,CASH_IN,9,149440.23,7645387.64,7794827.87,385550.71,213735.55,0
2,CASH_OUT,399,221115.08,32266.0,0.0,235992.61,457107.69,0
2,TRANSFER,183,395222.01,0.0,0.0,398353.11,793575.11,0
2,CASH_IN,254,45524.27,342.0,45866.27,0.0,0.0,0
2,CASH_IN,299,224906.58,603049.76,827956.34,8401196.48,8176289.9,0
2,CASH_IN,234,139375.81,3455413.81,3594789.61,284988.9,145613.1,0
2,CASH_IN,395,157678.86,5593742.29,5751421.14,626070.62,468391.77,0
2,CASH_OUT,206,188705.05,304963.0,116257.95,33406.08,222111.13,0
2,PAYMENT,142,8574.61,0.0,0.0,0.0,0.0,0
2,CASH_OUT,322,219079.57,219144.0,64.43,79711.17,298790.74,0
2,CASH_OUT,140,149261.16,0.0,0.0,4966533.64,5115794.8,0
2,PAYMENT,284,6446.43,10011.0,3564.57,0.0,0.0,0
2,PAYMENT,203,8097.65,0.0,0.0,0.0,0.0,0
2,CASH_IN,564,230318.9,147.0,230465.9,21062.74,0.0,0
2,CASH_OUT,279,9127.92,19945.0,10817.08,47051.64,56179.56,0
2,CASH_OUT,15,551611.57,1783.0,0.0,6819017.41,7370628.98,0
2,TRANSFER,522,246019.53,0.0,0.0,1362330.02,1608349.55,0
2,CASH_OUT,178,202236.53,0.0,0.0,648080.14,850316.68,0
2,PAYMENT,323,8157.44,39820.0,31662.56,0.0,0.0,0
2,PAYMENT,322,72908.21,0.0,0.0,0.0,0.0,0
2,CASH_IN,259,79045.1,141.0,79186.1,624476.27,545431.17,0
2,CASH_OUT,256,195439.41,0.0,0.0,13785860.35,13981299.76,0
2,PAYMENT,141,1757.67,57600.0,55842.33,0.0,0.0,0
2,PAYMENT,355,12227.99,0.0,0.0,0.0,0.0,0
2,CASH_OUT,20,264738.14,19175.0,0.0,0.0,382441.25,0
2,PAYMENT,250,6796.09,11452.0,4655.91,0.0,0.0,0
2,TRANSFER,139,646551.65,0.0,0.0,1590552.91,2237104.56,0
2,PAYMENT,156,5355.21,0.0,0.0,0.0,0.0,0
2,PAYMENT,7,8610.97,104734.0,96123.03,0.0,0.0,0
2,CASH_OUT,571,272637.22,272637.22,0.0,1236830.95,1509468.17,1
2,CASH_IN,177,197801.2,6896498.82,7094300.02,335251.91,137450.71,0
2,CASH_IN,250,29583.58,1541220.38,1570803.96,232845.37,203261.79,0
2,DEBIT,15,2272.07,0.0,0.0,1431685.51,1433957.57,0
2,PAYMENT,138,57463.54,40812.0,0.0,0.0,0.0,0
2,CASH_OUT,212,293111.75,0.0,0.0,3090370.59,3383482.34,0
2,PAYMENT,181,689.15,0.0,0.0,0.0,0.0,0
2,CASH_OUT,43,246885.48,0.0,0.0,340485.0,264760.35,0
2,CASH_OUT,486,1290619.25,1290619.25,0.0,0.0,1290619.25,1
2,PAYMENT,23,7830.76,3466.0,0.0,0.0,0.0,0
2,CASH_OUT,10,236894.61,0.0,0.0,3358210.89,2788670.23,0
2,CASH_OUT,301,79169.59,0.0,0.0,208795.16,287964.74,0
2,CASH_OUT,15,500617.43,0.0,0.0,1081819.46,1582436.9,0
2,PAYMENT,302,4180.8,16324.0,12143.2,0.0,0.0,0
2,CASH_IN,40,285916.13,5005.0,290921.13,288084.97,0.0,0
2,CASH_IN,18,270991.59,7393278.2,7664269.78,3069169.03,2798177.45,0
2,TRANSFER,138,354739.5,0.0,0.0,427400.8,1021388.39,0
2,CASH_OUT,301,35554.91,174422.0,138867.09,5257295.76,5292850.68,0
2,CASH_OUT,328,51827.92,25243.0,0.0,0.0,51827.92,0
2,PAYMENT,274,2665.26,11968.0,9302.74,0.0,0.0,0
2,TRANSFER,686,325773.35,0.0,0.0,10030705.11,10356478.46,0
2,CASH_IN,545,131663.13,258.0,131921.13,1690265.35,1558602.23,0
2,PAYMENT,13,21941.42,0.0,0.0,0.0,0.0,0
2,CASH_OUT,304,161305.55,247976.7,86671.15,206169.62,367475.17,0
2,TRANSFER,520,2871898.5,2871898.5,0.0,0.0,0.0,1
2,CASH_OUT,183,86891.64,0.0,0.0,147759.78,234651.42,0
2,CASH_OUT,352,165308.72,0.0,0.0,796496.4,961805.12,0
2,CASH_IN,38,103471.6,51555.0,155026.6,162718.04,59246.44,0
2,CASH_OUT,403,44328.45,0.0,0.0,231575.39,275903.84,0
2,CASH_IN,210,101312.36,20445.0,121757.36,21677.7,0.0,0
2,TRANSFER,251,240087.21,34261.0,0.0,4576561.44,4816648.65,0
2,CASH_OUT,597,75187.58,46535.0,0.0,97438.77,172626.34,0
2,TRANSFER,98,1273674.05,1273674.05,0.0,0.0,0.0,1
2,PAYMENT,228,5201.13,134759.09,129557.96,0.0,0.0,0
2,CASH_OUT,304,103434.12,59.0,0.0,39149.0,0.0,0
2,CASH_OUT,15,93077.72,72534.0,0.0,223434.16,402657.0,0
2,CASH_OUT,17,73661.91,291057.67,217395.76,361520.23,837353.55,0
2,CASH_IN,372,276494.23,20621.0,297115.23,180230.12,0.0,0
2,CASH_IN,156,140526.95,1531502.02,1672028.97,525381.54,384854.59,0
2,PAYMENT,304,23640.27,0.0,0.0,0.0,0.0,0
2,PAYMENT,156,1725.23,0.0,0.0,0.0,0.0,0
2,TRANSFER,43,610075.64,0.0,0.0,701816.73,1311892.37,0
2,CASH_OUT,285,298152.75,422.0,0.0,59117.13,357269.89,0
2,CASH_IN,284,427420.45,3613726.21,4041146.66,2353846.68,1880309.37,0
2,CASH_OUT,386,442290.23,442290.23,0.0,0.0,442290.23,1
2,CASH_IN,274,57442.27,20928.0,78370.27,115955.03,58512.76,0
2,CASH_IN,300,424975.62,1310714.56,1735690.18,798813.2,373837.58,0
2,CASH_IN,670,24556.91,9458473.08,9483029.99,121747.9,97190.99,0
2,CASH_IN,40,125786.3,5471200.47,5596986.78,935840.52,810054.22,0
2,PAYMENT,358,11842.76,0.0,0.0,0.0,0.0,0
2,CASH_OUT,19,34370.85,707431.0,673060.15,0.0,34370.85,0
2,CASH_OUT,209,400090.81,0.0,0.0,3454386.3,3854477.11,0
2,PAYMENT,132,5069.73,65098.0,60028.27,0.0,0.0,0
2,PAYMENT,254,11306.39,0.0,0.0,0.0,0.0,0
2,CASH_IN,546,208198.73,21576.0,229774.73,127835.68,0.0,0
2,CASH_IN,157,269014.24,14322.0,283336.24,10169.12,0.0,0
2,CASH_OUT,234,39633.67,0.0,0.0,110331.14,149964.81,0
2,TRANSFER,239,425221.11,425221.11,0.0,0.0,0.0,1
2,CASH_OUT,187,127805.14,15469.0,0.0,0.0,127805.14,0
2,TRANSFER,3,10539.37,10539.37,0.0,0.0,0.0,1
2,PAYMENT,379,2727.61,0.0,0.0,0.0,0.0,0
2,CASH_OUT,134,191040.8,0.0,0.0,228737.54,419778.33,0
2,TRANSFER,93,104219.69,0.0,0.0,2469422.67,2573642.36,0
2,PAYMENT,234,29260.44,117025.0,87764.56,0.0,0.0,0
2,PAYMENT,278,9233.57,16411.87,7178.3,0.0,0.0,0
2,TRANSFER,475,29611.08,29611.08,0.0,0.0,0.0,1
2,CASH_OUT,325,224669.6,2228.0,0.0,54205.42,278875.01,0
2,CASH_OUT,15,122530.03,0.0,0.0,460255.12,582785.15,0
2,PAYMENT,261,6679.96,50285.0,43605.04,0.0,0.0,0
2,TRANSFER,134,808045.13,0.0,0.0,1089698.06,1897743.19,0
2,CASH_OUT,18,360825.34,0.0,0.0,641327.1,1002152.44,0
2,PAYMENT,228,13937.82,5558.0,0.0,0.0,0.0,0
2,PAYMENT,235,20165.86,35963.16,15797.3,0.0,0.0,0
2,PAYMENT,251,19140.08,5690.0,0.0,0.0,0.0,0
2,CASH_IN,279,115933.51,3386621.59,3502555.1,866724.61,750791.1,0
2,CASH_OUT,249,93947.13,14902.0,0.0,66870.1,160817.23,0
2,PAYMENT,328,25946.87,29250.0,3303.13,0.0,0.0,0
2,CASH_IN,275,174737.66,7221572.24,7396309.9,940252.32,765514.66,0
2,CASH_OUT,398,63173.97,10849.0,0.0,1443589.6,1506763.57,0
2,CASH_OUT,210,199978.48,51708.0,0.0,15612.75,215591.24,0
2,CASH_IN,187,123718.67,166.0,123884.67,0.0,0.0,0
2,TRANSFER,356,91287.87,47435.18,0.0,309377.72,400665.59,0
2,CASH_OUT,718,135289.71,135289.71,0.0,120427.58,255717.29,1
2,PAYMENT,354,15209.84,1146.0,0.0,0.0,0.0,0
2,PAYMENT,217,267.62,129.0,0.0,0.0,0.0,0
2,TRANSFER,78,1321091.25,1321091.25,0.0,0.0,0.0,1
2,TRANSFER,39,856319.78,0.0,0.0,953855.54,1810175.32,0
2,CASH_OUT,212,190136.15,20817.0,0.0,0.0,190136.15,0
2,CASH_IN,255,1726.12,70747.0,72473.12,601427.32,599701.2,0
2,CASH_IN,15,94339.09,27798.0,122137.09,0.0,0.0,0
2,TRANSFER,258,618270.9,618270.9,0.0,0.0,0.0,1
2,CASH_IN,351,356467.67,57361.0,413828.67,51461.35,0.0,0
2,PAYMENT,19,13395.87,0.0,0.0,0.0,0.0,0
2,TRANSFER,141,481502.96,0.0,0.0,4996263.76,5477766.72,0
2,CASH_OUT,140,84202.62,0.0,0.0,562762.03,646964.65,0
2,CASH_IN,259,41687.18,183.0,41870.18,0.0,0.0,0
2,CASH_OUT,263,151891.52,0.0,0.0,256627.85,408519.37,0
2,CASH_OUT,131,178651.6,5078.0,0.0,1045261.02,1223912.62,0
2,PAYMENT,328,8735.51,689.0,0.0,0.0,0.0,0
2,PAYMENT,236,5671.98,29955.0,24283.02,0.0,0.0,0
2,CASH_OUT,43,299505.62,0.0,0.0,402878.21,702383.83,0
2,PAYMENT,33,7638.33,152080.0,144441.67,0.0,0.0,0
2,TRANSFER,379,128125.94,0.0,0.0,638818.03,766943.97,0
2,CASH_OUT,131,13450.62,41638.0,28187.38,0.0,13450.62,0
2,CASH_IN,39,157198.01,34535.0,191733.01,141057.0,455467.0,0
2,CASH_OUT,230,272578.98,22709.0,0.0,0.0,272578.98,0
2,CASH_IN,474,490007.18,15780.0,505787.18,5139991.78,4649984.6,0
2,CASH_OUT,288,248490.25,0.0,0.0,1486884.52,1735374.76,0
2,PAYMENT,11,17674.38,0.0,0.0,0.0,0.0,0
2,CASH_OUT,404,266778.69,0.0,0.0,2203203.28,2469981.97,0
2,CASH_OUT,17,155920.7,79624.49,0.0,192194.87,348115.56,0
2,CASH_IN,153,243565.3,4714.0,248279.3,69375.85,0.0,0
2,TRANSFER,363,1715635.41,1715635.41,0.0,0.0,0.0,1
2,CASH_OUT,280,10995.97,31631.0,20635.03,70553.55,81549.52,0
2,CASH_OUT,303,267260.07,2368.0,0.0,775236.28,1042496.34,0
2,PAYMENT,348,22785.7,60356.0,37570.3,0.0,0.0,0
2,PAYMENT,277,20289.7,2320.0,0.0,0.0,0.0,0
2,CASH_IN,186,155398.41,2414441.05,2569839.47,170569.84,15171.42,0
2,CASH_IN,35,69472.14,6836778.28,6906250.42,2179767.24,2110295.09,0
2,CASH_OUT,234,147442.06,14623.0,0.0,1197650.6,1345092.66,0
2,CASH_IN,276,145546.09,454.0,146000.09,0.0,0.0,0
2,PAYMENT,275,13808.78,9402.0,0.0,0.0,0.0,0
2,CASH_OUT,211,82319.56,0.0,0.0,262933.16,345252.72,0
2,TRANSFER,184,14932.2,1092.0,0.0,1515132.37,2033776.04,0
2,CASH_IN,234,268863.95,11326699.59,11595563.54,3203127.34,2934263.39,0
2,TRANSFER,339,6515.64,6515.64,0.0,0.0,0.0,1
2,PAYMENT,212,22970.69,0.0,0.0,0.0,0.0,0
2,PAYMENT,349,14432.53,19623.37,5190.84,0.0,0.0,0
2,PAYMENT,33,6912.39,713504.0,706591.61,0.0,0.0,0
2,TRANSFER,699,162326.52,162326.52,0.0,0.0,0.0,1
2,CASH_OUT,129,463508.1,11656.0,0.0,63545.46,527053.57,0
2,PAYMENT,11,23184.01,0.0,0.0,0.0,0.0,0
2,CASH_OUT,187,293871.58,36391.0,0.0,9647965.58,9941837.16,0
2,CASH_OUT,276,157447.38,0.0,0.0,7871383.02,8028830.39,0
2,PAYMENT,277,17502.66,0.0,0.0,0.0,0.0,0
2,PAYMENT,204,19927.86,15167.0,0.0,0.0,0.0,0
2,TRANSFER,278,1486036.4,0.0,0.0,1535715.97,3021752.37,0
2,CASH_IN,372,460061.18,100354.0,560415.18,8383323.34,7923262.16,0
2,CASH_IN,37,243082.46,9086781.89,9329864.35,2048447.19,1805364.72,0
2,PAYMENT,19,1865.63,47883.12,46017.49,0.0,0.0,0
2,CASH_IN,395,47845.74,5868747.82,5916593.57,325005.77,277160.02,0
2,CASH_IN,23,193382.01,2785735.09,2979117.11,240743.91,47361.89,0
2,PAYMENT,95,5186.7,60247.0,55060.3,0.0,0.0,0
2,TRANSFER,600,1158070.88,1158070.88,0.0,0.0,0.0,1
2,CASH_OUT,283,285863.14,447.0,0.0,107916.9,393780.04,0
2,CASH_OUT,660,14360.12,14360.12,0.0,8869218.72,8883578.84,1
2,CASH_IN,236,61158.24,17480197.22,17541355.46,3332175.01,3271016.77,0
2,PAYMENT,329,6320.4,0.0,0.0,0.0,0.0,0
2,CASH_OUT,41,81080.24,50930.0,0.0,135461.81,216542.05,0
2,PAYMENT,672,20443.71,110413.64,89969.93,0.0,0.0,0
2,CASH_IN,280,88013.83,22510696.05,22598709.88,1058513.09,970499.27,0
2,CASH_IN,137,107113.79,8491175.75,8598289.54,489615.93,382502.14,0
2,CASH_OUT,306,107402.8,263213.73,155810.93,1015575.12,1122977.92,0
2,CASH_IN,299,94642.59,4210762.04,4305404.64,297889.34,203246.75,0
2,PAYMENT,322,15749.73,0.0,0.0,0.0,0.0,0
2,CASH_OUT,184,17999.04,0.0,0.0,3362104.55,3380103.59,0
2,CASH_IN,190,298596.94,19328795.18,19627392.13,440981.65,142384.7,0
2,CASH_IN,189,343860.92,8573034.77,8916895.69,1495937.37,1152076.45,0
2,CASH_OUT,188,43321.57,152181.0,108859.43,4486840.2,4530161.76,0
2,CASH_OUT,374,230953.99,0.0,0.0,3130102.44,3361056.43,0
2,PAYMENT,131,18232.14,0.0,0.0,0.0,0.0,0
2,CASH_OUT,203,56475.62,0.0,0.0,6060985.75,6117461.37,0
2,TRANSFER,400,2684587.97,0.0,0.0,2853267.53,5537855.5,0
2,PAYMENT,380,493.6,138137.0,137643.4,0.0,0.0,0
2,PAYMENT,304,15294.82,31276.0,15981.18,0.0,0.0,0
2,CASH_OUT,401,9448.81,0.0,0.0,41438.35,50887.16,0
2,CASH_OUT,226,13069.73,242.0,0.0,170624.14,183693.87,0
2,CASH_IN,213,67465.58,6540446.41,6607911.99,364629.75,297164.16,0
2,PAYMENT,403,13845.58,446.0,0.0,0.0,0.0,0
2,PAYMENT,249,231.78,34637.0,34405.22,0.0,0.0,0
2,PAYMENT,233,9830.74,59917.0,50086.26,0.0,0.0,0
2,PAYMENT,385,2862.53,0.0,0.0,0.0,0.0,0
2,TRANSFER,234,953220.89,0.0,0.0,1947108.81,2900329.7,0
2,TRANSFER,233,595731.47,982.0,0.0,0.0,595731.47,0
2,CASH_IN,256,252689.1,414.0,253103.1,480601.69,227912.59,0
2,CASH_OUT,458,70927.19,349020.0,278092.81,231819.71,302746.9,0
2,PAYMENT,253,4815.87,0.0,0.0,0.0,0.0,0
2,CASH_OUT,302,325496.95,0.0,0.0,945065.18,1270562.13,0
2,PAYMENT,139,17625.89,135347.08,117721.19,0.0,0.0,0
2,CASH_IN,203,19606.25,1165229.48,1184835.73,2151316.89,2131710.64,0
2,CASH_IN,178,129648.82,8023966.29,8153615.11,2812310.93,2682662.1,0
2,PAYMENT,180,2301.49,0.0,0.0,0.0,0.0,0
2,CASH_OUT,373,145535.54,0.0,0.0,1002106.18,1147641.72,0
2,TRANSFER,189,772593.11,0.0,0.0,1535279.17,2307872.27,0
2,CASH_OUT,154,540354.88,0.0,0.0,3376182.9,3916537.78,0
2,PAYMENT,177,25857.49,19102.63,0.0,0.0,0.0,0
2,CASH_IN,298,101131.21,15840.0,116971.21,0.0,0.0,0
2,PAYMENT,140,6065.56,2012.0,0.0,0.0,0.0,0
2,PAYMENT,33,9123.53,0.0,0.0,0.0,0.0,0
2,CASH_OUT,639,349627.64,349627.64,0.0,0.0,349627.64,1
2,CASH_OUT,351,156849.29,0.0,0.0,9342212.21,9499061.49,0
2,CASH_IN,226,163052.1,9325265.93,9488318.03,173383.63,10331.54,0
2,CASH_OUT,379,176615.77,0.0,0.0,187709.02,364324.78,0
2,PAYMENT,374,2788.2,199951.14,197162.95,0.0,0.0,0
2,PAYMENT,12,12944.46,264.0,0.0,0.0,0.0,0
2,PAYMENT,382,5065.12,52153.0,47087.88,0.0,0.0,0
2,PAYMENT,156,9916.87,20137.0,10220.13,0.0,0.0,0
2,PAYMENT,161,23572.75,0.0,0.0,0.0,0.0,0
2,CASH_OUT,299,231086.01,42335.0,0.0,0.0,231086.01,0
2,CASH_OUT,284,77918.25,0.0,0.0,733563.12,811481.37,0
2,CASH_OUT,307,217730.94,0.0,0.0,4756788.95,4974519.89,0
2,CASH_OUT,40,8878.85,82153.0,73274.15,771131.39,780010.25,0
2,PAYMENT,233,10711.06,329.0,0.0,0.0,0.0,0
2,TRANSFER,36,467557.25,0.0,0.0,16225265.7,16692822.95,0
2,PAYMENT,301,16289.89,0.0,0.0,0.0,0.0,0
2,PAYMENT,322,15995.1,0.0,0.0,0.0,0.0,0
2,CASH_OUT,396,255186.22,0.0,0.0,15414983.8,15670170.02,0
2,TRANSFER,277,1026200.69,2855.0,0.0,43900.82,1076867.48,0
2,CASH_OUT,393,340716.81,105569.0,0.0,19901.63,360618.44,0
2,PAYMENT,237,10658.01,0.0,0.0,0.0,0.0,0
2,TRANSFER,389,1312947.27,1312947.27,0.0,0.0,0.0,1
2,PAYMENT,370,2553.01,76021.14,73468.13,0.0,0.0,0
2,CASH_OUT,159,162979.22,0.0,0.0,397480.22,560459.44,0
2,CASH_OUT,38,106429.06,0.0,0.0,3013648.83,3332116.7,0
2,PAYMENT,400,16452.72,0.0,0.0,0.0,0.0,0
2,PAYMENT,402,3946.2,226430.39,222484.19,0.0,0.0,0
2,CASH_OUT,129,136883.33,15494.0,0.0,0.0,136883.33,0
2,CASH_OUT,401,180234.87,0.0,0.0,4662656.13,4842891.0,0
2,PAYMENT,408,1974.75,39412.0,37437.25,0.0,0.0,0
2,CASH_OUT,458,22140.87,22140.87,0.0,25511.14,47652.0,1
2,PAYMENT,158,10682.59,22168.0,11485.41,0.0,0.0,0
2,CASH_OUT,307,105589.35,12149.0,0.0,6617636.35,6980642.49,0
2,PAYMENT,383,13828.0,44946.2,31118.2,0.0,0.0,0
2,TRANSFER,91,921668.95,921668.95,0.0,0.0,0.0,1
2,CASH_IN,188,140308.49,1267.0,141575.49,9497517.72,9357209.23,0
2,CASH_IN,228,173374.55,149711.0,323085.55,1932321.88,1758947.33,0
2,CASH_IN,256,182677.7,41222.0,223899.7,156114.34,0.0,0
2,PAYMENT,12,24305.35,173978.34,149672.99,0.0,0.0,0
2,PAYMENT,17,56505.75,32291.0,0.0,0.0,0.0,0
2,CASH_IN,369,91552.66,3847339.53,3938892.19,2065463.25,1973910.6,0
2,PAYMENT,37,4938.03,77790.6,72852.57,0.0,0.0,0
2,TRANSFER,637,246280.14,246280.14,0.0,0.0,0.0,1
2,PAYMENT,358,52427.72,226959.8,174532.08,0.0,0.0,0
2,PAYMENT,130,10723.33,247605.48,236882.15,0.0,0.0,0
2,PAYMENT,9,27217.59,78710.0,51492.41,0.0,0.0,0
2,PAYMENT,359,1999.39,31712.0,29712.61,0.0,0.0,0
2,PAYMENT,164,11233.14,30422.0,19188.86,0.0,0.0,0
2,PAYMENT,277,4958.43,10831.0,5872.57,0.0,0.0,0
2,CASH_OUT,730,1665334.68,1665334.68,0.0,398538.39,2063873.07,1
2,CASH_IN,13,186153.25,32158.0,218311.25,21495.0,98024.25,0
2,CASH_OUT,40,197826.76,296992.0,99165.24,0.0,197826.76,0
2,CASH_IN,283,104423.71,8827880.86,8932304.58,300898.62,196474.91,0
2,PAYMENT,492,1693.88,0.0,0.0,0.0,0.0,0
2,PAYMENT,39,4970.96,39691.0,34720.04,0.0,0.0,0
2,PAYMENT,360,4012.22,335.0,0.0,0.0,0.0,0
2,CASH_OUT,187,184791.27,0.0,0.0,2985181.85,3169973.11,0
2,PAYMENT,279,29018.44,0.0,0.0,0.0,0.0,0
2,CASH_OUT,19,44868.74,42127.0,0.0,1104008.44,1148877.19,0
2,PAYMENT,180,6934.58,0.0,0.0,0.0,0.0,0
2,CASH_IN,370,65563.41,9045806.88,9111370.28,234849.52,169286.12,0
2,CASH_OUT,742,54652.46,54652.46,0.0,0.0,54652.46,1
2,CASH_IN,235,78132.8,4496488.01,4574620.81,5688540.91,5820842.73,0
2,CASH_OUT,130,396276.62,29666.0,0.0,122785.25,519061.87,0
2,PAYMENT,133,41904.71,143376.0,101471.29,0.0,0.0,0
2,CASH_OUT,692,163490.28,163490.28,0.0,0.0,163490.28,1
2,CASH_IN,258,238301.79,121718.94,360020.73,273811.9,35510.11,0
2,CASH_IN,375,273662.06,1607.0,275269.06,893318.95,619656.89,0
2,PAYMENT,278,9873.38,17267.18,7393.8,0.0,0.0,0
2,CASH_OUT,228,7446.1,30084.0,22637.9,2149172.51,2156618.61,0
2,PAYMENT,233,1104.62,0.0,0.0,0.0,0.0,0
2,CASH_OUT,178,493897.13,0.0,0.0,2970969.1,3464866.22,0
2,CASH_OUT,594,226163.36,103114.0,0.0,0.0,226163.36,0
2,TRANSFER,379,290458.43,171.0,0.0,321095.37,611553.81,0
2,PAYMENT,302,16271.53,0.0,0.0,0.0,0.0,0
2,PAYMENT,225,6403.8,111721.68,105317.88,0.0,0.0,0
2,PAYMENT,231,24029.75,0.0,0.0,0.0,0.0,0
2,PAYMENT,359,15175.04,30073.0,14897.96,0.0,0.0,0
2,PAYMENT,137,1434.04,25365.0,23930.96,0.0,0.0,0
2,CASH_IN,135,205007.35,21646.0,226653.35,3706.0,0.0,0
2,TRANSFER,633,4128853.75,4128853.75,0.0,0.0,0.0,1
2,TRANSFER,379,651011.95,10056.0,0.0,399538.02,1050549.97,0
2,CASH_OUT,324,515104.41,0.0,0.0,7172112.08,7687216.49,0
2,CASH_OUT,10,201560.71,45675.0,0.0,0.0,201560.71,0
2,CASH_OUT,158,286277.23,41580.0,0.0,313077.25,599354.47,0
2,PAYMENT,256,9255.65,6062.0,0.0,0.0,0.0,0
2,CASH_IN,13,82276.52,305.0,82581.52,472653.58,683197.45,0
2,PAYMENT,202,8566.41,0.0,0.0,0.0,0.0,0
2,PAYMENT,202,9864.4,53370.0,43505.6,0.0,0.0,0
2,PAYMENT,181,28288.26,1720.0,0.0,0.0,0.0,0
2,CASH_IN,329,140548.44,11282875.16,11423423.6,262273.54,121725.1,0
2,CASH_IN,17,110360.83,3558479.08,3668839.91,1778209.36,1667848.53,0
2,TRANSFER,322,2281094.12,446.0,0.0,128954.62,2410048.74,0
2,CASH_OUT,324,132655.91,137.0,0.0,0.0,132655.91,0
2,CASH_OUT,276,47586.16,556.0,0.0,8418076.63,8465662.8,0
2,CASH_IN,157,80817.54,38104.0,118921.54,1382664.7,1301847.16,0
2,CASH_OUT,346,9257.84,0.0,0.0,78046.64,87304.48,0
2,CASH_IN,396,383600.58,7501123.16,7884723.75,5826784.92,5443184.34,0
2,DEBIT,179,3114.6,99300.0,96185.4,458658.48,461773.08,0
2,TRANSFER,191,1895158.63,1895158.63,0.0,0.0,0.0,1
2,CASH_OUT,158,196326.19,0.0,0.0,1761754.5,1958080.7,0
2,CASH_OUT,393,381004.3,21278.0,0.0,746979.0,1127983.29,0
2,CASH_IN,179,139218.98,13020901.71,13160120.69,1202931.79,1063712.81,0
2,CASH_IN,132,238979.73,808097.25,1047076.98,947604.11,708624.39,0
2,CASH_OUT,698,2184556.65,2184556.65,0.0,734500.25,2919056.89,1
2,PAYMENT,298,7931.42,310002.37,302070.95,0.0,0.0,0
2,CASH_IN,34,205026.19,101924.0,306950.19,0.0,0.0,0
2,CASH_IN,134,22368.76,4664127.1,4686495.86,133608.2,111239.43,0
2,CASH_OUT,21,673506.23,0.0,0.0,11845773.38,12755914.78,0
2,CASH_OUT,203,302425.2,69513.0,0.0,5442470.92,5744896.12,0
2,CASH_OUT,43,146392.49,0.0,0.0,2070668.57,2392136.23,0
2,CASH_OUT,275,39502.72,0.0,0.0,2099968.17,2139470.89,0
2,PAYMENT,36,38544.02,10380.0,0.0,0.0,0.0,0
2,PAYMENT,565,26992.61,213834.0,186841.39,0.0,0.0,0
2,PAYMENT,137,32437.31,0.0,0.0,0.0,0.0,0
2,PAYMENT,311,596.65,45025.0,44428.35,0.0,0.0,0
2,CASH_IN,34,99502.72,21220551.16,21320053.88,197687.38,98184.66,0
2,CASH_IN,276,88482.01,4168580.46,4257062.47,279838.05,191356.04,0
2,PAYMENT,42,28157.16,0.0,0.0,0.0,0.0,0
2,TRANSFER,403,693969.87,21564.0,0.0,0.0,693969.87,0
2,CASH_IN,354,165869.21,15209271.96,15375141.17,482722.34,316853.13,0
2,CASH_OUT,307,21610.1,31412.0,9801.9,183759.25,205369.36,0
2,CASH_IN,20,326946.29,3744.0,330690.29,0.0,0.0,0
2,PAYMENT,542,22696.26,4846.0,0.0,0.0,0.0,0
2,CASH_OUT,400,52529.82,0.0,0.0,137118.28,189648.1,0
2,CASH_OUT,228,497526.17,497526.17,0.0,0.0,497526.17,1
2,PAYMENT,709,14972.67,34193.0,19220.33,0.0,0.0,0
2,CASH_OUT,135,33693.76,0.0,0.0,103410.94,137104.7,0
2,PAYMENT,210,19132.91,0.0,0.0,0.0,0.0,0
2,CASH_OUT,133,25908.59,41275.0,15366.41,0.0,25908.59,0
2,TRANSFER,400,423217.34,20630.0,0.0,2604080.41,3027297.75,0
2,TRANSFER,143,531334.49,102790.03,0.0,3508155.1,4039489.59,0
2,CASH_OUT,157,107881.18,0.0,0.0,478810.56,586691.74,0
2,CASH_IN,372,163730.32,26801.0,190531.32,8976405.45,8812675.13,0
2,PAYMENT,210,512.28,112521.97,112009.69,0.0,0.0,0
2,PAYMENT,212,9799.59,0.0,0.0,0.0,0.0,0
2,PAYMENT,718,6558.15,207.0,0.0,0.0,0.0,0
2,CASH_OUT,346,160217.56,0.0,0.0,278065.67,438283.23,0
2,PAYMENT,264,7173.06,9068.0,1894.94,0.0,0.0,0
2,CASH_OUT,394,12989.67,5627.0,0.0,0.0,12989.67,0
2,CASH_OUT,42,255434.83,0.0,0.0,444734.53,1133277.61,0
2,PAYMENT,209,1511.98,0.0,0.0,0.0,0.0,0
2,CASH_OUT,63,148188.84,148188.84,0.0,194134.25,342323.08,1
2,CASH_OUT,426,232322.47,10942.0,0.0,50641.78,282964.25,0
2,CASH_OUT,276,155995.61,461150.0,305154.39,2973228.75,3129224.36,0
2,PAYMENT,596,1023.05,92044.9,91021.85,0.0,0.0,0
2,CASH_IN,405,151253.41,445140.87,596394.28,8812407.54,8661154.13,0
2,CASH_OUT,232,300850.44,0.0,0.0,1439688.38,1740538.82,0
2,CASH_OUT,327,196729.17,0.0,0.0,46171747.87,46368477.04,0
2,CASH_OUT,188,130041.78,0.0,0.0,465613.05,595654.83,0
2,CASH_OUT,330,269383.63,566.0,0.0,46918.64,316302.27,0
2,CASH_OUT,346,224502.95,19448.0,0.0,10274916.81,10499419.77,0
2,PAYMENT,403,8138.8,0.0,0.0,0.0,0.0,0
2,PAYMENT,544,35707.84,15154.0,0.0,0.0,0.0,0
2,CASH_OUT,376,293063.73,204056.0,0.0,617161.82,910225.55,0
2,CASH_IN,250,77935.17,7997948.15,8075883.32,154645.5,76710.33,0
2,CASH_IN,187,141999.18,9563887.99,9705887.17,1388331.07,1246331.89,0
2,CASH_IN,374,473035.29,4680.0,477715.29,1395573.76,922538.48,0
2,TRANSFER,133,16274.51,16274.51,0.0,0.0,0.0,1
2,CASH_IN,33,166119.2,144346.97,310466.17,1849531.63,1683412.43,0
2,CASH_IN,226,209266.23,122145.0,331411.23,1794037.76,2790725.23,0
2,CASH_IN,334,333779.32,6338402.06,6672181.38,509714.71,175935.39,0
2,CASH_IN,250,131113.32,170423.0,301536.32,7973.65,0.0,0
2,CASH_IN,287,162630.19,4380042.56,4542672.75,336575.13,173944.94,0
2,CASH_IN,130,269972.66,9969.0,279941.66,3786534.32,3516561.66,0
2,CASH_IN,374,147017.61,3268742.02,3415759.63,165973.54,18955.93,0
2,CASH_OUT,136,155876.0,13218.0,0.0,109669.84,265545.85,0
2,CASH_OUT,1,2806.0,2806.0,0.0,26202.0,0.0,1
2,PAYMENT,217,1956.38,9017.0,7060.62,0.0,0.0,0
2,CASH_OUT,354,94050.87,22392.32,0.0,2903814.76,2997865.63,0
2,PAYMENT,252,6749.4,0.0,0.0,0.0,0.0,0
2,PAYMENT,307,1912.95,50319.0,48406.05,0.0,0.0,0
2,CASH_OUT,228,196358.47,0.0,0.0,943161.72,1139520.19,0
2,PAYMENT,16,20926.51,220.0,0.0,0.0,0.0,0
2,CASH_OUT,451,48214.78,47305.0,0.0,0.0,48214.78,0
2,CASH_OUT,352,286048.18,0.0,0.0,444860.18,730908.36,0
2,PAYMENT,351,22552.16,193791.67,171239.51,0.0,0.0,0
2,CASH_IN,140,186807.47,1778038.73,1964846.19,742303.47,555496.0,0
2,CASH_IN,204,475284.28,1089.0,476373.28,0.0,0.0,0
2,CASH_OUT,160,52446.62,0.0,0.0,148605.67,201052.29,0
2,CASH_OUT,37,745617.09,102501.0,0.0,0.0,745617.09,0
2,CASH_IN,132,87907.05,163067.0,250974.05,171269.07,83362.03,0
2,CASH_OUT,372,90565.62,0.0,0.0,2015184.63,2105750.25,0
2,CASH_OUT,281,5393228.23,5393228.23,0.0,991276.94,6384505.17,1
2,PAYMENT,406,16411.34,72.0,0.0,0.0,0.0,0
2,PAYMENT,7,3141.3,46573.0,43431.7,0.0,0.0,0
2,CASH_IN,35,95590.87,9998.0,105588.87,455125.95,359535.08,0
2,CASH_OUT,187,259117.01,0.0,0.0,4908554.2,5167671.21,0
2,CASH_IN,306,30424.06,14690832.91,14721256.96,447379.88,416955.82,0
2,TRANSFER,39,30500.14,29952.0,0.0,80193.1,51377.71,0
2,CASH_OUT,601,93253.25,93253.25,0.0,186617.76,279871.01,1
2,TRANSFER,694,186567.41,186567.41,0.0,0.0,0.0,1
3,CASH_IN,259,150506.29,16500477.44,16650983.73,345743.76,195237.47,0
3,CASH_OUT,154,229551.97,214308.0,0.0,0.0,229551.97,0
3,CASH_IN,394,75443.39,50885.0,126328.39,652390.3,576946.91,0
3,CASH_OUT,230,269240.32,147303.52,0.0,2647006.22,2916246.54,0
3,CASH_OUT,226,80447.89,0.0,0.0,166839.37,247287.26,0
3,PAYMENT,286,4305.83,43894.0,39588.17,0.0,0.0,0
3,CASH_IN,307,51196.31,2233453.22,2284649.53,718760.84,667564.53,0
3,PAYMENT,16,4313.11,2245.0,0.0,0.0,0.0,0
3,PAYMENT,327,377.45,0.0,0.0,0.0,0.0,0
3,CASH_OUT,134,27429.27,0.0,0.0,4269760.61,4297189.88,0
3,CASH_OUT,142,108579.01,0.0,0.0,582163.96,690742.97,0
3,PAYMENT,204,5993.9,0.0,0.0,0.0,0.0,0
3,CASH_OUT,354,90003.51,196991.0,106987.49,0.0,90003.51,0
3,CASH_IN,208,305211.25,3839532.88,4144744.12,1115658.24,810447.0,0
3,CASH_OUT,274,283022.76,49203.0,0.0,0.0,283022.76,0
3,CASH_OUT,177,75873.92,32152.0,0.0,0.0,0.0,0
3,PAYMENT,96,12488.41,49430.51,36942.1,0.0,0.0,0
3,CASH_OUT,396,291696.2,31610.0,0.0,0.0,291696.2,0
3,TRANSFER,462,151994.59,151994.59,0.0,0.0,0.0,1
3,PAYMENT,205,15821.55,147941.0,132119.45,0.0,0.0,0
3,PAYMENT,394,16370.95,34748.0,18377.05,0.0,0.0,0
3,CASH_OUT,158,218856.72,0.0,0.0,885787.16,1104643.88,0
3,PAYMENT,308,10820.62,256920.53,246099.92,0.0,0.0,0
3,CASH_IN,22,45024.73,636899.4,681924.13,2608148.68,2563123.95,0
3,CASH_IN,544,593778.28,0.0,593778.28,1276880.95,683102.67,0
3,CASH_OUT,256,155233.46,0.0,0.0,344093.77,499327.22,0
3,CASH_IN,18,6777.02,28297136.53,28303913.55,316681.55,309904.52,0
3,CASH_OUT,136,140758.76,0.0,0.0,602351.69,743110.45,0
3,PAYMENT,137,13530.93,69078.0,55547.07,0.0,0.0,0
3,CASH_OUT,400,101081.5,153368.0,52286.5,66850.02,167931.52,0
3,CASH_OUT,17,210803.69,0.0,0.0,968125.26,1408445.23,0
3,CASH_OUT,321,288493.13,105395.0,0.0,53843.88,342337.01,0
3,PAYMENT,234,2809.52,280796.14,277986.62,0.0,0.0,0
3,CASH_OUT,161,323538.18,843860.0,520321.82,272663.68,596201.85,0
3,TRANSFER,83,365099.76,365099.76,0.0,0.0,0.0,1
3,PAYMENT,378,709.86,100515.9,99806.04,0.0,0.0,0
3,PAYMENT,281,179.44,106521.0,106341.56,0.0,0.0,0
3,CASH_IN,357,191056.43,20766.0,211822.43,10335520.71,10144464.29,0
3,PAYMENT,396,9949.53,0.0,0.0,0.0,0.0,0
3,CASH_OUT,402,464236.02,8038.0,0.0,127373.01,591609.03,0
3,TRANSFER,381,834584.04,0.0,0.0,3086888.36,3921472.4,0
3,CASH_OUT,153,78502.62,6012.27,0.0,418268.14,496770.75,0
3,CASH_OUT,159,337242.45,0.0,0.0,756457.15,1093699.6,0
3,CASH_OUT,254,352829.21,0.0,0.0,450043.81,802873.02,0
3,TRANSFER,394,35438.84,0.0,0.0,648558.36,683997.2,0
3,CASH_OUT,95,65358.61,19181.0,0.0,418926.71,484285.32,0
3,CASH_OUT,65,385556.82,385556.82,0.0,60032.11,445588.93,1
3,PAYMENT,256,15279.97,0.0,0.0,0.0,0.0,0
3,CASH_IN,140,57562.05,15825380.85,15882942.9,1660301.74,1602739.69,0
3,TRANSFER,10,38906.51,0.0,0.0,1263682.2,1136707.63,0
3,CASH_OUT,300,50732.52,31094.0,0.0,0.0,50732.52,0
3,CASH_IN,298,269312.06,511183.0,780495.06,74144.93,0.0,0
3,CASH_OUT,131,248589.39,397.0,0.0,2903536.16,3152125.56,0
3,CASH_IN,372,386480.15,19861.0,406341.15,394078.87,7598.71,0
3,CASH_IN,162,152625.81,105689.0,258314.81,6752123.38,6599497.57,0
3,CASH_OUT,280,484590.48,107946.0,0.0,42650.84,527241.32,0
3,CASH_OUT,206,119426.26,0.0,0.0,708202.86,827629.12,0
3,CASH_OUT,9,239707.85,176383.72,0.0,1740543.61,2393493.52,0
3,CASH_OUT,201,41965.66,0.0,0.0,211743.07,253708.73,0
3,CASH_OUT,309,164371.07,117167.28,0.0,92712.73,257083.8,0
3,PAYMENT,396,27520.21,0.0,0.0,0.0,0.0,0
3,CASH_OUT,404,113985.11,0.0,0.0,859454.87,973439.98,0
3,PAYMENT,303,18435.22,51594.16,33158.95,0.0,0.0,0
3,PAYMENT,135,6739.99,0.0,0.0,0.0,0.0,0
3,PAYMENT,36,12001.98,45415.42,33413.44,0.0,0.0,0
3,CASH_IN,131,29768.08,580.0,30348.08,1007775.75,978007.67,0
3,CASH_IN,161,305620.64,6106596.01,6412216.64,1618863.21,1313242.57,0
3,CASH_IN,354,53217.32,7216143.39,7269360.71,766611.23,713393.91,0
3,CASH_OUT,325,2615.28,0.0,0.0,201918.08,204533.35,0
3,CASH_IN,252,179029.09,1504978.26,1684007.35,2445923.63,2266894.54,0
3,TRANSFER,226,82869.09,82869.09,0.0,0.0,0.0,1
3,CASH_OUT,234,224676.2,0.0,0.0,780345.9,1005022.1,0
3,TRANSFER,308,470252.44,0.0,0.0,957472.4,1156086.46,0
3,TRANSFER,718,8851.38,8851.38,0.0,0.0,0.0,1
3,PAYMENT,326,7902.31,353777.93,345875.63,0.0,0.0,0
3,CASH_IN,18,141901.24,105940.0,247841.24,280447.36,138546.12,0
3,CASH_OUT,403,318990.16,0.0,0.0,1404140.93,1723131.08,0
3,TRANSFER,349,3309631.1,3309631.1,0.0,0.0,0.0,1
3,PAYMENT,143,31303.03,0.0,0.0,0.0,0.0,0
3,CASH_OUT,202,20733.7,12961.0,0.0,0.0,20733.7,0
3,TRANSFER,419,3118811.65,3118811.65,0.0,0.0,0.0,1
3,CASH_OUT,369,421990.16,0.0,0.0,3272585.34,3694575.49,0
3,CASH_OUT,254,28320.9,0.0,0.0,293795.06,322115.96,0
3,TRANSFER,302,643778.56,881051.0,237272.44,9104.25,652882.81,0
3,CASH_OUT,256,9811104.49,9811104.49,0.0,61469.05,9872573.54,1
3,CASH_OUT,305,276140.16,0.0,0.0,931266.8,1207406.96,0
3,CASH_IN,45,511750.91,709323.01,1221073.93,686574.77,174823.86,0
3,CASH_OUT,347,13578.34,0.0,0.0,124458.6,138036.94,0
3,CASH_IN,12,195352.26,41063.0,236415.26,181781.35,11222.37,0
3,CASH_IN,178,256884.31,5172.0,262056.31,0.0,0.0,0
3,PAYMENT,36,10923.38,101585.0,90661.62,0.0,0.0,0
3,CASH_OUT,346,216025.45,139.0,0.0,2401193.24,2617218.69,0
3,TRANSFER,522,2956846.75,0.0,0.0,4750120.08,7706966.83,0
3,PAYMENT,376,20723.64,0.0,0.0,0.0,0.0,0
3,CASH_OUT,130,148922.7,0.0,0.0,1147679.1,1296601.8,0
3,CASH_OUT,131,67625.83,411.0,0.0,2917293.87,2984919.69,0
3,CASH_OUT,134,66066.47,0.0,0.0,739030.16,805096.63,0
3,CASH_OUT,263,42710.18,0.0,0.0,925934.39,968644.57,0
3,CASH_IN,375,206921.71,2067598.32,2274520.03,1433186.04,1226264.34,0
3,CASH_OUT,281,44770.75,315.0,0.0,0.0,44770.75,0
3,CASH_OUT,560,730677.5,730677.5,0.0,0.0,730677.5,1
3,PAYMENT,228,11155.34,0.0,0.0,0.0,0.0,0
3,PAYMENT,303,20818.42,0.0,0.0,0.0,0.0,0
3,CASH_OUT,208,298519.05,12170.0,0.0,2938285.87,3236804.92,0
3,CASH_IN,379,1093.81,6733865.17,6734958.98,336678.1,335584.29,0
3,CASH_OUT,137,304245.8,0.0,0.0,940234.43,1244480.22,0
3,PAYMENT,335,333.54,776.0,442.46,0.0,0.0,0
3,CASH_OUT,188,194970.8,0.0,0.0,4880310.52,5075281.32,0
3,PAYMENT,120,10617.31,53037.0,42419.69,0.0,0.0,0
3,CASH_IN,22,183332.64,13242252.71,13425585.35,1585292.54,1401959.9,0
3,CASH_OUT,404,148255.13,236960.0,88704.87,0.0,148255.13,0
3,PAYMENT,163,25334.7,504161.95,478827.25,0.0,0.0,0
3,CASH_IN,18,183703.0,4821909.39,5005612.39,776734.31,740603.34,0
3,PAYMENT,254,2622.08,0.0,0.0,0.0,0.0,0
3,PAYMENT,214,6984.69,15218.0,8233.31,0.0,0.0,0
3,PAYMENT,18,662.41,113770.0,113107.59,0.0,0.0,0
3,TRANSFER,43,188344.22,0.0,0.0,1088070.58,1276414.8,0
3,TRANSFER,302,488903.4,0.0,0.0,6521337.49,7010240.89,0
3,CASH_OUT,40,278051.31,47742.0,0.0,0.0,278051.31,0
3,PAYMENT,260,9090.56,67063.48,57972.91,0.0,0.0,0
3,CASH_OUT,21,163601.83,0.0,0.0,2145457.55,2309059.37,0
3,CASH_IN,166,35412.63,7864279.07,7899691.7,415375.68,379963.05,0
3,PAYMENT,281,7529.22,106843.88,99314.66,0.0,0.0,0
3,CASH_OUT,20,225069.09,0.0,0.0,1803903.43,2028972.52,0
3,CASH_IN,14,283070.71,334872.4,617943.12,2076454.79,1793384.08,0
3,CASH_OUT,228,71127.8,0.0,0.0,920579.2,991707.0,0
3,TRANSFER,190,507556.08,59697.0,0.0,0.0,507556.08,0
3,CASH_IN,686,92444.75,2551824.29,2644269.04,5367107.59,5274662.84,0
3,CASH_OUT,355,231809.3,19958.0,0.0,0.0,231809.3,0
3,PAYMENT,12,19570.32,0.0,0.0,0.0,0.0,0
3,TRANSFER,37,787032.41,0.0,0.0,3834482.25,4621514.66,0
3,CASH_OUT,164,448769.08,0.0,0.0,724224.11,1172993.2,0
3,PAYMENT,206,13391.45,9216.16,0.0,0.0,0.0,0
3,TRANSFER,227,875512.6,0.0,0.0,1049357.47,1924870.06,0
3,TRANSFER,19,1861008.32,1861008.32,0.0,0.0,0.0,1
3,PAYMENT,18,14033.56,168246.0,154212.44,0.0,0.0,0
3,PAYMENT,185,39055.99,174423.14,135367.15,0.0,0.0,0
3,PAYMENT,354,7958.1,0.0,0.0,0.0,0.0,0
3,PAYMENT,397,15255.2,0.0,0.0,0.0,0.0,0
3,CASH_OUT,185,483816.52,0.0,0.0,4788191.59,5272008.12,0
3,CASH_IN,206,490691.17,6091082.36,6581773.54,5329983.64,4839292.46,0
3,CASH_OUT,227,253460.89,35101.0,0.0,969.82,254430.7,0
3,CASH_IN,9,458468.77,1949310.0,2407778.77,14400728.09,13627578.89,0
3,CASH_IN,41,117428.49,31.0,117459.49,0.0,0.0,0
3,CASH_IN,134,228669.93,5602887.4,5831557.33,2156182.58,1633855.67,0
3,CASH_OUT,139,122579.63,0.0,0.0,856230.26,978809.89,0
3,PAYMENT,327,27911.4,10889.0,0.0,0.0,0.0,0
3,TRANSFER,442,1487505.07,1487505.07,0.0,0.0,0.0,1
3,CASH_OUT,402,341673.53,0.0,0.0,2851293.07,3226339.72,0
3,CASH_OUT,162,221373.1,6041.0,0.0,0.0,221373.1,0
3,CASH_OUT,44,80526.5,0.0,0.0,1704833.61,1785360.11,0
3,CASH_OUT,358,60415.13,0.0,0.0,717899.49,778314.62,0
3,CASH_IN,379,221874.55,3626476.76,3848351.31,729004.52,507129.97,0
3,TRANSFER,587,2354299.89,0.0,0.0,3403443.29,5757743.18,0
3,CASH_IN,34,301028.36,7069005.04,7370033.4,1150349.86,849321.5,0
3,CASH_OUT,180,456409.76,10740.0,0.0,0.0,456409.76,0
3,CASH_OUT,132,95018.49,6282.0,0.0,4609001.59,4577632.68,0
3,PAYMENT,323,12434.28,0.0,0.0,0.0,0.0,0
3,CASH_OUT,405,120911.96,0.0,0.0,342002.28,462914.24,0
3,CASH_OUT,608,388171.95,388171.95,0.0,0.0,388171.95,1
3,CASH_OUT,278,33324.64,83884.0,50559.36,894202.95,927527.59,0
3,PAYMENT,190,985.58,0.0,0.0,0.0,0.0,0
3,CASH_IN,136,10944.77,6956948.74,6967893.51,499757.02,537311.69,0
3,CASH_OUT,239,37444.04,0.0,0.0,253497.44,290941.48,0
3,PAYMENT,373,14607.37,0.0,0.0,0.0,0.0,0
3,PAYMENT,252,58395.6,6037.0,0.0,0.0,0.0,0
3,CASH_OUT,204,39183.22,30633.0,0.0,2506170.37,2545353.59,0
3,CASH_IN,190,104029.75,17525270.69,17629300.44,247265.93,143236.19,0
3,CASH_IN,178,48682.48,7519419.43,7568101.91,3181881.55,3133199.06,0
3,CASH_IN,397,141556.05,10277.0,151833.05,274077.08,132521.02,0
3,CASH_OUT,139,6573.18,90880.0,84306.82,0.0,6573.18,0
3,PAYMENT,329,24610.85,265449.0,240838.15,0.0,0.0,0
3,CASH_OUT,321,138708.13,4321.0,0.0,461108.92,599817.05,0
3,PAYMENT,37,4686.59,0.0,0.0,0.0,0.0,0
3,CASH_OUT,369,225253.75,32360.0,0.0,26990.8,252244.55,0
3,TRANSFER,361,140807.76,140807.76,0.0,0.0,0.0,1
3,PAYMENT,179,1885.05,26045.0,24159.95,0.0,0.0,0
3,CASH_OUT,379,161285.79,286.0,0.0,136868.11,298153.9,0
3,CASH_OUT,375,344013.41,255404.0,0.0,622905.9,966919.31,0
3,TRANSFER,47,36532.84,36532.84,0.0,0.0,0.0,1
3,TRANSFER,185,84511.48,8176.0,0.0,114350.58,198862.06,0
3,CASH_OUT,130,213419.0,20420.81,0.0,1875286.47,2088705.47,0
3,PAYMENT,471,5751.49,0.0,0.0,0.0,0.0,0
3,CASH_IN,351,385465.4,3074206.11,3459671.51,2189020.09,1803554.69,0
3,PAYMENT,16,16098.95,0.0,0.0,0.0,0.0,0
3,CASH_IN,324,101671.98,4297699.98,4399371.97,1046247.27,944575.29,0
3,PAYMENT,381,2591.93,564.0,0.0,0.0,0.0,0
3,PAYMENT,256,5154.06,10993.0,5838.94,0.0,0.0,0
3,CASH_IN,395,31845.65,208870.0,240715.65,43065.28,11219.63,0
3,PAYMENT,400,21939.97,0.0,0.0,0.0,0.0,0
3,TRANSFER,153,234853.95,234853.95,0.0,0.0,0.0,1
3,CASH_IN,346,14847.14,3080.0,17927.14,0.0,0.0,0
3,CASH_IN,163,229485.99,12004.0,241489.99,0.0,0.0,0
3,CASH_IN,352,314044.38,1368585.2,1682629.59,3437283.04,3491161.89,0
3,CASH_OUT,403,34916.87,0.0,0.0,4591391.06,4626307.93,0
3,PAYMENT,187,1076.84,203501.0,202424.16,0.0,0.0,0
3,PAYMENT,259,4760.51,95146.0,90385.49,0.0,0.0,0
3,CASH_IN,394,190091.8,538201.24,728293.04,320364.43,130272.63,0
3,TRANSFER,186,2757.38,0.0,0.0,258127.98,400153.83,0
3,TRANSFER,132,1369454.09,59589.0,0.0,423804.99,1793259.08,0
3,CASH_OUT,44,80371.18,29864.0,0.0,220337.5,300708.69,0
3,CASH_OUT,400,280497.42,1445.0,0.0,1079397.05,1359894.46,0
3,CASH_IN,300,256286.54,2327651.73,2583938.27,571210.46,314923.92,0
3,PAYMENT,331,410.15,0.0,0.0,0.0,0.0,0
3,CASH_OUT,227,300273.26,0.0,0.0,2380943.7,2681216.96,0
3,CASH_OUT,237,27714.58,95117.34,67402.76,652832.07,680546.65,0
3,CASH_IN,181,113453.68,7172762.53,7286216.21,2409881.43,2296427.75,0
3,CASH_OUT,186,43003.64,0.0,0.0,1798870.09,1841873.73,0
3,CASH_OUT,137,45888.05,0.0,0.0,470541.56,516429.61,0
3,PAYMENT,379,14010.97,24779.0,10768.03,0.0,0.0,0
3,CASH_IN,238,110075.07,551475.58,661550.65,3862066.2,3751991.12,0
3,CASH_OUT,187,136702.33,0.0,0.0,1401323.46,1538025.78,0
3,CASH_OUT,491,1381513.27,1381513.27,0.0,528616.61,1910129.88,1
3,PAYMENT,255,7387.46,42135.0,34747.54,0.0,0.0,0
3,CASH_IN,16,332610.18,509882.0,842492.18,22374.0,0.0,0
3,TRANSFER,315,76640.82,76640.82,0.0,0.0,0.0,1
3,CASH_IN,399,260957.93,14697.0,275654.93,546449.24,285491.31,0
3,TRANSFER,208,1522952.59,0.0,0.0,3831840.94,5354793.54,0
3,PAYMENT,305,6333.52,0.0,0.0,0.0,0.0,0
3,CASH_OUT,9,411043.4,0.0,0.0,1254575.44,1322881.96,0
3,PAYMENT,135,16092.29,70360.0,54267.71,0.0,0.0,0
3,CASH_IN,349,114301.76,8938913.01,9053214.77,4078069.87,4204833.39,0
3,CASH_OUT,45,225364.51,0.0,0.0,332189.41,557553.92,0
3,PAYMENT,378,7575.0,41431.89,33856.89,0.0,0.0,0
3,TRANSFER,283,924912.26,924912.26,0.0,0.0,0.0,1
3,CASH_OUT,324,314776.51,0.0,0.0,1032157.91,1346934.42,0
3,CASH_IN,401,55158.21,80204.0,135362.21,63931.87,8773.66,0
3,PAYMENT,522,12992.14,24803.0,11810.86,0.0,0.0,0
3,CASH_OUT,356,70367.12,38256.0,0.0,0.0,70367.12,0
3,CASH_OUT,106,2231.46,2231.46,0.0,0.0,2231.46,1
3,CASH_OUT,130,127990.32,0.0,0.0,1192345.68,1320336.0,0
3,CASH_OUT,43,276709.02,11208.0,0.0,256116.64,532825.66,0
3,CASH_IN,139,194492.03,22666.0,217158.03,178119.09,0.0,0
3,PAYMENT,260,3345.46,10062.0,6716.54,0.0,0.0,0
3,CASH_OUT,205,115253.63,21726.0,0.0,0.0,115253.63,0
3,CASH_IN,395,87118.24,10262.0,97380.24,1417407.73,1330289.48,0
3,CASH_IN,279,229043.91,5691438.19,5920482.1,1940258.15,1711214.24,0
3,CASH_OUT,394,103735.75,29678.0,0.0,0.0,103735.75,0
3,CASH_IN,134,129205.67,11903.0,141108.67,111389.36,0.0,0
3,CASH_OUT,298,392565.14,0.0,0.0,5527532.36,5920097.51,0
3,PAYMENT,330,19355.01,131008.0,111652.99,0.0,0.0,0
3,PAYMENT,360,7701.33,10229.0,2527.67,0.0,0.0,0
3,CASH_OUT,373,28703.73,0.0,0.0,411417.15,440120.88,0
3,PAYMENT,279,4653.01,23878.0,19224.99,0.0,0.0,0
3,TRANSFER,397,3034351.27,22054.0,0.0,769691.28,3804042.54,0
3,CASH_OUT,661,556570.65,42898.0,0.0,2949302.29,3505872.94,0
3,CASH_OUT,137,234954.49,19886.0,0.0,815096.34,1050050.83,0
3,PAYMENT,9,16324.42,581840.73,565516.31,0.0,0.0,0
3,PAYMENT,322,4961.13,8195.01,3233.88,0.0,0.0,0
3,TRANSFER,235,179774.47,0.0,0.0,395559.01,575333.48,0
3,CASH_IN,11,153298.03,5329193.29,5482491.32,224812.04,198450.79,0
3,PAYMENT,279,36836.54,0.0,0.0,0.0,0.0,0
3,PAYMENT,177,7048.45,59658.0,52609.55,0.0,0.0,0
3,CASH_IN,37,353724.54,1653.0,355377.54,0.0,0.0,0
3,TRANSFER,353,139918.73,0.0,0.0,274575.62,414494.36,0
3,CASH_OUT,414,10000000.0,10000000.0,0.0,0.0,10000000.0,1
3,CASH_OUT,40,241631.65,0.0,0.0,324987.74,653333.6,0
3,CASH_OUT,157,813775.73,813775.73,0.0,0.0,813775.73,1
3,CASH_IN,18,72858.79,953160.97,1026019.76,383479.67,310620.88,0
3,PAYMENT,279,9173.51,0.0,0.0,0.0,0.0,0
3,CASH_OUT,205,181192.72,0.0,0.0,4898369.52,5079562.25,0
3,PAYMENT,336,6874.36,37696.0,30821.64,0.0,0.0,0
3,PAYMENT,349,3978.37,393913.51,389935.14,0.0,0.0,0
3,PAYMENT,45,5978.75,49355.0,43376.25,0.0,0.0,0
3,CASH_OUT,386,978362.97,978362.97,0.0,123481.51,1101844.48,1
3,CASH_IN,235,116933.98,40030.0,156963.98,0.0,0.0,0
3,CASH_OUT,284,212083.21,0.0,0.0,523909.0,735992.21,0
3,CASH_OUT,405,288584.28,12481.0,0.0,170057.1,458641.38,0
3,CASH_OUT,10,466654.45,1103429.2,636774.75,1025143.37,2666573.93,0
3,PAYMENT,323,51063.62,0.0,0.0,0.0,0.0,0
3,PAYMENT,8,4718.8,101605.0,96886.2,0.0,0.0,0
3,CASH_OUT,402,479018.23,0.0,0.0,4110826.19,4589844.43,0
3,CASH_OUT,332,100632.21,174.0,0.0,0.0,100632.21,0
3,PAYMENT,157,3993.19,0.0,0.0,0.0,0.0,0
3,CASH_OUT,284,98149.89,0.0,0.0,169791.98,267941.87,0
3,CASH_OUT,403,50743.26,0.0,0.0,1482857.16,1533600.42,0
3,CASH_IN,281,27536.22,852.0,28388.22,308127.86,280591.64,0
3,TRANSFER,650,18982.32,18982.32,0.0,0.0,0.0,1
3,CASH_IN,184,323395.93,0.0,323395.93,2667709.46,2344313.53,0
3,CASH_OUT,394,50205.86,99707.0,49501.14,0.0,50205.86,0
3,PAYMENT,297,30031.67,576422.59,546390.92,0.0,0.0,0
3,CASH_IN,41,95314.0,24262245.2,24357559.2,2622288.51,2526974.51,0
3,CASH_IN,139,220933.74,3305.0,224238.74,0.0,0.0,0
3,PAYMENT,306,15186.08,304.0,0.0,0.0,0.0,0
3,CASH_OUT,510,3425386.69,3425386.69,0.0,0.0,3425386.69,1
3,CASH_OUT,399,34941.47,0.0,0.0,127759.33,162700.8,0
3,CASH_OUT,130,191358.26,51302.0,0.0,0.0,191358.26,0
3,TRANSFER,214,998711.95,0.0,0.0,5497662.22,6496374.17,0
3,CASH_OUT,226,309417.69,17226.0,0.0,20092.04,329509.73,0
3,CASH_OUT,227,459633.12,0.0,0.0,773514.75,1233147.86,0
3,CASH_OUT,229,344454.24,12944.0,0.0,3258560.79,3603015.03,0
3,TRANSFER,216,1697655.62,1697655.62,0.0,0.0,0.0,1
3,TRANSFER,9,1154353.99,1154353.99,0.0,0.0,10872.9,1
3,CASH_OUT,474,533240.32,87467.0,0.0,0.0,533240.32,0
3,CASH_OUT,259,166520.28,0.0,0.0,1937795.53,2104315.82,0
3,CASH_IN,235,280356.9,465.0,280821.9,0.0,0.0,0
3,CASH_OUT,378,107511.48,5957.0,0.0,595953.81,703465.3,0
3,PAYMENT,351,12603.17,0.0,0.0,0.0,0.0,0
3,CASH_OUT,259,31624.05,506904.0,475279.95,605675.16,637299.21,0
3,TRANSFER,143,224502.6,403.0,0.0,13420.31,237922.91,0
3,CASH_IN,594,59178.69,101294.0,160472.69,0.0,0.0,0
3,CASH_IN,138,111598.5,3581877.88,3693476.38,146279.66,34681.17,0
3,CASH_OUT,326,28725.28,28702.0,0.0,0.0,28725.28,0
3,TRANSFER,252,321897.92,232146.0,0.0,39833.48,361731.4,0
3,CASH_OUT,329,157491.82,161.0,0.0,41394.43,198886.25,0
3,CASH_OUT,9,373367.2,0.0,0.0,756721.54,1520095.54,0
3,PAYMENT,310,718.45,332.0,0.0,0.0,0.0,0
3,PAYMENT,234,10259.77,44397.0,34137.23,0.0,0.0,0
3,CASH_OUT,10,577649.39,1508.0,0.0,0.0,630299.5,0
3,PAYMENT,279,686.99,34319.0,33632.01,0.0,0.0,0
3,CASH_IN,299,500614.12,18370.0,518984.12,11087.67,0.0,0
3,CASH_OUT,253,209586.12,67126.0,0.0,362374.9,571961.01,0
3,CASH_OUT,309,67632.68,23485.0,0.0,1031637.87,1099270.55,0
3,CASH_IN,134,271.52,7556678.63,7556950.15,3979280.49,3979008.97,0
3,PAYMENT,398,31553.8,16613.0,0.0,0.0,0.0,0
3,CASH_IN,33,198840.09,1811512.49,2010352.57,2725649.77,2526809.68,0
3,CASH_OUT,374,177602.22,1044.0,0.0,112551.72,290153.94,0
3,CASH_OUT,86,17822.02,17822.02,0.0,2619609.53,2637431.55,1
3,CASH_OUT,399,216285.04,292034.0,75748.96,0.0,216285.04,0
3,TRANSFER,117,4032691.34,4032691.34,0.0,0.0,0.0,1
3,CASH_OUT,447,155121.58,155121.58,0.0,439557.76,594679.34,1
3,CASH_IN,330,281971.47,1188.0,283159.47,0.0,0.0,0
3,PAYMENT,331,5956.63,281168.79,275212.16,0.0,0.0,0
3,CASH_OUT,330,61756.82,61756.82,0.0,191770.49,253527.31,1
3,TRANSFER,129,441411.55,37432.0,0.0,164203.66,605615.21,0
3,CASH_OUT,282,32506.63,62412.0,29905.37,0.0,32506.63,0
3,CASH_OUT,326,134899.75,288964.0,154064.25,417087.91,551987.66,0
3,CASH_OUT,258,97521.3,76190.83,0.0,320922.07,418443.37,0
3,TRANSFER,523,160186.79,160186.79,0.0,0.0,0.0,1
3,CASH_OUT,265,127916.67,127916.67,0.0,1520726.85,1648643.52,1
3,CASH_OUT,140,170010.71,43889.0,0.0,0.0,170010.71,0
3,CASH_IN,402,203315.52,22320926.02,22524241.54,437045.97,233730.45,0
3,TRANSFER,184,496680.66,34.0,0.0,981641.78,1478322.44,0
3,CASH_OUT,402,77080.92,0.0,0.0,649136.32,726217.24,0
3,CASH_IN,209,241774.47,1465.0,243239.47,3208153.53,2966379.06,0
3,DEBIT,354,5138.35,3983.0,0.0,300982.83,306121.18,0
3,PAYMENT,207,13934.95,226.0,0.0,0.0,0.0,0
3,CASH_OUT,162,74905.78,16889.0,0.0,0.0,119874.0,0
3,CASH_IN,39,116075.74,4864770.93,4980846.67,170662.99,54587.25,0
3,TRANSFER,568,30790.13,30790.13,0.0,0.0,0.0,1
3,CASH_OUT,202,168434.76,111313.0,0.0,27640.9,196075.66,0
3,DEBIT,297,605.87,204292.0,203686.13,139815.98,140421.86,0
3,CASH_OUT,348,228692.37,318061.0,89368.63,102771.85,331464.22,0
3,CASH_OUT,490,422648.87,422648.87,0.0,0.0,422648.87,1
3,PAYMENT,395,2771.76,11527.0,8755.24,0.0,0.0,0
3,CASH_OUT,212,199085.04,10516.0,0.0,2314028.03,2513113.07,0
3,CASH_OUT,16,47744.09,0.0,0.0,5674914.56,5670705.81,0
3,CASH_IN,422,243192.49,10640359.72,10883552.21,1727356.39,1484163.9,0
3,CASH_IN,257,270408.97,21022.0,291430.97,1600026.37,1329617.39,0
3,PAYMENT,353,7344.5,7034.0,0.0,0.0,0.0,0
3,CASH_IN,281,29361.06,231675.0,261036.06,5811393.62,5782032.56,0
3,CASH_OUT,331,317704.38,52943.0,0.0,0.0,317704.38,0
3,CASH_OUT,19,22245.28,90328.0,68082.72,0.0,22245.28,0
3,TRANSFER,37,182287.47,0.0,0.0,2694761.42,2877048.89,0
3,PAYMENT,165,12307.14,296.0,0.0,0.0,0.0,0
3,PAYMENT,12,10302.58,0.0,0.0,0.0,0.0,0
3,CASH_OUT,396,455575.42,22784.0,0.0,0.0,455575.42,0
3,TRANSFER,743,850002.52,850002.52,0.0,0.0,0.0,1
3,CASH_OUT,299,240193.18,0.0,0.0,1551266.33,2003423.48,0
3,PAYMENT,36,22065.86,10676.0,0.0,0.0,0.0,0
3,PAYMENT,308,14566.45,4276.0,0.0,0.0,0.0,0
3,PAYMENT,383,4619.39,0.0,0.0,0.0,0.0,0
3,CASH_IN,139,55651.22,156048.0,211699.22,4304263.28,4248612.06,0
3,CASH_OUT,211,146306.64,0.0,0.0,556188.11,702494.75,0
3,CASH_OUT,330,319774.2,251204.0,0.0,7589047.52,7908821.72,0
3,TRANSFER,13,692071.42,0.0,0.0,1943540.08,2635611.5,0
3,CASH_OUT,353,18184.29,349.0,0.0,664357.28,682541.57,0
3,PAYMENT,14,1619.21,0.0,0.0,0.0,0.0,0
3,PAYMENT,189,3939.73,201873.0,197933.27,0.0,0.0,0
3,CASH_OUT,130,370755.25,29804.0,0.0,436178.93,806934.17,0
3,CASH_OUT,161,251913.2,15816.0,0.0,668823.84,920737.04,0
3,PAYMENT,227,35867.82,29765.0,0.0,0.0,0.0,0
3,CASH_IN,212,187613.72,576165.55,763779.27,1916683.4,1729069.68,0
3,CASH_OUT,348,253896.49,165766.0,0.0,0.0,253896.49,0
3,CASH_OUT,234,323401.63,12655.0,0.0,0.0,323401.63,0
3,CASH_OUT,36,551031.05,0.0,0.0,5159009.95,5710041.01,0
3,CASH_IN,350,355025.12,1132736.32,1487761.44,2940474.76,2585449.64,0
3,PAYMENT,160,694.21,41959.0,41264.79,0.0,0.0,0
3,PAYMENT,301,13801.61,0.0,0.0,0.0,0.0,0
3,TRANSFER,33,3295227.84,3295227.84,0.0,0.0,0.0,1
3,CASH_IN,500,330138.61,1707526.95,2037665.56,1115752.31,785613.7,0
3,PAYMENT,96,864.25,503.0,0.0,0.0,0.0,0
3,CASH_IN,250,51363.64,16015764.17,16067127.82,2374640.37,2323276.73,0
3,CASH_OUT,154,45442.99,29964.0,0.0,2944227.9,2989670.89,0
3,PAYMENT,23,7907.94,10907.97,3000.03,0.0,0.0,0
3,PAYMENT,282,2714.85,0.0,0.0,0.0,0.0,0
3,CASH_OUT,44,58673.84,10884.62,0.0,702674.27,761348.11,0
3,CASH_OUT,207,113416.95,0.0,0.0,505799.96,619216.91,0
3,CASH_OUT,520,231039.07,41069.0,0.0,1550891.18,1781930.24,0
3,CASH_OUT,251,62211.07,0.0,0.0,8490307.72,8552518.79,0
3,CASH_OUT,300,50840.98,9428.0,0.0,0.0,50840.98,0
3,TRANSFER,8,1078013.76,0.0,0.0,0.0,970749.68,1
3,CASH_OUT,185,192179.56,381290.0,189110.44,2388906.39,2581085.95,0
3,CASH_OUT,306,182623.77,20735.0,0.0,0.0,182623.77,0
3,CASH_IN,37,180359.24,17473081.1,17653440.35,626891.62,446532.38,0
3,TRANSFER,208,74452.69,0.0,0.0,1502725.47,1577178.16,0
3,TRANSFER,272,177022.52,177022.52,0.0,0.0,0.0,1
3,CASH_OUT,259,122247.94,3474.0,0.0,0.0,122247.94,0
3,CASH_IN,129,295060.17,3166212.11,3461272.28,492257.44,69601.59,0
3,CASH_OUT,334,243765.6,0.0,0.0,731799.19,975564.79,0
3,CASH_OUT,37,362562.75,19842.0,0.0,48950.45,411513.2,0
3,CASH_OUT,324,160244.43,0.0,0.0,3976476.5,4136720.93,0
3,CASH_OUT,13,64114.65,80825.0,16710.35,356810.9,283922.81,0
3,PAYMENT,226,41335.97,11434.0,0.0,0.0,0.0,0
3,CASH_IN,249,105384.77,4685.0,110069.77,325243.44,219858.68,0
3,CASH_OUT,324,280249.15,0.0,0.0,1948065.44,2228314.59,0
3,PAYMENT,355,6624.57,125292.0,118667.43,0.0,0.0,0
3,CASH_IN,188,151959.56,10367.0,162326.56,277397.08,125437.51,0
3,TRANSFER,408,398724.6,398724.6,0.0,0.0,0.0,1
3,CASH_OUT,136,108665.93,13936.0,0.0,3277472.74,3386138.67,0
3,CASH_IN,402,99519.41,5430122.26,5529641.67,314091.13,214571.72,0
3,PAYMENT,264,6505.95,21120.0,14614.05,0.0,0.0,0
3,PAYMENT,305,20663.95,194.0,0.0,0.0,0.0,0
3,CASH_OUT,379,15671.13,4180.0,0.0,260900.01,276571.14,0
3,CASH_OUT,402,310697.23,108.0,0.0,1580794.12,1891491.35,0
3,CASH_OUT,235,209524.68,32331.0,0.0,827147.66,1036672.34,0
3,TRANSFER,36,1062481.16,0.0,0.0,2357913.55,3420394.72,0
3,CASH_IN,135,239517.88,1293604.39,1533122.27,528019.94,288502.06,0
3,CASH_IN,232,29483.5,10817.0,40300.5,12769204.99,12739721.49,0
3,PAYMENT,259,2445.86,104400.0,101954.14,0.0,0.0,0
3,CASH_OUT,379,156698.02,0.0,0.0,1169419.56,1326117.58,0
3,CASH_OUT,390,1195842.37,1195842.37,0.0,0.0,1195842.37,1
3,CASH_OUT,380,171566.24,7508.0,0.0,2305309.54,2476875.78,0
3,CASH_OUT,15,279478.05,644887.81,365409.76,612534.01,966366.41,0
3,TRANSFER,157,487410.56,987.0,0.0,3792638.99,4280049.55,0
3,PAYMENT,331,24116.28,1516.0,0.0,0.0,0.0,0
3,CASH_IN,250,40812.78,6942933.81,6983746.59,239753.94,198941.16,0
3,CASH_IN,352,212956.82,53018.0,265974.82,2945798.83,2732842.02,0
3,CASH_OUT,356,367753.35,20530.0,0.0,0.0,367753.35,0
3,PAYMENT,321,9757.16,0.0,0.0,0.0,0.0,0
3,CASH_IN,157,31192.37,10648839.14,10680031.51,473396.59,330064.65,0
3,CASH_OUT,8,200713.9,7026.0,0.0,0.0,307624.84,0
3,CASH_OUT,139,210301.12,99540.0,0.0,0.0,210301.12,0
3,CASH_IN,131,18250.93,30102.0,48352.93,207925.8,189674.88,0
3,TRANSFER,321,1219091.3,2026.0,0.0,0.0,1219091.3,0
3,PAYMENT,234,12187.88,0.0,0.0,0.0,0.0,0
3,PAYMENT,180,1995.91,2262.0,266.09,0.0,0.0,0
3,CASH_IN,308,157814.5,4070667.33,4228481.83,1971225.04,1813410.54,0
3,CASH_OUT,138,72892.9,0.0,0.0,205271.41,278164.31,0
3,CASH_IN,139,76964.31,0.0,76964.31,295433.77,218469.46,0
3,PAYMENT,262,8238.04,35082.0,26843.96,0.0,0.0,0
3,CASH_IN,187,149467.46,10182888.94,10332356.4,1287774.73,1138307.27,0
3,CASH_IN,277,225131.74,1493399.19,1718530.93,1773540.12,1548408.38,0
3,PAYMENT,405,2845.0,0.0,0.0,0.0,0.0,0
3,CASH_IN,34,159534.69,20317.0,179851.69,0.0,0.0,0
3,CASH_IN,17,69631.41,6717916.3,6787547.72,393675.63,324044.21,0
3,CASH_IN,231,318159.32,26442.0,344601.32,0.0,0.0,0
3,PAYMENT,182,1802.9,0.0,0.0,0.0,0.0,0
3,CASH_OUT,355,138203.84,0.0,0.0,2094876.58,2233080.42,0
3,CASH_OUT,570,140522.44,0.0,0.0,221294.21,361816.65,0
3,CASH_IN,379,199432.23,5755032.5,5954464.72,396983.54,197551.31,0
3,CASH_IN,307,74391.2,135932.0,210323.2,2459901.22,2385510.02,0
3,CASH_IN,215,76179.02,25847103.14,25923282.15,804005.35,727826.33,0
3,CASH_IN,15,39256.32,4197005.01,4236261.33,1046728.3,1014746.8,0
3,CASH_IN,15,367912.41,6094.0,374006.41,0.0,0.0,0
3,CASH_IN,179,247053.27,611918.44,858971.71,1022782.27,775729.0,0
3,CASH_OUT,403,44982.31,0.0,0.0,8241828.65,8286810.96,0
3,CASH_OUT,564,13128.95,30561.0,17432.05,276470.92,289599.87,0
3,CASH_OUT,502,4758180.79,4758180.79,0.0,0.0,4758180.79,1
3,PAYMENT,9,2578.0,53040.93,50462.93,0.0,0.0,0
3,CASH_OUT,586,937180.36,377582.0,0.0,0.0,937180.36,0
3,PAYMENT,34,15570.84,676603.72,661032.88,0.0,0.0,0
3,PAYMENT,406,5317.07,0.0,0.0,0.0,0.0,0
3,CASH_OUT,330,182329.94,288.0,0.0,2139020.9,2321350.84,0
3,CASH_IN,404,234537.04,882784.42,1117321.47,1402230.83,1167693.79,0
3,TRANSFER,281,69184.27,0.0,0.0,1270579.19,1339763.46,0
3,CASH_IN,236,190534.85,5094231.05,5284765.89,3252937.19,3062402.34,0
3,TRANSFER,23,193880.16,15684.0,0.0,0.0,193880.16,0
3,CASH_OUT,379,79942.76,99064.0,19121.24,37942.35,117885.11,0
3,CASH_IN,45,380868.35,944414.94,1325283.29,1200813.67,819945.32,0
3,CASH_OUT,377,197635.57,89397.0,0.0,395656.42,593291.99,0
3,CASH_OUT,493,605108.36,605108.36,0.0,893880.11,1498988.47,1
3,CASH_IN,348,22.34,11449.0,11471.34,76877.0,76854.66,0
3,CASH_IN,299,416411.0,1108376.26,1524787.25,849959.46,433548.46,0
3,CASH_OUT,187,98782.11,39626.91,0.0,345848.97,858803.37,0
3,CASH_OUT,347,137329.08,0.0,0.0,511965.93,649295.02,0
3,PAYMENT,203,14769.6,0.0,0.0,0.0,0.0,0
3,CASH_OUT,244,53338.82,53338.82,0.0,982332.85,1035671.67,1
3,PAYMENT,514,4383.82,31347.56,26963.75,0.0,0.0,0
3,PAYMENT,400,35783.59,32042.26,0.0,0.0,0.0,0
3,TRANSFER,163,2123558.0,0.0,0.0,2689773.97,4813331.96,0
3,TRANSFER,210,411801.27,0.0,0.0,1111456.63,1523257.9,0
3,TRANSFER,304,588122.28,0.0,0.0,846933.88,1435056.16,0
3,PAYMENT,45,5296.13,360.0,0.0,0.0,0.0,0
3,CASH_OUT,15,176930.08,0.0,0.0,10702063.96,10878994.04,0
3,CASH_OUT,186,301025.41,284607.64,0.0,527708.79,828734.21,0
3,CASH_OUT,347,163072.62,15642.0,0.0,429006.18,834881.05,0
3,PAYMENT,407,9061.96,163.0,0.0,0.0,0.0,0
3,CASH_IN,274,175686.93,2210033.16,2385720.09,636662.81,460975.88,0
3,CASH_OUT,208,3864609.52,3864609.52,0.0,0.0,3864609.52,1
3,PAYMENT,96,5781.84,4031.22,0.0,0.0,0.0,0
3,CASH_IN,325,131635.13,23579.0,155214.13,0.0,0.0,0
3,TRANSFER,387,10000000.0,29110884.44,19110884.44,0.0,0.0,1
3,TRANSFER,260,185629.66,157.0,0.0,5262519.41,5448149.07,0
3,CASH_OUT,394,292222.15,0.0,0.0,1665374.81,1957596.96,0
3,PAYMENT,36,10132.97,4455.0,0.0,0.0,0.0,0
3,CASH_IN,257,585830.92,12821610.44,13407441.36,1993048.59,1407217.67,0
3,CASH_OUT,154,3424092.39,3424092.39,0.0,0.0,3424092.39,1
3,CASH_OUT,333,86830.25,19936.0,0.0,34583.66,121413.91,0
3,CASH_IN,36,216292.1,410.0,216702.1,0.0,0.0,0
4,PAYMENT,234,5347.53,42997.01,37649.48,0.0,0.0,0
4,CASH_OUT,94,105083.97,0.0,0.0,335806.36,440890.33,0
4,CASH_IN,17,115825.0,325308.45,441133.45,183319.26,67494.27,0
4,CASH_OUT,133,241562.1,0.0,0.0,397440.18,639002.28,0
4,CASH_OUT,277,141683.27,0.0,0.0,141883.51,283566.78,0
4,PAYMENT,500,1907.79,9243.0,7335.21,0.0,0.0,0
4,CASH_OUT,394,328980.37,258.0,0.0,0.0,328980.37,0
4,CASH_OUT,394,235966.79,21836.0,0.0,0.0,235966.79,0
4,CASH_OUT,38,57796.92,9956.0,0.0,4995812.46,5113298.77,0
4,PAYMENT,210,12996.24,0.0,0.0,0.0,0.0,0
4,PAYMENT,375,5627.82,77527.39,71899.58,0.0,0.0,0
4,PAYMENT,132,19245.43,42477.0,23231.57,0.0,0.0,0
4,CASH_IN,254,119260.69,11419836.21,11539096.89,866580.49,747319.8,0
4,PAYMENT,404,2834.35,17035.0,14200.65,0.0,0.0,0
4,CASH_IN,254,141342.37,5106288.32,5247630.69,434884.65,293542.28,0
4,CASH_IN,11,159368.13,2570680.66,2730048.79,357880.84,102463.61,0
4,TRANSFER,8,1144634.64,0.0,0.0,2023127.19,3089439.33,0
4,PAYMENT,261,5947.29,20806.0,14858.71,0.0,0.0,0
4,TRANSFER,299,1158358.08,1158358.08,0.0,0.0,0.0,1
4,CASH_OUT,202,443927.27,0.0,0.0,1591394.38,2035321.65,0
4,PAYMENT,138,14618.69,497144.0,482525.31,0.0,0.0,0
4,PAYMENT,564,3658.59,47771.9,44113.31,0.0,0.0,0
4,PAYMENT,177,4762.76,0.0,0.0,0.0,0.0,0
4,PAYMENT,213,8187.79,32119.0,23931.21,0.0,0.0,0
4,CASH_OUT,353,270158.08,2497.0,0.0,5523696.02,5793854.1,0
4,TRANSFER,427,3890627.92,3890627.92,0.0,0.0,0.0,1
4,CASH_OUT,589,164892.64,0.0,0.0,289246.13,454138.78,0
4,CASH_OUT,236,153531.14,2554.63,0.0,3774333.35,4061087.79,0
4,PAYMENT,250,719.59,11415.0,10695.41,0.0,0.0,0
4,CASH_OUT,402,153466.68,18096.0,0.0,1552605.22,1706071.9,0
4,CASH_OUT,597,88099.88,88099.88,0.0,949442.18,1037542.06,1
4,CASH_OUT,260,70684.06,0.0,0.0,1702554.29,1773238.35,0
4,CASH_OUT,322,116907.46,126.0,0.0,1165594.57,1282502.03,0
4,CASH_OUT,379,77886.56,107146.0,29259.44,0.0,77886.56,0
4,PAYMENT,136,3440.46,0.0,0.0,0.0,0.0,0
4,CASH_OUT,260,155832.21,0.0,0.0,557537.67,713369.89,0
4,PAYMENT,210,13306.91,0.0,0.0,0.0,0.0,0
4,CASH_IN,39,294996.19,15227.7,310223.9,0.0,0.0,0
4,CASH_OUT,740,748139.48,748139.48,0.0,0.0,748139.48,1
4,CASH_IN,403,51559.41,2999088.21,3050647.61,217008.73,165449.32,0
4,PAYMENT,374,1713.7,63223.0,61509.3,0.0,0.0,0
4,CASH_IN,251,73216.6,5536.0,78752.6,37453.81,0.0,0
4,TRANSFER,7,941502.27,0.0,0.0,2120721.65,4441465.94,0
4,CASH_OUT,288,10010.27,74207.68,64197.4,486593.49,496603.76,0
4,PAYMENT,140,3133.3,10836.0,7702.7,0.0,0.0,0
4,CASH_IN,34,2593.69,3811088.25,3813681.94,15468.62,12874.93,0
4,PAYMENT,228,30080.8,0.0,0.0,0.0,0.0,0
4,CASH_OUT,334,34274.58,0.0,0.0,293582.38,327856.96,0
4,CASH_IN,96,106419.16,30933.0,137352.16,1027797.19,921378.03,0
4,CASH_OUT,106,8999.56,8999.56,0.0,0.0,8999.56,1
4,PAYMENT,487,7204.27,32327.05,25122.78,0.0,0.0,0
4,PAYMENT,187,11136.07,0.0,0.0,0.0,0.0,0
4,TRANSFER,155,850002.64,63956.0,0.0,41549.71,891552.35,0
4,CASH_OUT,590,177534.07,30270.0,0.0,140485.76,318019.82,0
4,PAYMENT,42,4660.89,0.0,0.0,0.0,0.0,0
4,CASH_IN,324,299167.27,51400.0,350567.27,4444700.67,4145533.39,0
4,TRANSFER,426,99804.21,99804.21,0.0,0.0,0.0,1
4,CASH_OUT,137,123279.16,0.0,0.0,286062.81,409341.96,0
4,PAYMENT,137,35500.87,4477.27,0.0,0.0,0.0,0
4,CASH_OUT,19,30429.05,8516.0,0.0,0.0,30429.05,0
4,CASH_IN,237,35849.58,2368865.0,2404714.58,53652.26,17802.68,0
4,TRANSFER,234,20857.97,0.0,0.0,3037341.88,3058199.84,0
4,PAYMENT,212,5803.91,0.0,0.0,0.0,0.0,0
4,CASH_IN,686,65419.94,65060.0,130479.94,0.0,0.0,0
4,CASH_IN,184,133549.22,3084061.3,3217610.52,1528441.98,1394892.76,0
4,PAYMENT,285,154.53,0.0,0.0,0.0,0.0,0
4,CASH_OUT,327,52385.6,0.0,0.0,303405.96,355791.56,0
4,TRANSFER,47,356702.94,0.0,0.0,12360230.18,12716933.11,0
4,CASH_IN,262,80211.41,650349.0,730560.41,245285.83,165074.42,0
4,CASH_OUT,231,119045.47,0.0,0.0,10957163.54,11076209.01,0
4,CASH_IN,213,107953.35,9349934.23,9457887.58,1510597.33,1402643.98,0
4,CASH_IN,384,5225.26,57974.73,63199.99,293074.56,287849.3,0
4,PAYMENT,205,2841.88,5566.0,2724.12,0.0,0.0,0
4,PAYMENT,358,8035.57,10220.0,2184.43,0.0,0.0,0
4,CASH_OUT,163,2034.01,328777.0,326742.99,20015.76,22049.78,0
4,PAYMENT,37,60895.24,50128.0,0.0,0.0,0.0,0
4,PAYMENT,132,14987.31,0.0,0.0,0.0,0.0,0
4,PAYMENT,140,5891.02,0.0,0.0,0.0,0.0,0
4,PAYMENT,302,11859.23,6100.0,0.0,0.0,0.0,0
4,CASH_IN,11,124203.86,5983755.98,6107959.84,231592.51,107388.65,0
4,CASH_IN,231,48209.12,9734989.41,9783198.54,344509.2,296300.08,0
4,PAYMENT,134,6782.58,0.0,0.0,0.0,0.0,0
4,PAYMENT,253,19994.95,0.0,0.0,0.0,0.0,0
4,CASH_IN,354,14357.49,9595948.45,9610305.94,5115508.69,5101151.2,0
4,TRANSFER,22,37100.29,37100.29,0.0,0.0,0.0,1
4,CASH_OUT,184,264372.44,51435.0,0.0,0.0,479572.84,0
4,CASH_IN,164,177334.37,9438905.48,9616239.85,5620654.47,5443320.1,0
4,CASH_IN,17,230757.72,20809.0,251566.72,2328647.49,2097889.77,0
4,PAYMENT,161,15510.82,0.0,0.0,0.0,0.0,0
4,PAYMENT,394,98.15,106379.0,106280.85,0.0,0.0,0
4,CASH_OUT,36,264248.23,0.0,0.0,435223.26,699471.49,0
4,PAYMENT,350,3752.82,230403.87,226651.05,0.0,0.0,0
4,CASH_IN,298,236467.03,28611.0,265078.03,813667.49,577200.46,0
4,CASH_OUT,207,368168.75,31476.64,0.0,4251297.75,4619466.5,0
4,CASH_IN,18,142790.7,418880.67,561671.37,153712.14,10921.44,0
4,CASH_IN,350,109779.24,26911.0,136690.24,52337.81,0.0,0
4,CASH_OUT,133,216431.89,0.0,0.0,916781.26,1010392.99,0
4,PAYMENT,277,11065.99,17549.92,6483.93,0.0,0.0,0
4,TRANSFER,379,4445514.2,4445514.2,0.0,0.0,0.0,1
4,TRANSFER,568,7365106.76,7365106.76,0.0,0.0,0.0,1
4,CASH_OUT,234,42420.02,0.0,0.0,3405025.92,3447445.93,0
4,CASH_IN,186,138315.11,197890.84,336205.95,3113331.33,3136696.52,0
4,PAYMENT,164,376.04,92448.0,92071.96,0.0,0.0,0
4,PAYMENT,191,6102.76,74153.0,68050.24,0.0,0.0,0
4,PAYMENT,142,1307.13,155799.0,154491.87,0.0,0.0,0
4,CASH_IN,20,11140.47,95130.0,106270.47,72152.32,61011.85,0
4,TRANSFER,617,49282.74,10270.0,0.0,829077.29,878360.02,0
4,PAYMENT,135,17430.63,290229.0,272798.37,0.0,0.0,0
4,CASH_OUT,251,389753.85,0.0,0.0,3430749.42,3820503.27,0
4,PAYMENT,11,22770.68,12012.0,0.0,0.0,0.0,0
4,CASH_OUT,207,121786.97,0.0,0.0,327466.87,449253.84,0
4,CASH_IN,330,100026.75,5157013.78,5257040.53,966202.67,866175.92,0
4,PAYMENT,177,19426.17,249348.61,229922.43,0.0,0.0,0
4,CASH_OUT,321,222046.05,10092.0,0.0,132357.78,354403.84,0
4,CASH_OUT,38,7456.03,0.0,0.0,118691.0,21619.28,0
4,PAYMENT,19,11182.36,10328.0,0.0,0.0,0.0,0
4,TRANSFER,94,2864752.99,0.0,0.0,5937856.25,8802609.25,0
4,PAYMENT,37,2448.01,0.0,0.0,0.0,0.0,0
4,CASH_OUT,13,269238.95,64166.0,0.0,21579.0,290817.95,0
4,PAYMENT,134,3640.62,0.0,0.0,0.0,0.0,0
4,CASH_OUT,259,144863.38,0.0,0.0,313136.03,457999.41,0
4,CASH_OUT,371,224528.51,0.0,0.0,9291676.81,9516205.31,0
4,CASH_IN,187,152434.93,14517352.06,14669786.99,556001.79,2290723.62,0
4,PAYMENT,299,23973.34,0.0,0.0,0.0,0.0,0
4,PAYMENT,304,16006.52,0.0,0.0,0.0,0.0,0
4,CASH_OUT,404,148093.5,22367.0,0.0,339433.87,487527.37,0
4,TRANSFER,356,98731.86,0.0,0.0,1644104.61,1742836.47,0
4,CASH_OUT,284,311059.83,2806.0,0.0,5756672.86,6067732.69,0
4,CASH_OUT,137,31443.14,0.0,0.0,105818.28,137261.43,0
4,TRANSFER,514,3551771.18,3551771.18,0.0,0.0,0.0,1
4,CASH_IN,282,34202.44,311798.09,346000.53,2070685.94,2036483.5,0
4,CASH_OUT,251,300845.75,1862.69,0.0,1415211.16,1716056.91,0
4,PAYMENT,373,3427.53,86959.28,83531.75,0.0,0.0,0
4,CASH_IN,276,72890.14,337394.0,410284.14,319044.15,246154.01,0
4,CASH_OUT,225,199900.08,30644.0,0.0,26583.32,226483.41,0
4,CASH_OUT,257,51891.66,793.0,0.0,0.0,51891.66,0
4,CASH_OUT,38,99266.46,100579.0,1312.54,0.0,99266.46,0
4,PAYMENT,250,10477.31,0.0,0.0,0.0,0.0,0
4,CASH_IN,166,100285.9,11006078.62,11106364.52,654007.07,553721.17,0
4,PAYMENT,398,1445.87,0.0,0.0,0.0,0.0,0
4,CASH_OUT,17,490783.73,99586.0,0.0,22262.0,932047.78,0
4,CASH_IN,12,242422.24,8126628.24,8369050.48,462775.36,220353.12,0
4,PAYMENT,8,7419.55,1590706.56,1583287.01,0.0,0.0,0
4,PAYMENT,226,47876.99,0.0,0.0,0.0,0.0,0
4,CASH_OUT,526,377038.53,377038.53,0.0,105508.48,482547.01,1
4,CASH_IN,471,78248.57,4374734.4,4452982.98,119921.58,41673.01,0
4,CASH_IN,155,173703.22,9969.0,183672.22,1792768.6,1619065.38,0
4,PAYMENT,209,8667.57,51507.0,42839.43,0.0,0.0,0
4,CASH_OUT,321,104488.0,0.0,0.0,218676.08,323164.08,0
4,CASH_IN,527,198882.98,5276092.48,5474975.46,567826.84,368943.86,0
4,CASH_IN,17,313110.84,20044928.79,20358039.63,1549636.83,1236525.99,0
4,PAYMENT,308,19011.08,0.0,0.0,0.0,0.0,0
4,CASH_IN,469,452811.1,109499.0,562310.1,0.0,0.0,0
4,CASH_OUT,88,3607917.73,3607917.73,0.0,8391754.13,11999671.85,1
4,CASH_OUT,155,91551.27,0.0,0.0,1487702.0,1579253.26,0
4,CASH_OUT,276,166154.28,49079.0,0.0,381547.65,547701.93,0
4,CASH_OUT,189,7782.28,10216.0,2433.72,477701.21,485483.49,0
4,CASH_IN,160,187422.64,148294.0,335716.64,0.0,0.0,0
4,PAYMENT,323,6471.23,0.0,0.0,0.0,0.0,0
4,CASH_IN,379,91299.55,138842.07,230141.63,852667.89,761368.34,0
4,PAYMENT,210,31768.14,0.0,0.0,0.0,0.0,0
4,CASH_IN,277,385716.41,871.0,386587.41,45594.24,0.0,0
4,CASH_IN,402,298018.35,20556.0,318574.35,0.0,0.0,0
4,CASH_OUT,302,72357.87,0.0,0.0,815155.77,887513.64,0
4,CASH_OUT,391,495773.64,495773.64,0.0,269095.07,764868.71,1
4,CASH_OUT,159,44064.1,50163.0,6098.9,897639.62,941703.71,0
4,CASH_IN,158,149366.12,3739075.9,3888442.02,10194069.02,10044702.9,0
4,CASH_IN,42,166949.95,603.0,167552.95,0.0,0.0,0
4,CASH_OUT,162,291576.76,209.0,0.0,2222167.93,2513744.69,0
4,PAYMENT,41,6102.75,407899.83,401797.08,0.0,0.0,0
4,CASH_IN,254,293047.26,311911.69,604958.95,3262718.41,2969671.15,0
4,CASH_OUT,612,305835.99,0.0,0.0,1067322.26,1373158.25,0
4,PAYMENT,407,24697.48,24991.87,294.39,0.0,0.0,0
4,CASH_OUT,483,3488355.65,3488355.65,0.0,177670.78,3666026.43,1
4,TRANSFER,278,158780.82,0.0,0.0,4368897.82,4527678.64,0
4,CASH_OUT,179,313789.5,235250.0,0.0,0.0,313789.5,0
4,CASH_OUT,259,208562.8,0.0,0.0,407781.19,616343.99,0
4,CASH_OUT,232,145970.82,233793.26,87822.44,149246.73,295217.54,0
4,CASH_OUT,301,255929.08,0.0,0.0,2121867.98,2377797.06,0
4,PAYMENT,326,31790.47,0.0,0.0,0.0,0.0,0
4,CASH_OUT,187,53990.56,678.0,0.0,1542169.84,1596160.39,0
4,CASH_OUT,281,29061.05,0.0,0.0,1858827.63,1887888.68,0
4,CASH_IN,10,486259.52,1373901.49,1860161.01,2147166.74,1880290.3,0
4,TRANSFER,668,4022098.69,4022098.69,0.0,0.0,0.0,1
4,CASH_OUT,180,207368.32,15875.0,0.0,0.0,207368.32,0
4,CASH_IN,159,200786.12,30133.0,230919.12,192353.1,0.0,0
4,CASH_OUT,137,123913.52,0.0,0.0,1341266.02,1465179.53,0
4,CASH_OUT,254,169186.37,0.0,0.0,241175.64,410362.01,0
4,CASH_IN,139,6600.76,15687510.28,15694111.04,578023.59,571422.83,0
4,CASH_OUT,375,100211.89,0.0,0.0,120538.47,220750.36,0
4,CASH_IN,328,299892.35,41893.0,341785.35,0.0,0.0,0
4,TRANSFER,547,594471.04,594471.04,0.0,0.0,0.0,1
4,PAYMENT,370,10099.28,31327.0,21227.72,0.0,0.0,0
4,CASH_OUT,410,281439.26,281439.26,0.0,118976.79,400416.05,1
4,PAYMENT,331,4575.4,0.0,0.0,0.0,0.0,0
4,PAYMENT,137,17389.17,649989.0,632599.83,0.0,0.0,0
4,CASH_IN,42,125857.59,181111.96,306969.55,4867414.12,5162256.08,0
4,CASH_OUT,281,556720.82,556720.82,0.0,2525193.48,3081914.29,1
4,CASH_OUT,522,66349.71,996.0,0.0,118196.1,184545.81,0
4,PAYMENT,45,7395.89,1001.0,0.0,0.0,0.0,0
4,CASH_OUT,256,166619.29,18591.0,0.0,230877.98,397497.27,0
4,PAYMENT,42,7154.22,163723.71,156569.49,0.0,0.0,0
4,PAYMENT,138,17497.18,297305.0,279807.82,0.0,0.0,0
4,CASH_OUT,349,382967.63,0.0,0.0,7369526.2,7752493.83,0
4,CASH_IN,180,85590.35,2473002.59,2558592.94,2175934.61,2090344.26,0
4,TRANSFER,688,174835.99,0.0,0.0,296831.81,471667.81,0
4,CASH_OUT,202,190223.51,0.0,0.0,1181925.09,1372148.6,0
4,CASH_IN,329,347513.74,3071690.75,3419204.49,539161.05,191647.31,0
4,CASH_OUT,38,73827.23,0.0,0.0,132733.16,206560.39,0
4,CASH_IN,278,249626.79,436840.29,686467.08,10554019.95,10304393.16,0
4,PAYMENT,375,11878.96,148147.88,136268.92,0.0,0.0,0
4,CASH_OUT,250,57165.13,0.0,0.0,471473.77,528638.9,0
4,CASH_IN,186,54671.4,50433.0,105104.4,1306785.55,1252114.15,0
4,CASH_OUT,36,398328.44,23244.0,0.0,0.0,398328.44,0
4,TRANSFER,584,1016081.0,1016081.0,0.0,0.0,0.0,1
4,CASH_OUT,44,39032.81,277973.0,238940.19,0.0,39032.81,0
4,CASH_OUT,136,126859.26,0.0,0.0,403167.86,530027.12,0
4,CASH_OUT,444,1108140.19,1108140.19,0.0,625431.56,1733571.75,1
4,CASH_IN,131,126697.92,2725.0,129422.92,42917.38,0.0,0
4,CASH_IN,8,11738.03,1833.0,13571.03,19877.0,3401863.13,0
4,CASH_OUT,189,120411.86,0.0,0.0,718823.86,839235.72,0
4,PAYMENT,254,12481.81,0.0,0.0,0.0,0.0,0
4,CASH_IN,307,167504.9,11205672.4,11373177.3,5706926.22,5539421.32,0
4,CASH_OUT,299,750763.62,99612.0,0.0,79528.93,830292.55,0
4,CASH_OUT,395,55803.57,0.0,0.0,326611.29,382414.86,0
4,CASH_OUT,397,67388.71,0.0,0.0,740369.88,807758.59,0
4,PAYMENT,375,21157.25,0.0,0.0,0.0,0.0,0
4,CASH_OUT,150,119454.86,119454.86,0.0,0.0,119454.86,1
4,CASH_OUT,256,76974.13,0.0,0.0,83383.87,160358.0,0
4,CASH_IN,184,32683.69,6716294.55,6748978.24,166323.01,133639.32,0
4,TRANSFER,498,1028515.56,1028515.56,0.0,0.0,0.0,1
4,TRANSFER,182,109782.54,0.0,0.0,111132.63,220915.17,0
4,PAYMENT,310,32367.48,144742.0,112374.52,0.0,0.0,0
4,CASH_OUT,231,130857.28,0.0,0.0,603370.57,734227.85,0
4,PAYMENT,282,52102.84,0.0,0.0,0.0,0.0,0
4,PAYMENT,144,18035.75,0.0,0.0,0.0,0.0,0
4,PAYMENT,192,3813.51,10735.0,6921.49,0.0,0.0,0
4,CASH_IN,565,205946.74,750745.0,956691.74,0.0,0.0,0
4,CASH_IN,42,293135.42,59080.0,352215.42,94968.46,0.0,0
4,CASH_OUT,250,60939.6,0.0,0.0,364697.7,425637.3,0
4,CASH_IN,323,361215.9,61767.0,422982.9,176867.58,0.0,0
4,CASH_IN,306,151541.57,9148773.64,9300315.2,244418.29,92876.72,0
4,CASH_IN,329,198733.57,8042.0,206775.57,61203.9,0.0,0
4,CASH_OUT,139,50886.64,2260.0,0.0,372915.14,423801.78,0
4,PAYMENT,249,29493.58,274143.83,244650.25,0.0,0.0,0
4,TRANSFER,408,272553.09,814186.02,541632.93,6265298.85,6537851.94,0
4,TRANSFER,139,11653.98,11653.98,0.0,0.0,0.0,1
4,PAYMENT,136,13417.83,0.0,0.0,0.0,0.0,0
4,PAYMENT,256,3036.88,22267.0,19230.12,0.0,0.0,0
4,CASH_IN,351,53481.62,1200185.95,1253667.56,1212068.88,1158587.26,0
4,CASH_OUT,394,193023.33,12949.0,0.0,0.0,193023.33,0
4,TRANSFER,253,733057.02,0.0,0.0,768066.06,1501123.08,0
4,CASH_IN,331,42458.62,8700655.39,8743114.0,796254.03,753795.42,0
4,CASH_IN,205,94321.62,514.0,94835.62,614693.66,520372.04,0
4,PAYMENT,22,14481.21,4777.0,0.0,0.0,0.0,0
4,CASH_OUT,490,258169.22,0.0,0.0,295370.0,553539.22,0
4,PAYMENT,232,14531.29,11273.0,0.0,0.0,0.0,0
4,TRANSFER,650,71666.93,71666.93,0.0,0.0,0.0,1
4,PAYMENT,137,16984.72,0.0,0.0,0.0,0.0,0
4,CASH_OUT,154,271807.88,0.0,0.0,932263.43,1204071.31,0
4,PAYMENT,161,6608.27,0.0,0.0,0.0,0.0,0
4,CASH_OUT,347,260935.3,0.0,0.0,306479.51,567414.8,0
4,PAYMENT,283,10314.54,87723.0,77408.46,0.0,0.0,0
4,TRANSFER,10,151263.36,0.0,0.0,669473.41,820736.76,0
4,PAYMENT,492,9168.9,0.0,0.0,0.0,0.0,0
4,CASH_IN,331,162646.75,405.0,163051.75,105188.24,0.0,0
4,CASH_OUT,354,8792.54,20149.0,11356.46,593209.88,602002.42,0
4,PAYMENT,493,4208.09,290.0,0.0,0.0,0.0,0
4,CASH_OUT,471,380036.43,49901.0,0.0,0.0,380036.43,0
4,PAYMENT,278,2413.17,1083.0,0.0,0.0,0.0,0
4,CASH_IN,164,277718.96,20599697.79,20877416.76,4932418.48,4580872.52,0
4,CASH_IN,229,234454.27,4466940.28,4701394.55,1411453.47,1176999.2,0
4,CASH_OUT,170,2612915.2,2612915.2,0.0,7374588.54,9987503.74,1
4,CASH_IN,228,569693.36,9755.0,579448.36,0.0,0.0,0
4,CASH_OUT,16,63258.38,0.0,0.0,3533040.62,3596299.01,0
4,TRANSFER,37,622403.79,11543.0,0.0,2140545.52,2762949.31,0
4,PAYMENT,183,30311.74,111379.0,81067.26,0.0,0.0,0
4,PAYMENT,234,1720.58,0.0,0.0,0.0,0.0,0
4,CASH_OUT,39,377422.13,168210.69,0.0,1039279.14,1416701.26,0
4,PAYMENT,140,3598.45,23247.0,19648.55,0.0,0.0,0
4,PAYMENT,306,17761.07,152221.0,134459.93,0.0,0.0,0
4,TRANSFER,379,375245.73,10837.0,0.0,5041973.26,5417218.99,0
4,CASH_OUT,345,110505.05,99208.0,0.0,0.0,110505.05,0
4,PAYMENT,405,39313.16,22352.14,0.0,0.0,0.0,0
4,PAYMENT,210,622.29,19118.0,18495.71,0.0,0.0,0
4,PAYMENT,21,6255.36,0.0,0.0,0.0,0.0,0
4,PAYMENT,253,6825.05,43794.77,36969.72,0.0,0.0,0
4,CASH_OUT,311,155872.85,0.0,0.0,550353.47,706226.32,0
4,PAYMENT,160,10727.58,18109.69,7382.11,0.0,0.0,0
4,CASH_OUT,397,53917.6,0.0,0.0,113303.26,167220.86,0
4,CASH_OUT,397,47718.49,0.0,0.0,256473.0,304191.49,0
4,CASH_OUT,510,177137.79,177137.79,0.0,496799.27,673937.06,1
4,CASH_IN,275,125037.87,2170.0,127207.87,914991.44,789953.57,0
4,PAYMENT,18,16138.76,136122.84,119984.09,0.0,0.0,0
4,PAYMENT,19,8431.65,262834.0,254402.35,0.0,0.0,0
4,TRANSFER,323,958299.74,0.0,0.0,1070000.38,2028300.12,0
4,CASH_IN,304,50125.28,40594.0,90719.28,207560.3,157435.02,0
4,CASH_IN,43,60827.46,749670.71,810498.17,1449680.99,1388853.53,0
4,PAYMENT,158,1461.49,105214.0,103752.51,0.0,0.0,0
4,PAYMENT,349,3670.04,41988.08,38318.04,0.0,0.0,0
4,CASH_OUT,331,219317.12,0.0,0.0,2757141.22,2976458.34,0
4,CASH_IN,7,294780.75,4097511.35,4392292.1,835237.21,1930179.38,0
4,PAYMENT,276,8766.16,0.0,0.0,0.0,0.0,0
4,CASH_OUT,21,128636.74,55451.0,0.0,0.0,128636.74,0
4,TRANSFER,412,87438.83,87438.83,0.0,0.0,0.0,1
4,PAYMENT,21,4773.37,80910.32,76136.95,0.0,0.0,0
4,CASH_IN,205,145863.67,680150.91,826014.58,2817227.89,2671364.22,0
4,CASH_OUT,92,1461930.03,1461930.03,0.0,3762496.73,5224426.76,1
4,CASH_OUT,332,295240.63,0.0,0.0,866200.53,1161441.16,0
4,PAYMENT,202,11195.85,0.0,0.0,0.0,0.0,0
4,CASH_OUT,42,164107.96,0.0,0.0,1458486.32,1622594.28,0
4,CASH_OUT,12,307851.63,30628.0,0.0,21857.87,329709.5,0
4,CASH_IN,186,201891.81,7055978.69,7257870.5,990728.12,788836.31,0
4,TRANSFER,349,1258706.84,1258706.84,0.0,0.0,0.0,1
4,TRANSFER,284,739584.33,739584.33,0.0,0.0,0.0,1
4,PAYMENT,380,1777.97,0.0,0.0,0.0,0.0,0
4,CASH_IN,44,211019.91,2134126.02,2345145.93,582091.46,371071.55,0
4,PAYMENT,301,20502.74,4282.0,0.0,0.0,0.0,0
4,TRANSFER,116,1243269.91,1243269.91,0.0,0.0,0.0,1
4,CASH_OUT,38,28572.93,0.0,0.0,2594376.97,2622949.89,0
4,CASH_OUT,379,133696.02,7954.0,0.0,277752.5,601989.53,0
4,CASH_OUT,277,256862.66,487.0,0.0,599849.33,856711.99,0
4,CASH_OUT,300,428522.11,0.0,0.0,450402.29,878924.4,0
4,CASH_OUT,533,878034.02,878034.02,0.0,1531593.58,2409627.6,1
4,CASH_IN,354,84608.27,719466.96,804075.23,6410122.36,6325514.09,0
4,TRANSFER,327,242650.46,0.0,0.0,304120.62,546771.07,0
4,PAYMENT,308,7377.25,0.0,0.0,0.0,0.0,0
4,PAYMENT,205,15365.77,191998.4,176632.64,0.0,0.0,0
4,CASH_OUT,351,754577.25,0.0,0.0,7002977.51,7757554.76,0
4,CASH_OUT,323,38823.66,31762.0,0.0,0.0,38823.66,0
4,CASH_OUT,714,307666.25,255.0,0.0,134898.65,442564.89,0
4,PAYMENT,16,1229.87,209244.63,208014.76,0.0,0.0,0
4,PAYMENT,297,31080.41,0.0,0.0,0.0,0.0,0
4,CASH_IN,327,366659.5,3217053.89,3583713.39,1249889.6,883230.1,0
4,PAYMENT,134,7921.76,0.0,0.0,0.0,0.0,0
4,CASH_OUT,131,120552.52,1222.37,0.0,165825.57,286378.09,0
4,PAYMENT,353,4753.33,18369.0,13615.67,0.0,0.0,0
4,CASH_IN,335,90387.5,30611.0,120998.5,599.35,0.0,0
4,PAYMENT,142,5479.33,20050.0,14570.67,0.0,0.0,0
4,CASH_OUT,330,74136.74,585989.0,511852.26,0.0,74136.74,0
4,CASH_OUT,14,68204.99,47821.79,0.0,3036965.13,4868584.22,0
4,PAYMENT,6,18278.65,82181.0,63902.35,0.0,0.0,0
4,PAYMENT,282,4188.29,0.0,0.0,0.0,0.0,0
4,CASH_OUT,493,355336.92,0.0,0.0,1407592.89,1762929.81,0
4,CASH_OUT,188,274918.2,0.0,0.0,2423069.89,2697988.09,0
4,PAYMENT,212,159.09,16419.0,16259.91,0.0,0.0,0
4,CASH_IN,407,109444.35,551990.05,661434.4,955029.27,845584.92,0
4,CASH_OUT,302,1011249.64,1011249.64,0.0,56305.88,1067555.52,1
4,TRANSFER,325,435514.39,0.0,0.0,2497315.29,2932829.68,0
4,CASH_IN,379,92590.03,9427189.46,9519779.49,1251813.04,1159223.01,0
4,PAYMENT,306,4624.25,0.0,0.0,0.0,0.0,0
4,CASH_OUT,211,13712.02,150.0,0.0,0.0,10264.43,0
4,CASH_OUT,399,16655.69,5015.0,0.0,426175.35,442831.04,0
4,PAYMENT,266,6644.09,11948.0,5303.91,0.0,0.0,0
4,TRANSFER,121,1253841.85,0.0,0.0,2565710.38,3819552.23,0
4,TRANSFER,41,702450.28,0.0,0.0,1074173.27,1776623.55,0
4,CASH_OUT,374,15841.77,0.0,0.0,912572.47,928414.24,0
4,TRANSFER,636,222517.07,222517.07,0.0,0.0,0.0,1
4,CASH_IN,350,303100.44,132970.89,436071.33,185239.46,0.0,0
4,CASH_IN,156,112472.28,7659311.77,7771784.05,121414.41,8942.12,0
4,CASH_IN,188,120745.01,629210.0,749955.01,0.0,0.0,0
4,CASH_OUT,162,81487.31,0.0,0.0,584983.09,666470.4,0
4,CASH_IN,308,25095.46,214335.0,239430.46,61332.18,36236.72,0
4,PAYMENT,284,12858.61,24344.0,11485.39,0.0,0.0,0
4,PAYMENT,357,3607.3,259624.0,256016.7,0.0,0.0,0
4,PAYMENT,304,23213.09,0.0,0.0,0.0,0.0,0
4,TRANSFER,399,1563045.7,103383.0,0.0,0.0,1563045.7,0
4,PAYMENT,283,17518.43,0.0,0.0,0.0,0.0,0
4,PAYMENT,323,49197.02,0.0,0.0,0.0,0.0,0
4,CASH_IN,207,448111.53,11393.0,459504.53,1136058.1,687946.57,0
4,CASH_IN,211,170738.66,251.0,170989.66,0.0,0.0,0
4,CASH_IN,331,75375.9,8478628.29,8554004.19,380056.43,304680.52,0
4,CASH_OUT,9,224054.06,10673.0,0.0,5344.0,0.0,0
4,TRANSFER,228,37591.73,0.0,0.0,39493.31,77085.04,0
4,PAYMENT,351,5946.71,51661.0,45714.29,0.0,0.0,0
4,PAYMENT,26,3555.73,0.0,0.0,0.0,0.0,0
4,CASH_OUT,375,88995.38,30960.0,0.0,0.0,88995.38,0
4,CASH_IN,252,147068.36,20316196.36,20463264.72,593856.79,446788.43,0
4,CASH_IN,140,12274.21,772529.34,784803.54,743183.38,1249835.52,0
4,CASH_IN,178,246612.34,581531.61,828143.96,2735017.22,2488404.88,0
4,PAYMENT,285,15922.02,164970.13,149048.11,0.0,0.0,0
4,CASH_OUT,157,414235.75,20142.0,0.0,1473012.41,1887248.16,0
4,CASH_IN,228,163917.81,5265223.28,5429141.1,762519.03,598601.22,0
4,PAYMENT,155,21848.94,25629.0,3780.06,0.0,0.0,0
4,CASH_OUT,230,61955.29,1013.0,0.0,1091898.29,1153853.58,0
4,PAYMENT,370,4209.79,122760.0,118550.21,0.0,0.0,0
4,CASH_OUT,278,178853.8,26128.88,0.0,751823.47,930677.27,0
4,PAYMENT,370,9261.17,0.0,0.0,0.0,0.0,0
4,CASH_OUT,324,10211.81,10211.81,0.0,1975715.1,1985926.91,1
4,TRANSFER,184,14789.32,0.0,0.0,810337.23,825126.55,0
4,TRANSFER,178,102660.35,102660.35,0.0,0.0,0.0,1
4,CASH_OUT,263,297465.74,297465.74,0.0,4700.53,302166.26,1
4,PAYMENT,136,12206.99,101599.0,89392.01,0.0,0.0,0
4,CASH_IN,326,57781.41,13359.0,71140.41,0.0,0.0,0
4,CASH_OUT,187,10188.23,1869.0,0.0,809578.2,819766.42,0
4,PAYMENT,332,18463.58,0.0,0.0,0.0,0.0,0
4,DEBIT,552,725.54,23297.0,22571.46,94602.82,95328.35,0
4,PAYMENT,299,12989.32,122078.15,109088.83,0.0,0.0,0
4,PAYMENT,188,5748.42,26944.73,21196.31,0.0,0.0,0
4,PAYMENT,11,24725.8,93486.0,68760.2,0.0,0.0,0
4,TRANSFER,249,124935.58,0.0,0.0,130688.48,255624.06,0
4,TRANSFER,48,561374.78,561374.78,0.0,0.0,0.0,1
4,CASH_OUT,39,7574.48,0.0,0.0,3889945.27,3897519.75,0
4,CASH_OUT,162,796116.81,181.0,0.0,0.0,796116.81,0
4,CASH_OUT,350,228314.88,9109.0,0.0,439241.8,667556.68,0
4,CASH_OUT,282,172350.04,0.0,0.0,248145.22,420495.26,0
4,CASH_OUT,307,185560.36,0.0,0.0,1192915.82,1378476.18,0
4,PAYMENT,11,4379.49,42856.24,38476.74,0.0,0.0,0
4,TRANSFER,251,354485.68,0.0,0.0,3690542.49,3990457.05,0
4,CASH_IN,253,127378.78,280091.29,407470.07,278459.25,151080.46,0
4,CASH_OUT,380,117023.85,21374.0,0.0,0.0,117023.85,0
4,CASH_IN,281,127396.16,26260107.05,26387503.21,1004166.6,876770.44,0
4,CASH_OUT,298,70696.46,11057.0,0.0,188885.34,259581.8,0
4,CASH_OUT,140,258520.23,20951.0,0.0,122469.68,380989.91,0
4,CASH_OUT,179,186374.05,0.0,0.0,238358.95,424733.0,0
4,CASH_OUT,661,392854.9,126732.0,0.0,176754.88,569609.78,0
4,CASH_OUT,635,344673.46,344673.46,0.0,0.0,344673.46,1
4,PAYMENT,185,40518.62,46078.0,5559.38,0.0,0.0,0
4,CASH_IN,328,66433.67,51680.0,118113.67,336817.37,270383.7,0
4,PAYMENT,380,42.89,225247.0,225204.11,0.0,0.0,0
4,CASH_OUT,187,67323.91,94439.0,27115.09,2465537.89,2532861.79,0
4,CASH_IN,233,284472.73,5124401.23,5408873.96,1970205.62,1685732.9,0
4,PAYMENT,228,5077.37,336955.83,331878.47,0.0,0.0,0
4,CASH_OUT,256,165049.93,8082.0,0.0,0.0,165049.93,0
4,CASH_IN,301,186651.57,752021.3,938672.87,2128802.94,1942151.37,0
4,PAYMENT,348,9920.45,0.0,0.0,0.0,0.0,0
4,CASH_OUT,203,32906.44,45863.0,12956.56,50380.62,83287.05,0
4,CASH_IN,325,398381.79,5153489.74,5551871.53,858383.73,460001.94,0
4,PAYMENT,39,5273.85,257129.0,251855.15,0.0,0.0,0
4,PAYMENT,281,38020.44,72334.99,34314.54,0.0,0.0,0
4,CASH_OUT,133,30492.16,0.0,0.0,70777.03,101269.19,0
4,PAYMENT,183,14981.21,0.0,0.0,0.0,0.0,0
4,PAYMENT,325,7751.47,0.0,0.0,0.0,0.0,0
4,CASH_IN,276,67808.46,4794643.28,4862451.75,313245.42,245436.96,0
4,CASH_OUT,308,126448.03,76021.0,0.0,0.0,126448.03,0
4,CASH_OUT,378,182654.52,26.0,0.0,994773.31,1464462.42,0
4,PAYMENT,514,4816.57,0.0,0.0,0.0,0.0,0
4,CASH_OUT,226,32830.38,5612.0,0.0,0.0,32830.38,0
4,PAYMENT,33,1402.61,0.0,0.0,0.0,0.0,0
4,PAYMENT,154,6108.59,0.0,0.0,0.0,0.0,0
4,TRANSFER,13,143107.22,0.0,0.0,681250.59,824357.82,0
4,PAYMENT,395,3633.96,45885.09,42251.13,0.0,0.0,0
4,CASH_OUT,490,183465.25,0.0,0.0,212832.43,396297.68,0
4,CASH_IN,356,86145.05,275768.0,361913.05,1425391.06,1339246.01,0
4,CASH_OUT,179,272490.5,39604.0,0.0,27647.56,300138.07,0
4,PAYMENT,25,1300.98,20559.0,19258.02,0.0,0.0,0
4,CASH_OUT,354,403373.47,21847.0,0.0,296133.96,699507.42,0
4,CASH_IN,379,90253.71,628538.91,718792.63,6070151.31,5979897.6,0
4,CASH_OUT,685,4886423.05,4886423.05,0.0,0.0,4886423.05,1
4,CASH_OUT,9,16138.18,0.0,0.0,224986.09,516245.45,0
4,CASH_OUT,332,218181.81,2059.0,0.0,0.0,218181.81,0
4,CASH_IN,284,31289.6,74194.0,105483.6,848068.62,816779.02,0
4,CASH_OUT,366,2701644.17,2701644.17,0.0,0.0,2701644.17,1
4,TRANSFER,139,673186.93,0.0,0.0,2634113.43,3307300.35,0
4,PAYMENT,13,20042.56,15884.0,0.0,0.0,0.0,0
4,PAYMENT,276,18345.44,0.0,0.0,0.0,0.0,0
4,PAYMENT,201,22270.55,122921.16,100650.61,0.0,0.0,0
4,CASH_IN,232,53824.86,5080685.43,5134510.3,305090.26,251265.4,0
4,CASH_OUT,212,207020.73,40193.0,0.0,0.0,207020.73,0
4,PAYMENT,303,4533.41,0.0,0.0,0.0,0.0,0
4,CASH_IN,252,203925.49,13043888.23,13247813.72,1209870.33,1005944.84,0
4,PAYMENT,275,10512.21,198919.33,188407.12,0.0,0.0,0
4,CASH_OUT,162,446250.64,161370.0,0.0,143719.72,589970.36,0
4,PAYMENT,182,154.36,0.0,0.0,0.0,0.0,0
4,CASH_OUT,208,33302.44,0.0,0.0,59708.33,93010.77,0
4,PAYMENT,20,563.72,466352.0,465788.28,0.0,0.0,0
4,CASH_IN,522,77293.11,5472699.97,5549993.08,229526.35,152233.24,0
4,CASH_OUT,11,135263.61,0.0,0.0,2554087.17,2689350.78,0
4,CASH_IN,41,46525.12,25322163.64,25368688.76,976847.74,930322.62,0
4,PAYMENT,326,22723.82,0.0,0.0,0.0,0.0,0
4,CASH_IN,375,286441.44,8292207.43,8578648.88,5761923.16,5475481.72,0
4,PAYMENT,260,15846.23,0.0,0.0,0.0,0.0,0
4,PAYMENT,306,83331.72,21079.52,0.0,0.0,0.0,0
4,TRANSFER,233,2705.7,0.0,0.0,29332.08,32037.77,0
4,CASH_OUT,363,692895.24,692895.24,0.0,716350.14,1409245.38,1
4,CASH_OUT,378,50729.63,60764.0,10034.37,1659684.5,1710414.13,0
4,CASH_OUT,330,126731.48,13531.0,0.0,1656416.62,1783148.1,0
4,PAYMENT,309,728.7,0.0,0.0,0.0,0.0,0
4,PAYMENT,138,10705.82,0.0,0.0,0.0,0.0,0
4,PAYMENT,355,18954.81,0.0,0.0,0.0,0.0,0
4,CASH_IN,184,423793.33,346379.0,770172.33,0.0,0.0,0
4,CASH_IN,304,84493.82,19757676.6,19842170.43,381103.96,296610.14,0
4,PAYMENT,229,8178.07,0.0,0.0,0.0,0.0,0
4,TRANSFER,351,66042.26,205240.06,139197.81,12233081.49,12299123.75,0
4,CASH_IN,231,107213.83,2787944.81,2895158.64,452376.01,345162.18,0
4,TRANSFER,182,444263.88,278086.0,0.0,5410316.7,5854580.59,0
4,TRANSFER,278,1078824.44,21500.0,0.0,3227588.49,4306412.93,0
4,PAYMENT,229,21184.43,7089.0,0.0,0.0,0.0,0
4,PAYMENT,394,4678.51,27857.54,23179.03,0.0,0.0,0
4,CASH_OUT,186,204738.04,31327.0,0.0,402608.28,607346.31,0
4,CASH_OUT,19,39819.7,20826.0,0.0,103577.29,143396.99,0
4,TRANSFER,204,48251.68,76472.0,28220.32,0.0,48251.68,0
4,CASH_IN,394,264404.07,20263155.03,20527559.1,2344087.65,2079683.57,0
4,PAYMENT,322,44588.54,119462.0,74873.46,0.0,0.0,0
4,CASH_OUT,211,1049232.11,1049232.11,0.0,3856846.36,4906078.47,1
4,PAYMENT,11,7304.98,0.0,0.0,0.0,0.0,0
4,PAYMENT,144,10867.59,90953.0,80085.41,0.0,0.0,0
4,PAYMENT,283,6369.86,20503.0,14133.14,0.0,0.0,0
4,CASH_OUT,284,43446.66,60073.0,16626.34,56923.94,100370.6,0
4,CASH_IN,279,195464.65,18569522.79,18764987.44,213710.0,18245.35,0
5,CASH_OUT,122,994676.91,994676.91,0.0,0.0,994676.91,1
5,PAYMENT,229,28127.0,383217.0,355090.0,0.0,0.0,0
5,CASH_OUT,280,125900.98,0.0,0.0,458606.37,584507.35,0
5,CASH_IN,311,12752.38,8617968.77,8630721.15,124904.94,112152.56,0
5,CASH_OUT,380,106896.04,103587.0,0.0,2851.57,109747.61,0
5,PAYMENT,132,11046.14,0.0,0.0,0.0,0.0,0
5,PAYMENT,374,17533.71,51292.0,33758.29,0.0,0.0,0
5,CASH_IN,279,2988.73,344.0,3332.73,615972.61,612983.87,0
5,CASH_OUT,137,249594.89,69033.0,0.0,234176.69,483771.59,0
5,PAYMENT,178,20788.72,0.0,0.0,0.0,0.0,0
5,CASH_OUT,580,282500.69,282500.69,0.0,27806.82,310307.51,1
5,CASH_IN,182,65507.17,5690.0,71197.17,0.0,0.0,0
5,CASH_OUT,370,288633.0,0.0,0.0,1361758.59,1650391.59,0
5,PAYMENT,10,5417.85,0.0,0.0,0.0,0.0,0
5,PAYMENT,140,14720.4,10613.0,0.0,0.0,0.0,0
5,CASH_IN,42,185064.58,21447.0,206511.58,270262.09,85197.51,0
5,CASH_OUT,397,60061.56,0.0,0.0,317521.65,377583.21,0
5,CASH_OUT,253,51211.76,0.0,0.0,717458.76,768670.51,0
5,CASH_OUT,160,204307.21,31398.0,0.0,162876.7,367183.91,0
5,PAYMENT,186,1225.82,28003.16,26777.33,0.0,0.0,0
5,PAYMENT,1,24174.02,73477.41,49303.38,0.0,0.0,0
5,TRANSFER,283,599149.31,11326.0,0.0,0.0,599149.31,0
5,TRANSFER,256,9811104.49,9811104.49,0.0,0.0,0.0,1
5,TRANSFER,187,895692.64,0.0,0.0,7428934.1,8324626.74,0
5,CASH_OUT,251,20226.04,0.0,0.0,824885.87,1274508.16,0
5,CASH_OUT,135,304740.86,58938.0,0.0,452007.9,756748.75,0
5,PAYMENT,8,1076.09,0.0,0.0,0.0,0.0,0
5,CASH_OUT,323,353206.61,4509.0,0.0,915522.48,1268729.08,0
5,CASH_IN,180,32591.13,30838.0,63429.13,3032664.23,3000073.1,0
5,CASH_OUT,19,208427.11,516000.0,307572.89,0.0,208427.11,0
5,CASH_IN,253,56833.08,17212.0,74045.08,0.0,0.0,0
5,PAYMENT,44,9261.5,34040.01,24778.51,0.0,0.0,0
5,CASH_OUT,134,336834.9,0.0,0.0,1043751.82,1380586.72,0
5,PAYMENT,161,20546.3,38259.0,17712.7,0.0,0.0,0
5,PAYMENT,350,19394.53,104172.98,84778.44,0.0,0.0,0
5,CASH_OUT,38,432683.1,339251.78,0.0,3789074.24,4221757.35,0
5,PAYMENT,255,1759.72,30809.67,29049.95,0.0,0.0,0
5,PAYMENT,328,718.12,83132.0,82413.88,0.0,0.0,0
5,CASH_OUT,252,211378.44,0.0,0.0,701794.38,805150.86,0
5,CASH_OUT,38,267.13,0.0,0.0,3237779.82,3238046.96,0
5,CASH_IN,281,183157.34,2473043.57,2656200.91,197410.09,14252.75,0
5,CASH_OUT,11,515667.77,0.0,0.0,1113687.89,2982067.56,0
5,CASH_IN,403,128736.02,99090.0,227826.02,775674.4,646938.38,0
5,TRANSFER,326,120214.74,120214.74,0.0,0.0,0.0,1
5,CASH_IN,139,205593.38,14657.0,220250.38,1214237.96,1008644.58,0
5,CASH_IN,184,322838.79,584628.0,907466.79,0.0,0.0,0
5,TRANSFER,627,953529.64,953529.64,0.0,0.0,0.0,1
5,PAYMENT,184,3454.93,82886.05,79431.12,0.0,0.0,0
5,CASH_OUT,378,258558.77,30623.09,0.0,616329.9,874888.67,0
5,TRANSFER,18,221230.36,3748.57,0.0,370537.47,591767.83,0
5,CASH_IN,40,145124.85,5242141.76,5387266.61,655104.15,399140.63,0
5,CASH_OUT,402,128517.58,0.0,0.0,4749865.13,4878382.71,0
5,PAYMENT,208,7962.47,56801.0,48838.53,0.0,0.0,0
5,CASH_OUT,350,11223.44,0.0,0.0,388241.98,399465.42,0
5,CASH_OUT,305,307856.15,19812.0,0.0,1671937.02,1979793.16,0
5,CASH_OUT,349,351041.95,140400.0,0.0,573895.57,924937.52,0
5,TRANSFER,288,722832.95,722832.95,0.0,0.0,0.0,1
5,PAYMENT,180,24527.43,136713.0,112185.57,0.0,0.0,0
5,CASH_OUT,159,200252.18,0.0,0.0,279179.02,479431.2,0
5,PAYMENT,327,8994.25,0.0,0.0,0.0,0.0,0
5,CASH_IN,351,137328.85,16321578.83,16458907.68,199225.56,61896.71,0
5,CASH_IN,45,81241.05,785.0,82026.05,528542.19,447301.14,0
5,CASH_OUT,258,111524.97,52401.0,0.0,3117850.33,3229375.3,0
5,CASH_IN,181,86611.32,4684177.28,4770788.6,714812.69,628201.37,0
5,PAYMENT,350,4636.21,19529.26,14893.05,0.0,0.0,0
5,CASH_OUT,661,130821.31,0.0,0.0,3126904.65,3257725.96,0
5,CASH_OUT,348,101789.77,0.0,0.0,1184348.69,1286138.46,0
5,CASH_OUT,298,290419.99,0.0,0.0,1982584.8,2273004.79,0
5,PAYMENT,182,22443.1,0.0,0.0,0.0,0.0,0
5,CASH_OUT,39,105570.27,9375.0,0.0,160654.24,266224.51,0
5,CASH_IN,255,251298.72,505926.0,757224.72,17352.16,0.0,0
5,PAYMENT,132,11973.66,102809.0,90835.34,0.0,0.0,0
5,PAYMENT,249,28500.55,0.0,0.0,0.0,0.0,0
5,CASH_OUT,154,307627.9,10411.0,0.0,0.0,307627.9,0
5,PAYMENT,260,1140.97,254443.0,253302.03,0.0,0.0,0
5,PAYMENT,140,5882.65,280192.67,274310.01,0.0,0.0,0
5,CASH_OUT,352,187791.3,0.0,0.0,311223.62,499014.93,0
5,CASH_OUT,164,102176.76,20422.0,0.0,11433.29,113610.06,0
5,PAYMENT,43,9647.03,0.0,0.0,0.0,0.0,0
5,CASH_OUT,307,38217.3,9900.0,0.0,520882.14,648858.35,0
5,PAYMENT,132,1318.46,559467.98,558149.53,0.0,0.0,0
5,TRANSFER,302,2430234.35,0.0,0.0,2727815.28,5158049.63,0
5,CASH_OUT,132,255711.12,21998.0,0.0,9128.65,264839.77,0
5,CASH_IN,9,20459.35,5491380.8,5511840.15,162668.59,1095893.7,0
5,CASH_OUT,355,97169.43,0.0,0.0,9544422.09,9641591.52,0
5,CASH_OUT,304,272914.26,244820.77,0.0,1347057.07,1619971.33,0
5,PAYMENT,232,3907.58,487.0,0.0,0.0,0.0,0
5,TRANSFER,15,438272.47,185698.12,0.0,4372686.29,4810958.76,0
5,PAYMENT,12,48272.63,0.0,0.0,0.0,0.0,0
5,PAYMENT,209,10981.57,184.0,0.0,0.0,0.0,0
5,PAYMENT,38,23888.78,0.0,0.0,0.0,0.0,0
5,CASH_OUT,228,284049.72,18710.0,0.0,0.0,284049.72,0
5,CASH_OUT,226,49088.98,8568.0,0.0,206736.44,255825.42,0
5,CASH_OUT,187,260088.16,103663.0,0.0,0.0,260088.16,0
5,PAYMENT,400,5065.1,11850.0,6784.9,0.0,0.0,0
5,PAYMENT,7,11144.62,855076.0,843931.39,0.0,0.0,0
5,CASH_OUT,397,66783.14,0.0,0.0,22236301.33,22303084.47,0
5,PAYMENT,274,578.62,5189.64,4611.01,0.0,0.0,0
5,CASH_OUT,19,393553.05,56092.0,0.0,123994.25,853004.31,0
5,CASH_OUT,46,588703.9,0.0,0.0,802109.49,1390813.39,0
5,PAYMENT,401,10218.28,1831.0,0.0,0.0,0.0,0
5,PAYMENT,33,31267.93,0.0,0.0,0.0,0.0,0
5,PAYMENT,179,7539.96,96242.69,88702.73,0.0,0.0,0
5,CASH_OUT,132,1583.76,0.0,0.0,29797.24,31381.0,0
5,PAYMENT,284,26328.84,0.0,0.0,0.0,0.0,0
5,CASH_OUT,140,24584.78,0.0,0.0,125467.72,150052.5,0
5,TRANSFER,714,221167.84,221167.84,0.0,0.0,0.0,1
5,PAYMENT,688,1877.94,0.0,0.0,0.0,0.0,0
5,PAYMENT,252,16856.67,46440.0,29583.33,0.0,0.0,0
5,CASH_OUT,122,91637.51,91637.51,0.0,7336697.67,7428335.18,1
5,DEBIT,715,6195.11,20509.0,14313.89,59537.52,65732.63,0
5,PAYMENT,330,23347.35,42689.0,19341.65,0.0,0.0,0
5,CASH_IN,37,548560.22,6921150.38,7469710.6,1329877.91,781317.69,0
5,CASH_IN,394,164950.5,15654070.84,15819021.34,195186.3,30235.81,0
5,CASH_IN,210,45684.77,1682972.53,1728657.3,186219.27,140534.5,0
5,CASH_IN,17,31464.09,26869524.03,26900988.12,448622.67,417158.58,0
5,TRANSFER,404,126061.45,126061.45,0.0,0.0,0.0,1
5,CASH_OUT,306,34169.15,0.0,0.0,406385.24,500874.41,0
5,PAYMENT,132,23698.34,49041.0,25342.66,0.0,0.0,0
5,PAYMENT,350,2685.35,0.0,0.0,0.0,0.0,0
5,CASH_OUT,404,932691.0,932691.0,0.0,93390.82,1026081.82,1
5,PAYMENT,307,25209.96,0.0,0.0,0.0,0.0,0
5,TRANSFER,251,345425.57,345425.57,0.0,0.0,0.0,1
5,PAYMENT,45,9356.02,269439.0,260082.98,0.0,0.0,0
5,CASH_OUT,528,311234.46,311234.46,0.0,978976.44,1290210.9,1
5,PAYMENT,383,22702.07,14481.62,0.0,0.0,0.0,0
5,CASH_OUT,161,176114.05,0.0,0.0,456384.55,632498.61,0
5,CASH_OUT,17,283172.01,24369.0,0.0,404435.06,687607.07,0
5,CASH_IN,140,105292.64,2859969.68,2965262.33,690839.82,585547.18,0
5,CASH_OUT,18,171085.87,14822.0,0.0,0.0,171085.87,0
5,PAYMENT,254,18455.71,1196.09,0.0,0.0,0.0,0
5,CASH_IN,373,7499.21,1379029.99,1386529.19,503200.38,495701.18,0
5,CASH_OUT,355,371641.78,7084.0,0.0,247089.66,618731.44,0
5,DEBIT,230,2531.35,12280.0,9748.65,3712174.43,3714705.79,0
5,CASH_IN,229,142095.82,3093498.99,3235594.81,299150.33,157054.51,0
5,CASH_OUT,210,222264.43,258.0,0.0,0.0,222264.43,0
5,CASH_OUT,40,165422.19,24227.0,0.0,0.0,165422.19,0
5,PAYMENT,684,31174.9,98430.0,67255.1,0.0,0.0,0
5,CASH_IN,375,124112.85,911901.62,1036014.46,2309341.65,2185228.8,0
5,CASH_OUT,281,129519.43,6578.62,0.0,191356.04,320875.47,0
5,CASH_IN,37,123342.27,4468236.67,4591578.94,824339.96,465769.65,0
5,CASH_IN,17,34639.51,2966755.75,3001395.26,3160934.49,2866752.12,0
5,CASH_IN,15,296695.33,318739.47,615434.8,0.0,156600.22,0
5,CASH_IN,232,71464.24,3826121.91,3897586.15,414680.15,343215.91,0
5,CASH_OUT,688,155889.85,0.0,0.0,269937.94,425827.79,0
5,PAYMENT,348,32999.72,69581.0,36581.28,0.0,0.0,0
5,CASH_IN,18,102313.69,1272328.62,1374642.32,1767636.56,1665322.87,0
5,CASH_IN,297,195456.97,0.0,195456.97,3844914.31,3649457.34,0
5,CASH_OUT,283,3208.18,117909.0,114700.82,188798.48,192006.66,0
5,PAYMENT,399,11223.21,778.0,0.0,0.0,0.0,0
5,CASH_OUT,347,30591.32,0.0,0.0,38004.28,68595.6,0
5,PAYMENT,402,18088.06,4257.39,0.0,0.0,0.0,0
5,PAYMENT,155,13914.89,0.0,0.0,0.0,0.0,0
5,PAYMENT,12,60339.0,0.0,0.0,0.0,0.0,0
5,CASH_OUT,10,356840.47,79522.0,0.0,0.0,356840.47,0
5,TRANSFER,509,23413.67,23413.67,0.0,0.0,0.0,1
5,PAYMENT,185,11026.26,382064.06,371037.8,0.0,0.0,0
5,CASH_OUT,361,140807.76,140807.76,0.0,137903.3,278711.05,1
5,PAYMENT,396,3971.98,0.0,0.0,0.0,0.0,0
5,TRANSFER,354,876728.19,0.0,0.0,25761509.72,26638237.91,0
5,CASH_IN,251,128201.33,27.0,128228.33,1020675.07,892473.75,0
5,TRANSFER,305,1115759.24,53442.2,0.0,2442373.49,3558132.73,0
5,CASH_IN,154,694.67,11806340.92,11807035.59,1033547.96,1032853.28,0
5,CASH_IN,525,356375.59,9098377.97,9454753.56,520538.6,164163.0,0
5,PAYMENT,274,3617.99,5579.25,1961.26,0.0,0.0,0
5,PAYMENT,306,9476.61,0.0,0.0,0.0,0.0,0
5,PAYMENT,382,2166.67,99699.0,97532.33,0.0,0.0,0
5,PAYMENT,347,3769.11,0.0,0.0,0.0,0.0,0
5,PAYMENT,328,1886.4,250886.36,248999.95,0.0,0.0,0
5,CASH_IN,300,37329.55,2586429.02,2623758.57,2198860.27,2583736.61,0
5,CASH_OUT,226,28041.57,0.0,0.0,367932.57,395974.14,0
5,CASH_OUT,308,32913.91,106586.0,73672.09,275680.62,308594.53,0
5,PAYMENT,141,654.88,0.0,0.0,0.0,0.0,0
5,CASH_OUT,132,135464.96,0.0,0.0,200762.61,336227.57,0
5,CASH_IN,374,21356.93,1524888.92,1546245.85,602956.47,581599.54,0
5,CASH_OUT,298,310882.21,0.0,0.0,5622482.94,5933365.15,0
5,CASH_IN,44,38339.47,7860985.81,7899325.28,114073.28,75733.81,0
5,CASH_OUT,42,375631.63,609.0,0.0,0.0,375631.63,0
5,PAYMENT,298,14532.59,83483.0,68950.41,0.0,0.0,0
5,CASH_IN,40,250334.57,8514.0,258848.57,0.0,0.0,0
5,CASH_IN,207,205316.99,4348814.48,4554131.47,762798.53,557481.54,0
5,PAYMENT,167,10145.24,6039.0,0.0,0.0,0.0,0
5,CASH_IN,356,109730.54,20974.0,130704.54,0.0,0.0,0
5,TRANSFER,328,525839.15,0.0,0.0,1413552.71,1939391.86,0
5,CASH_IN,188,119604.13,201193.0,320797.13,0.0,0.0,0
5,PAYMENT,184,4747.66,454742.18,449994.52,0.0,0.0,0
5,PAYMENT,275,19873.2,97588.78,77715.58,0.0,0.0,0
5,PAYMENT,405,19259.75,29347.0,10087.25,0.0,0.0,0
5,PAYMENT,143,653.29,0.0,0.0,0.0,0.0,0
5,TRANSFER,157,670444.18,41607.0,0.0,0.0,535426.65,0
5,CASH_OUT,235,207603.17,0.0,0.0,461717.23,669320.39,0
5,PAYMENT,352,468.58,368043.9,367575.32,0.0,0.0,0
5,CASH_OUT,252,66603.82,0.0,0.0,747504.39,814108.21,0
5,PAYMENT,263,3420.01,15788.0,12367.99,0.0,0.0,0
5,CASH_IN,184,43165.05,95305.0,138470.05,0.0,0.0,0
5,CASH_OUT,189,159080.88,0.0,0.0,473708.12,632789.0,0
5,CASH_OUT,232,197625.29,20082.0,0.0,4965919.11,5163544.4,0
5,CASH_OUT,211,44257.4,29104.0,0.0,4938194.2,4982451.6,0
5,CASH_IN,374,449358.55,22544.0,471902.55,170574.34,0.0,0
5,CASH_IN,185,188270.88,20986.0,209256.88,258152.71,69881.83,0
5,CASH_OUT,371,107407.43,61968.0,0.0,471840.28,579247.71,0
5,CASH_IN,393,171150.89,103667.0,274817.89,300704.7,129553.81,0
5,CASH_OUT,132,208385.06,55042.0,0.0,0.0,208385.06,0
5,CASH_OUT,15,445272.74,0.0,0.0,1160907.7,1606180.44,0
5,PAYMENT,130,4635.22,0.0,0.0,0.0,0.0,0
5,CASH_IN,284,67165.25,5735205.01,5802370.26,386067.85,318902.6,0
5,PAYMENT,256,7122.26,429075.0,421952.74,0.0,0.0,0
5,PAYMENT,39,28340.58,0.0,0.0,0.0,0.0,0
5,PAYMENT,22,3890.38,854.0,0.0,0.0,0.0,0
5,PAYMENT,8,2582.98,144287.0,141704.02,0.0,0.0,0
5,PAYMENT,182,28964.76,11639.0,0.0,0.0,0.0,0
5,CASH_IN,261,254210.09,4907911.62,5162121.71,275160.0,20949.91,0
5,CASH_IN,183,7419.38,1731133.13,1738552.51,7863.5,444.12,0
5,CASH_OUT,357,64717.08,25754.0,0.0,4959096.42,5023813.5,0
5,CASH_OUT,258,153500.85,0.0,0.0,545266.53,698767.38,0
5,CASH_IN,140,90960.74,420.0,91380.74,147628.16,56667.42,0
5,TRANSFER,498,10000000.0,19593838.63,9593838.63,0.0,0.0,1
5,TRANSFER,328,9202527.18,30041.0,0.0,20933.0,9223460.18,0
5,CASH_IN,184,49252.85,9123685.57,9172938.42,916417.88,867165.03,0
5,CASH_IN,232,46297.41,98681.0,144978.41,0.0,0.0,0
5,PAYMENT,280,19997.37,153073.0,133075.63,0.0,0.0,0
5,TRANSFER,260,334579.75,0.0,0.0,598953.84,1137335.23,0
5,PAYMENT,202,9575.42,0.0,0.0,0.0,0.0,0
5,TRANSFER,431,526071.46,526071.46,0.0,0.0,0.0,1
5,PAYMENT,308,8259.37,0.0,0.0,0.0,0.0,0
5,PAYMENT,159,1853.09,10636.0,8782.91,0.0,0.0,0
5,PAYMENT,134,52756.47,1085.0,0.0,0.0,0.0,0
5,CASH_OUT,13,135219.14,20258.0,0.0,3460.96,138680.1,0
5,CASH_IN,261,96060.43,7700248.23,7796308.66,3768057.69,3671997.26,0
5,PAYMENT,403,6469.58,0.0,0.0,0.0,0.0,0
5,PAYMENT,21,642.25,52393.0,51750.75,0.0,0.0,0
5,CASH_IN,40,511677.37,164159.0,675836.37,0.0,0.0,0
5,CASH_OUT,19,415508.31,0.0,0.0,440165.52,961349.8,0
5,PAYMENT,308,7901.17,96075.95,88174.78,0.0,0.0,0
5,CASH_OUT,352,358130.04,0.0,0.0,700142.61,1058272.66,0
5,CASH_OUT,258,177591.2,0.0,0.0,316387.95,493979.15,0
5,CASH_IN,163,51204.02,5198126.81,5249330.83,248464.15,197260.13,0
5,CASH_OUT,301,67399.99,0.0,0.0,2706079.77,2773479.77,0
5,CASH_OUT,134,147807.39,0.0,0.0,1764134.84,1911942.23,0
5,CASH_OUT,308,30706.18,0.0,0.0,158433.13,189139.31,0
5,TRANSFER,180,75464.32,0.0,0.0,233790.23,309254.55,0
5,CASH_OUT,302,328730.63,32689.0,0.0,10445933.74,10774664.37,0
5,PAYMENT,46,4304.95,548.0,0.0,0.0,0.0,0
5,TRANSFER,33,1732519.17,23533.0,0.0,1081708.18,2814227.35,0
5,CASH_OUT,204,343550.93,0.0,0.0,6131958.25,6334467.74,0
5,CASH_IN,347,126913.56,11036.0,137949.56,594262.34,467348.78,0
5,CASH_OUT,131,63154.78,1519.0,0.0,0.0,63154.78,0
5,TRANSFER,522,4983266.42,7456.0,0.0,163855.19,5147121.62,0
5,CASH_OUT,261,180381.87,11529.0,0.0,7821959.3,8002341.17,0
5,CASH_OUT,161,452620.35,0.0,0.0,581559.41,1034179.76,0
5,CASH_OUT,236,218865.65,42038.0,0.0,132839.55,351705.21,0
5,PAYMENT,202,504.7,383.0,0.0,0.0,0.0,0
5,PAYMENT,166,1155.98,851.0,0.0,0.0,0.0,0
5,TRANSFER,204,250090.32,0.0,0.0,2746465.45,2996555.77,0
5,CASH_OUT,348,220383.35,996.0,0.0,3490464.35,3710847.7,0
5,CASH_OUT,279,54894.87,73197.0,18302.13,16169.37,71064.24,0
5,CASH_OUT,350,287867.18,191045.0,0.0,35574.39,323441.57,0
5,CASH_OUT,210,59944.16,0.0,0.0,6110734.14,6170678.3,0
5,PAYMENT,298,11845.05,0.0,0.0,0.0,0.0,0
5,CASH_IN,186,55417.09,139524.87,194941.96,205120.45,149703.36,0
5,PAYMENT,327,30496.56,22893.0,0.0,0.0,0.0,0
5,PAYMENT,329,34231.03,0.0,0.0,0.0,0.0,0
5,PAYMENT,378,785.34,132091.11,131305.76,0.0,0.0,0
5,PAYMENT,10,33760.66,51471.0,17710.34,0.0,0.0,0
5,CASH_OUT,328,175376.87,0.0,0.0,544542.88,719919.74,0
5,CASH_OUT,141,83793.67,269268.0,185474.33,489935.91,573729.58,0
5,CASH_IN,238,18274.84,4575497.73,4593772.57,11112104.03,11093829.19,0
5,CASH_OUT,231,250801.0,40486.0,0.0,100393.46,351194.46,0
5,PAYMENT,33,1086.92,7854.0,6767.08,0.0,0.0,0
5,PAYMENT,350,38283.26,0.0,0.0,0.0,0.0,0
5,PAYMENT,211,4517.4,105147.0,100629.6,0.0,0.0,0
5,PAYMENT,46,1660.76,25858.0,24197.24,0.0,0.0,0
5,CASH_OUT,43,98776.36,0.0,0.0,125388.43,224164.8,0
5,CASH_OUT,251,156385.13,50730.0,0.0,1558805.78,1715190.91,0
5,TRANSFER,35,130667.28,95538.0,0.0,966766.82,1097434.09,0
5,CASH_OUT,211,113390.12,29254.0,0.0,353937.21,467327.33,0
5,CASH_IN,203,109803.59,9696827.62,9806631.21,170810.13,61006.54,0
5,CASH_IN,327,324038.7,11138.0,335176.7,60257.8,0.0,0
5,CASH_IN,186,70121.01,160213.0,230334.01,860790.32,790669.31,0
5,CASH_OUT,299,299841.83,20779.0,0.0,1624416.07,1924257.9,0
5,PAYMENT,335,5313.57,117678.58,112365.01,0.0,0.0,0
5,PAYMENT,185,7495.47,34268.39,26772.91,0.0,0.0,0
5,PAYMENT,642,3241.94,0.0,0.0,0.0,0.0,0
5,PAYMENT,160,16806.8,0.0,0.0,0.0,0.0,0
5,PAYMENT,154,5848.19,50115.0,44266.81,0.0,0.0,0
5,TRANSFER,14,698104.61,0.0,0.0,2377510.86,2884309.54,0
5,TRANSFER,297,752969.85,16932.0,0.0,2677438.36,3430408.21,0
5,PAYMENT,44,14318.92,20387.0,6068.08,0.0,0.0,0
5,CASH_OUT,180,39121.67,0.0,0.0,133119.85,172241.51,0
5,CASH_OUT,235,227360.28,15781.0,0.0,19886.23,247246.5,0
5,CASH_IN,346,69051.17,17968804.17,18037855.34,385700.18,316649.01,0
5,TRANSFER,536,285382.07,285382.07,0.0,0.0,0.0,1
5,CASH_OUT,229,780066.22,780066.22,0.0,105671.95,885738.18,1
5,CASH_OUT,335,201283.44,32385.32,0.0,1080411.51,1281694.95,0
5,CASH_OUT,741,48442.88,48442.88,0.0,513746.19,562189.07,1
5,CASH_OUT,522,236302.66,0.0,0.0,3184087.93,3420390.59,0
5,TRANSFER,462,67921.66,67921.66,0.0,0.0,0.0,1
5,TRANSFER,137,410424.56,11052.0,0.0,217205.37,627629.93,0
5,PAYMENT,455,9121.25,101690.0,92568.75,0.0,0.0,0
5,CASH_OUT,186,147971.65,11599.0,0.0,0.0,147971.65,0
5,CASH_OUT,405,106600.55,274.0,0.0,549159.69,655760.24,0
5,PAYMENT,301,9150.03,0.0,0.0,0.0,0.0,0
5,PAYMENT,185,5409.2,0.0,0.0,0.0,0.0,0
5,TRANSFER,461,227955.85,227955.85,0.0,0.0,0.0,1
5,PAYMENT,283,18123.09,64386.2,46263.1,0.0,0.0,0
5,CASH_IN,379,239035.67,1303662.27,1542697.95,2917141.05,2678105.38,0
5,CASH_OUT,380,265179.06,50034.0,0.0,94578.81,359757.87,0
5,PAYMENT,186,1907.75,299755.78,297848.04,0.0,0.0,0
5,CASH_OUT,11,25219.1,0.0,0.0,299865.89,325084.99,0
5,CASH_OUT,141,78127.51,152047.0,73919.49,0.0,78127.51,0
5,CASH_OUT,278,164371.68,33546.0,0.0,579.69,164951.37,0
5,CASH_OUT,227,348377.87,61942.0,0.0,0.0,348377.87,0
5,CASH_IN,305,294738.82,0.0,294738.82,1463011.48,1168272.66,0
5,CASH_OUT,188,12832.26,0.0,0.0,808239.37,821071.63,0
5,TRANSFER,349,246658.19,10845.0,0.0,835151.19,1081809.38,0
5,CASH_OUT,138,12804.18,0.0,0.0,631032.25,643836.42,0
5,CASH_IN,130,18209.99,5192470.0,5210679.99,2577005.01,2558795.02,0
5,PAYMENT,183,28186.37,802.31,0.0,0.0,0.0,0
5,CASH_OUT,201,564699.59,564699.59,0.0,0.0,564699.59,1
5,CASH_OUT,515,12804.74,12804.74,0.0,116946.42,129751.15,1
5,PAYMENT,299,15566.69,0.0,0.0,0.0,0.0,0
5,CASH_IN,35,534717.66,834810.19,1369527.85,786365.34,168754.77,0
5,PAYMENT,691,3940.95,0.0,0.0,0.0,0.0,0
5,CASH_OUT,132,87375.68,15744.0,0.0,0.0,87375.68,0
5,CASH_OUT,252,290088.41,8000.0,0.0,0.0,290088.41,0
5,PAYMENT,157,7304.84,35941.0,28636.16,0.0,0.0,0
5,CASH_IN,253,133151.92,24926242.64,25059394.55,448716.97,315565.05,0
5,CASH_OUT,345,264098.21,0.0,0.0,325766.55,589864.77,0
5,PAYMENT,276,13394.61,0.0,0.0,0.0,0.0,0
5,CASH_OUT,184,142563.87,31645.0,0.0,1338441.01,1481004.89,0
5,CASH_IN,305,210232.86,7519746.06,7729978.92,1110783.66,900550.8,0
5,CASH_IN,563,367073.43,483129.6,850203.03,1007938.91,640865.48,0
5,PAYMENT,41,18343.06,258763.49,240420.43,0.0,0.0,0
5,PAYMENT,355,4133.74,0.0,0.0,0.0,0.0,0
5,PAYMENT,259,18123.32,0.0,0.0,0.0,0.0,0
5,CASH_OUT,355,226960.57,0.0,0.0,1451872.64,1678833.22,0
5,PAYMENT,206,2731.29,0.0,0.0,0.0,0.0,0
5,PAYMENT,16,5624.41,0.0,0.0,0.0,0.0,0
5,CASH_IN,356,14103.73,10559331.55,10573435.28,27335.85,13232.12,0
5,CASH_IN,355,5780.75,20339.0,26119.75,0.0,0.0,0
5,CASH_OUT,258,398403.32,51614.0,0.0,0.0,398403.32,0
5,PAYMENT,187,2866.21,49790.0,46923.79,0.0,0.0,0
5,CASH_IN,330,21500.0,28116114.36,28137614.36,1856223.07,1834723.07,0
5,CASH_OUT,522,363620.94,0.0,0.0,1542072.08,1905693.03,0
5,CASH_OUT,728,6322399.97,6322399.97,0.0,0.0,6322399.97,1
5,CASH_IN,235,121783.38,4630332.7,4752116.08,865235.12,743451.74,0
5,PAYMENT,278,5453.73,0.0,0.0,0.0,0.0,0
5,CASH_IN,188,114249.37,21370.0,135619.37,0.0,0.0,0
5,PAYMENT,168,12768.42,0.0,0.0,0.0,0.0,0
5,CASH_OUT,228,82842.51,0.0,0.0,3901598.98,3984441.49,0
5,PAYMENT,236,4618.67,3189.0,0.0,0.0,0.0,0
5,CASH_OUT,399,286923.33,157398.0,0.0,17009528.03,17296451.37,0
5,PAYMENT,332,48704.16,0.0,0.0,0.0,0.0,0
5,PAYMENT,204,3339.08,0.0,0.0,0.0,0.0,0
5,CASH_OUT,189,197110.6,0.0,0.0,380867.15,577977.76,0
5,PAYMENT,407,11.37,37863.0,37851.63,0.0,0.0,0
5,CASH_IN,94,150903.64,82762.0,233665.64,3064797.73,2913894.08,0
5,CASH_OUT,140,216404.4,2271.0,0.0,1911393.16,2127797.57,0
5,CASH_OUT,633,4128853.75,4128853.75,0.0,13982778.91,18111632.66,1
5,PAYMENT,251,38926.27,333659.0,294732.73,0.0,0.0,0
5,PAYMENT,13,21131.48,0.0,0.0,0.0,0.0,0
5,CASH_IN,211,294878.62,494.0,295372.62,431846.09,136967.46,0
5,PAYMENT,327,14268.76,2942.59,0.0,0.0,0.0,0
5,TRANSFER,478,1664357.81,0.0,0.0,2180183.79,3844541.6,0
5,CASH_IN,455,11042.27,1068152.09,1079194.37,42879.9,31837.63,0
5,CASH_IN,133,29179.44,538689.05,567868.5,112764.77,83585.33,0
5,TRANSFER,609,228706.19,228706.19,0.0,0.0,0.0,1
5,CASH_OUT,678,194876.96,194876.96,0.0,148344.11,343221.07,1
5,CASH_OUT,348,2937.71,435.0,0.0,0.0,2937.71,0
5,TRANSFER,352,98792.45,0.0,0.0,521002.29,619794.73,0
5,CASH_OUT,148,3733104.07,3733104.07,0.0,452523.69,4185627.77,1
5,PAYMENT,253,5371.34,0.0,0.0,0.0,0.0,0
5,TRANSFER,26,37065.55,37065.55,0.0,0.0,0.0,1
5,CASH_IN,139,394137.0,30583.0,424720.0,88530.84,0.0,0
5,CASH_OUT,383,643968.43,73944.0,0.0,1910714.05,2554682.48,0
5,PAYMENT,400,4124.56,21596.0,17471.44,0.0,0.0,0
5,CASH_OUT,302,370270.81,2058.8,0.0,4569319.45,4939590.25,0
5,CASH_IN,153,21920.83,2848668.47,2870589.3,390189.51,368268.68,0
5,CASH_OUT,161,293661.32,360.0,0.0,132327.25,425988.58,0
5,PAYMENT,238,5028.48,0.0,0.0,0.0,0.0,0
5,CASH_OUT,36,248174.77,0.0,0.0,2589844.65,2838019.42,0
5,CASH_IN,94,413119.68,563145.48,976265.17,575479.75,186992.06,0
5,PAYMENT,252,32591.49,2971.0,0.0,0.0,0.0,0
5,CASH_OUT,208,155607.15,14569.0,0.0,0.0,155607.15,0
5,PAYMENT,404,430.76,0.0,0.0,0.0,0.0,0
5,TRANSFER,273,237963.83,85279.0,0.0,204504.11,442467.94,0
5,PAYMENT,278,14517.57,69881.0,55363.43,0.0,0.0,0
5,CASH_IN,211,30602.79,2551970.4,2582573.19,503725.18,638284.96,0
5,PAYMENT,252,4533.71,162708.78,158175.07,0.0,0.0,0
5,PAYMENT,327,23674.34,27946.0,4271.66,0.0,0.0,0
5,CASH_OUT,404,81272.37,630.0,0.0,474928.2,556200.58,0
5,CASH_IN,203,230901.64,84994.0,315895.64,2075.67,0.0,0
5,CASH_IN,253,264645.68,3062481.25,3327126.94,1340008.53,1075362.85,0
5,CASH_OUT,140,33679.69,0.0,0.0,129482.73,163162.42,0
5,CASH_OUT,322,263961.72,0.0,0.0,334867.38,598829.1,0
5,CASH_OUT,298,298050.06,21333.0,0.0,140979.58,439029.64,0
5,PAYMENT,258,4016.76,33517.41,29500.65,0.0,0.0,0
5,CASH_IN,253,134520.97,5971.0,140491.97,110859.63,0.0,0
5,CASH_OUT,8,5860.83,2055.0,0.0,26280.36,0.0,0
5,PAYMENT,284,9366.85,0.0,0.0,0.0,0.0,0
5,CASH_OUT,163,136481.16,0.0,0.0,994208.42,1130689.59,0
5,CASH_OUT,228,62724.02,0.0,0.0,934146.16,996870.19,0
5,CASH_OUT,155,625623.1,30280.0,0.0,1350597.52,1976220.62,0
5,CASH_OUT,459,46130.88,46130.88,0.0,0.0,46130.88,1
5,PAYMENT,203,12090.7,417.0,0.0,0.0,0.0,0
5,PAYMENT,183,21978.39,16670.47,0.0,0.0,0.0,0
5,CASH_OUT,448,86073.49,0.0,0.0,625718.29,711791.79,0
5,PAYMENT,382,10499.54,109086.0,98586.46,0.0,0.0,0
5,PAYMENT,404,3472.25,11481.0,8008.75,0.0,0.0,0
5,CASH_IN,323,208316.75,41893.0,250209.75,2034035.7,1825718.94,0
5,PAYMENT,35,8732.07,0.0,0.0,0.0,0.0,0
5,TRANSFER,155,1158953.76,21297.0,0.0,191916.87,1350870.63,0
5,CASH_OUT,252,2647.6,0.0,0.0,689140.3,691787.9,0
5,TRANSFER,637,48605.54,48605.54,0.0,0.0,0.0,1
5,PAYMENT,717,4664.07,20934.0,16269.93,0.0,0.0,0
5,CASH_OUT,284,48498.99,0.0,0.0,739186.8,787685.79,0
5,CASH_IN,204,350549.85,38939.0,389488.85,171405.34,0.0,0
5,CASH_OUT,281,112243.93,11771.0,0.0,179306.59,291550.52,0
5,PAYMENT,353,4902.32,999474.0,994571.68,0.0,0.0,0
5,CASH_OUT,443,1591263.43,1591263.43,0.0,1147865.98,2739129.41,1
5,CASH_OUT,232,158044.04,0.0,0.0,3808506.55,3966550.59,0
5,CASH_OUT,528,2173367.35,2173367.35,0.0,476131.89,2649499.24,1
5,CASH_OUT,209,44205.17,0.0,0.0,268833.38,313038.55,0
5,CASH_OUT,159,170096.57,82130.0,0.0,284535.12,454631.69,0
5,CASH_OUT,230,212619.6,158708.0,0.0,36170.95,248790.56,0
5,CASH_OUT,301,138308.09,41828.0,0.0,0.0,138308.09,0
5,CASH_OUT,346,390021.27,0.0,0.0,746479.17,1136500.44,0
5,CASH_OUT,356,1015.22,15990.0,14974.78,0.0,1015.22,0
5,CASH_OUT,17,71871.62,2395673.39,2323801.77,556031.98,627903.6,0
5,CASH_OUT,356,208330.85,6041.0,0.0,31465.07,239795.92,0
5,CASH_IN,406,5917.57,19147412.14,19153329.71,550559.05,544641.48,0
5,PAYMENT,208,21365.86,22909.0,1543.14,0.0,0.0,0
5,CASH_IN,129,114532.59,17711355.22,17825887.81,539925.48,425392.89,0
5,PAYMENT,163,8463.34,674.0,0.0,0.0,0.0,0
5,PAYMENT,160,18714.84,0.0,0.0,0.0,0.0,0
5,CASH_OUT,277,445913.25,0.0,0.0,3620941.99,3927478.0,0
5,CASH_OUT,159,151247.21,9904.0,0.0,1221853.96,1373101.17,0
5,CASH_OUT,119,577001.53,0.0,0.0,919963.94,1496965.46,0
5,CASH_OUT,155,138942.95,0.0,0.0,618000.9,756943.85,0
5,CASH_OUT,131,262965.73,0.0,0.0,468580.72,731546.45,0
5,TRANSFER,129,355147.26,0.0,0.0,3027750.42,3382897.68,0
5,CASH_OUT,131,276738.58,0.0,0.0,6957060.07,7233798.65,0
5,CASH_IN,15,421921.95,9188112.72,9610034.66,12491194.42,12069272.47,0
5,CASH_IN,285,230923.53,4856929.92,5087853.46,23597847.31,23366923.78,0
5,CASH_OUT,43,88908.92,2030.0,0.0,1170427.68,1259336.6,0
5,CASH_OUT,186,128092.96,0.0,0.0,194072.39,259762.4,0
5,CASH_OUT,283,475699.28,0.0,0.0,3278623.14,3754322.42,0
5,CASH_IN,179,76205.06,1094270.23,1170475.29,2161910.98,2085705.91,0
5,PAYMENT,518,9446.06,67307.0,57860.94,0.0,0.0,0
5,PAYMENT,228,1033.41,34641.54,33608.13,0.0,0.0,0
5,CASH_OUT,208,33396.65,69785.0,36388.35,135929.35,169326.0,0
5,CASH_OUT,674,306505.03,306505.03,0.0,0.0,306505.03,1
5,CASH_OUT,715,129029.57,33363.0,0.0,0.0,129029.57,0
5,PAYMENT,496,153.61,0.0,0.0,0.0,0.0,0
5,PAYMENT,131,35985.84,0.0,0.0,0.0,0.0,0
5,CASH_OUT,162,37100.76,240.0,0.0,566295.11,603395.87,0
5,PAYMENT,210,21754.29,3368.4,0.0,0.0,0.0,0
5,PAYMENT,254,5875.71,389948.87,384073.15,0.0,0.0,0
5,CASH_IN,34,168631.83,18183.0,186814.83,11994262.5,11825630.67,0
5,PAYMENT,203,79824.0,0.0,0.0,0.0,0.0,0
5,PAYMENT,280,12156.22,1052.0,0.0,0.0,0.0,0
5,CASH_OUT,357,101298.83,28832.0,0.0,918306.69,1019605.51,0
5,CASH_IN,254,68563.75,25064.0,93627.75,237153.45,168589.7,0
5,PAYMENT,300,24308.63,0.0,0.0,0.0,0.0,0
5,CASH_IN,136,121253.9,8125990.3,8247244.2,205905.8,84651.91,0
5,PAYMENT,352,6382.24,101952.0,95569.76,0.0,0.0,0
5,CASH_OUT,138,93953.12,0.0,0.0,102175.8,196128.92,0
5,CASH_OUT,276,113326.01,34545.0,0.0,0.0,113326.01,0
5,CASH_OUT,275,63424.57,65635.0,2210.43,173041.49,236466.05,0
5,CASH_IN,139,268007.89,6082993.79,6351001.69,407065.04,139057.14,0
5,CASH_OUT,207,101112.32,0.0,0.0,457161.38,558273.7,0
5,CASH_OUT,554,2689.43,2689.43,0.0,854373.6,857063.03,1
5,CASH_OUT,479,70936.34,0.0,0.0,2045433.37,2116369.71,0
5,PAYMENT,133,18688.54,46999.0,28310.46,0.0,0.0,0
5,PAYMENT,159,13908.18,0.0,0.0,0.0,0.0,0
5,TRANSFER,178,2941399.01,0.0,0.0,3553883.75,6495282.76,0
5,TRANSFER,395,19121.38,21465.0,2343.62,0.0,19121.38,0
5,CASH_OUT,155,329961.82,42027.0,0.0,0.0,329961.82,0
5,CASH_OUT,205,475315.61,475315.61,0.0,0.0,475315.61,1
5,CASH_IN,307,210671.93,11554.0,222225.93,683056.81,472384.88,0
5,CASH_OUT,181,301289.34,17992.0,0.0,355429.96,656719.29,0
5,PAYMENT,302,10148.53,92941.0,82792.47,0.0,0.0,0
5,CASH_OUT,180,252037.4,0.0,0.0,320787.94,685853.06,0
5,PAYMENT,403,6730.97,22056.0,15325.03,0.0,0.0,0
5,PAYMENT,8,2078.83,30587.0,28508.17,0.0,0.0,0
5,TRANSFER,617,1013208.77,1013208.77,0.0,0.0,0.0,1
5,CASH_IN,331,23179.26,7650129.9,7673309.16,560222.54,537043.28,0
5,CASH_IN,40,404436.49,816819.27,1221255.76,958501.09,554064.6,0
5,CASH_IN,350,170702.54,11063418.91,11234121.45,510295.49,339592.95,0
5,CASH_IN,356,36546.4,6670466.48,6707012.88,7866786.37,7830239.97,0
5,CASH_OUT,329,307761.68,0.0,0.0,469143.84,776905.51,0
5,PAYMENT,201,193.66,52170.0,51976.34,0.0,0.0,0
5,PAYMENT,349,3280.55,1272.0,0.0,0.0,0.0,0
5,CASH_OUT,40,413835.0,12549.0,0.0,0.0,413835.0,0
5,PAYMENT,18,6186.37,244757.58,238571.21,0.0,0.0,0
5,TRANSFER,46,736370.54,736370.54,0.0,0.0,0.0,1
5,CASH_IN,402,157772.86,5450197.11,5607969.97,3690851.54,3533078.68,0
5,CASH_OUT,354,96311.82,0.0,0.0,1522271.61,1618583.44,0
5,CASH_OUT,41,119588.96,55077.0,0.0,28737.01,148325.97,0
5,CASH_OUT,522,133808.24,58601.38,0.0,757607.78,891416.02,0
6,CASH_OUT,39,33309.75,41166.0,7856.25,118700.0,129432.5,0
6,PAYMENT,496,7107.21,113170.29,106063.07,0.0,0.0,0
6,PAYMENT,329,3982.57,102257.98,98275.42,0.0,0.0,0
6,CASH_OUT,132,770129.94,281.05,0.0,1827088.69,2597218.63,0
6,CASH_OUT,138,180657.07,0.0,0.0,970199.3,1150856.36,0
6,CASH_OUT,18,169258.74,0.0,0.0,976617.6,907363.38,0
6,DEBIT,235,11226.61,260.0,0.0,498982.08,510208.69,0
6,PAYMENT,15,33477.02,545428.23,511951.21,0.0,0.0,0
6,CASH_IN,372,205202.7,8068772.93,8273975.63,2442115.84,2236913.14,0
6,CASH_IN,19,30064.67,6210155.29,6240219.95,728000.27,697935.6,0
6,PAYMENT,46,9491.17,11693.0,2201.83,0.0,0.0,0
6,CASH_IN,403,225502.53,20884.0,246386.53,1712197.66,1486695.13,0
6,CASH_OUT,187,194560.04,119610.0,0.0,0.0,194560.04,0
6,CASH_OUT,14,302264.21,15208.0,0.0,2731858.52,3034122.72,0
6,CASH_OUT,160,156791.33,0.0,0.0,555797.29,712588.61,0
6,CASH_OUT,161,287677.99,303129.0,15451.01,4003136.4,4290814.39,0
6,PAYMENT,15,16071.87,0.0,0.0,0.0,0.0,0
6,TRANSFER,501,8020192.15,8020192.15,0.0,0.0,0.0,1
6,CASH_OUT,46,40875.21,0.0,0.0,755435.06,796310.27,0
6,TRANSFER,132,758282.65,105350.0,0.0,169954.14,928236.79,0
6,CASH_IN,331,153740.69,402904.36,556645.05,1337462.78,1183722.09,0
6,CASH_IN,208,16040.87,233298.0,249338.87,83956.36,67915.48,0
6,CASH_OUT,525,241126.41,0.0,0.0,5995865.99,6236992.4,0
6,PAYMENT,303,21.0,288304.67,288283.66,0.0,0.0,0
6,CASH_OUT,16,177449.33,21329.0,0.0,999006.31,1176455.64,0
6,CASH_IN,371,333963.25,108194.0,442157.25,1253432.44,919469.19,0
6,PAYMENT,183,5496.68,0.0,0.0,0.0,0.0,0
6,CASH_OUT,232,314381.19,11406.0,0.0,2935864.12,3250245.31,0
6,CASH_IN,374,29890.26,21348260.09,21378150.35,68591.54,38701.28,0
6,PAYMENT,185,30597.22,11038.0,0.0,0.0,0.0,0
6,CASH_OUT,280,214505.71,0.0,0.0,1824489.51,2038995.23,0
6,CASH_OUT,190,110705.63,0.0,0.0,249228.3,359933.93,0
6,PAYMENT,404,6042.19,20065.0,14022.81,0.0,0.0,0
6,TRANSFER,15,147324.33,0.0,0.0,5578220.52,5725544.86,0
6,CASH_IN,323,33767.47,6961451.54,6995219.01,506258.1,472490.63,0
6,TRANSFER,160,79256.06,0.0,0.0,3553913.56,3633169.62,0
6,CASH_OUT,164,50982.77,21202.0,0.0,0.0,50982.77,0
6,CASH_OUT,407,32290.69,0.0,0.0,397449.03,429739.72,0
6,PAYMENT,260,6006.45,0.0,0.0,0.0,0.0,0
6,CASH_OUT,177,149425.45,124440.0,0.0,50464.48,199889.93,0
6,CASH_OUT,94,523972.69,0.0,0.0,1895752.37,2419725.06,0
6,PAYMENT,140,2590.34,171.0,0.0,0.0,0.0,0
6,PAYMENT,252,37224.72,20372.0,0.0,0.0,0.0,0
6,PAYMENT,185,4634.25,0.0,0.0,0.0,0.0,0
6,CASH_IN,17,202124.73,8393156.39,8595281.12,241392.0,39267.27,0
6,TRANSFER,730,156396.46,156396.46,0.0,0.0,0.0,1
6,PAYMENT,402,448.65,10939.0,10490.35,0.0,0.0,0
6,CASH_OUT,503,854065.31,854065.31,0.0,80062.21,934127.52,1
6,PAYMENT,19,28965.67,393248.05,364282.38,0.0,0.0,0
6,CASH_IN,375,376892.44,6914130.91,7291023.35,2638687.49,2261795.05,0
6,CASH_OUT,260,80845.08,0.0,0.0,483494.62,584771.33,0
6,CASH_OUT,15,135447.49,0.0,0.0,640790.86,832012.92,0
6,PAYMENT,354,3458.39,306921.63,303463.24,0.0,0.0,0
6,CASH_IN,323,32682.91,156724.0,189406.91,1707274.65,1674591.74,0
6,CASH_IN,135,83460.2,40631.0,124091.2,0.0,0.0,0
6,CASH_OUT,12,2007.0,2007.0,0.0,129917.8,250910.76,1
6,CASH_OUT,230,184277.24,10909.0,0.0,949560.94,1133838.18,0
6,PAYMENT,139,11001.0,16245.0,5244.0,0.0,0.0,0
6,CASH_IN,164,147134.42,50773.2,197907.63,631177.82,242618.8,0
6,CASH_IN,161,177856.31,71501.0,249357.31,0.0,0.0,0
6,PAYMENT,227,41575.88,93009.78,51433.9,0.0,0.0,0
6,CASH_OUT,235,264310.07,107278.0,0.0,33127.33,297437.4,0
6,CASH_OUT,378,218397.32,231.0,0.0,679741.57,898138.89,0
6,CASH_OUT,305,13383.95,216772.68,203388.73,1079837.78,1093221.72,0
6,TRANSFER,720,79039.81,79039.81,0.0,0.0,0.0,1
6,TRANSFER,406,183385.35,183385.35,0.0,0.0,0.0,1
6,CASH_OUT,13,18245.87,584447.68,566201.81,937754.14,956000.01,0
6,CASH_IN,134,318256.37,10003.0,328259.37,0.0,0.0,0
6,PAYMENT,11,2085.33,12418.0,10332.67,0.0,0.0,0
6,CASH_OUT,235,177250.44,3557.0,0.0,1090.0,0.0,0
6,CASH_OUT,187,35529.28,0.0,0.0,114141.98,149671.26,0
6,PAYMENT,180,21250.82,81605.0,60354.18,0.0,0.0,0
6,PAYMENT,681,5025.28,166834.9,161809.62,0.0,0.0,0
6,CASH_OUT,258,362882.14,0.0,0.0,1088475.6,1451357.75,0
6,CASH_OUT,402,350929.04,0.0,0.0,6920218.74,7271147.77,0
6,PAYMENT,184,22095.13,602717.86,580622.73,0.0,0.0,0
6,CASH_IN,263,149367.48,1527030.55,1676398.03,286159.59,136792.11,0
6,CASH_OUT,184,195258.7,0.0,0.0,1708749.71,1904008.41,0
6,TRANSFER,405,2790248.16,26604.08,0.0,12848251.69,15638499.84,0
6,CASH_OUT,622,668273.94,668273.94,0.0,619362.81,1287636.75,1
6,PAYMENT,257,5232.5,307803.0,302570.5,0.0,0.0,0
6,PAYMENT,41,3876.13,120795.5,116919.38,0.0,0.0,0
6,CASH_OUT,308,168421.55,204579.0,36157.45,125726.81,294148.36,0
6,CASH_OUT,355,79825.56,0.0,0.0,1625504.65,1705330.22,0
6,PAYMENT,305,11908.24,50021.63,38113.39,0.0,0.0,0
6,PAYMENT,202,3175.84,45168.0,41992.16,0.0,0.0,0
6,PAYMENT,9,5505.62,0.0,0.0,0.0,0.0,0
6,TRANSFER,678,194876.96,194876.96,0.0,0.0,0.0,1
6,CASH_OUT,136,246976.06,99658.0,0.0,0.0,246976.06,0
6,PAYMENT,204,7943.62,0.0,0.0,0.0,0.0,0
6,CASH_IN,352,502982.74,137055.0,640037.74,19073475.41,18570492.67,0
6,CASH_IN,303,412943.31,18220.0,431163.31,111804.75,0.0,0
6,CASH_OUT,407,16492.17,0.0,0.0,1794124.03,1810616.2,0
6,CASH_OUT,210,44399.14,167344.0,122944.86,8519368.27,8563767.4,0
6,PAYMENT,571,4402.13,0.0,0.0,0.0,0.0,0
6,CASH_OUT,374,494502.92,10241.0,0.0,104930.29,599433.2,0
6,TRANSFER,411,365069.45,365069.45,0.0,0.0,0.0,1
6,CASH_IN,332,184246.32,2304523.23,2488769.55,346175.56,161929.24,0
6,PAYMENT,285,3380.31,35325.0,31944.69,0.0,0.0,0
6,CASH_OUT,371,349858.48,21189.0,0.0,0.0,349858.48,0
6,CASH_OUT,380,102756.82,144069.0,41312.18,16253883.76,16356640.58,0
6,CASH_IN,373,152484.76,2388714.86,2541199.62,21633836.06,21481351.3,0
6,CASH_OUT,326,237617.89,0.0,0.0,1207535.34,1445153.23,0
6,CASH_OUT,137,29753.09,41449.0,11695.91,499547.07,289513.07,0
6,CASH_IN,525,3421.25,4876424.79,4879846.04,2599460.08,2596038.83,0
6,PAYMENT,9,19802.17,205109.18,185307.02,0.0,0.0,0
6,CASH_OUT,180,276648.54,221638.0,0.0,0.0,276648.54,0
6,PAYMENT,184,4094.25,298422.0,294327.75,0.0,0.0,0
6,CASH_OUT,236,183554.07,10140.0,0.0,83116.97,266671.04,0
6,PAYMENT,163,4333.27,175213.41,170880.14,0.0,0.0,0
6,PAYMENT,19,3728.29,211329.64,207601.35,0.0,0.0,0
6,PAYMENT,19,12489.86,20441.0,7951.14,0.0,0.0,0
6,CASH_IN,213,261734.69,6702085.91,6963820.6,5996228.08,5734493.39,0
6,CASH_OUT,397,39352.39,0.0,0.0,4201896.27,4241248.66,0
6,TRANSFER,184,701232.42,3095.0,0.0,356351.71,1057584.13,0
6,PAYMENT,129,4067.73,0.0,0.0,0.0,0.0,0
6,DEBIT,277,4027.01,140850.0,136822.99,2753630.4,2757657.41,0
6,TRANSFER,355,2038668.69,12654.0,0.0,16819.75,2055488.44,0
6,CASH_IN,371,156853.17,23193002.69,23349855.87,261226.85,104373.68,0
6,CASH_OUT,16,297836.98,0.0,0.0,1561828.01,1859664.99,0
6,PAYMENT,382,36369.0,9608.55,0.0,0.0,0.0,0
6,PAYMENT,574,8398.05,0.0,0.0,0.0,0.0,0
6,CASH_OUT,35,255392.13,0.0,0.0,466987.8,722379.93,0
6,CASH_IN,332,178856.11,103984.0,282840.11,0.0,0.0,0
6,TRANSFER,397,333301.47,0.0,0.0,649086.02,982387.49,0
6,PAYMENT,307,19178.15,0.0,0.0,0.0,0.0,0
6,CASH_OUT,159,151293.56,40129.0,0.0,128443.98,279737.53,0
6,CASH_OUT,325,400628.04,4706.0,0.0,937149.29,1337777.33,0
6,CASH_IN,394,525469.24,50160.0,575629.24,0.0,0.0,0
6,PAYMENT,259,1203.13,0.0,0.0,0.0,0.0,0
6,CASH_IN,33,247200.12,110694.0,357894.12,0.0,0.0,0
6,CASH_OUT,250,156828.1,0.0,0.0,27215596.76,27372424.86,0
6,PAYMENT,323,38699.88,526600.0,487900.12,0.0,0.0,0
6,CASH_OUT,404,97271.88,0.0,0.0,536315.95,633587.83,0
6,CASH_OUT,249,90247.63,0.0,0.0,860762.72,951010.35,0
6,PAYMENT,234,19710.0,179526.61,159816.61,0.0,0.0,0
6,CASH_IN,379,145433.88,41075.0,186508.88,166939.82,21505.94,0
6,PAYMENT,153,18500.64,107798.0,89297.36,0.0,0.0,0
6,CASH_OUT,129,290987.19,0.0,0.0,1683337.67,1726330.06,0
6,CASH_IN,230,50613.3,0.0,50613.3,2992452.21,2941838.91,0
6,CASH_OUT,154,159778.86,353392.83,193613.97,20156.0,0.0,0
6,CASH_IN,237,79198.64,37486.0,116684.64,122276.24,43077.6,0
6,TRANSFER,42,694335.72,10810.46,0.0,1221054.14,1915389.87,0
6,PAYMENT,203,7465.24,20391.0,12925.76,0.0,0.0,0
6,CASH_OUT,14,2927005.15,2927005.15,0.0,0.0,2994420.07,1
6,CASH_IN,20,86022.56,806009.25,892031.8,1286265.82,1398149.84,0
6,CASH_IN,322,10395.18,998.0,11393.18,0.0,0.0,0
6,PAYMENT,382,5519.83,438.0,0.0,0.0,0.0,0
6,CASH_OUT,396,208153.96,0.0,0.0,519614.25,727768.21,0
6,CASH_OUT,348,74423.34,0.0,0.0,547648.99,622072.32,0
6,CASH_OUT,481,190215.18,190215.18,0.0,0.0,190215.18,1
6,CASH_OUT,133,493798.89,12056.0,0.0,1256580.14,1750379.02,0
6,PAYMENT,325,19832.19,0.0,0.0,0.0,0.0,0
6,CASH_OUT,219,248242.32,248242.32,0.0,8007.84,256250.16,1
6,CASH_OUT,274,105150.09,51790.0,0.0,2538201.11,2643351.2,0
6,CASH_IN,297,141044.09,13636401.84,13777445.93,1004701.89,863657.79,0
6,CASH_IN,324,93130.44,483649.72,576780.16,172507.65,79377.21,0
6,CASH_IN,687,257798.52,43273.0,301071.52,1425933.25,1168134.73,0
6,CASH_IN,43,69875.51,22400.0,92275.51,0.0,0.0,0
6,CASH_OUT,236,106322.47,0.0,0.0,2062655.77,2168978.24,0
6,CASH_OUT,234,117467.2,1790.0,0.0,185550.68,303017.88,0
6,PAYMENT,210,13244.0,10132.0,0.0,0.0,0.0,0
6,CASH_OUT,324,37272.97,0.0,0.0,216541.11,253814.08,0
6,CASH_OUT,190,15249.97,0.0,0.0,4525680.85,4540930.82,0
6,CASH_IN,331,92022.38,3955638.64,4047661.02,469541.14,377518.75,0
6,PAYMENT,299,15879.4,226217.0,210337.6,0.0,0.0,0
6,CASH_OUT,132,237821.04,29511.0,0.0,422227.75,660048.79,0
6,CASH_IN,43,25655.78,2555433.9,2581089.68,1719786.7,1782860.21,0
6,CASH_OUT,137,38118.56,0.0,0.0,646940.03,983410.2,0
6,CASH_OUT,43,29988.0,29988.0,0.0,0.0,29988.0,1
6,CASH_IN,396,15128.56,1467890.98,1483019.54,652877.31,637748.75,0
6,CASH_OUT,255,397026.78,42279.0,0.0,652980.29,1050007.07,0
6,PAYMENT,156,10158.73,105579.7,95420.97,0.0,0.0,0
6,PAYMENT,190,19141.62,0.0,0.0,0.0,0.0,0
6,CASH_OUT,325,42811.1,88328.02,45516.92,168574.54,96833.18,0
6,PAYMENT,228,19088.3,0.0,0.0,0.0,0.0,0
6,CASH_OUT,39,134501.27,0.0,0.0,747829.94,694912.87,0
6,TRANSFER,588,1067252.51,450149.0,0.0,598348.5,1665601.01,0
6,TRANSFER,252,973672.24,0.0,0.0,1185064.35,2158736.59,0
6,CASH_IN,39,164988.54,1208354.75,1373343.3,1802063.27,1637074.73,0
6,CASH_IN,300,76405.62,46044.0,122449.62,261133.16,184727.53,0
6,CASH_IN,43,346894.84,5228042.01,5574936.85,647898.99,301004.15,0
6,TRANSFER,282,373844.05,397597.21,23753.16,804421.49,1178265.54,0
6,CASH_OUT,707,154428.12,72195.0,0.0,79809959.1,79964387.22,0
6,PAYMENT,35,14061.48,289169.93,275108.45,0.0,0.0,0
6,CASH_OUT,259,244842.59,15334.0,0.0,4531714.54,4776557.13,0
6,CASH_OUT,255,116764.77,244241.0,127476.23,96891.78,213656.56,0
6,PAYMENT,226,82669.17,1156.0,0.0,0.0,0.0,0
6,CASH_IN,11,90477.34,3620428.51,3710905.85,137497.17,47019.83,0
6,CASH_OUT,586,74010.17,30425.0,0.0,96962.52,170972.69,0
6,TRANSFER,279,144044.35,144044.35,0.0,0.0,0.0,1
6,CASH_OUT,308,39362.62,0.0,0.0,422426.11,461788.73,0
6,CASH_IN,249,137807.31,8093.0,145900.31,600559.21,596080.68,0
6,PAYMENT,283,7723.4,2688.62,0.0,0.0,0.0,0
6,CASH_OUT,188,10262.23,0.0,0.0,37623.11,47885.34,0
6,CASH_IN,158,227907.88,100336.0,328243.88,226008.97,0.0,0
6,PAYMENT,350,5796.74,0.0,0.0,0.0,0.0,0
6,PAYMENT,10,1270.95,727732.01,726461.06,0.0,0.0,0
6,CASH_OUT,305,134088.14,1369.82,0.0,536654.23,670742.38,0
6,CASH_IN,44,17248.8,10116088.16,10133336.96,941368.23,871008.72,0
6,TRANSFER,373,376282.31,0.0,0.0,2741591.6,3117873.91,0
6,PAYMENT,162,11029.61,17056.0,6026.39,0.0,0.0,0
6,TRANSFER,302,1172338.37,0.0,0.0,1436818.51,2609156.88,0
6,PAYMENT,303,16714.62,56961.01,40246.4,0.0,0.0,0
6,PAYMENT,162,28278.05,0.0,0.0,0.0,0.0,0
6,TRANSFER,400,555897.01,0.0,0.0,3061900.36,3617797.37,0
6,CASH_IN,301,237860.24,1809126.43,2046986.66,466752.71,228892.47,0
6,CASH_OUT,544,80415.77,109205.0,28789.23,0.0,80415.77,0
6,CASH_OUT,20,445995.71,0.0,0.0,18947183.99,19393179.7,0
6,CASH_OUT,157,168906.0,243411.56,74505.56,2734171.94,2903077.94,0
6,TRANSFER,16,338548.29,15633.0,0.0,1680680.13,2019228.42,0
6,TRANSFER,65,126690.14,126690.14,0.0,0.0,0.0,1
6,CASH_IN,140,568177.06,21677597.84,22245774.91,785777.15,217600.09,0
6,CASH_OUT,255,45645.26,0.0,0.0,1106735.23,1152380.49,0
6,CASH_OUT,154,319436.24,0.0,0.0,724416.33,1043852.57,0
6,CASH_IN,166,47736.6,7063233.98,7110970.58,714862.66,667126.06,0
6,PAYMENT,326,14680.5,0.0,0.0,0.0,0.0,0
6,PAYMENT,140,7703.1,0.0,0.0,0.0,0.0,0
6,TRANSFER,691,31694.53,0.0,0.0,102655.33,134349.86,0
6,PAYMENT,235,22149.28,17474.55,0.0,0.0,0.0,0
6,PAYMENT,12,8172.36,17268.64,9096.28,0.0,0.0,0
6,CASH_IN,322,161524.19,894.0,162418.19,159895.77,0.0,0
6,TRANSFER,204,248804.41,21409.0,0.0,2072887.89,2321692.31,0
6,CASH_OUT,253,222359.11,55151.0,0.0,4746224.47,4968583.58,0
6,PAYMENT,372,1377.91,20744.27,19366.36,0.0,0.0,0
6,CASH_IN,48,229759.02,24671.0,254430.02,10815.0,0.0,0
6,CASH_OUT,135,20347.28,0.0,0.0,194906.96,215254.24,0
6,PAYMENT,205,10842.72,0.0,0.0,0.0,0.0,0
6,PAYMENT,44,887.44,10852.0,9964.56,0.0,0.0,0
6,CASH_IN,185,72257.52,10950.0,83207.52,200020.24,127762.73,0
6,PAYMENT,154,2477.72,321.0,0.0,0.0,0.0,0
6,CASH_OUT,307,166949.01,105031.0,0.0,2208153.49,2375102.5,0
6,CASH_OUT,277,307936.56,64236.88,0.0,13497279.17,13805215.73,0
6,CASH_OUT,162,276406.3,95011.0,0.0,442858.63,719264.94,0
6,PAYMENT,34,23976.89,13194.59,0.0,0.0,0.0,0
6,CASH_IN,252,403710.35,107076.0,510786.35,123816.4,0.0,0
6,CASH_OUT,348,5622.82,58259.13,52636.3,189044.96,194667.79,0
6,CASH_OUT,299,11206.77,0.0,0.0,3483511.81,3494718.59,0
6,TRANSFER,205,222386.47,0.0,0.0,3165909.74,3388296.21,0
6,PAYMENT,300,1337.91,32237.0,30899.09,0.0,0.0,0
6,CASH_IN,10,34874.43,36149843.06,36184717.49,2267808.59,2986599.04,0
6,CASH_OUT,43,152216.35,0.0,0.0,506802.53,659018.87,0
6,PAYMENT,330,1881.85,19934.0,18052.15,0.0,0.0,0
6,CASH_IN,397,225086.93,9423682.48,9648769.41,316302.03,91215.1,0
6,CASH_OUT,306,89169.83,0.0,0.0,1088695.53,1177865.35,0
6,PAYMENT,136,18311.19,0.0,0.0,0.0,0.0,0
6,CASH_OUT,154,127968.01,0.0,0.0,812909.98,940877.99,0
6,CASH_IN,160,365020.06,11273.0,376293.06,17058.0,0.0,0
6,CASH_OUT,283,119566.1,470.0,0.0,0.0,119566.1,0
6,CASH_OUT,136,168925.74,192.0,0.0,3083509.57,3252435.3,0
6,CASH_IN,278,284708.15,557187.14,841895.29,2234422.54,2025239.84,0
6,PAYMENT,183,6506.66,0.0,0.0,0.0,0.0,0
6,CASH_IN,165,308168.57,6412836.1,6721004.67,2224216.86,1916048.3,0
6,TRANSFER,395,454081.66,0.0,0.0,955297.78,1409379.44,0
6,CASH_IN,161,79142.68,100384.0,179526.68,46788.01,0.0,0
6,PAYMENT,48,3575.63,0.0,0.0,0.0,0.0,0
6,TRANSFER,11,674388.85,0.0,0.0,6564878.59,7177199.91,0
6,CASH_IN,594,111323.64,51050.0,162373.64,1307465.53,1196141.89,0
6,CASH_OUT,348,404108.79,200427.0,0.0,0.0,404108.79,0
6,CASH_OUT,253,318774.16,0.0,0.0,1625447.85,1944222.01,0
6,PAYMENT,204,12027.93,241170.78,229142.85,0.0,0.0,0
6,CASH_IN,322,335620.59,9801445.26,10137065.85,4192607.32,3856986.73,0
6,CASH_IN,305,359006.75,21017.0,380023.75,8041488.03,7682481.28,0
6,PAYMENT,19,7246.45,10166.0,2919.55,0.0,0.0,0
6,CASH_OUT,188,85139.01,227317.0,142177.99,505394.33,590533.33,0
6,PAYMENT,186,18836.32,31048.0,12211.68,0.0,0.0,0
6,CASH_OUT,376,314454.41,25515.0,0.0,256905.2,571359.61,0
6,PAYMENT,257,12359.42,32429.0,20069.58,0.0,0.0,0
6,CASH_OUT,284,24783.07,9187.0,0.0,0.0,24783.07,0
6,PAYMENT,229,20255.19,0.0,0.0,0.0,0.0,0
6,TRANSFER,330,262250.92,8236.43,0.0,582606.59,844857.51,0
6,PAYMENT,231,18364.95,0.0,0.0,0.0,0.0,0
6,TRANSFER,277,310986.56,104577.0,0.0,56069.32,367055.88,0
6,PAYMENT,262,4370.15,686.0,0.0,0.0,0.0,0
6,TRANSFER,739,8116.53,8116.53,0.0,0.0,0.0,1
6,CASH_IN,304,35120.69,16679.0,51799.69,0.0,0.0,0
6,CASH_IN,353,50016.53,15416540.6,15466557.13,1742539.1,1692522.57,0
6,CASH_OUT,330,123221.08,187127.0,63905.92,0.0,123221.08,0
6,PAYMENT,522,9092.15,0.0,0.0,0.0,0.0,0
6,CASH_OUT,132,216303.99,0.0,0.0,322609.83,538913.82,0
6,CASH_OUT,324,106324.79,0.0,0.0,8005875.71,8112200.51,0
6,PAYMENT,370,15808.77,42840.0,27031.23,0.0,0.0,0
6,CASH_OUT,20,264628.02,28712.0,0.0,40444.81,305072.83,0
6,TRANSFER,42,822882.92,361412.35,0.0,6979667.6,7802550.53,0
6,CASH_OUT,281,247519.97,0.0,0.0,4546870.63,4794390.6,0
6,CASH_IN,189,184338.29,19901.0,204239.29,417999.41,233661.12,0
6,CASH_OUT,41,229729.59,88209.0,0.0,2509721.61,2677264.27,0
6,CASH_IN,395,15944.64,10174400.32,10190344.96,77946.91,62002.27,0
6,CASH_IN,225,56102.67,57465.0,113567.67,290818.67,234715.99,0
6,PAYMENT,44,5239.06,737.0,0.0,0.0,0.0,0
6,PAYMENT,40,13619.84,376932.08,363312.24,0.0,0.0,0
6,CASH_OUT,325,221062.28,0.0,0.0,314543.11,535605.38,0
6,CASH_OUT,205,74121.1,108807.0,34685.9,1224343.84,1298464.94,0
6,CASH_OUT,275,175587.41,0.0,0.0,212118.04,387705.45,0
6,CASH_OUT,17,96825.02,69241.0,0.0,3889687.78,5461050.66,0
6,PAYMENT,209,10462.59,986746.0,976283.41,0.0,0.0,0
6,CASH_OUT,594,123089.46,75613.3,0.0,232895.14,355984.6,0
6,TRANSFER,14,1060224.37,24699.0,0.0,23701.46,1248474.23,0
6,CASH_IN,181,16874.39,50347.0,67221.39,2010517.32,1993642.93,0
6,TRANSFER,178,1022392.56,421974.0,0.0,298320.02,1320712.59,0
6,PAYMENT,253,3292.01,120473.76,117181.75,0.0,0.0,0
6,PAYMENT,276,5186.86,0.0,0.0,0.0,0.0,0
6,CASH_IN,333,43732.71,16707.0,60439.71,2247371.86,2203639.15,0
6,PAYMENT,527,755.28,0.0,0.0,0.0,0.0,0
6,TRANSFER,401,1254998.58,9722.0,0.0,0.0,1254998.58,0
6,PAYMENT,277,822.91,0.0,0.0,0.0,0.0,0
6,PAYMENT,686,15158.35,19201.19,4042.84,0.0,0.0,0
6,CASH_OUT,161,14695.2,0.0,0.0,158680.91,344384.6,0
6,PAYMENT,40,5286.35,30680.0,25393.65,0.0,0.0,0
6,CASH_OUT,132,88963.13,0.0,0.0,3009207.31,2921571.48,0
6,CASH_OUT,65,3760068.04,3760068.04,0.0,622555.65,4382623.69,1
6,CASH_IN,352,196344.5,1677888.3,1874232.8,629549.06,433204.55,0
6,CASH_OUT,21,150627.77,0.0,0.0,170526.07,321153.84,0
6,CASH_OUT,378,15438.71,0.0,0.0,18290409.7,18305848.41,0
6,TRANSFER,297,2831510.75,0.0,0.0,11054567.33,13886078.08,0
6,PAYMENT,228,13457.95,0.0,0.0,0.0,0.0,0
6,CASH_OUT,167,201155.36,0.0,0.0,1207880.69,1409036.05,0
6,CASH_OUT,351,209187.37,2075.0,0.0,47263.33,256450.69,0
6,CASH_IN,351,84079.33,369030.06,453109.39,46798010.32,46713930.99,0
6,CASH_OUT,253,68321.05,19963.0,0.0,991955.86,1060276.91,0
6,PAYMENT,154,3821.77,0.0,0.0,0.0,0.0,0
6,CASH_IN,284,30743.66,4482.0,35225.66,529167.67,498424.01,0
6,TRANSFER,597,88099.88,88099.88,0.0,0.0,0.0,1
6,CASH_OUT,42,250745.26,0.0,0.0,429470.78,680216.04,0
6,CASH_OUT,141,368577.36,0.0,0.0,14961490.09,15330067.45,0
6,CASH_IN,300,156712.53,154685.0,311397.53,0.0,0.0,0
6,CASH_OUT,226,148007.99,0.0,0.0,170425.72,318433.7,0
6,CASH_OUT,379,8580.93,41470.0,32889.07,2811874.21,2935850.67,0
6,PAYMENT,347,15723.1,0.0,0.0,0.0,0.0,0
6,CASH_IN,351,68181.06,0.0,68181.06,839192.87,771011.81,0
6,CASH_IN,40,126239.7,907239.44,1033479.14,349247.01,223007.31,0
6,PAYMENT,44,2319.4,62468.0,60148.6,0.0,0.0,0
6,CASH_IN,10,222768.73,25795.0,248563.73,493994.28,2248621.99,0
6,CASH_OUT,307,312917.38,0.0,0.0,382601.01,695518.39,0
6,CASH_OUT,12,462488.44,62817.76,0.0,611884.92,1643521.46,0
6,PAYMENT,402,2873.67,58111.0,55237.33,0.0,0.0,0
6,PAYMENT,377,13984.36,53357.0,39372.64,0.0,0.0,0
6,CASH_OUT,133,82340.06,287680.92,205340.87,539266.79,621606.85,0
6,CASH_OUT,403,78926.97,6660.0,0.0,0.0,78926.97,0
6,CASH_OUT,258,140827.57,0.0,0.0,981308.54,1122136.1,0
6,PAYMENT,179,276.66,200687.0,200410.34,0.0,0.0,0
6,TRANSFER,551,483713.23,483713.23,0.0,0.0,0.0,1
6,TRANSFER,475,1064995.85,1064995.85,0.0,0.0,0.0,1
6,CASH_OUT,283,87301.17,181.0,0.0,219338.75,306639.92,0
6,PAYMENT,252,20469.96,0.0,0.0,0.0,0.0,0
6,PAYMENT,526,12938.24,9959.0,0.0,0.0,0.0,0
6,CASH_IN,346,180662.42,11404.0,192066.42,27233.84,0.0,0
6,PAYMENT,37,27295.22,397136.0,369840.78,0.0,0.0,0
6,CASH_OUT,306,219624.64,17784.0,0.0,0.0,219624.64,0
6,PAYMENT,14,357.19,395040.58,394683.39,0.0,0.0,0
6,CASH_OUT,186,63822.23,0.0,0.0,233127.91,296950.14,0
6,CASH_OUT,232,110893.48,0.0,0.0,1256807.99,1367701.47,0
6,CASH_IN,374,267265.83,2708874.72,2976140.55,782271.99,515006.16,0
6,PAYMENT,351,3603.2,58691.86,55088.67,0.0,0.0,0
6,CASH_IN,136,287335.01,3868155.45,4155490.46,363355.14,76020.13,0
6,CASH_OUT,183,4354175.33,4354175.33,0.0,0.0,4778329.47,1
6,TRANSFER,270,757422.83,757422.83,0.0,0.0,0.0,1
6,TRANSFER,179,216412.53,49863.0,0.0,0.0,216412.53,0
6,CASH_OUT,130,37101.13,0.0,0.0,3726575.9,3763677.03,0
6,PAYMENT,308,16336.74,0.0,0.0,0.0,0.0,0
6,CASH_OUT,300,140924.8,0.0,0.0,7077762.25,7218687.05,0
6,TRANSFER,430,221511.12,221511.12,0.0,0.0,0.0,1
6,CASH_OUT,331,249091.57,0.0,0.0,8477367.47,8726459.04,0
6,PAYMENT,260,22008.5,0.0,0.0,0.0,0.0,0
6,CASH_OUT,329,432796.66,206.0,0.0,0.0,432796.66,0
6,TRANSFER,33,1947289.39,4635.0,0.0,631723.8,2579013.19,0
6,CASH_IN,180,11214.79,1003423.21,1014638.0,3539213.69,3527998.9,0
6,PAYMENT,329,42187.52,8056.0,0.0,0.0,0.0,0
6,CASH_IN,299,294612.45,842009.52,1136621.97,1128147.46,1051781.84,0
6,CASH_OUT,300,127775.97,257017.88,129241.9,603603.88,731379.85,0
6,TRANSFER,184,374211.99,0.0,0.0,5158322.73,5532534.72,0
6,CASH_IN,206,131421.82,6569009.58,6700431.4,454262.24,322840.42,0
6,CASH_OUT,203,169272.7,1003.0,0.0,0.0,169272.7,0
6,CASH_OUT,589,127392.26,27007.0,0.0,110097.44,237489.7,0
6,CASH_OUT,12,94445.5,10497.0,0.0,16003.0,110448.5,0
6,CASH_OUT,403,63070.64,0.0,0.0,689217.07,752287.71,0
6,PAYMENT,154,14662.15,4665.0,0.0,0.0,0.0,0
6,CASH_IN,42,32938.83,2665083.9,2698022.74,140354.99,163192.24,0
6,CASH_IN,253,187310.73,6179400.84,6366711.57,16357720.31,16170409.57,0
6,CASH_OUT,251,243236.76,0.0,0.0,481773.25,725010.0,0
6,PAYMENT,234,14302.85,38269.7,23966.84,0.0,0.0,0
6,PAYMENT,285,3088.42,18.0,0.0,0.0,0.0,0
6,TRANSFER,229,1074524.56,0.0,0.0,4948502.58,6023027.14,0
6,PAYMENT,276,8583.91,0.0,0.0,0.0,0.0,0
6,CASH_IN,356,182714.33,58017.0,240731.33,1200975.9,1018261.57,0
6,PAYMENT,258,10649.34,11204.0,554.66,0.0,0.0,0
6,CASH_OUT,183,60207.49,0.0,0.0,140063.19,200270.69,0
6,CASH_IN,279,220112.28,6817537.48,7037649.76,239451.54,19339.26,0
6,CASH_IN,235,491338.7,2575859.25,3067197.96,504662.71,13324.01,0
6,CASH_OUT,300,137493.41,41990.0,0.0,766280.46,903773.87,0
6,CASH_OUT,282,57014.93,1100.0,0.0,6170419.66,6227434.59,0
6,PAYMENT,14,8151.39,10863.0,2711.61,0.0,0.0,0
6,CASH_OUT,376,248123.95,248123.95,0.0,614200.3,862324.25,1
6,CASH_OUT,36,253710.76,21082.0,0.0,0.0,253710.76,0
6,PAYMENT,12,17856.71,0.0,0.0,0.0,0.0,0
6,PAYMENT,256,79.1,0.0,0.0,0.0,0.0,0
6,CASH_IN,644,42415.95,816921.79,859337.74,2542129.62,2499713.67,0
6,TRANSFER,358,361877.28,361877.28,0.0,0.0,0.0,1
6,CASH_OUT,135,185550.51,0.0,0.0,588321.94,773872.45,0
6,CASH_OUT,233,364402.94,0.0,0.0,616734.06,981137.0,0
6,CASH_OUT,17,152983.21,6993.0,0.0,0.0,152983.21,0
6,PAYMENT,45,12199.31,5050.0,0.0,0.0,0.0,0
6,PAYMENT,97,12778.77,107.0,0.0,0.0,0.0,0
6,PAYMENT,378,11230.36,0.0,0.0,0.0,0.0,0
6,CASH_IN,39,149705.59,9066578.62,9216284.21,1370487.08,1220781.49,0
6,CASH_OUT,133,41575.66,114948.0,73372.34,1124790.18,1166365.84,0
6,PAYMENT,161,6243.65,102442.49,96198.84,0.0,0.0,0
6,CASH_IN,19,40955.58,17801580.77,17842536.35,1366715.59,1149102.43,0
6,CASH_OUT,522,32928.12,0.0,0.0,1245596.11,1278524.23,0
6,PAYMENT,408,5121.21,120.0,0.0,0.0,0.0,0
6,CASH_OUT,351,88315.99,0.0,0.0,1919372.92,2007688.9,0
6,CASH_OUT,46,133274.47,0.0,0.0,225310.75,358585.22,0
6,CASH_IN,160,11250.64,51291.0,62541.64,0.0,0.0,0
6,CASH_IN,164,143125.97,6018641.89,6161767.87,155853.16,12727.18,0
6,CASH_OUT,17,218733.74,0.0,0.0,1305962.1,1524695.85,0
6,PAYMENT,130,7172.2,13712.89,6540.7,0.0,0.0,0
6,TRANSFER,183,497170.23,0.0,0.0,1018015.83,1515186.06,0
6,CASH_OUT,42,60268.34,50160.0,0.0,0.0,60268.34,0
6,PAYMENT,300,17239.01,301682.11,284443.1,0.0,0.0,0
6,CASH_OUT,376,15801.67,0.0,0.0,964666.31,980467.99,0
6,PAYMENT,546,12009.68,0.0,0.0,0.0,0.0,0
6,CASH_IN,349,186411.43,190.0,186601.43,51105.98,0.0,0
6,TRANSFER,298,607647.93,41320.0,0.0,210024.15,817672.09,0
6,PAYMENT,274,15180.24,53.0,0.0,0.0,0.0,0
6,PAYMENT,334,28626.05,52147.0,23520.95,0.0,0.0,0
6,CASH_OUT,235,71762.73,0.0,0.0,86308.97,158071.7,0
6,CASH_OUT,253,36667.02,248703.0,212035.98,0.0,36667.02,0
6,TRANSFER,94,168965.94,46177.0,0.0,163371.52,332337.46,0
6,CASH_OUT,204,151338.3,0.0,0.0,3400808.48,3552146.78,0
6,TRANSFER,119,291639.42,0.0,0.0,347705.39,639344.8,0
6,PAYMENT,355,15256.47,0.0,0.0,0.0,0.0,0
6,CASH_OUT,355,4604.2,64000.0,59395.8,692785.95,697390.15,0
6,PAYMENT,351,18528.17,0.0,0.0,0.0,0.0,0
6,PAYMENT,328,46031.44,0.0,0.0,0.0,0.0,0
6,CASH_OUT,203,450327.95,710.0,0.0,600183.46,1050511.4,0
6,CASH_OUT,234,106085.78,0.0,0.0,853290.92,959376.71,0
6,CASH_OUT,18,31506.14,0.0,0.0,99292.0,130798.14,0
6,CASH_IN,177,175857.76,88332.0,264189.76,320613.09,144755.33,0
6,PAYMENT,237,5514.65,12168.0,6653.35,0.0,0.0,0
6,CASH_IN,153,500613.14,745227.58,1245840.71,720579.17,219966.04,0
6,PAYMENT,253,17989.41,14785.0,0.0,0.0,0.0,0
6,CASH_OUT,40,217708.72,0.0,0.0,858105.83,1152124.41,0
6,CASH_OUT,565,296676.87,72775.0,0.0,9382.99,306059.86,0
6,CASH_IN,234,204020.19,1159361.42,1363381.61,1096177.55,892157.36,0
6,CASH_OUT,370,156467.96,0.0,0.0,3014637.03,3171105.0,0
6,PAYMENT,43,13092.77,0.0,0.0,0.0,0.0,0
6,CASH_IN,352,211876.85,5942521.83,6154398.68,1016310.78,804433.93,0
6,CASH_IN,379,209149.71,1323667.18,1532816.89,509974.87,300825.16,0
6,TRANSFER,237,250469.93,6208.0,0.0,336348.08,586818.01,0
6,CASH_IN,164,58712.95,163.0,58875.95,731962.35,673249.41,0
6,TRANSFER,732,59677.48,59677.48,0.0,0.0,0.0,1
6,TRANSFER,402,406988.51,10440.0,0.0,111689.31,518677.82,0
6,PAYMENT,670,9349.78,0.0,0.0,0.0,0.0,0
6,CASH_OUT,285,605200.39,6257.6,0.0,1107836.25,1713036.64,0
6,CASH_OUT,250,18309.15,0.0,0.0,1039689.4,1057998.55,0
6,CASH_OUT,153,44274.3,0.0,0.0,199244.55,243518.85,0
6,CASH_IN,382,58473.23,160571.0,219044.23,422641.81,364168.58,0
6,PAYMENT,324,15315.08,0.0,0.0,0.0,0.0,0
6,CASH_OUT,284,107752.71,137177.0,29424.29,0.0,107752.71,0
6,CASH_OUT,161,89322.34,0.0,0.0,92637.19,13448.38,0
6,TRANSFER,277,746548.63,358972.0,0.0,134732.0,643603.57,0
6,CASH_OUT,185,106210.63,184.0,0.0,0.0,106210.63,0
6,CASH_IN,688,88643.78,1562244.52,1650888.3,537889.41,449245.62,0
6,CASH_OUT,355,351686.99,0.0,0.0,404185.51,755872.5,0
6,CASH_OUT,205,355429.69,49847.0,0.0,75687.05,431116.74,0
6,CASH_IN,299,226173.76,101749.0,327922.76,12523.23,0.0,0
6,PAYMENT,7,2830.93,40860.0,38029.07,0.0,0.0,0
6,CASH_OUT,325,166313.74,40129.0,0.0,1858062.01,2024375.76,0
6,PAYMENT,35,29051.35,0.0,0.0,0.0,0.0,0
6,PAYMENT,357,19693.07,20451.0,757.93,0.0,0.0,0
6,CASH_IN,305,196123.37,91544.0,287667.37,0.0,0.0,0
6,PAYMENT,275,2577.3,6097.0,3519.7,0.0,0.0,0
6,TRANSFER,163,246666.79,49787.0,0.0,7082810.57,7329477.36,0
6,TRANSFER,305,308752.21,0.0,0.0,22043776.57,22352528.78,0
6,PAYMENT,259,4677.37,0.0,0.0,0.0,0.0,0
6,PAYMENT,235,12198.4,121982.0,109783.6,0.0,0.0,0
6,CASH_OUT,163,107294.5,0.0,0.0,246554.85,353849.35,0
6,CASH_OUT,304,15297.21,0.0,0.0,43578.38,58875.58,0
6,PAYMENT,332,5606.4,0.0,0.0,0.0,0.0,0
6,TRANSFER,29,268641.82,268641.82,0.0,0.0,0.0,1
6,PAYMENT,211,11737.42,0.0,0.0,0.0,0.0,0
6,PAYMENT,257,13135.02,0.0,0.0,0.0,0.0,0
6,CASH_OUT,205,160587.73,34911.0,0.0,51805.26,212392.98,0
6,PAYMENT,209,16920.47,0.0,0.0,0.0,0.0,0
6,PAYMENT,11,879.55,0.0,0.0,0.0,0.0,0
6,CASH_IN,186,406048.58,30455.0,436503.58,0.0,0.0,0
6,PAYMENT,261,4001.51,293862.37,289860.85,0.0,0.0,0
6,CASH_OUT,323,76996.05,0.0,0.0,1611723.56,1688719.61,0
6,CASH_OUT,593,125146.75,125146.75,0.0,1820417.69,1945564.44,1
6,CASH_OUT,211,125682.88,576.0,0.0,184118.75,309801.63,0
6,CASH_OUT,380,74227.53,0.0,0.0,854166.85,928394.38,0
6,CASH_OUT,401,19332.24,82073.0,62740.76,0.0,19332.24,0
6,TRANSFER,133,899782.7,899782.7,0.0,0.0,0.0,1
6,PAYMENT,201,3442.06,48476.0,45033.94,0.0,0.0,0
6,CASH_IN,19,153863.98,1148148.98,1302012.96,1642223.07,1677321.69,0
6,PAYMENT,203,17134.36,208677.95,191543.59,0.0,0.0,0
6,PAYMENT,214,22934.65,40468.0,17533.35,0.0,0.0,0
6,CASH_OUT,181,173760.06,0.0,0.0,708129.04,881889.09,0
6,PAYMENT,144,17925.18,66310.0,48384.82,0.0,0.0,0
6,PAYMENT,260,2331.7,12507.57,10175.86,0.0,0.0,0
7,PAYMENT,20,10986.75,17358.18,6371.43,0.0,0.0,0
7,CASH_IN,14,441741.8,892.0,442633.8,3707785.43,3266043.63,0
7,CASH_OUT,94,2169679.91,2169679.91,0.0,0.0,2169679.91,1
7,CASH_IN,19,146394.05,5778387.09,5924781.14,3310382.3,3434587.47,0
7,CASH_OUT,36,106341.2,17293.0,0.0,2052096.88,2158438.08,0
7,CASH_OUT,14,190138.46,0.0,0.0,873110.12,1726007.63,0
7,CASH_OUT,186,56949.92,20079.0,0.0,243973.63,300923.55,0
7,PAYMENT,158,16611.68,27113.19,10501.51,0.0,0.0,0
7,TRANSFER,476,80003.14,0.0,0.0,4401552.16,4481555.29,0
7,CASH_IN,402,159826.54,202667.0,362493.54,0.0,0.0,0
7,CASH_OUT,40,199088.48,21155.0,0.0,825312.17,1024400.66,0
7,PAYMENT,346,30029.59,20063.59,0.0,0.0,0.0,0
7,CASH_IN,211,66028.47,225.0,66253.47,0.0,0.0,0
7,CASH_OUT,9,75855.2,0.0,0.0,2385022.56,4689168.73,0
7,TRANSFER,203,867228.22,52175.0,0.0,0.0,867228.22,0
7,PAYMENT,403,11281.74,343537.0,332255.26,0.0,0.0,0
7,TRANSFER,335,720101.94,749513.0,29411.06,144288.41,864390.35,0
7,CASH_OUT,327,378323.92,20498.0,0.0,0.0,378323.92,0
7,PAYMENT,17,19408.11,136.0,0.0,0.0,0.0,0
7,PAYMENT,332,26251.5,0.0,0.0,0.0,0.0,0
7,CASH_OUT,138,29905.43,541.0,0.0,1638208.05,1668113.48,0
7,CASH_IN,134,154835.5,241.0,155076.5,6890947.13,6736111.64,0
7,PAYMENT,186,3588.01,0.0,0.0,0.0,0.0,0
7,PAYMENT,10,17530.03,4133.0,0.0,0.0,0.0,0
7,TRANSFER,303,5524546.7,0.0,0.0,6446367.98,11970914.68,0
7,CASH_OUT,9,29665.8,0.0,0.0,1562398.02,1592063.82,0
7,TRANSFER,307,455273.88,99479.0,0.0,10048814.65,10504088.53,0
7,PAYMENT,180,10949.15,20630.0,9680.85,0.0,0.0,0
7,PAYMENT,204,13859.26,104792.0,90932.74,0.0,0.0,0
7,PAYMENT,522,1186.48,13959.0,12772.52,0.0,0.0,0
7,CASH_IN,226,319853.57,9518157.64,9838011.21,2915412.9,2595559.33,0
7,CASH_IN,234,167605.03,21664.0,189269.03,917384.57,749779.53,0
7,CASH_OUT,44,163264.23,19916.0,0.0,38028.6,201292.83,0
7,PAYMENT,308,13018.79,212481.0,199462.21,0.0,0.0,0
7,CASH_OUT,16,228312.57,0.0,0.0,4418154.7,4685898.71,0
7,CASH_IN,250,117397.99,1834158.25,1951556.24,1114561.35,997163.36,0
7,CASH_IN,428,5117.02,1810489.01,1815606.03,218666.34,213549.32,0
7,PAYMENT,354,11677.23,0.0,0.0,0.0,0.0,0
7,PAYMENT,13,3960.07,0.0,0.0,0.0,0.0,0
7,PAYMENT,11,10084.29,0.0,0.0,0.0,0.0,0
7,PAYMENT,381,7409.19,9560.0,2150.81,0.0,0.0,0
7,PAYMENT,451,5392.2,98702.26,93310.05,0.0,0.0,0
7,CASH_IN,208,125690.98,4682.0,130372.98,1509364.41,1383673.43,0
7,PAYMENT,249,21233.79,40384.0,19150.21,0.0,0.0,0
7,CASH_OUT,158,166527.77,0.0,0.0,1720570.45,1887098.22,0
7,PAYMENT,159,27676.91,26227.02,0.0,0.0,0.0,0
7,CASH_OUT,331,162444.69,0.0,0.0,219812.75,382257.44,0
7,CASH_IN,399,206974.97,1950979.41,2157954.38,959056.9,752081.93,0
7,PAYMENT,44,1878.97,31018.0,29139.03,0.0,0.0,0
7,PAYMENT,328,29689.09,175957.22,146268.13,0.0,0.0,0
7,CASH_IN,323,120327.24,31062.0,151389.24,13828250.78,13707923.54,0
7,CASH_IN,229,13933.3,1934442.57,1948375.87,322583.43,308650.13,0
7,TRANSFER,373,4294676.05,4294676.05,0.0,0.0,0.0,1
7,PAYMENT,323,2903.63,550235.79,547332.16,0.0,0.0,0
7,PAYMENT,283,23421.35,50912.0,27490.65,0.0,0.0,0
7,CASH_OUT,279,144044.35,144044.35,0.0,0.0,144044.35,1
7,CASH_OUT,297,129907.84,19983.0,0.0,166741.73,296649.57,0
7,PAYMENT,351,20784.81,30880.0,10095.19,0.0,0.0,0
7,CASH_OUT,154,502988.05,0.0,0.0,2619492.58,3122480.63,0
7,CASH_OUT,19,137571.47,0.0,0.0,181781.12,437217.0,0
7,CASH_IN,157,93271.65,2933518.65,3026790.3,578095.38,861344.93,0
7,CASH_OUT,187,89818.39,0.0,0.0,268322.03,567893.7,0
7,TRANSFER,510,3178881.71,3178881.71,0.0,0.0,0.0,1
7,TRANSFER,422,87381.78,87381.78,0.0,0.0,0.0,1
7,CASH_IN,374,69314.25,50161.0,119475.25,591862.45,522548.2,0
7,CASH_IN,129,388847.72,654813.15,1043660.87,452373.42,39651.41,0
7,CASH_OUT,229,428593.42,15877.0,0.0,0.0,428593.42,0
7,PAYMENT,308,10861.34,20633.0,9771.66,0.0,0.0,0
7,CASH_IN,155,217086.15,2268139.94,2485226.09,3377500.28,3160414.13,0
7,CASH_OUT,164,251673.3,22952.0,0.0,1292952.4,1544625.7,0
7,PAYMENT,637,14845.3,0.0,0.0,0.0,0.0,0
7,PAYMENT,145,2677.12,51469.0,48791.88,0.0,0.0,0
7,CASH_OUT,331,273559.31,58089.0,0.0,0.0,273559.31,0
7,TRANSFER,348,282607.86,0.0,0.0,473758.35,756366.2,0
7,PAYMENT,157,11893.54,0.0,0.0,0.0,0.0,0
7,CASH_OUT,377,416763.64,11004.0,0.0,0.0,416763.64,0
7,CASH_OUT,187,583005.86,0.0,0.0,2434890.26,3017896.11,0
7,TRANSFER,321,229507.11,0.0,0.0,527747.36,757254.47,0
7,CASH_IN,180,136389.61,5300876.0,5437265.61,2575747.73,2439358.12,0
7,CASH_OUT,213,125495.1,25008.0,0.0,0.0,125495.1,0
7,CASH_IN,166,117681.17,11604.0,129285.17,11045141.97,10927460.79,0
7,CASH_OUT,232,86464.17,16085.0,0.0,574553.81,661017.98,0
7,CASH_IN,345,88825.7,6042525.35,6131351.05,151202.11,62376.41,0
7,CASH_OUT,283,45863.46,20071.0,0.0,594609.6,640473.06,0
7,CASH_OUT,572,1351104.53,1351104.53,0.0,0.0,1351104.53,1
7,CASH_OUT,15,221557.29,46301.0,0.0,0.0,221557.29,0
7,PAYMENT,308,7025.43,465.0,0.0,0.0,0.0,0
7,CASH_IN,39,81537.48,911900.34,993437.82,2148823.8,2556559.4,0
7,CASH_OUT,133,272798.54,170.0,0.0,8045926.08,8318724.62,0
7,CASH_OUT,376,185703.43,0.0,0.0,391593.51,577296.95,0
7,CASH_OUT,185,574560.18,11446.0,0.0,0.0,574560.18,0
7,CASH_OUT,397,62552.25,9874.0,0.0,1484401.97,1012883.74,0
7,CASH_OUT,131,179251.4,31130.0,0.0,2032005.4,2211256.8,0
7,PAYMENT,420,3047.62,0.0,0.0,0.0,0.0,0
7,PAYMENT,225,628.56,0.0,0.0,0.0,0.0,0
7,TRANSFER,211,531493.61,0.0,0.0,3951401.04,4862053.84,0
7,CASH_OUT,37,240709.34,266404.0,25694.66,99090.69,339800.03,0
7,CASH_OUT,308,57012.22,99192.0,42179.78,3156876.66,3213888.87,0
7,PAYMENT,262,7571.58,34648.93,27077.35,0.0,0.0,0
7,CASH_IN,233,209599.21,20010.0,229609.21,0.0,0.0,0
7,CASH_OUT,167,60067.53,0.0,0.0,154412.41,214479.95,0
7,PAYMENT,263,4455.53,3159.0,0.0,0.0,0.0,0
7,CASH_OUT,323,544566.9,615.0,0.0,484119.95,1028686.86,0
7,PAYMENT,261,1437.05,164455.8,163018.75,0.0,0.0,0
7,CASH_IN,400,92723.82,3931483.66,4024207.49,212074.1,119350.28,0
7,TRANSFER,260,142221.96,0.0,0.0,721115.22,863337.18,0
7,CASH_OUT,396,197537.74,16104.0,0.0,1683.08,199220.82,0
7,CASH_OUT,259,172273.5,20203.0,0.0,2150256.17,2322529.68,0
7,CASH_OUT,158,89386.67,814498.36,725111.69,121815.28,211201.96,0
7,PAYMENT,142,10533.06,10973.0,439.94,0.0,0.0,0
7,CASH_OUT,251,188941.23,50622.0,0.0,915285.58,1104226.81,0
7,TRANSFER,33,1628029.66,21209.0,0.0,5288332.06,6916361.71,0
7,CASH_OUT,331,162349.32,6214.0,0.0,1204440.81,1366790.13,0
7,PAYMENT,184,6627.42,0.0,0.0,0.0,0.0,0
7,CASH_OUT,181,35322.13,51922.0,16599.87,0.0,35322.13,0
7,CASH_IN,323,30896.57,21473130.41,21504026.98,419100.33,388203.76,0
7,PAYMENT,14,19945.6,0.0,0.0,0.0,0.0,0
7,CASH_OUT,163,303728.69,0.0,0.0,892627.95,1196356.64,0
7,PAYMENT,258,42690.18,5201.0,0.0,0.0,0.0,0
7,CASH_IN,12,231159.48,1702337.03,1933496.51,501137.71,208826.25,0
7,PAYMENT,162,5391.29,0.0,0.0,0.0,0.0,0
7,CASH_IN,252,326660.26,6046389.63,6373049.89,5448591.93,5121931.67,0
7,CASH_IN,202,341423.87,4036370.11,4377793.99,1518559.23,1177135.36,0
7,PAYMENT,130,13600.48,793.0,0.0,0.0,0.0,0
7,PAYMENT,307,19605.7,21261.0,1655.3,0.0,0.0,0
7,CASH_OUT,24,32394.95,66179.0,33784.05,57286.15,89681.09,0
7,TRANSFER,299,1102835.95,0.0,0.0,2947991.3,4050827.26,0
7,CASH_OUT,376,274387.19,316060.0,41672.81,334467.1,608854.29,0
7,CASH_OUT,235,27540.59,933.0,0.0,438264.2,465804.79,0
7,PAYMENT,684,2576.6,0.0,0.0,0.0,0.0,0
7,CASH_IN,15,452477.02,653.0,453130.02,0.0,0.0,0
7,PAYMENT,237,4241.42,92329.0,88087.58,0.0,0.0,0
7,CASH_IN,349,134866.39,8438465.5,8573331.89,488328.44,353462.05,0
7,PAYMENT,354,8969.16,429343.76,420374.6,0.0,0.0,0
7,PAYMENT,14,4755.75,19997.0,15241.25,0.0,0.0,0
7,CASH_OUT,138,94.22,154884.0,154789.78,58010.0,58104.22,0
7,PAYMENT,18,4228.66,0.0,0.0,0.0,0.0,0
7,CASH_IN,262,220282.84,633372.57,853655.41,308829.77,88546.93,0
7,CASH_OUT,469,257745.95,105063.0,0.0,0.0,257745.95,0
7,PAYMENT,260,506.69,0.0,0.0,0.0,0.0,0
7,CASH_OUT,155,126172.2,0.0,0.0,280214.16,406386.36,0
7,PAYMENT,235,14603.9,85850.47,71246.57,0.0,0.0,0
7,PAYMENT,11,9014.4,11227.0,2212.6,0.0,0.0,0
7,CASH_OUT,139,129166.1,68903.1,0.0,1516079.48,1645245.58,0
7,CASH_IN,302,206089.41,121705.0,327794.41,352079.64,145990.22,0
7,CASH_IN,323,203637.04,16475201.28,16678838.33,2195485.68,1991848.64,0
7,CASH_IN,345,8292.59,4906757.05,4915049.64,173546.36,165253.76,0
7,TRANSFER,304,10000000.0,0.0,0.0,20004925.6,31891710.39,0
7,PAYMENT,310,8470.91,40318.0,31847.09,0.0,0.0,0
7,CASH_OUT,373,73907.58,0.0,0.0,195245.94,269153.52,0
7,CASH_OUT,378,76891.72,32676.0,0.0,62070.17,138961.9,0
7,CASH_OUT,187,8033.55,0.0,0.0,280400.31,288433.86,0
7,CASH_OUT,207,241471.18,0.0,0.0,4873519.08,5114990.26,0
7,PAYMENT,21,4998.79,1247.0,0.0,0.0,0.0,0
7,CASH_OUT,206,361746.54,10047.0,0.0,92750.07,454496.62,0
7,CASH_OUT,140,104691.22,0.0,0.0,2935689.59,3106443.44,0
7,TRANSFER,212,368849.19,130481.0,0.0,0.0,368849.19,0
7,DEBIT,13,5725.68,0.0,0.0,22741.0,28466.67,0
7,CASH_OUT,527,302667.82,0.0,0.0,1824237.44,2126905.27,0
7,CASH_OUT,325,45631.77,0.0,0.0,117293.55,162925.32,0
7,PAYMENT,18,26680.99,76865.0,50184.01,0.0,0.0,0
7,PAYMENT,396,8423.83,0.0,0.0,0.0,0.0,0
7,CASH_OUT,325,409846.6,198249.0,0.0,1104291.74,1514138.34,0
7,PAYMENT,250,7153.55,881.0,0.0,0.0,0.0,0
7,PAYMENT,377,9848.94,40489.0,30640.06,0.0,0.0,0
7,PAYMENT,206,6754.3,30265.0,23510.7,0.0,0.0,0
7,PAYMENT,139,6836.56,49618.0,42781.44,0.0,0.0,0
7,CASH_IN,402,252744.14,10466.0,263210.14,3767323.13,3514578.99,0
7,CASH_OUT,355,208695.83,0.0,0.0,988655.14,1197350.97,0
7,PAYMENT,132,41272.23,0.0,0.0,0.0,0.0,0
7,CASH_OUT,37,66386.29,0.0,0.0,1053330.15,1119716.44,0
7,CASH_OUT,522,66155.58,15746.0,0.0,101120.06,167275.64,0
7,CASH_IN,321,314455.27,4552222.6,4866677.87,683291.09,368835.82,0
7,PAYMENT,226,18318.14,7597.0,0.0,0.0,0.0,0
7,CASH_OUT,137,83478.12,0.0,0.0,1463675.2,1547153.32,0
7,CASH_OUT,185,285504.81,250942.0,0.0,0.0,285504.81,0
7,CASH_OUT,322,354168.09,45177.0,0.0,229404.2,583572.29,0
7,PAYMENT,573,8631.89,0.0,0.0,0.0,0.0,0
7,CASH_IN,230,270013.9,10742065.38,11012079.28,10002876.18,9732862.28,0
7,CASH_OUT,133,49926.53,80588.0,30661.47,36148.46,86075.0,0
7,CASH_OUT,204,112037.7,249451.0,137413.3,376734.96,488772.66,0
7,PAYMENT,403,13917.35,14790.0,872.65,0.0,0.0,0
7,CASH_OUT,22,61221.46,0.0,0.0,3126316.52,3187537.98,0
7,CASH_OUT,660,6749.18,6749.18,0.0,136928.04,143677.22,1
7,CASH_OUT,444,440581.15,440581.15,0.0,164645.25,605226.4,1
7,PAYMENT,349,48329.07,902709.0,854379.93,0.0,0.0,0
7,CASH_IN,348,7609.87,10991.0,18600.87,2119954.21,2112344.34,0
7,TRANSFER,302,243774.01,529.0,0.0,0.0,243774.01,0
7,PAYMENT,298,14171.94,0.0,0.0,0.0,0.0,0
7,CASH_OUT,351,156912.06,0.0,0.0,12480818.39,12637730.45,0
7,CASH_IN,227,162162.6,11152533.58,11314696.18,753322.1,591159.5,0
7,TRANSFER,621,2060748.45,2060748.45,0.0,0.0,0.0,1
7,PAYMENT,208,9313.39,20826.0,11512.61,0.0,0.0,0
7,CASH_OUT,429,315712.36,315712.36,0.0,733325.51,1049037.87,1
7,PAYMENT,157,6906.98,0.0,0.0,0.0,0.0,0
7,CASH_IN,179,202836.89,863585.66,1066422.55,227700.15,24863.25,0
7,CASH_OUT,226,22571.67,19795.0,0.0,185183.82,207755.49,0
7,PAYMENT,249,29169.67,0.0,0.0,0.0,0.0,0
7,PAYMENT,351,31015.96,0.0,0.0,0.0,0.0,0
7,TRANSFER,292,362335.05,362335.05,0.0,0.0,0.0,1
7,CASH_IN,33,87611.25,568073.93,655685.18,105597.03,17985.78,0
7,CASH_IN,182,88608.62,6493763.6,6582372.22,1666681.47,1578072.84,0
7,CASH_IN,308,67864.16,9539.0,77403.16,61008.59,0.0,0
7,TRANSFER,35,171788.82,171788.82,0.0,0.0,0.0,1
7,CASH_OUT,322,290226.92,0.0,0.0,7092330.97,7382557.89,0
7,CASH_IN,405,132018.42,8285889.03,8417907.46,1825877.45,1693859.02,0
7,DEBIT,158,1545.13,22405.0,20859.87,114072.44,115617.58,0
7,CASH_OUT,233,329307.69,10358.0,0.0,0.0,329307.69,0
7,CASH_OUT,324,26416.49,0.0,0.0,76301.07,102717.56,0
7,CASH_OUT,339,1532281.61,1532281.61,0.0,0.0,1532281.61,1
7,CASH_OUT,333,261504.44,2064.0,0.0,129805.32,391309.77,0
7,CASH_OUT,232,90295.18,44500.22,0.0,2090671.87,2180967.04,0
7,PAYMENT,41,4147.1,0.0,0.0,0.0,0.0,0
7,CASH_OUT,524,201261.74,0.0,0.0,502110.58,703372.33,0
7,CASH_OUT,284,463381.46,0.0,0.0,621153.02,705776.11,0
7,CASH_IN,231,261877.19,7596.0,269473.19,1126627.7,864750.51,0
7,CASH_OUT,329,33513.46,0.0,0.0,603473.23,636986.69,0
7,CASH_OUT,372,145175.79,0.0,0.0,309551.18,454726.97,0
7,PAYMENT,19,1285.81,0.0,0.0,0.0,0.0,0
7,TRANSFER,544,1075682.56,0.0,0.0,3535163.56,4610846.12,0
7,CASH_IN,328,95057.42,7498887.49,7593944.9,734599.68,639542.26,0
7,TRANSFER,401,125822.44,125822.44,0.0,0.0,0.0,1
7,TRANSFER,205,156912.75,0.0,0.0,9297829.74,9454742.49,0
7,PAYMENT,258,10758.62,15340.0,4581.38,0.0,0.0,0
7,CASH_IN,184,292725.93,9000.0,301725.93,1339497.17,1046771.25,0
7,PAYMENT,333,17673.65,0.0,0.0,0.0,0.0,0
7,PAYMENT,571,3154.97,0.0,0.0,0.0,0.0,0
7,PAYMENT,274,48.61,3288.0,3239.39,0.0,0.0,0
7,CASH_OUT,40,230166.39,10635.0,0.0,62907.54,293073.92,0
7,CASH_IN,403,74553.07,83092.83,157645.9,678530.24,603977.16,0
7,TRANSFER,136,1462928.73,42511.0,0.0,10238784.99,11958814.02,0
7,CASH_OUT,231,307425.57,0.0,0.0,1190861.06,1498286.63,0
7,CASH_IN,302,266331.43,77262.0,343593.43,182460.3,0.0,0
7,CASH_OUT,156,161567.63,0.0,0.0,440147.84,601715.47,0
7,CASH_OUT,38,438173.62,43423.0,0.0,876471.58,1314645.2,0
7,CASH_OUT,16,190874.26,6098.0,0.0,0.0,190874.26,0
7,PAYMENT,300,3080.39,0.0,0.0,0.0,0.0,0
7,CASH_OUT,233,56734.55,0.0,0.0,1826925.24,1883659.79,0
7,PAYMENT,132,29769.32,147388.55,117619.23,0.0,0.0,0
7,CASH_OUT,644,50618.97,231031.0,180412.03,153637.25,204256.22,0
7,PAYMENT,540,15251.41,35887.0,20635.59,0.0,0.0,0
7,DEBIT,120,10035.97,40789.0,30753.03,1052477.05,1062513.02,0
7,PAYMENT,22,17871.23,0.0,0.0,0.0,0.0,0
7,CASH_IN,300,44063.2,1805047.52,1849110.72,22143531.73,22099468.53,0
7,CASH_OUT,375,470411.94,0.0,0.0,3407614.48,3878026.42,0
7,PAYMENT,121,6902.41,284435.0,277532.59,0.0,0.0,0
7,CASH_OUT,297,2131624.18,2131624.18,0.0,227891.76,2359515.95,1
7,CASH_OUT,373,141349.76,0.0,0.0,6174666.62,7324985.22,0
7,TRANSFER,185,830495.23,830495.23,0.0,0.0,0.0,1
7,CASH_OUT,273,58679.77,116137.0,57457.23,261384.35,320064.11,0
7,CASH_OUT,144,2120266.89,2120266.89,0.0,4076539.19,6196806.08,1
7,CASH_OUT,160,183568.68,106423.0,0.0,631099.17,814667.85,0
7,CASH_OUT,10,93810.76,93810.76,0.0,4096048.05,4189858.81,1
7,CASH_IN,385,132977.41,2191959.26,2324936.67,237615.45,104638.04,0
7,CASH_IN,259,344635.15,22757101.66,23101736.82,1226732.86,882097.7,0
7,CASH_OUT,734,1810044.85,1810044.85,0.0,1005720.69,2815765.54,1
7,CASH_OUT,378,169589.92,106436.0,0.0,45841.66,215431.58,0
7,PAYMENT,311,1016.02,392.0,0.0,0.0,0.0,0
7,TRANSFER,159,301193.32,301193.32,0.0,0.0,0.0,1
7,CASH_OUT,159,33466.23,0.0,0.0,132075.48,165541.71,0
7,CASH_OUT,16,54674.67,0.0,0.0,860784.47,915459.15,0
7,TRANSFER,403,604907.34,0.0,0.0,849197.76,1454105.1,0
7,CASH_IN,298,19280.71,399031.0,418311.71,83751.08,64470.37,0
7,CASH_OUT,40,283455.62,59136.0,0.0,3063168.85,3346624.47,0
7,TRANSFER,140,124.88,0.0,0.0,1163496.11,1163620.99,0
7,CASH_IN,186,206368.21,8825.0,215193.21,0.0,0.0,0
7,CASH_OUT,378,121812.04,20929.0,0.0,330686.49,452498.53,0
7,PAYMENT,692,19615.22,13068.0,0.0,0.0,0.0,0
7,CASH_OUT,325,58863.99,35043.0,0.0,54716.86,113580.85,0
7,CASH_IN,525,612822.44,5499955.24,6112777.68,1488989.3,876166.86,0
7,PAYMENT,260,8690.42,19907.0,11216.58,0.0,0.0,0
7,PAYMENT,34,9914.98,0.0,0.0,0.0,0.0,0
7,PAYMENT,250,8240.06,100488.0,92247.94,0.0,0.0,0
7,CASH_IN,397,350916.85,5108909.16,5459826.01,715166.78,364249.93,0
7,CASH_OUT,163,116167.17,0.0,0.0,3811262.3,3927429.47,0
7,TRANSFER,317,5741.05,5741.05,0.0,0.0,0.0,1
7,TRANSFER,694,10000000.0,18980853.88,8980853.88,0.0,0.0,1
7,CASH_OUT,303,786480.78,786480.78,0.0,1590386.44,2376867.23,1
7,CASH_IN,400,375644.11,9404987.53,9780631.65,2140905.24,1765261.12,0
7,TRANSFER,450,1463764.35,1463764.35,0.0,0.0,0.0,1
7,PAYMENT,375,16420.88,214434.51,198013.63,0.0,0.0,0
7,PAYMENT,204,5410.08,15813.0,10402.92,0.0,0.0,0
7,TRANSFER,11,3811.34,0.0,0.0,0.0,3811.34,0
7,CASH_OUT,401,382533.5,69610.0,0.0,0.0,382533.5,0
7,PAYMENT,11,14848.09,0.0,0.0,0.0,0.0,0
7,PAYMENT,399,51149.33,30056.0,0.0,0.0,0.0,0
7,CASH_OUT,283,93742.1,1996.0,0.0,49616.16,143358.26,0
7,PAYMENT,213,4539.43,0.0,0.0,0.0,0.0,0
7,PAYMENT,351,13065.61,0.0,0.0,0.0,0.0,0
7,PAYMENT,349,38770.36,29904.0,0.0,0.0,0.0,0
7,PAYMENT,215,16897.16,229487.33,212590.17,0.0,0.0,0
7,CASH_IN,276,27384.22,5279.0,32663.22,0.0,0.0,0
7,CASH_OUT,254,51500.55,0.0,0.0,402194.71,453695.26,0
7,PAYMENT,331,48.91,0.0,0.0,0.0,0.0,0
7,DEBIT,334,795.13,489138.0,488342.87,700953.97,701749.1,0
7,CASH_OUT,158,249033.09,0.0,0.0,1392444.51,1641477.59,0
7,PAYMENT,238,5620.75,11215.0,5594.25,0.0,0.0,0
7,CASH_IN,16,65787.94,7562748.97,7628536.91,2116167.6,2333066.54,0
7,CASH_OUT,331,104097.09,6073.0,0.0,262437.07,366534.16,0
7,CASH_OUT,380,186608.93,50984.0,0.0,0.0,186608.93,0
7,PAYMENT,17,12526.65,33236.0,20709.35,0.0,0.0,0
7,PAYMENT,370,17055.02,44188.0,27132.98,0.0,0.0,0
7,CASH_IN,259,70560.08,6104011.62,6174571.7,488874.37,418314.29,0
7,CASH_OUT,137,296718.46,0.0,0.0,654201.84,950920.3,0
7,TRANSFER,225,84703.87,84703.87,0.0,0.0,0.0,1
7,CASH_IN,181,212851.17,3648021.29,3860872.46,723662.94,510811.77,0
7,CASH_IN,15,372155.3,560063.34,932218.64,1973178.27,1601022.97,0
7,PAYMENT,205,13.71,0.0,0.0,0.0,0.0,0
7,CASH_OUT,433,1191183.65,1191183.65,0.0,0.0,1191183.65,1
7,CASH_IN,691,112368.68,1966895.29,2079263.97,826410.29,714041.61,0
7,PAYMENT,188,7584.1,100185.0,92600.9,0.0,0.0,0
7,CASH_OUT,504,138048.52,138048.52,0.0,0.0,138048.52,1
7,CASH_IN,256,223966.61,6911168.35,7135134.96,454266.0,230299.39,0
7,TRANSFER,11,1504521.82,3582.0,0.0,453618.07,3426464.19,0
7,PAYMENT,397,19229.78,262767.0,243537.22,0.0,0.0,0
7,PAYMENT,159,24047.89,296263.73,272215.84,0.0,0.0,0
7,CASH_IN,40,104182.68,64112.0,168294.68,739242.19,635059.51,0
7,PAYMENT,321,9944.56,4211.88,0.0,0.0,0.0,0
7,CASH_OUT,399,263161.76,159420.0,0.0,6380107.37,6643269.13,0
7,PAYMENT,10,16274.76,0.0,0.0,0.0,0.0,0
7,PAYMENT,286,1145.63,5683.0,4537.37,0.0,0.0,0
7,PAYMENT,138,25811.82,572781.05,546969.24,0.0,0.0,0
7,CASH_OUT,138,57247.14,0.0,0.0,6933809.57,6987780.71,0
7,PAYMENT,204,8287.33,125.0,0.0,0.0,0.0,0
7,PAYMENT,13,23526.58,0.0,0.0,0.0,0.0,0
7,PAYMENT,19,8255.25,111943.37,103688.12,0.0,0.0,0
7,PAYMENT,323,9500.68,2046.0,0.0,0.0,0.0,0
7,PAYMENT,237,12606.9,414951.0,402344.1,0.0,0.0,0
7,CASH_OUT,231,188281.12,0.0,0.0,1863241.24,2051522.36,0
7,CASH_IN,181,74602.66,4233501.09,4308103.75,1545174.37,1470571.71,0
7,TRANSFER,216,36300.25,36300.25,0.0,0.0,0.0,1
7,CASH_IN,357,228349.81,3888392.73,4116742.55,525467.11,297117.3,0
7,PAYMENT,405,43034.14,50463.14,7429.0,0.0,0.0,0
7,PAYMENT,601,3053.23,64627.0,61573.77,0.0,0.0,0
7,PAYMENT,231,17970.7,52777.0,34806.3,0.0,0.0,0
7,CASH_OUT,374,21523.4,135171.0,113647.6,1679250.74,1700774.14,0
7,CASH_OUT,9,272553.41,0.0,0.0,2478748.89,3348485.16,0
7,CASH_OUT,12,80653.19,0.0,0.0,356158.45,436811.65,0
7,TRANSFER,349,14279.89,14279.89,0.0,0.0,0.0,1
7,CASH_IN,12,40977.38,18533062.72,18574040.1,53728.0,302390.13,0
7,CASH_IN,354,130651.12,408549.6,539200.73,2028632.28,1897981.16,0
7,CASH_OUT,304,93523.5,0.0,0.0,1030822.84,1124346.34,0
7,TRANSFER,17,1443053.63,0.0,0.0,3645134.3,5226765.18,0
7,CASH_OUT,583,1583.28,1583.28,0.0,826666.86,828250.14,1
7,CASH_OUT,236,28072.51,0.0,0.0,745645.12,773717.63,0
7,CASH_OUT,164,72168.26,10819.0,0.0,0.0,72168.26,0
7,CASH_OUT,235,42135.47,99386.0,57250.53,703.19,42838.66,0
7,CASH_IN,203,157864.94,1245647.64,1403512.58,199752.92,41887.98,0
7,CASH_IN,39,197270.28,699985.68,897255.96,2376019.27,2079560.54,0
7,PAYMENT,359,3456.25,30262.0,26805.75,0.0,0.0,0
7,CASH_OUT,232,115999.31,0.0,0.0,748376.84,864376.15,0
7,CASH_OUT,36,304344.59,0.0,0.0,568505.55,872850.14,0
7,PAYMENT,403,5279.4,51592.0,46312.6,0.0,0.0,0
7,CASH_IN,255,463876.51,6606416.94,7070293.46,1607318.72,1143442.21,0
7,CASH_OUT,400,326993.35,0.0,0.0,4938348.81,5265342.17,0
7,CASH_IN,239,198911.75,2219365.6,2418277.35,5478444.28,5279532.53,0
7,TRANSFER,232,570135.07,570135.07,0.0,0.0,0.0,1
7,CASH_OUT,278,520508.07,0.0,0.0,930091.78,1450599.85,0
7,TRANSFER,321,5164936.45,0.0,0.0,12142357.45,17307293.9,0
7,PAYMENT,19,8389.4,0.0,0.0,0.0,0.0,0
7,PAYMENT,134,17189.14,43625.0,26435.86,0.0,0.0,0
7,PAYMENT,284,8802.09,31213.0,22410.91,0.0,0.0,0
7,CASH_IN,355,442213.76,10132123.95,10574337.7,2634030.08,2191816.32,0
7,PAYMENT,230,27819.9,63398.0,35578.1,0.0,0.0,0
7,CASH_IN,326,298584.47,3859026.01,4157610.47,2078377.48,1779793.02,0
7,TRANSFER,378,403721.86,7056.0,0.0,11535584.51,12365932.32,0
7,CASH_OUT,201,298320.0,10096.0,0.0,3074.77,301394.77,0
7,PAYMENT,354,35108.35,26348.0,0.0,0.0,0.0,0
7,TRANSFER,264,670217.01,0.0,0.0,1543444.11,2213661.12,0
7,PAYMENT,48,6035.91,72011.0,65975.09,0.0,0.0,0
7,PAYMENT,405,30568.04,15918.0,0.0,0.0,0.0,0
7,CASH_IN,42,4535.73,32340.0,36875.73,453808.8,449273.07,0
7,CASH_OUT,17,1639676.27,1639676.27,0.0,448954.92,2198318.48,1
7,CASH_OUT,351,109713.91,371.0,0.0,166546.04,276259.96,0
7,TRANSFER,160,326377.78,10651.0,0.0,0.0,326377.78,0
7,TRANSFER,741,144945.34,144945.34,0.0,0.0,0.0,1
7,CASH_IN,158,112622.35,21133.0,133755.35,68734.54,0.0,0
7,CASH_IN,186,58584.97,1601483.09,1660068.06,14439046.67,14380461.69,0
7,PAYMENT,188,10903.87,47376.04,36472.17,0.0,0.0,0
7,CASH_IN,20,294750.63,1201427.17,1496177.8,1484196.39,1189445.77,0
7,CASH_IN,42,13653.59,776739.49,790393.07,2298871.64,2404353.57,0
7,PAYMENT,155,2245.25,0.0,0.0,0.0,0.0,0
7,PAYMENT,179,21437.07,138370.3,116933.23,0.0,0.0,0
7,PAYMENT,266,550.75,3888.97,3338.22,0.0,0.0,0
7,TRANSFER,139,1330888.11,35041.0,0.0,837960.69,2168848.8,0
7,PAYMENT,17,5043.14,0.0,0.0,0.0,0.0,0
7,CASH_OUT,397,126320.33,0.0,0.0,2110892.57,2856318.13,0
7,PAYMENT,479,3264.81,36322.0,33057.19,0.0,0.0,0
7,PAYMENT,259,1355.69,0.0,0.0,0.0,0.0,0
7,CASH_OUT,15,34765.69,12092.0,0.0,3741817.16,3776582.86,0
7,CASH_OUT,212,6888.11,351325.0,344436.89,438779.03,445667.14,0
7,PAYMENT,297,10066.97,173040.34,162973.37,0.0,0.0,0
7,PAYMENT,274,2329.4,239847.0,237517.6,0.0,0.0,0
7,PAYMENT,691,19260.62,0.0,0.0,0.0,0.0,0
7,CASH_OUT,15,344567.73,254302.45,0.0,0.0,344567.73,0
7,TRANSFER,683,487306.83,0.0,0.0,2044555.55,2531862.39,0
7,TRANSFER,355,852494.96,2098.0,0.0,1082267.72,1934762.68,0
7,PAYMENT,133,5099.2,40550.3,35451.1,0.0,0.0,0
7,CASH_IN,377,373218.94,110721.0,483939.94,72622.0,0.0,0
7,CASH_IN,10,492005.08,181632.23,673637.32,1173820.61,1123573.33,0
7,CASH_IN,134,192567.35,16756236.64,16948803.99,2444405.09,2251837.74,0
7,CASH_OUT,349,84189.03,0.0,0.0,707399.54,791588.57,0
7,PAYMENT,188,9405.28,21022.0,11616.72,0.0,0.0,0
7,CASH_OUT,370,69419.13,8798.0,0.0,3450716.61,3520135.74,0
7,TRANSFER,330,1059409.46,5009.0,0.0,14147652.54,15207062.0,0
7,TRANSFER,334,368448.24,0.0,0.0,874779.57,1243227.81,0
7,TRANSFER,36,950273.05,558.0,0.0,1240084.89,2190357.94,0
7,CASH_IN,181,71981.11,190.0,72171.11,154180.79,82199.69,0
7,CASH_OUT,546,110503.96,104.0,0.0,0.0,110503.96,0
7,CASH_IN,346,169634.07,10310.0,179944.07,278790.58,109156.52,0
7,PAYMENT,210,31358.67,0.0,0.0,0.0,0.0,0
7,CASH_IN,299,80971.13,1530934.04,1611905.18,324084.53,243113.4,0
7,CASH_OUT,343,802417.45,802417.45,0.0,49645.31,852062.77,1
7,CASH_OUT,283,37530.45,0.0,0.0,162617.08,200147.52,0
7,CASH_OUT,254,121639.51,47118.0,0.0,0.0,121639.51,0
7,PAYMENT,378,869.19,71325.0,70455.81,0.0,0.0,0
7,PAYMENT,190,4950.37,25759.0,20808.63,0.0,0.0,0
7,TRANSFER,326,841702.64,16818.0,0.0,2691593.46,3533296.09,0
7,CASH_IN,230,25692.36,4523760.7,4549453.06,35049.58,9357.22,0
7,CASH_OUT,250,280707.74,0.0,0.0,3201915.0,3482622.74,0
7,CASH_OUT,250,43330.85,47004.0,3673.15,30261.15,73592.0,0
7,CASH_OUT,305,173802.26,17386.0,0.0,0.0,173802.26,0
7,CASH_OUT,212,88902.05,20260.0,0.0,0.0,88902.05,0
7,PAYMENT,257,3027.01,261.0,0.0,0.0,0.0,0
7,PAYMENT,282,5693.48,0.0,0.0,0.0,0.0,0
7,PAYMENT,226,5788.25,0.0,0.0,0.0,0.0,0
7,CASH_IN,182,54399.63,3438290.43,3492690.06,1376642.6,1322242.98,0
7,PAYMENT,158,3474.57,81146.0,77671.43,0.0,0.0,0
7,PAYMENT,259,6243.23,0.0,0.0,0.0,0.0,0
7,PAYMENT,283,12523.97,36995.0,24471.03,0.0,0.0,0
7,PAYMENT,44,2436.44,52301.0,49864.56,0.0,0.0,0
7,CASH_OUT,694,34638.87,0.0,0.0,309842.23,344481.1,0
7,PAYMENT,15,19705.18,21405.0,1699.82,0.0,0.0,0
7,CASH_OUT,42,76784.7,0.0,0.0,411334.41,488119.12,0
7,CASH_OUT,211,67763.76,195370.0,127606.24,1218065.28,1285829.04,0
7,PAYMENT,353,24223.62,0.0,0.0,0.0,0.0,0
7,CASH_IN,46,136085.21,2687900.73,2823985.94,757864.8,621779.59,0
7,CASH_IN,373,95985.83,3768165.32,3864151.15,818204.41,722218.59,0
7,CASH_IN,349,366930.47,1968388.41,2335318.89,560657.16,193726.68,0
7,CASH_IN,40,103022.85,182.0,103204.85,409491.56,306468.71,0
7,TRANSFER,191,246576.04,732.0,0.0,322903.42,569479.46,0
7,CASH_OUT,187,41531.79,0.0,0.0,686668.57,728200.36,0
7,CASH_OUT,256,168536.5,104654.0,0.0,554607.29,723143.79,0
7,CASH_OUT,234,346540.12,0.0,0.0,3314252.92,3660793.04,0
7,DEBIT,181,615.78,0.0,0.0,66308.88,66924.66,0
7,CASH_OUT,457,145482.09,145482.09,0.0,1686412.37,1831894.45,1
7,CASH_IN,208,172760.88,901.0,173661.88,3654105.94,3481345.06,0
7,CASH_OUT,163,106026.78,0.0,0.0,596410.3,702437.08,0
7,CASH_OUT,298,240459.56,346.0,0.0,919665.7,1160125.27,0
7,PAYMENT,16,28715.59,95363.01,66647.42,0.0,0.0,0
7,CASH_OUT,397,111582.46,0.0,0.0,1227039.38,1338621.84,0
7,PAYMENT,162,3614.07,411.49,0.0,0.0,0.0,0
7,CASH_IN,378,91112.07,133.0,91245.07,0.0,0.0,0
7,CASH_IN,326,93203.65,7065772.04,7158975.69,1170725.69,1077522.04,0
7,CASH_OUT,323,243951.43,0.0,0.0,8006387.8,8250339.23,0
7,CASH_OUT,348,258927.3,0.0,0.0,546549.79,805477.09,0
7,TRANSFER,231,400758.85,400758.85,0.0,0.0,0.0,1
7,PAYMENT,15,15031.43,0.0,0.0,0.0,0.0,0
7,TRANSFER,302,1403662.34,0.0,0.0,1875178.07,3278840.41,0
7,CASH_OUT,76,2066446.27,2066446.27,0.0,423086.94,2489533.21,1
7,CASH_IN,522,118224.28,10322258.36,10440482.64,470556.23,352331.95,0
7,CASH_OUT,326,267135.63,38770.61,0.0,1347692.44,1614828.07,0
7,CASH_IN,350,100678.46,183.0,100861.46,50153735.31,50053056.85,0
7,PAYMENT,10,585.1,0.0,0.0,0.0,0.0,0
7,TRANSFER,42,410898.61,502094.0,91195.39,26560.26,437458.88,0
7,CASH_OUT,403,189662.76,9983.0,0.0,92941.11,282603.87,0
7,PAYMENT,354,3550.29,0.0,0.0,0.0,0.0,0
7,CASH_OUT,286,2950.63,0.0,0.0,533515.34,536465.97,0
7,CASH_OUT,205,2489.45,0.0,0.0,1021807.96,1024297.42,0
7,TRANSFER,203,522451.83,52951.0,0.0,322492.91,844944.74,0
7,CASH_OUT,298,389918.05,0.0,0.0,2340093.68,2730011.74,0
7,PAYMENT,38,8569.84,262085.7,253515.86,0.0,0.0,0
7,CASH_OUT,187,2044841.02,2044841.02,0.0,397169.1,2442010.12,1
7,PAYMENT,203,30434.82,30111.0,0.0,0.0,0.0,0
7,CASH_OUT,8,226881.57,0.0,0.0,472254.85,637316.24,0
7,TRANSFER,57,157610.11,157610.11,0.0,0.0,0.0,1
7,TRANSFER,325,2810767.11,6004.0,0.0,255526.52,3066293.63,0
7,PAYMENT,297,19331.39,10643.0,0.0,0.0,0.0,0
7,CASH_OUT,380,188676.56,38993.0,0.0,19656.62,208333.19,0
7,PAYMENT,401,10112.87,52575.0,42462.13,0.0,0.0,0
7,CASH_OUT,383,4104942.7,4104942.7,0.0,131668.24,4236610.94,1
7,CASH_OUT,18,212259.26,0.0,0.0,787073.96,999333.22,0
7,TRANSFER,185,511376.19,0.0,0.0,1343630.26,1855006.45,0
7,CASH_IN,252,309732.27,1221181.68,1530913.95,730794.42,421062.15,0
7,CASH_OUT,164,147474.42,0.0,0.0,495918.45,792213.43,0
7,PAYMENT,40,36014.92,1712.0,0.0,0.0,0.0,0
7,CASH_OUT,276,166748.64,0.0,0.0,645265.13,812013.77,0
7,CASH_OUT,46,42161.4,282416.0,240254.6,771300.88,813462.28,0
7,PAYMENT,306,10711.81,293971.29,283259.47,0.0,0.0,0
7,PAYMENT,35,4945.76,0.0,0.0,0.0,0.0,0
7,TRANSFER,456,4017972.88,4017972.88,0.0,0.0,0.0,1
7,CASH_OUT,688,188245.03,0.0,0.0,212201.66,400446.7,0
7,CASH_OUT,370,160505.16,0.0,0.0,936553.0,1097058.17,0
7,CASH_OUT,184,157134.7,302874.0,145739.3,0.0,157134.7,0
7,CASH_OUT,259,8274020.94,8274020.94,0.0,0.0,8274020.94,1
7,PAYMENT,250,2589.04,0.0,0.0,0.0,0.0,0
7,CASH_OUT,231,8581.58,0.0,0.0,616862.14,625443.73,0
7,CASH_OUT,13,265452.45,22413.0,0.0,12455.0,277907.45,0
7,PAYMENT,349,5046.16,0.0,0.0,0.0,0.0,0
7,CASH_IN,155,139405.33,389.0,139794.33,985664.51,846259.18,0
8,CASH_OUT,283,34256.48,133571.61,99315.13,312543.67,346800.15,0
8,PAYMENT,207,14979.56,294.0,0.0,0.0,0.0,0
8,PAYMENT,212,2156.24,0.0,0.0,0.0,0.0,0
8,TRANSFER,742,4009058.39,4009058.39,0.0,0.0,0.0,1
8,CASH_OUT,13,95147.46,352642.59,257495.13,555758.04,1066437.54,0
8,CASH_OUT,379,53178.86,39874.0,0.0,378861.92,432040.78,0
8,CASH_OUT,324,60370.37,0.0,0.0,157817.88,218188.25,0
8,PAYMENT,162,4852.27,0.0,0.0,0.0,0.0,0
8,PAYMENT,548,10619.67,192636.0,182016.33,0.0,0.0,0
8,PAYMENT,327,4538.93,0.0,0.0,0.0,0.0,0
8,TRANSFER,47,243028.65,243028.65,0.0,0.0,0.0,1
8,PAYMENT,303,23066.34,4360.0,0.0,0.0,0.0,0
8,PAYMENT,690,39826.51,0.0,0.0,0.0,0.0,0
8,CASH_IN,42,164483.22,6618967.08,6783450.3,996375.04,831891.82,0
8,PAYMENT,684,294.54,49811.0,49516.46,0.0,0.0,0
8,CASH_IN,228,206223.54,5308702.78,5514926.31,1154299.85,948076.31,0
8,PAYMENT,164,2340.51,40703.0,38362.49,0.0,0.0,0
8,CASH_IN,330,245852.53,3256875.7,3502728.23,2452311.27,2206458.74,0
8,CASH_OUT,402,31595.35,850.0,0.0,0.0,31595.35,0
8,PAYMENT,308,5356.47,76596.0,71239.53,0.0,0.0,0
8,CASH_OUT,187,107384.84,192646.0,85261.16,0.0,107384.84,0
8,PAYMENT,16,12790.61,1257.0,0.0,0.0,0.0,0
8,CASH_OUT,522,303887.33,0.0,0.0,1462276.15,1766163.47,0
8,CASH_IN,253,92247.24,5738061.32,5830308.55,2632530.37,2540283.13,0
8,PAYMENT,206,25889.26,15197.7,0.0,0.0,0.0,0
8,PAYMENT,520,4868.98,104364.0,99495.02,0.0,0.0,0
8,CASH_OUT,21,104894.57,7025.0,0.0,731631.55,962400.31,0
8,TRANSFER,164,125798.72,0.0,0.0,165169.04,290967.75,0
8,PAYMENT,348,51104.18,261308.12,210203.94,0.0,0.0,0
8,CASH_OUT,541,2629417.41,2629417.41,0.0,0.0,2629417.41,1
8,CASH_IN,206,68519.11,132110.0,200629.11,76208.64,7689.53,0
8,CASH_OUT,379,233332.49,227334.0,0.0,4157152.35,4390484.84,0
8,PAYMENT,299,38977.31,211.0,0.0,0.0,0.0,0
8,PAYMENT,135,8816.22,0.0,0.0,0.0,0.0,0
8,TRANSFER,236,979731.41,0.0,0.0,3147154.68,4126886.09,0
8,CASH_IN,300,470216.02,2039.0,472255.02,0.0,0.0,0
8,PAYMENT,324,1156.32,0.0,0.0,0.0,0.0,0
8,CASH_OUT,323,33137.0,21983.0,0.0,478409.93,511546.93,0
8,PAYMENT,322,41796.82,0.0,0.0,0.0,0.0,0
8,CASH_OUT,139,118665.59,0.0,0.0,921314.34,1039979.93,0
8,CASH_IN,140,40260.65,7075572.26,7115832.91,197450.09,157189.44,0
8,CASH_OUT,261,252929.77,0.0,0.0,271767.91,524697.68,0
8,CASH_OUT,185,400538.4,0.0,0.0,6612166.34,7012704.74,0
8,TRANSFER,252,118520.1,0.0,0.0,2088816.37,2207336.48,0
8,PAYMENT,256,968.19,0.0,0.0,0.0,0.0,0
8,PAYMENT,188,1249.04,22107.39,20858.36,0.0,0.0,0
8,PAYMENT,212,15551.83,0.0,0.0,0.0,0.0,0
8,PAYMENT,664,2634.05,185.0,0.0,0.0,0.0,0
8,CASH_OUT,621,2060748.45,2060748.45,0.0,0.0,2060748.45,1
8,CASH_IN,612,233268.37,30762.0,264030.37,1587836.64,1354568.27,0
8,PAYMENT,212,1583.35,22718.0,21134.65,0.0,0.0,0
8,TRANSFER,239,96729.33,22996.0,0.0,0.0,96729.33,0
8,PAYMENT,253,10875.17,0.0,0.0,0.0,0.0,0
8,PAYMENT,14,11708.24,0.0,0.0,0.0,0.0,0
8,PAYMENT,355,1341.34,118879.16,117537.82,0.0,0.0,0
8,CASH_IN,331,17245.53,702841.0,720086.53,336018.2,318772.67,0
8,CASH_IN,210,181906.59,3893610.18,4075516.77,1414371.39,2321121.37,0
8,PAYMENT,48,45095.74,6390.64,0.0,0.0,0.0,0
8,TRANSFER,374,324204.07,47299.0,0.0,0.0,324204.07,0
8,CASH_OUT,378,145057.01,531.0,0.0,10266749.15,10411806.17,0
8,CASH_IN,262,167350.47,6326148.59,6493499.07,9101504.85,8934154.38,0
8,PAYMENT,303,45893.74,12389.0,0.0,0.0,0.0,0
8,TRANSFER,462,102464.68,102464.68,0.0,0.0,0.0,1
8,CASH_OUT,369,120810.78,0.0,0.0,1696439.36,1817250.14,0
8,TRANSFER,184,230955.02,0.0,0.0,815509.73,1046464.75,0
8,CASH_IN,228,277592.4,1698.0,279290.4,37507.13,0.0,0
8,CASH_IN,373,245029.12,601907.0,846936.12,4620670.02,4375640.9,0
8,CASH_IN,230,46541.12,5055856.76,5102397.87,94900.05,48358.93,0
8,PAYMENT,9,31582.21,0.0,0.0,0.0,0.0,0
8,CASH_OUT,349,115437.2,0.0,0.0,1031745.82,1147183.02,0
8,PAYMENT,139,3098.99,326284.95,323185.97,0.0,0.0,0
8,TRANSFER,348,2312503.28,278776.0,0.0,338841.23,2651344.51,0
8,CASH_IN,44,266574.2,853536.38,1120110.58,323883.82,57309.62,0
8,TRANSFER,162,1156350.94,0.0,0.0,6057369.72,7413431.99,0
8,PAYMENT,162,40950.75,12310.0,0.0,0.0,0.0,0
8,PAYMENT,257,24906.22,161618.0,136711.78,0.0,0.0,0
8,CASH_OUT,36,128407.17,29233.0,0.0,2972725.43,3101132.6,0
8,PAYMENT,13,7198.65,111657.97,104459.32,0.0,0.0,0
8,CASH_OUT,578,4961014.03,4961014.03,0.0,21847.95,4982861.98,1
8,PAYMENT,180,20823.6,0.0,0.0,0.0,0.0,0
8,PAYMENT,39,7378.77,0.0,0.0,0.0,0.0,0
8,CASH_IN,321,48817.38,20806.0,69623.38,89628.47,40811.09,0
8,PAYMENT,373,20938.92,100760.0,79821.08,0.0,0.0,0
8,PAYMENT,354,23985.82,0.0,0.0,0.0,0.0,0
8,CASH_OUT,518,257191.36,66390.0,0.0,0.0,257191.36,0
8,CASH_IN,182,66839.27,13655737.21,13722576.47,3636773.74,3569934.47,0
8,PAYMENT,300,14976.34,0.0,0.0,0.0,0.0,0
8,TRANSFER,180,483334.09,0.0,0.0,660965.83,1144299.92,0
8,PAYMENT,404,11439.05,65167.0,53727.95,0.0,0.0,0
8,PAYMENT,46,304.49,111.0,0.0,0.0,0.0,0
8,CASH_OUT,161,125976.62,0.0,0.0,1330815.64,1456792.26,0
8,PAYMENT,399,12396.3,200859.97,188463.68,0.0,0.0,0
8,PAYMENT,299,27667.56,464683.96,437016.4,0.0,0.0,0
8,CASH_OUT,379,114209.28,0.0,0.0,878478.27,992687.55,0
8,CASH_OUT,373,82750.0,82750.0,0.0,0.0,82750.0,1
8,CASH_OUT,181,2645.67,0.0,0.0,1189295.16,1191940.83,0
8,CASH_IN,95,316774.91,5596491.9,5913266.82,973659.81,656884.9,0
8,CASH_IN,16,7516.4,4352559.44,4360075.84,333818.85,64206.89,0
8,CASH_OUT,400,114047.85,0.0,0.0,3717275.62,3831323.46,0
8,CASH_OUT,182,91273.73,324.0,0.0,193997.25,285270.98,0
8,CASH_OUT,691,121928.84,0.0,0.0,952267.14,1074195.97,0
8,CASH_OUT,544,88871.48,0.0,0.0,311187.88,400059.36,0
8,CASH_OUT,156,67827.49,0.0,0.0,71850.09,246168.34,0
8,CASH_OUT,143,3222396.0,3222396.0,0.0,112132.82,3334528.82,1
8,PAYMENT,42,9509.65,135920.78,126411.13,0.0,0.0,0
8,CASH_IN,253,9316.69,2625970.52,2635287.2,238689.51,229372.82,0
8,CASH_IN,373,38649.16,37983.0,76632.16,93893.73,55244.58,0
8,PAYMENT,20,1659.98,11559.0,9899.02,0.0,0.0,0
8,PAYMENT,210,8993.39,0.0,0.0,0.0,0.0,0
8,CASH_OUT,40,77231.2,316923.15,239691.95,172802.81,250034.01,0
8,CASH_OUT,353,42633.15,0.0,0.0,814476.91,857110.06,0
8,CASH_OUT,129,53650.07,497681.0,444030.93,3993858.44,4047508.51,0
8,PAYMENT,19,6064.99,20272.0,14207.01,0.0,0.0,0
8,CASH_OUT,202,242830.52,0.0,0.0,1344982.59,1587813.12,0
8,CASH_IN,205,73439.76,333607.54,407047.3,14234236.32,14160796.56,0
8,PAYMENT,38,11304.61,105781.0,94476.39,0.0,0.0,0
8,TRANSFER,280,258933.4,0.0,0.0,472517.93,731451.33,0
8,PAYMENT,201,865.29,117.0,0.0,0.0,0.0,0
8,CASH_OUT,275,121328.6,10027.0,0.0,28817.52,150146.12,0
8,PAYMENT,183,13533.12,0.0,0.0,0.0,0.0,0
8,CASH_IN,323,284515.72,11566.0,296081.72,12659785.23,12375269.51,0
8,CASH_OUT,399,257172.0,1419.0,0.0,150086.57,407258.57,0
8,PAYMENT,43,14332.59,305223.41,290890.81,0.0,0.0,0
8,PAYMENT,304,1009.65,0.0,0.0,0.0,0.0,0
8,CASH_IN,184,109748.33,2988003.65,3097751.98,445221.37,335473.04,0
8,CASH_OUT,179,152373.95,4237.0,0.0,7009.8,159383.76,0
8,PAYMENT,259,858.8,2301.0,1442.2,0.0,0.0,0
8,CASH_OUT,332,56919.7,0.0,0.0,1021585.69,1078505.39,0
8,TRANSFER,185,471450.19,0.0,0.0,2637792.66,3109242.84,0
8,CASH_OUT,139,61050.64,80967.0,19916.36,2137469.85,2198520.48,0
8,PAYMENT,673,29883.87,0.0,0.0,0.0,0.0,0
8,PAYMENT,330,1937.02,50047.0,48109.98,0.0,0.0,0
8,CASH_IN,330,142198.05,14642836.21,14785034.26,629681.33,487483.28,0
8,CASH_IN,393,356454.88,298563.0,655017.88,0.0,0.0,0
8,CASH_IN,357,106109.45,5086238.94,5192348.38,467394.11,361284.66,0
8,PAYMENT,227,5370.65,0.0,0.0,0.0,0.0,0
8,CASH_IN,310,41515.57,30059.0,71574.57,1805670.45,1764154.89,0
8,CASH_OUT,522,35173.19,148.0,0.0,179364.6,214537.79,0
8,CASH_OUT,41,174480.34,0.0,0.0,652528.45,827008.79,0
8,CASH_IN,205,129095.64,468843.33,597938.97,2405011.55,2275915.92,0
8,CASH_OUT,375,422659.38,11560.0,0.0,907018.13,1329677.51,0
8,PAYMENT,383,560.06,26649.0,26088.94,0.0,0.0,0
8,CASH_OUT,182,161065.59,0.0,0.0,3296915.76,3457981.35,0
8,CASH_OUT,373,389746.03,0.0,0.0,2831080.85,3220826.88,0
8,PAYMENT,303,6385.69,311805.0,305419.31,0.0,0.0,0
8,CASH_OUT,597,1015051.7,1015051.7,0.0,267402.3,1282454.0,1
8,CASH_OUT,348,527800.54,0.0,0.0,573605.29,1101405.83,0
8,CASH_IN,257,557838.41,11182.0,569020.41,267852.34,0.0,0
8,PAYMENT,204,5736.21,55747.0,50010.79,0.0,0.0,0
8,PAYMENT,235,12735.93,101946.0,89210.07,0.0,0.0,0
8,CASH_OUT,319,1033878.67,1033878.67,0.0,6177505.77,7211384.44,1
8,CASH_OUT,284,138059.46,28192.0,0.0,0.0,138059.46,0
8,TRANSFER,401,1271682.53,0.0,0.0,2452240.55,3723923.09,0
8,PAYMENT,664,3583.16,413575.18,409992.02,0.0,0.0,0
8,CASH_OUT,329,235884.5,0.0,0.0,1479577.99,1715462.49,0
8,CASH_OUT,324,26936.66,84487.37,57550.71,663422.33,690359.0,0
8,TRANSFER,353,1233542.48,1473161.23,239618.75,3659751.62,4893294.1,0
8,PAYMENT,254,4708.13,0.0,0.0,0.0,0.0,0
8,TRANSFER,85,1529614.71,1529614.71,0.0,0.0,0.0,1
8,CASH_OUT,130,277133.72,16107.0,0.0,1747255.95,2024389.66,0
8,PAYMENT,16,8156.39,258.08,0.0,0.0,0.0,0
8,PAYMENT,42,16917.45,1129.0,0.0,0.0,0.0,0
8,CASH_OUT,183,30623.21,107098.0,76474.79,0.0,30623.21,0
8,CASH_OUT,352,1962548.46,1962548.46,0.0,0.0,1962548.46,1
8,PAYMENT,11,840.88,272544.6,271703.72,0.0,0.0,0
8,CASH_IN,233,372490.98,10082.0,382572.98,725674.4,353183.41,0
8,CASH_OUT,186,10203.7,0.0,0.0,3517216.85,3527420.55,0
8,CASH_IN,225,211420.51,6799437.47,7010857.98,408343.68,196923.17,0
8,TRANSFER,372,689809.89,0.0,0.0,3040444.44,3730254.32,0
8,CASH_IN,203,43879.52,3365753.91,3409633.43,3368886.36,3325006.84,0
8,CASH_OUT,210,33122.75,10253.0,0.0,1136725.33,1293432.16,0
8,TRANSFER,134,1775570.02,0.0,0.0,6606120.95,8381690.96,0
8,PAYMENT,259,14449.06,213188.84,198739.79,0.0,0.0,0
8,CASH_IN,545,127785.44,6627.0,134412.44,0.0,0.0,0
8,CASH_OUT,403,99368.42,57205.68,0.0,231111.13,330479.55,0
8,CASH_OUT,21,52703.48,10716.0,0.0,0.0,52703.48,0
8,PAYMENT,234,19669.26,11067.0,0.0,0.0,0.0,0
8,PAYMENT,378,13189.52,0.0,0.0,0.0,0.0,0
8,CASH_OUT,353,195152.39,340656.0,145503.61,683868.8,879021.19,0
8,TRANSFER,305,10000000.0,59887.0,0.0,98744.41,16092895.16,0
8,CASH_IN,203,137498.85,1434182.25,1571681.11,360175.9,472684.27,0
8,CASH_OUT,379,92217.42,7547.04,0.0,128617.19,220834.61,0
8,CASH_IN,213,127984.67,21062.0,149046.67,159546.74,31562.07,0
8,TRANSFER,184,131002.54,21868.0,0.0,0.0,131002.54,0
8,PAYMENT,527,1895.39,51006.0,49110.61,0.0,0.0,0
8,PAYMENT,42,1570.06,522466.4,520896.34,0.0,0.0,0
8,DEBIT,298,2887.83,48979.0,46091.17,122077.18,124965.01,0
8,TRANSFER,708,1494146.93,1494146.93,0.0,0.0,0.0,1
8,PAYMENT,301,53111.01,0.0,0.0,0.0,0.0,0
8,CASH_OUT,93,3723738.06,3723738.06,0.0,3216391.21,6940129.27,1
8,PAYMENT,500,30563.17,24741.0,0.0,0.0,0.0,0
8,PAYMENT,214,15054.92,416.0,0.0,0.0,0.0,0
8,CASH_OUT,209,443372.03,0.0,0.0,5525871.57,5969243.61,0
8,PAYMENT,205,20379.14,0.0,0.0,0.0,0.0,0
8,PAYMENT,372,5385.44,32845.0,27459.56,0.0,0.0,0
8,PAYMENT,18,3828.94,0.0,0.0,0.0,0.0,0
8,CASH_OUT,155,170081.69,0.0,0.0,363758.58,533840.27,0
8,CASH_OUT,311,51659.08,57017.0,5357.92,0.0,51659.08,0
8,CASH_OUT,9,393577.78,274.0,0.0,962811.2,1356388.99,0
8,CASH_OUT,91,737285.03,737285.03,0.0,0.0,737285.03,1
8,PAYMENT,261,6617.95,79999.0,73381.05,0.0,0.0,0
8,CASH_OUT,10,46588.86,0.0,0.0,1492791.23,1499467.73,0
8,PAYMENT,233,11260.33,0.0,0.0,0.0,0.0,0
8,CASH_OUT,332,88271.3,100541.0,12269.7,40289.06,128560.36,0
8,CASH_OUT,37,557366.49,50161.0,0.0,0.0,557366.49,0
8,CASH_OUT,185,119872.77,0.0,0.0,468559.56,588432.34,0
8,CASH_OUT,237,74023.48,0.0,0.0,8466799.57,8696667.37,0
8,PAYMENT,255,9018.45,0.0,0.0,0.0,0.0,0
8,PAYMENT,13,2482.16,0.0,0.0,0.0,0.0,0
8,CASH_IN,235,229452.16,2952668.43,3182120.6,6238022.44,6008570.28,0
8,CASH_OUT,249,236687.76,433.0,0.0,470214.99,706902.75,0
8,TRANSFER,258,1031910.59,0.0,0.0,3462256.65,4494167.23,0
8,CASH_OUT,161,31883.48,27129.0,0.0,0.0,31883.48,0
8,CASH_OUT,129,189411.15,117983.52,0.0,516940.0,706351.14,0
8,CASH_IN,154,167858.79,5298.0,173156.79,436937.69,269078.9,0
8,CASH_OUT,209,103328.34,0.0,0.0,368738.95,472067.29,0
8,CASH_OUT,346,60536.93,0.0,0.0,187047.15,247584.07,0
8,PAYMENT,659,18474.47,6906.95,0.0,0.0,0.0,0
8,CASH_OUT,17,218648.65,106728.0,0.0,677472.26,896120.91,0
8,CASH_IN,306,32578.65,19982.0,52560.65,421414.77,388836.13,0
8,CASH_OUT,387,10000000.0,10000000.0,0.0,0.0,10000000.0,1
8,CASH_IN,289,155833.99,2492354.62,2648188.61,3449784.8,3293950.81,0
8,TRANSFER,680,10000000.0,12651994.1,2651994.1,0.0,0.0,1
8,CASH_IN,252,107763.51,500.0,108263.51,1615838.63,1508075.13,0
8,CASH_OUT,334,20603.28,279970.52,259367.24,78489.41,99092.69,0
8,CASH_OUT,227,378362.86,250788.0,0.0,0.0,378362.86,0
8,CASH_IN,136,261685.57,4537335.92,4799021.49,1792909.6,1531224.03,0
8,PAYMENT,383,6783.21,21475.0,14691.79,0.0,0.0,0
8,PAYMENT,157,6715.1,0.0,0.0,0.0,0.0,0
8,PAYMENT,13,43270.65,106515.0,63244.35,0.0,0.0,0
8,PAYMENT,274,13554.71,101134.0,87579.29,0.0,0.0,0
8,CASH_OUT,375,222147.81,7085.0,0.0,4592266.6,4814414.41,0
8,CASH_IN,178,97918.21,4706615.78,4804533.99,1524340.72,1426422.51,0
8,PAYMENT,213,3404.45,0.0,0.0,0.0,0.0,0
8,PAYMENT,302,3034.21,0.0,0.0,0.0,0.0,0
8,CASH_OUT,143,167632.26,0.0,0.0,950981.14,1118613.41,0
8,CASH_OUT,194,911895.71,911895.71,0.0,68468.27,980363.98,1
8,CASH_OUT,100,54994.1,54994.1,0.0,14941.39,69935.49,1
8,TRANSFER,269,676882.33,676882.33,0.0,0.0,0.0,1
8,CASH_IN,139,199222.92,102835.0,302057.92,12145366.39,11946143.47,0
8,CASH_OUT,525,147591.53,10684.0,0.0,3666.72,151258.24,0
8,CASH_OUT,606,455788.55,455788.55,0.0,0.0,455788.55,1
8,CASH_OUT,14,1832319.42,1832319.42,0.0,43962.42,2440139.69,1
8,CASH_OUT,307,308254.39,16233.0,0.0,160363.19,468617.59,0
8,CASH_IN,376,113890.46,8096.0,121986.46,0.0,0.0,0
8,PAYMENT,687,11203.38,0.0,0.0,0.0,0.0,0
8,CASH_OUT,211,100143.75,182913.79,82770.04,689336.54,789480.29,0
8,CASH_IN,353,161562.63,22568.0,184130.63,1724883.59,1563320.96,0
8,CASH_OUT,43,58125.97,76293.18,18167.2,151590.61,209716.58,0
8,CASH_OUT,187,100228.5,425.0,0.0,15809.19,116037.69,0
8,PAYMENT,139,10601.94,0.0,0.0,0.0,0.0,0
8,CASH_IN,305,126248.66,762654.08,888902.75,183656.85,57408.18,0
8,CASH_IN,297,34235.8,7062.0,41297.8,50939.58,16703.78,0
8,TRANSFER,188,189095.04,0.0,0.0,1158149.95,1347244.99,0
8,CASH_OUT,260,246387.6,41717.0,0.0,463793.69,710181.29,0
8,DEBIT,355,4015.4,0.0,0.0,226776.73,230792.13,0
8,CASH_OUT,227,27543.4,170318.5,142775.1,1628991.24,1656534.64,0
8,PAYMENT,45,5731.67,0.0,0.0,0.0,0.0,0
8,CASH_OUT,135,318964.27,0.0,0.0,2689322.89,3489035.2,0
8,CASH_OUT,229,465100.76,51241.0,0.0,47484.05,512584.82,0
8,TRANSFER,661,111493.24,298301.0,186807.76,501549.42,613042.66,0
8,CASH_OUT,23,367095.07,0.0,0.0,3201156.36,3568251.42,0
8,CASH_IN,310,141522.92,3819457.21,3960980.13,843739.52,702216.6,0
8,CASH_OUT,156,324260.15,11655.0,0.0,6738959.96,7063220.11,0
8,CASH_IN,393,172010.17,57786.18,229796.36,278011.05,106000.87,0
8,PAYMENT,187,5726.06,112962.0,107235.94,0.0,0.0,0
8,CASH_IN,154,61801.33,4196297.49,4258098.83,106170.9,44369.57,0
8,CASH_IN,379,11592.11,176447.0,188039.11,5564.22,0.0,0
8,CASH_OUT,251,151062.42,0.0,0.0,1123491.84,1338459.09,0
8,PAYMENT,156,29085.09,0.0,0.0,0.0,0.0,0
8,CASH_OUT,136,171291.58,0.0,0.0,345289.49,516581.07,0
8,TRANSFER,310,5239429.19,5239429.19,0.0,0.0,0.0,1
8,CASH_OUT,138,24965.7,55439.17,30473.46,637018.11,661983.81,0
8,CASH_OUT,20,28103.4,62678.0,34574.6,0.0,28103.4,0
8,PAYMENT,305,19275.37,10825.0,0.0,0.0,0.0,0
8,CASH_OUT,398,23606.29,0.0,0.0,8989182.51,9012788.8,0
8,CASH_IN,310,403850.75,7150112.67,7553963.42,508293.75,104443.0,0
8,CASH_IN,255,113292.69,8725425.61,8838718.3,4783801.88,4670509.19,0
8,CASH_OUT,22,89571.46,4505.6,0.0,1929428.01,2018999.47,1
8,CASH_OUT,11,527566.98,134037.09,0.0,2528165.07,3029179.85,0
8,CASH_IN,308,46649.46,10436658.38,10483307.84,771660.23,725010.77,0
8,PAYMENT,406,19749.63,0.0,0.0,0.0,0.0,0
8,CASH_OUT,331,95408.44,0.0,0.0,759578.61,955981.86,0
8,PAYMENT,157,1467.46,104.0,0.0,0.0,0.0,0
8,TRANSFER,160,102703.82,0.0,0.0,1310609.38,1413313.2,0
8,CASH_OUT,20,114569.67,111638.78,0.0,307975.29,326002.43,0
8,CASH_IN,251,212304.38,268841.0,481145.38,13547253.67,13334949.28,0
8,PAYMENT,308,18965.72,91822.03,72856.31,0.0,0.0,0
8,CASH_OUT,182,244954.63,0.0,0.0,1417322.62,1662277.24,0
8,CASH_OUT,179,1788.36,30051.0,28262.64,171368.0,173156.35,0
8,CASH_IN,354,60062.98,112609.0,172671.98,308809.54,248746.55,0
8,CASH_OUT,153,4568.69,52142.0,47573.31,794624.24,799192.93,0
8,CASH_OUT,374,69365.04,0.0,0.0,1216258.14,1285623.18,0
8,PAYMENT,11,7651.89,576375.17,568723.28,0.0,0.0,0
8,PAYMENT,321,4306.59,30743.0,26436.41,0.0,0.0,0
8,PAYMENT,138,48362.74,70195.0,21832.26,0.0,0.0,0
8,CASH_OUT,393,79056.46,8481.0,0.0,807138.06,886194.52,0
8,CASH_IN,205,17957.64,283939.0,301896.64,871963.32,854005.68,0
8,CASH_IN,380,105888.31,73197.45,179085.75,254025.18,148136.87,0
8,PAYMENT,161,57500.76,0.0,0.0,0.0,0.0,0
8,CASH_OUT,400,433179.49,10020.97,0.0,516325.96,949505.45,0
8,TRANSFER,22,24793.99,6051.0,0.0,119933.27,144727.25,0
8,TRANSFER,212,136744.35,0.0,0.0,217827.54,354571.9,0
8,CASH_OUT,376,519420.11,30402.0,0.0,471737.54,991157.65,0
8,PAYMENT,330,11139.28,0.0,0.0,0.0,0.0,0
8,PAYMENT,134,24219.96,0.0,0.0,0.0,0.0,0
8,CASH_OUT,331,63115.49,0.0,0.0,985344.94,1048460.43,0
8,CASH_OUT,380,391758.12,0.0,0.0,2203509.94,2595268.06,0
8,PAYMENT,43,10189.44,22463.64,12274.2,0.0,0.0,0
8,PAYMENT,157,633.23,48159.0,47525.77,0.0,0.0,0
8,CASH_OUT,37,511092.34,14791.0,0.0,623774.97,1134867.31,0
8,CASH_IN,186,241273.78,6118215.58,6359489.36,397128.8,155855.02,0
8,CASH_OUT,164,188022.96,3023.0,0.0,158131.71,346154.67,0
8,PAYMENT,234,11980.08,10889.0,0.0,0.0,0.0,0
8,TRANSFER,187,1079331.24,17067.0,0.0,8007.41,1087338.64,0
8,CASH_OUT,276,33806.1,20258.0,0.0,3420.91,37227.02,0
8,CASH_OUT,162,522786.61,82174.0,0.0,0.0,522786.61,0
8,CASH_OUT,306,200644.79,445511.87,244867.08,485949.78,686594.57,0
8,PAYMENT,180,424.37,0.0,0.0,0.0,0.0,0
8,CASH_OUT,355,84365.75,12104.0,0.0,0.0,84365.75,0
8,CASH_IN,300,19255.33,20269.0,39524.33,241894.59,222639.27,0
8,PAYMENT,20,16709.31,6680.44,0.0,0.0,0.0,0
8,CASH_OUT,187,30639.87,100759.0,70119.13,0.0,30639.87,0
8,CASH_IN,37,63818.77,6005.0,69823.77,26696.89,0.0,0
8,PAYMENT,38,4121.87,10439.0,6317.13,0.0,0.0,0
8,CASH_IN,356,108468.9,40367.0,148835.9,622567.3,514098.4,0
8,CASH_OUT,227,447911.51,13573.0,0.0,55771.52,503683.03,0
8,CASH_IN,404,99382.94,302.0,99684.94,0.0,0.0,0
8,PAYMENT,188,4361.94,30425.0,26063.06,0.0,0.0,0
8,CASH_IN,20,261843.4,3004775.79,3266619.19,1649085.33,1387241.93,0
8,TRANSFER,146,322329.78,322329.78,0.0,0.0,0.0,1
8,CASH_OUT,286,177540.74,0.0,0.0,3068940.98,3246481.73,0
8,PAYMENT,282,416.71,20161.0,19744.29,0.0,0.0,0
8,CASH_OUT,210,85753.93,0.0,0.0,166786.55,252540.47,0
8,CASH_OUT,205,241581.25,0.0,0.0,2245507.57,2487088.82,0
8,TRANSFER,505,2979972.78,2979972.78,0.0,0.0,0.0,1
8,TRANSFER,347,276012.22,0.0,0.0,3397773.36,3673785.58,0
8,TRANSFER,7,905112.26,23316.0,0.0,31091.0,1328510.04,0
8,PAYMENT,164,16429.68,0.0,0.0,0.0,0.0,0
8,CASH_IN,547,111418.26,3540204.65,3651622.91,2024262.77,1912844.51,0
8,TRANSFER,311,297176.2,0.0,0.0,358188.41,655364.61,0
8,TRANSFER,408,457537.42,20970.0,0.0,0.0,457537.42,0
8,PAYMENT,138,39168.87,743226.89,704058.03,0.0,0.0,0
8,PAYMENT,137,43208.65,21518.0,0.0,0.0,0.0,0
8,CASH_OUT,186,136834.82,0.0,0.0,2075154.13,2211988.95,0
8,CASH_IN,16,537377.44,5842404.9,6379782.34,1229001.63,822481.96,0
8,PAYMENT,130,8378.24,95862.85,87484.6,0.0,0.0,0
8,CASH_OUT,250,479050.59,197263.0,0.0,0.0,479050.59,0
8,PAYMENT,141,13044.77,0.0,0.0,0.0,0.0,0
8,CASH_IN,323,340290.12,2352961.15,2693251.27,3221411.38,2881121.26,0
8,PAYMENT,373,26718.94,0.0,0.0,0.0,0.0,0
8,TRANSFER,259,44569.68,0.0,0.0,897605.99,942175.67,0
8,CASH_OUT,181,130730.12,19392.83,0.0,1056077.31,1186807.43,0
8,CASH_IN,300,194897.36,1567383.06,1762280.42,437775.15,382338.15,0
8,TRANSFER,160,472785.54,0.0,0.0,6019835.87,6492621.42,0
8,PAYMENT,326,4684.51,0.0,0.0,0.0,0.0,0
8,CASH_IN,160,282819.29,106322.0,389141.29,572075.77,289256.48,0
8,CASH_OUT,253,92233.01,33928.0,0.0,5709641.21,5801874.21,0
8,CASH_OUT,576,451399.66,451399.66,0.0,215513.02,666912.68,1
8,CASH_OUT,235,176913.51,0.0,0.0,1179982.7,1356896.21,0
8,TRANSFER,345,4569094.15,20397.0,0.0,1882495.18,6451589.33,0
8,TRANSFER,405,591000.18,0.0,0.0,831993.06,1422993.24,0
8,TRANSFER,264,84196.79,84196.79,0.0,0.0,0.0,1
8,CASH_IN,281,38871.6,617738.48,656610.08,9255455.98,9216584.39,0
8,CASH_OUT,278,79485.75,0.0,0.0,2333895.79,2413381.54,0
8,CASH_OUT,300,215792.32,0.0,0.0,304756.96,520549.28,0
8,CASH_OUT,380,799797.88,799797.88,0.0,4381942.46,5181740.34,1
8,TRANSFER,138,655872.22,0.0,0.0,1036766.3,2513918.78,0
8,PAYMENT,330,8766.29,0.0,0.0,0.0,0.0,0
8,TRANSFER,232,854643.26,0.0,0.0,1614344.29,2468987.55,0
8,PAYMENT,159,4151.5,0.0,0.0,0.0,0.0,0
8,CASH_OUT,614,113312.32,5159.0,0.0,0.0,113312.32,0
8,PAYMENT,12,849.68,896.0,46.32,0.0,0.0,0
8,PAYMENT,302,3977.17,329648.5,325671.32,0.0,0.0,0
8,PAYMENT,255,3277.43,0.0,0.0,0.0,0.0,0
8,PAYMENT,212,15080.14,22425.0,7344.86,0.0,0.0,0
8,PAYMENT,15,6524.28,0.0,0.0,0.0,0.0,0
8,CASH_IN,323,139610.26,42978.0,182588.26,11830.32,0.0,0
8,CASH_OUT,354,119636.45,29831.0,0.0,12579312.89,12698949.34,0
8,PAYMENT,347,5565.77,0.0,0.0,0.0,0.0,0
8,PAYMENT,207,30245.81,56880.99,26635.18,0.0,0.0,0
8,PAYMENT,179,4405.15,0.0,0.0,0.0,0.0,0
8,CASH_OUT,203,84464.82,0.0,0.0,408633.72,493098.54,0
8,CASH_OUT,399,101881.24,0.0,0.0,254413.74,171724.1,0
8,CASH_OUT,327,36066.6,0.0,0.0,5926528.59,5962595.19,0
8,CASH_OUT,255,570721.35,31911.0,0.0,601958.93,1172680.28,0
8,PAYMENT,134,33402.68,20390.0,0.0,0.0,0.0,0
8,CASH_OUT,400,41363.21,10461.0,0.0,480257.53,521620.74,0
8,CASH_OUT,541,5512595.16,5512595.16,0.0,201581.65,5714176.82,1
8,CASH_OUT,259,208278.92,0.0,0.0,373443.96,581722.88,0
8,CASH_OUT,522,143502.59,204960.0,61457.41,7987.11,151489.7,0
8,CASH_OUT,16,186687.73,0.0,0.0,374402.09,582525.25,0
8,CASH_IN,181,136991.68,28316.0,165307.68,503743.76,366752.07,0
8,PAYMENT,408,7957.52,130944.0,122986.48,0.0,0.0,0
8,CASH_IN,257,307844.17,2753996.04,3061840.22,1495337.33,1187493.16,0
8,CASH_IN,208,342872.36,12475.0,355347.36,1439165.42,1096293.07,0
8,PAYMENT,402,12641.5,0.0,0.0,0.0,0.0,0
8,TRANSFER,262,2914653.69,2914653.69,0.0,0.0,0.0,1
8,CASH_OUT,45,130267.89,0.0,0.0,1024861.03,1155128.91,0
8,PAYMENT,371,4287.17,21287.0,16999.83,0.0,0.0,0
8,TRANSFER,274,1133914.11,151.0,0.0,54579.94,1188494.06,0
8,PAYMENT,259,12879.09,0.0,0.0,0.0,0.0,0
8,PAYMENT,157,17756.38,100589.0,82832.62,0.0,0.0,0
8,PAYMENT,252,42019.39,20132.0,0.0,0.0,0.0,0
8,PAYMENT,329,18594.06,0.0,0.0,0.0,0.0,0
8,PAYMENT,10,6901.19,2029120.17,2022218.98,0.0,0.0,0
8,PAYMENT,166,13049.83,8961.0,0.0,0.0,0.0,0
8,CASH_OUT,18,194526.38,0.0,0.0,1529168.96,1073920.26,0
8,CASH_OUT,177,347841.86,19204.0,0.0,362775.7,710617.57,0
8,CASH_OUT,381,51229.92,3456.97,0.0,1889120.01,1940349.93,0
8,CASH_OUT,282,68566.83,11414.0,0.0,206640.13,275206.96,0
8,CASH_IN,396,221348.48,6711687.06,6933035.54,3409330.45,3187981.97,0
8,PAYMENT,323,22185.22,0.0,0.0,0.0,0.0,0
8,CASH_OUT,163,94018.18,0.0,0.0,208656.84,302675.02,0
8,PAYMENT,348,21219.76,328174.91,306955.15,0.0,0.0,0
8,CASH_OUT,235,32184.62,131.0,0.0,253370.7,285555.32,0
8,CASH_IN,36,73363.15,8578124.7,8651487.85,98018.81,187500.02,0
8,CASH_OUT,187,66170.02,3457.0,0.0,0.0,66170.02,0
8,PAYMENT,257,8816.21,68604.0,59787.79,0.0,0.0,0
8,CASH_OUT,183,209960.56,16825.0,0.0,2239622.71,2449583.27,0
8,CASH_OUT,310,85348.66,0.0,0.0,2697088.01,2782436.67,0
8,CASH_OUT,35,90650.66,994.0,0.0,0.0,90650.66,0
8,PAYMENT,136,7236.59,0.0,0.0,0.0,0.0,0
8,CASH_OUT,302,205364.78,23042.0,0.0,106836.09,312200.87,0
8,CASH_OUT,19,56384.34,0.0,0.0,5625276.99,5681661.34,0
8,PAYMENT,469,18449.84,0.0,0.0,0.0,0.0,0
8,TRANSFER,252,413678.21,0.0,0.0,11292416.44,11706094.65,0
8,CASH_OUT,132,331816.5,47039.0,0.0,2238489.73,2831924.54,0
8,CASH_OUT,256,22994.81,9948.0,0.0,1226269.23,1249264.04,0
8,PAYMENT,355,16532.71,0.0,0.0,0.0,0.0,0
8,TRANSFER,501,534470.98,534470.98,0.0,0.0,0.0,1
8,PAYMENT,179,3956.59,11406.0,7449.41,0.0,0.0,0
8,PAYMENT,215,50640.74,285008.95,234368.21,0.0,0.0,0
8,TRANSFER,212,480761.2,189.0,0.0,0.0,397838.21,0
8,PAYMENT,188,6905.68,0.0,0.0,0.0,0.0,0
8,CASH_IN,17,176416.67,25525.0,201941.67,4270.0,0.0,0
8,PAYMENT,187,53.28,24743.0,24689.72,0.0,0.0,0
8,PAYMENT,305,2570.83,0.0,0.0,0.0,0.0,0
8,CASH_OUT,260,39380.71,573881.31,534500.6,1963768.71,2003149.42,0
8,CASH_OUT,610,298754.96,298754.96,0.0,1865811.93,2164566.89,1
8,CASH_IN,157,40458.56,49360.0,89818.56,84915.02,44456.46,0
8,PAYMENT,335,12581.77,63252.45,50670.68,0.0,0.0,0
8,CASH_OUT,469,61957.01,118023.0,56065.99,84579.54,146536.54,0
8,CASH_IN,205,397857.95,1644997.94,2042855.89,3352655.37,2954797.42,0
8,PAYMENT,371,9332.49,0.0,0.0,0.0,0.0,0
8,CASH_IN,233,431002.51,32077.0,463079.51,0.0,0.0,0
8,CASH_IN,13,282850.78,53969.0,336819.78,8560365.8,8277515.03,0
8,PAYMENT,140,5421.51,1169.0,0.0,0.0,0.0,0
8,PAYMENT,210,215.53,380201.21,379985.67,0.0,0.0,0
8,CASH_IN,202,194576.21,4408658.62,4603234.83,758388.34,563812.13,0
8,CASH_OUT,40,32801.2,0.0,0.0,201922.2,234723.4,0
8,PAYMENT,139,9605.17,31803.0,22197.83,0.0,0.0,0
8,CASH_OUT,133,322926.73,0.0,0.0,671659.27,994586.0,0
8,CASH_OUT,42,38158.32,52272.0,14113.68,388005.41,426163.72,0
8,PAYMENT,396,41139.51,0.0,0.0,0.0,0.0,0
8,CASH_OUT,352,2114.39,253086.36,250971.97,267788.66,269903.06,0
8,CASH_IN,42,163564.21,13237283.71,13400847.92,178895.61,15331.4,0
8,CASH_OUT,203,151096.57,0.0,0.0,764967.26,916063.82,0
8,PAYMENT,253,55800.91,0.0,0.0,0.0,0.0,0
8,PAYMENT,327,23840.95,81504.0,57663.05,0.0,0.0,0
8,CASH_OUT,156,21735.12,15253.0,0.0,0.0,21735.12,0
8,TRANSFER,133,671658.42,42521.0,0.0,0.0,671658.42,0
8,CASH_OUT,675,10000000.0,10000000.0,0.0,759509.55,10759509.55,1
8,CASH_IN,277,139911.98,1385902.12,1525814.1,1116436.26,976524.28,0
8,PAYMENT,283,722.77,11094.0,10371.23,0.0,0.0,0
8,CASH_OUT,189,223891.31,24632.12,0.0,413919.03,637810.33,0
8,CASH_OUT,202,424925.12,0.0,0.0,824925.33,1637404.13,0
8,TRANSFER,163,340929.83,396243.0,55313.17,0.0,340929.83,0
8,TRANSFER,253,1142449.94,59920.0,0.0,3405131.51,4547581.46,0
8,CASH_OUT,20,74878.3,18214.0,0.0,0.0,74878.3,0
8,CASH_OUT,163,62372.13,15560.0,0.0,0.0,62372.13,0
8,CASH_IN,212,481282.84,5872664.42,6353947.26,14382860.0,13901577.16,0
8,PAYMENT,540,2098.87,0.0,0.0,0.0,0.0,0
8,CASH_OUT,379,97812.84,0.0,0.0,3912125.97,4009938.8,0
8,TRANSFER,581,121142.75,121142.75,0.0,0.0,0.0,1
8,CASH_IN,250,306173.55,10170813.33,10476986.88,1156726.19,850552.64,0
8,CASH_OUT,253,371667.6,0.0,0.0,2597423.69,2969091.29,0
8,CASH_IN,36,217786.93,10892.0,228678.93,0.0,0.0,0
8,CASH_OUT,398,297214.41,33281.0,0.0,167073.98,464288.39,0
8,CASH_IN,42,302981.47,9628311.21,9931292.68,5205914.85,4902933.38,0
8,TRANSFER,275,329346.62,0.0,0.0,2551156.92,2880503.54,0
8,PAYMENT,156,8143.59,0.0,0.0,0.0,0.0,0
8,CASH_IN,345,246915.6,7229053.16,7475968.76,1021850.25,774934.65,0
8,CASH_OUT,183,346427.03,99263.0,0.0,1336105.41,1682532.44,0
8,PAYMENT,182,8079.2,0.0,0.0,0.0,0.0,0
8,PAYMENT,180,2953.21,39620.0,36666.79,0.0,0.0,0
8,CASH_OUT,17,263744.29,2055.0,0.0,0.0,299467.12,0
8,CASH_OUT,163,56787.53,0.0,0.0,3593274.35,3650061.88,0
8,CASH_IN,301,132251.36,733126.14,865377.51,1375083.02,1242831.66,0
8,PAYMENT,299,11823.42,0.0,0.0,0.0,0.0,0
8,CASH_OUT,378,142500.43,0.0,0.0,310337.36,452837.8,0
8,PAYMENT,284,1978.6,141286.0,139307.4,0.0,0.0,0
8,PAYMENT,589,9439.5,0.0,0.0,0.0,0.0,0
8,TRANSFER,212,133041.89,52677.0,0.0,490897.88,623939.78,0
8,TRANSFER,273,308321.38,0.0,0.0,5995975.11,6304296.5,0
8,PAYMENT,378,7418.42,0.0,0.0,0.0,0.0,0
8,CASH_IN,330,177736.26,19087856.26,19265592.52,2449470.42,2271734.16,0
8,PAYMENT,358,29195.26,2304.98,0.0,0.0,0.0,0
8,CASH_OUT,19,193019.77,69763.0,0.0,0.0,193019.77,0
8,PAYMENT,330,9076.85,0.0,0.0,0.0,0.0,0
9,PAYMENT,130,1199.91,0.0,0.0,0.0,0.0,0
9,PAYMENT,96,2682.62,50064.0,47381.38,0.0,0.0,0
9,CASH_OUT,381,17048.58,0.0,0.0,157389.95,174438.53,0
9,CASH_IN,18,201605.16,135772.2,337377.36,0.0,0.0,0
9,PAYMENT,94,2859.72,31295.0,28435.28,0.0,0.0,0
9,PAYMENT,393,14247.7,0.0,0.0,0.0,0.0,0
9,PAYMENT,154,13707.7,0.0,0.0,0.0,0.0,0
9,PAYMENT,323,17023.42,481940.85,464917.44,0.0,0.0,0
9,PAYMENT,184,6030.99,11308.0,5277.01,0.0,0.0,0
9,PAYMENT,393,8522.51,0.0,0.0,0.0,0.0,0
9,PAYMENT,16,27618.69,0.0,0.0,0.0,0.0,0
9,CASH_OUT,96,74907.45,0.0,0.0,1941474.41,2016381.85,0
9,PAYMENT,382,4650.35,20866.0,16215.65,0.0,0.0,0
9,CASH_IN,251,235747.84,550177.18,785925.02,823925.11,588177.27,0
9,PAYMENT,285,8838.23,11330.0,2491.77,0.0,0.0,0
9,PAYMENT,324,40539.96,0.0,0.0,0.0,0.0,0
9,CASH_OUT,187,190726.57,14232.0,0.0,0.0,190726.57,0
9,PAYMENT,262,12660.12,25768.0,13107.88,0.0,0.0,0
9,PAYMENT,155,1981.5,20690.0,18708.5,0.0,0.0,0
9,CASH_IN,374,16339.4,7189.0,23528.4,1070322.17,1053982.78,0
9,TRANSFER,214,18404.46,0.0,0.0,921053.04,939457.5,0
9,TRANSFER,596,222233.83,0.0,0.0,353445.81,575679.64,0
9,CASH_OUT,16,161839.4,305452.31,143612.91,2880320.18,3042159.58,0
9,PAYMENT,205,17607.76,108287.85,90680.09,0.0,0.0,0
9,CASH_OUT,164,150982.46,19903.0,0.0,2950773.81,2998676.64,0
9,CASH_OUT,253,75970.34,60763.0,0.0,602753.65,678723.99,0
9,CASH_IN,208,227133.63,5332036.75,5559170.38,1943920.51,1716786.88,0
9,CASH_OUT,183,166461.55,0.0,0.0,2688786.73,2855248.28,0
9,CASH_IN,253,264982.91,5342833.85,5607816.76,4605946.63,4340963.73,0
9,TRANSFER,11,512628.73,0.0,0.0,848604.22,2260631.56,0
9,CASH_OUT,279,39168.72,21964.0,0.0,74468.68,113637.41,0
9,PAYMENT,225,63253.52,2094.0,0.0,0.0,0.0,0
9,PAYMENT,94,12852.43,40761.0,27908.57,0.0,0.0,0
9,CASH_OUT,253,326107.35,50221.0,0.0,0.0,326107.35,0
9,PAYMENT,277,8498.47,62819.0,54320.53,0.0,0.0,0
9,PAYMENT,133,4461.87,0.0,0.0,0.0,0.0,0
9,CASH_OUT,139,228465.81,6198.0,0.0,0.0,228465.81,0
9,CASH_OUT,307,1678.1,66.0,0.0,2372168.8,2373846.9,0
9,CASH_IN,349,463678.4,33785.0,497463.4,123922.48,0.0,0
9,PAYMENT,400,6927.83,0.0,0.0,0.0,0.0,0
9,CASH_OUT,278,205532.97,0.0,0.0,315045.07,520578.04,0
9,CASH_OUT,351,374590.65,16484.0,0.0,246231.38,620822.04,0
9,CASH_OUT,732,249365.63,249365.63,0.0,0.0,249365.63,1
9,CASH_OUT,203,521836.84,0.0,0.0,2845271.71,3367108.54,0
9,CASH_OUT,136,163209.56,48600.12,0.0,275901.23,996912.62,0
9,CASH_IN,235,217701.91,3938068.95,4155770.86,1476973.71,1259271.8,0
9,CASH_OUT,250,43585.91,0.0,0.0,720482.39,764068.3,0
9,CASH_IN,41,139145.57,309449.16,448594.73,849720.31,710574.74,0
9,CASH_OUT,352,61478.46,2420.0,0.0,0.0,61478.46,0
9,TRANSFER,90,1182557.97,1182557.97,0.0,0.0,0.0,1
9,CASH_OUT,184,368515.49,0.0,0.0,1898469.38,2266984.87,0
9,CASH_OUT,381,40588.67,1054.0,0.0,853.52,41442.18,0
9,CASH_IN,47,110226.12,235980.51,346206.63,1015665.67,905439.56,0
9,TRANSFER,405,199461.81,0.0,0.0,1713588.86,1913050.66,0
9,CASH_OUT,180,188736.32,167474.0,0.0,193506.05,148990.14,0
9,CASH_IN,308,105828.13,189190.0,295018.13,2244160.54,2138332.41,0
9,PAYMENT,226,18110.19,7697.0,0.0,0.0,0.0,0
9,CASH_IN,135,296286.04,1588243.79,1884529.83,1399028.3,1102742.26,0
9,PAYMENT,395,32836.19,144508.0,111671.81,0.0,0.0,0
9,PAYMENT,404,4422.5,126.0,0.0,0.0,0.0,0
9,CASH_OUT,280,242172.96,0.0,0.0,589868.22,832041.19,0
9,PAYMENT,233,9033.65,0.0,0.0,0.0,0.0,0
9,TRANSFER,355,489875.66,170245.0,0.0,57725.87,547601.53,0
9,CASH_OUT,372,307025.38,5183.0,0.0,38546.14,345571.53,0
9,TRANSFER,66,548269.98,548269.98,0.0,0.0,0.0,1
9,PAYMENT,275,8026.58,201858.0,193831.42,0.0,0.0,0
9,PAYMENT,23,7810.25,33266.81,25456.57,0.0,0.0,0
9,PAYMENT,36,24706.34,0.0,0.0,0.0,0.0,0
9,TRANSFER,348,1667022.8,4577.0,0.0,903.0,1667925.8,0
9,PAYMENT,190,5318.1,9986.0,4667.9,0.0,0.0,0
9,CASH_OUT,279,168754.24,10246.0,0.0,0.0,168754.24,0
9,CASH_OUT,444,541486.74,541486.74,0.0,0.0,541486.74,1
9,PAYMENT,237,451.52,0.0,0.0,0.0,0.0,0
9,CASH_IN,19,46961.64,6934763.17,6981724.82,383540.93,44196.47,0
9,CASH_OUT,400,43491.5,3992.0,0.0,571339.31,614830.81,0
9,CASH_OUT,400,152523.41,0.0,0.0,655623.43,808146.83,0
9,CASH_OUT,255,144925.59,0.0,0.0,283553.15,428478.73,0
9,TRANSFER,130,993018.62,11521.0,0.0,646857.51,1639876.13,0
9,CASH_OUT,259,118267.2,0.0,0.0,1435328.16,1754570.14,0
9,CASH_OUT,69,353313.55,353313.55,0.0,2808260.05,3161573.6,1
9,CASH_OUT,402,133586.56,0.0,0.0,1879612.24,2013198.81,0
9,PAYMENT,235,5914.33,107.0,0.0,0.0,0.0,0
9,PAYMENT,275,4530.33,275623.51,271093.17,0.0,0.0,0
9,CASH_IN,133,241341.71,17022.0,258363.71,221715.66,0.0,0
9,CASH_OUT,308,215119.02,503580.0,288460.98,3660784.53,3875903.55,0
9,TRANSFER,207,240892.05,0.0,0.0,6548777.94,6789669.99,0
9,TRANSFER,441,1032168.79,1032168.79,0.0,0.0,0.0,1
9,PAYMENT,325,19186.33,18762.0,0.0,0.0,0.0,0
9,CASH_OUT,263,130752.65,0.0,0.0,344567.34,475319.98,0
9,CASH_IN,304,140298.09,21574.0,161872.09,116202.44,0.0,0
9,CASH_IN,155,321366.2,753764.08,1075130.28,2222251.82,1900885.62,0
9,CASH_IN,310,97173.3,11574806.6,11671979.89,896524.31,799351.01,0
9,PAYMENT,355,4393.65,0.0,0.0,0.0,0.0,0
9,CASH_IN,399,392910.38,7227460.97,7620371.35,2664743.6,2271833.22,0
9,CASH_OUT,353,184688.76,0.0,0.0,635982.93,820671.7,0
9,CASH_IN,40,251318.85,91735.0,343053.85,562651.0,311332.15,0
9,CASH_OUT,401,127297.72,0.0,0.0,709462.85,836760.57,0
9,CASH_IN,33,298327.25,161520.0,459847.25,0.0,0.0,0
9,PAYMENT,324,31418.52,0.0,0.0,0.0,0.0,0
9,CASH_IN,139,20889.71,4882079.19,4902968.9,38051.92,17162.21,0
9,CASH_OUT,134,71056.89,1063.0,0.0,148403.83,219460.72,0
9,CASH_OUT,155,541835.11,20975.0,0.0,0.0,541835.11,0
9,CASH_OUT,229,136205.68,0.0,0.0,239800.42,376006.1,0
9,TRANSFER,517,44224.4,0.0,0.0,241588.9,285813.3,0
9,CASH_OUT,298,288504.23,126905.0,0.0,0.0,288504.23,0
9,PAYMENT,19,1611.21,25861.0,24249.79,0.0,0.0,0
9,CASH_OUT,39,272745.06,244.0,0.0,0.0,78604.84,0
9,CASH_IN,133,48610.41,122778.0,171388.41,0.0,0.0,0
9,PAYMENT,9,16298.55,713613.91,697315.36,0.0,0.0,0
9,CASH_IN,36,112283.98,19815.0,132098.98,117299.32,5015.33,0
9,TRANSFER,133,1163642.31,144999.0,0.0,4301.58,1167943.89,0
9,CASH_OUT,278,20036.33,26795.0,6758.67,360607.49,380643.82,0
9,TRANSFER,712,16514.64,16514.64,0.0,0.0,0.0,1
9,PAYMENT,352,25898.9,171650.64,145751.74,0.0,0.0,0
9,CASH_OUT,229,17918.96,0.0,0.0,3657024.09,3674943.05,0
9,PAYMENT,16,17022.12,16508.0,0.0,0.0,0.0,0
9,PAYMENT,380,3914.21,0.0,0.0,0.0,0.0,0
9,CASH_OUT,306,330891.12,0.0,0.0,1506892.33,1837783.45,0
9,CASH_IN,396,317634.21,30759.0,348393.21,1603772.27,1286138.07,0
9,CASH_IN,492,193113.87,4124930.01,4318043.88,288694.27,95580.41,0
9,PAYMENT,252,33826.12,94069.32,60243.2,0.0,0.0,0
9,CASH_IN,38,276765.67,8596.0,285361.67,0.0,0.0,0
9,PAYMENT,156,12409.81,227501.35,215091.54,0.0,0.0,0
9,PAYMENT,14,8351.65,259236.54,250884.88,0.0,0.0,0
9,CASH_IN,307,208600.18,2867305.43,3075905.61,987562.54,778962.37,0
9,CASH_OUT,636,89657.36,89657.36,0.0,4157080.36,4246737.72,1
9,CASH_OUT,327,92640.24,55427.0,0.0,43911.0,136551.24,0
9,CASH_OUT,160,140233.45,0.0,0.0,3647938.26,3788171.71,0
9,CASH_OUT,397,221243.04,5125.0,0.0,593309.32,814552.36,0
9,CASH_IN,15,156228.39,82703.0,238931.39,555254.49,399026.11,0
9,CASH_IN,328,138179.7,731.0,138910.7,0.0,0.0,0
9,CASH_OUT,284,120334.49,112.0,0.0,0.0,120334.49,0
9,CASH_OUT,120,107773.49,107773.49,0.0,2071923.99,2179697.48,1
9,PAYMENT,202,3585.66,0.0,0.0,0.0,0.0,0
9,TRANSFER,492,2637096.59,0.0,0.0,2878874.78,5515971.38,0
9,CASH_OUT,398,150854.37,19916.0,0.0,0.0,150854.37,0
9,PAYMENT,538,2408.97,70782.0,68373.03,0.0,0.0,0
9,TRANSFER,525,203280.85,203280.85,0.0,0.0,0.0,1
9,CASH_OUT,302,127734.53,16493.0,0.0,571866.8,699601.33,0
9,CASH_OUT,396,129400.4,76786.0,0.0,666514.3,795914.7,0
9,CASH_OUT,234,142347.17,0.0,0.0,1810695.58,1953042.75,0
9,CASH_IN,249,57049.19,10864.0,67913.19,1722871.48,1665822.29,0
9,PAYMENT,282,14131.49,0.0,0.0,0.0,0.0,0
9,CASH_OUT,259,83871.75,0.0,0.0,212611.2,296482.95,0
9,CASH_IN,139,36055.6,227.0,36282.6,2484677.07,2448621.48,0
9,PAYMENT,360,4540.43,228884.0,224343.57,0.0,0.0,0
9,PAYMENT,230,1907.93,11307.0,9399.07,0.0,0.0,0
9,CASH_IN,692,116084.66,509564.0,625648.66,110965.97,0.0,0
9,TRANSFER,469,4417191.86,4417191.86,0.0,0.0,0.0,1
9,CASH_IN,401,286872.59,13010352.89,13297225.48,351013.98,64141.4,0
9,CASH_IN,298,230514.16,1541359.62,1771873.78,10175423.31,9944909.16,0
9,CASH_OUT,281,7827.51,25857.0,18029.49,57555.32,65382.82,0
9,CASH_OUT,353,228502.85,39789.0,0.0,3434939.33,3663442.19,0
9,PAYMENT,259,7294.11,800.0,0.0,0.0,0.0,0
9,CASH_OUT,182,142617.31,165.0,0.0,659600.21,802217.52,0
9,CASH_OUT,656,184646.94,0.0,0.0,565827.39,750474.33,0
9,CASH_OUT,396,97475.39,147118.0,49642.61,438822.15,536297.53,0
9,PAYMENT,402,12626.82,0.0,0.0,0.0,0.0,0
9,CASH_OUT,328,230117.47,0.0,0.0,4099794.48,4329911.96,0
9,CASH_OUT,11,628052.37,0.0,0.0,694995.1,2234395.78,0
9,PAYMENT,590,8221.84,0.0,0.0,0.0,0.0,0
9,CASH_OUT,328,314869.97,259008.0,0.0,204982.03,519852.0,0
9,TRANSFER,502,4758180.79,4758180.79,0.0,0.0,0.0,1
9,CASH_OUT,188,102855.5,183.0,0.0,401015.6,503871.1,0
9,CASH_OUT,15,153337.34,60611.0,0.0,1160684.5,1314021.83,0
9,CASH_OUT,17,30344.42,203812.1,173467.68,2114928.02,2145272.44,0
9,CASH_OUT,521,525155.79,525155.79,0.0,2665961.11,3191116.89,1
9,CASH_OUT,256,57446.9,30709.0,0.0,0.0,57446.9,0
9,PAYMENT,213,13746.53,15944.67,2198.14,0.0,0.0,0
9,CASH_IN,214,70093.02,109902.0,179995.02,154388.34,84295.32,0
9,CASH_IN,396,220091.75,915651.28,1135743.02,1503231.99,1283140.24,0
9,PAYMENT,34,2765.15,1058.0,0.0,0.0,0.0,0
9,CASH_OUT,323,26072.1,39682.0,13609.9,260642.5,286714.6,0
9,CASH_IN,23,55089.98,2820756.84,2875846.82,2218327.64,2163237.66,0
9,CASH_OUT,19,178756.21,21243.0,0.0,81934.06,260690.27,0
9,TRANSFER,188,432288.59,445.0,0.0,1168157.7,1600446.29,0
9,CASH_OUT,20,282965.21,0.0,0.0,14631920.66,14914885.87,0
9,PAYMENT,375,10198.78,32737.93,22539.14,0.0,0.0,0
9,CASH_OUT,179,286242.04,0.0,0.0,1942120.72,2228362.76,0
9,PAYMENT,301,39046.58,0.0,0.0,0.0,0.0,0
9,PAYMENT,355,18654.08,20551.0,1896.92,0.0,0.0,0
9,CASH_IN,163,114644.94,280076.0,394720.94,695613.81,580968.87,0
9,TRANSFER,169,286306.33,286306.33,0.0,0.0,0.0,1
9,CASH_OUT,277,187791.81,6163.0,0.0,4861886.52,5049678.34,0
9,TRANSFER,561,348983.86,348983.86,0.0,0.0,0.0,1
9,CASH_IN,139,317855.87,30085.0,347940.87,45140.31,0.0,0
9,CASH_IN,177,116309.28,5990885.89,6107195.17,787731.7,671422.42,0
9,CASH_IN,180,467158.04,215.0,467373.04,994420.38,527262.33,0
9,TRANSFER,563,96989.06,96989.06,0.0,0.0,0.0,1
9,CASH_IN,142,32953.03,20852694.48,20885647.51,163141.97,130188.94,0
9,PAYMENT,192,8254.43,11251.0,2996.57,0.0,0.0,0
9,PAYMENT,213,1993.19,0.0,0.0,0.0,0.0,0
9,CASH_OUT,249,301453.05,0.0,0.0,462717.61,764170.65,0
9,CASH_OUT,238,105908.16,2368.0,0.0,726898.81,832806.97,0
9,TRANSFER,625,367631.15,367631.15,0.0,0.0,0.0,1
9,PAYMENT,43,12183.12,129039.69,116856.57,0.0,0.0,0
9,PAYMENT,596,1777.58,405466.0,403688.42,0.0,0.0,0
9,CASH_OUT,259,61186.16,118081.0,56894.84,109122.16,170308.32,0
9,TRANSFER,131,272966.15,29582.0,0.0,615878.36,830617.39,0
9,CASH_OUT,226,75891.19,17684.09,0.0,1019861.27,1095752.46,0
9,PAYMENT,211,4904.99,119632.25,114727.26,0.0,0.0,0
9,CASH_OUT,260,21776.5,762677.0,740900.5,20437.39,42213.89,0
9,CASH_IN,683,145220.76,0.0,145220.76,1704481.55,1559260.78,0
9,TRANSFER,355,1259083.89,0.0,0.0,5721165.19,6980249.08,0
9,PAYMENT,329,23026.03,368.0,0.0,0.0,0.0,0
9,PAYMENT,394,68138.18,0.0,0.0,0.0,0.0,0
9,CASH_OUT,276,231917.22,31125.0,0.0,0.0,231917.22,0
9,PAYMENT,394,38060.94,22438.0,0.0,0.0,0.0,0
9,CASH_OUT,137,126455.39,0.0,0.0,573930.02,700385.41,0
9,CASH_OUT,139,129384.31,0.0,0.0,519778.32,701930.51,0
9,CASH_OUT,688,75595.28,11677.0,0.0,139823.48,215418.76,0
9,PAYMENT,205,14221.96,0.0,0.0,0.0,0.0,0
9,TRANSFER,282,8091.78,8091.78,0.0,0.0,0.0,1
9,PAYMENT,158,7255.52,209.0,0.0,0.0,0.0,0
9,TRANSFER,215,45053.05,45053.05,0.0,0.0,0.0,1
9,CASH_OUT,310,326991.58,6287.0,0.0,0.0,326991.58,0
9,CASH_OUT,308,521319.44,0.0,0.0,801419.73,1322739.17,0
9,PAYMENT,305,25392.12,0.0,0.0,0.0,0.0,0
9,CASH_IN,16,108949.79,342189.62,451139.41,275338.73,166388.93,0
9,PAYMENT,205,815.49,20729.0,19913.51,0.0,0.0,0
9,PAYMENT,164,10472.41,440977.0,430504.59,0.0,0.0,0
9,PAYMENT,283,382.8,248738.0,248355.2,0.0,0.0,0
9,CASH_OUT,37,17178.52,0.0,0.0,4691772.62,4742997.45,0
9,PAYMENT,163,408.18,0.0,0.0,0.0,0.0,0
9,CASH_OUT,185,1060.36,0.0,0.0,31274.52,32334.89,0
9,CASH_IN,206,181104.53,32498.0,213602.53,0.0,0.0,0
9,CASH_IN,229,82135.57,906559.09,988694.65,746565.43,664429.86,0
9,PAYMENT,279,12494.16,67291.14,54796.98,0.0,0.0,0
9,TRANSFER,277,2734417.43,0.0,0.0,10524003.55,13258420.98,0
9,CASH_IN,35,132161.42,19487318.67,19619480.09,1012319.73,880158.31,0
9,CASH_OUT,185,383026.69,15603.0,0.0,0.0,383026.69,0
9,PAYMENT,252,2515.13,0.0,0.0,0.0,0.0,0
9,CASH_OUT,13,185737.72,163776.09,0.0,16283.0,202020.72,0
9,CASH_OUT,443,348915.96,348915.96,0.0,0.0,348915.96,1
9,PAYMENT,214,42259.57,6378.91,0.0,0.0,0.0,0
9,TRANSFER,229,284153.16,0.0,0.0,5584902.44,5869055.6,0
9,CASH_OUT,177,175810.85,119474.0,0.0,0.0,175810.85,0
9,PAYMENT,47,9797.58,0.0,0.0,0.0,0.0,0
9,CASH_OUT,213,75266.58,11359.0,0.0,140464.01,215730.59,0
9,CASH_IN,46,72197.64,30647.0,102844.64,224279.65,152082.01,0
9,CASH_OUT,159,97946.03,0.0,0.0,443673.08,541619.1,0
9,CASH_OUT,444,408864.84,408864.84,0.0,0.0,408864.84,1
9,TRANSFER,377,1509136.33,0.0,0.0,7660246.27,9169382.6,0
9,CASH_OUT,9,198658.24,0.0,0.0,289734.6,1120988.54,0
9,CASH_OUT,15,286705.32,0.0,0.0,1770122.65,2056827.97,0
9,CASH_IN,14,85069.45,50320.0,135389.45,112158.19,205475.64,0
9,CASH_IN,283,32725.07,509105.0,541830.07,699657.94,666932.87,0
9,CASH_OUT,527,51600.28,0.0,0.0,5797836.57,5849436.85,0
9,CASH_OUT,44,140377.05,20322.0,0.0,0.0,140377.05,0
9,PAYMENT,154,4955.51,274113.73,269158.22,0.0,0.0,0
9,CASH_IN,356,2165.66,25092.0,27257.66,0.0,0.0,0
9,TRANSFER,180,173309.11,173309.11,0.0,0.0,0.0,1
9,CASH_OUT,398,430490.61,0.0,0.0,1428544.77,1859035.38,0
9,TRANSFER,18,295664.18,295664.18,0.0,0.0,0.0,1
9,CASH_OUT,45,24094.64,10008.0,0.0,18790.4,42885.03,0
9,CASH_IN,205,54553.76,1046534.28,1101088.04,191754.62,137200.86,0
9,PAYMENT,204,1313.94,562.0,0.0,0.0,0.0,0
9,PAYMENT,311,6070.49,206679.0,200608.51,0.0,0.0,0
9,CASH_OUT,18,283024.67,151681.0,0.0,229819.89,512844.56,0
9,CASH_OUT,161,302642.44,4024.0,0.0,435571.71,738214.15,0
9,CASH_IN,212,43148.92,50332.0,93480.92,93614.24,93887.53,0
9,CASH_IN,153,223258.37,1086.0,224344.37,8323.88,0.0,0
9,CASH_OUT,230,483210.49,0.0,0.0,2379580.03,2862790.52,0
9,CASH_OUT,683,176685.71,0.0,0.0,193796.44,370482.16,0
9,PAYMENT,352,11518.75,0.0,0.0,0.0,0.0,0
9,CASH_OUT,212,81936.04,0.0,0.0,430841.75,512777.79,0
9,CASH_OUT,565,280137.42,52540.0,0.0,281517.37,561654.79,0
9,TRANSFER,206,155025.65,44522.0,0.0,67156.68,222182.32,0
9,PAYMENT,226,29187.35,309257.93,280070.58,0.0,0.0,0
9,PAYMENT,45,4487.09,119053.85,114566.76,0.0,0.0,0
9,CASH_OUT,249,329706.66,6815.95,0.0,2220631.59,2550338.24,0
9,CASH_OUT,15,133437.97,0.0,0.0,1488079.22,1636521.69,0
9,PAYMENT,20,13554.85,0.0,0.0,0.0,0.0,0
9,CASH_IN,10,19764.55,37080.0,56844.55,223638.31,203873.76,0
9,PAYMENT,46,21494.78,0.0,0.0,0.0,0.0,0
9,PAYMENT,299,51337.82,12379.0,0.0,0.0,0.0,0
9,PAYMENT,235,2157.13,451370.0,449212.87,0.0,0.0,0
9,PAYMENT,18,11326.51,10745.0,0.0,0.0,0.0,0
9,PAYMENT,338,4097.06,38118.95,34021.89,0.0,0.0,0
9,CASH_OUT,584,777448.03,777448.03,0.0,76927.01,854375.05,1
9,PAYMENT,353,8834.71,0.0,0.0,0.0,0.0,0
9,CASH_OUT,284,45945.35,0.0,0.0,102830.44,148775.79,0
9,TRANSFER,20,141302.9,0.0,0.0,1025545.64,1166848.54,0
9,PAYMENT,684,5476.2,5783.0,306.8,0.0,0.0,0
9,CASH_OUT,377,12967.86,51846.0,38878.14,177668.71,190636.57,0
9,CASH_OUT,684,187659.78,114298.91,0.0,391841.21,579500.99,0
9,PAYMENT,357,5774.17,15141.0,9366.83,0.0,0.0,0
9,CASH_OUT,402,86146.13,62037.0,0.0,422896.78,509042.91,0
9,PAYMENT,95,6019.34,47616.0,41596.66,0.0,0.0,0
9,PAYMENT,262,9349.42,361.0,0.0,0.0,0.0,0
9,CASH_OUT,228,174505.25,0.0,0.0,2315518.12,2490023.37,0
9,PAYMENT,201,2097.7,0.0,0.0,0.0,0.0,0
9,CASH_OUT,358,1908.28,41266.0,39357.72,0.0,1908.28,0
9,CASH_OUT,251,150410.57,12242.0,0.0,0.0,150410.57,0
9,CASH_OUT,259,15868.87,0.0,0.0,931242.55,947111.42,0
9,TRANSFER,181,2204285.47,14110.0,0.0,1372794.63,3577080.1,0
9,PAYMENT,403,2815.41,60114.0,57298.59,0.0,0.0,0
9,CASH_OUT,12,82909.79,0.0,0.0,2184151.03,2267060.82,0
9,PAYMENT,19,3332.2,816600.45,813268.25,0.0,0.0,0
9,PAYMENT,136,23309.95,0.0,0.0,0.0,0.0,0
9,PAYMENT,325,6233.18,3237.0,0.0,0.0,0.0,0
9,CASH_OUT,41,66783.35,510.0,0.0,412312.32,479095.66,0
9,CASH_IN,182,63917.9,4932012.95,4995930.86,11539117.42,11475199.51,0
9,CASH_OUT,188,57635.38,10025.0,0.0,822429.03,880064.41,0
9,CASH_IN,16,77787.47,23264580.74,23342368.2,824053.94,746266.48,0
9,CASH_IN,251,101911.22,40561.0,142472.22,79677.58,0.0,0
9,CASH_OUT,281,436908.49,0.0,0.0,1689416.65,2126325.13,0
9,CASH_OUT,281,441892.92,441892.92,0.0,350202.17,792095.1,1
9,CASH_OUT,221,93708.08,93708.08,0.0,1535887.5,1629595.57,1
9,CASH_IN,42,122676.63,29787.0,152463.63,248143.42,125466.79,0
9,CASH_IN,404,98934.38,2386796.34,2485730.72,252748.83,153814.45,0
9,CASH_OUT,156,262821.99,5051.0,0.0,386809.55,649631.55,0
9,CASH_IN,204,283070.67,4474498.99,4757569.66,301147.69,18077.02,0
9,PAYMENT,259,5037.72,17180.0,12142.28,0.0,0.0,0
9,PAYMENT,11,9665.77,23714.0,14048.23,0.0,0.0,0
9,CASH_IN,352,177099.71,447894.35,624994.06,178043.73,944.02,0
9,PAYMENT,306,420.28,0.0,0.0,0.0,0.0,0
9,TRANSFER,374,184050.02,0.0,0.0,3288203.83,3472253.85,0
9,CASH_OUT,155,154897.06,30094.0,0.0,661240.66,816137.72,0
9,CASH_IN,17,331072.52,652103.82,983176.35,2838627.69,2571607.95,0
9,CASH_OUT,134,352703.52,30668.0,0.0,0.0,352703.52,0
9,CASH_OUT,186,96242.85,5569.0,0.0,0.0,96242.85,0
9,CASH_OUT,590,167789.94,16694.17,0.0,412183.17,579973.11,0
9,CASH_IN,393,147667.57,214816.0,362483.57,24535.13,0.0,0
9,CASH_OUT,162,97726.26,0.0,0.0,1654871.53,1752597.79,0
9,PAYMENT,403,3859.05,20497.0,16637.95,0.0,0.0,0
9,PAYMENT,274,10342.81,188438.81,178096.0,0.0,0.0,0
9,CASH_OUT,256,341169.91,73276.0,0.0,638425.85,979595.77,0
9,CASH_OUT,132,248243.95,0.0,0.0,635944.62,884188.58,0
9,PAYMENT,718,18129.73,72989.0,54859.27,0.0,0.0,0
9,PAYMENT,9,15367.15,80743.65,65376.5,0.0,0.0,0
9,CASH_OUT,398,190062.33,101250.0,0.0,267075.01,457137.34,0
9,CASH_OUT,320,8950011.46,8950011.46,0.0,3501917.61,12451929.08,1
9,CASH_OUT,376,116939.44,15747.0,0.0,47440.3,164379.74,0
9,TRANSFER,286,97091.24,97091.24,0.0,0.0,0.0,1
9,CASH_OUT,345,71775.87,0.0,0.0,2847326.7,2919102.56,0
9,CASH_OUT,546,99656.93,99656.93,0.0,0.0,99656.93,1
9,CASH_IN,160,61530.15,7395.0,68925.15,0.0,0.0,0
9,CASH_OUT,404,148051.64,0.0,0.0,1186631.67,1334683.31,0
9,CASH_IN,136,45355.85,2085.0,47440.85,42568.76,0.0,0
9,PAYMENT,287,26600.16,49935.0,23334.84,0.0,0.0,0
9,CASH_IN,214,182100.41,3886146.3,4068246.71,6541851.97,6359751.57,0
9,PAYMENT,12,15010.71,0.0,0.0,0.0,0.0,0
9,PAYMENT,48,4563.06,49794.0,45230.94,0.0,0.0,0
9,PAYMENT,158,7282.56,773.0,0.0,0.0,0.0,0
9,CASH_IN,254,387315.86,3782951.22,4170267.08,476840.01,118896.69,0
9,PAYMENT,17,1341.22,59297.36,57956.14,0.0,0.0,0
9,TRANSFER,186,685904.14,453886.55,0.0,2284799.57,2970703.7,0
9,TRANSFER,361,299016.86,299016.86,0.0,0.0,0.0,1
9,TRANSFER,228,2686948.94,5990.0,0.0,342559.37,3029508.31,0
9,CASH_OUT,10,156131.32,21836.0,0.0,612931.02,671031.83,0
9,PAYMENT,258,18996.91,24111.0,5114.09,0.0,0.0,0
9,TRANSFER,596,185507.29,0.0,0.0,2324250.59,2509757.88,0
9,CASH_OUT,226,85784.57,0.0,0.0,338483.62,424268.19,0
9,CASH_IN,394,218941.35,509944.0,728885.35,115141.21,0.0,0
9,PAYMENT,131,3455.81,0.0,0.0,0.0,0.0,0
9,PAYMENT,180,6947.26,0.0,0.0,0.0,0.0,0
9,PAYMENT,670,863.02,13842.0,12978.98,0.0,0.0,0
9,CASH_OUT,347,12045.75,0.0,0.0,30228.63,42274.38,0
9,TRANSFER,45,1498618.77,0.0,0.0,4916407.65,6415026.42,0
9,TRANSFER,263,244942.96,0.0,0.0,480049.75,724992.71,0
9,PAYMENT,188,1163.58,107535.0,106371.42,0.0,0.0,0
9,CASH_IN,179,160176.48,8988567.74,9148744.23,12825199.03,12665022.54,0
9,TRANSFER,692,537282.35,0.0,0.0,882850.09,1420132.44,0
9,CASH_IN,371,220480.57,4305754.59,4526235.16,1454239.51,1233758.94,0
9,CASH_IN,400,239276.35,26585579.52,26824855.88,1335395.91,1096119.56,0
9,CASH_OUT,259,62876.04,0.0,0.0,1992575.52,2055451.56,0
9,CASH_IN,328,82761.13,5309470.93,5392232.05,228770.2,146009.08,0
9,CASH_OUT,181,66922.22,0.0,0.0,804078.75,1209856.45,0
9,TRANSFER,238,240899.12,240899.12,0.0,0.0,0.0,1
9,TRANSFER,15,164500.81,164500.81,0.0,0.0,0.0,1
9,TRANSFER,158,589875.77,31752.0,0.0,566267.55,1156143.32,0
9,CASH_OUT,606,6575903.12,6575903.12,0.0,332252.21,6908155.33,1
9,CASH_OUT,369,53853.87,0.0,0.0,66392.57,120246.44,0
9,CASH_OUT,180,40398.14,0.0,0.0,101537.04,141935.18,0
9,PAYMENT,160,7550.9,0.0,0.0,0.0,0.0,0
9,PAYMENT,238,8941.03,9574.0,632.97,0.0,0.0,0
9,CASH_IN,565,107235.04,21246.0,128481.04,306596.44,199361.4,0
9,CASH_IN,44,59624.17,2962671.52,3022295.69,2616014.5,2556390.33,0
9,PAYMENT,307,14751.6,0.0,0.0,0.0,0.0,0
9,PAYMENT,379,10429.41,0.0,0.0,0.0,0.0,0
9,CASH_OUT,301,6157.07,0.0,0.0,7025882.94,7032040.01,0
9,CASH_OUT,184,74393.26,19952.0,0.0,864329.14,938722.4,0
9,CASH_IN,43,245099.79,120874.0,365973.79,0.0,0.0,0
9,CASH_OUT,129,161451.92,15106.14,0.0,4101711.83,4263163.75,0
9,PAYMENT,205,1493.97,0.0,0.0,0.0,0.0,0
9,TRANSFER,284,558050.49,558050.49,0.0,0.0,0.0,1
9,PAYMENT,377,8887.45,0.0,0.0,0.0,0.0,0
9,CASH_IN,298,458039.46,2139.0,460178.46,192688.62,0.0,0
9,PAYMENT,322,28696.81,0.0,0.0,0.0,0.0,0
9,PAYMENT,254,27410.01,0.0,0.0,0.0,0.0,0
9,CASH_IN,178,325243.84,15131379.71,15456623.55,341124.26,15880.42,0
9,CASH_IN,393,63751.3,5196234.96,5259986.27,516612.52,452861.22,0
9,CASH_IN,286,203879.64,4717471.68,4921351.33,7052426.07,6848546.43,0
9,CASH_OUT,329,65310.88,30665.0,0.0,0.0,65310.88,0
9,TRANSFER,501,6183238.55,6183238.55,0.0,0.0,0.0,1
9,PAYMENT,408,12258.52,102431.0,90172.48,0.0,0.0,0
9,CASH_OUT,155,485966.35,0.0,0.0,1767761.62,2253727.97,0
9,PAYMENT,190,14367.08,4646.0,0.0,0.0,0.0,0
9,CASH_OUT,251,178091.81,24490.0,0.0,0.0,178091.81,0
9,PAYMENT,188,2296.84,3859.27,1562.42,0.0,0.0,0
9,CASH_OUT,161,336631.2,107486.0,0.0,219705.88,556337.08,0
9,CASH_OUT,17,208470.68,61592.0,0.0,0.0,208470.68,0
9,CASH_OUT,9,342022.08,79781.0,0.0,147.0,345981.72,0
9,PAYMENT,503,5927.31,2049.0,0.0,0.0,0.0,0
9,CASH_IN,395,141750.63,272.0,142022.63,1041770.74,900020.11,0
9,CASH_IN,229,61644.78,45284.0,106928.78,2883755.36,2822110.58,0
9,CASH_OUT,156,443388.05,3000.0,0.0,1216260.46,1659648.51,0
9,PAYMENT,400,28283.55,11083.0,0.0,0.0,0.0,0
9,CASH_OUT,162,256690.42,92086.0,0.0,1261862.72,1518553.15,0
9,PAYMENT,12,13190.35,160.0,0.0,0.0,0.0,0
9,CASH_OUT,355,236225.15,0.0,0.0,5206728.87,5442954.02,0
9,CASH_IN,231,21623.39,30273.0,51896.39,1468785.97,1447162.58,0
9,CASH_OUT,261,2241630.36,2241630.36,0.0,5951537.54,8193167.9,1
9,PAYMENT,138,2431.08,158932.49,156501.42,0.0,0.0,0
9,CASH_OUT,351,33571.25,0.0,0.0,80862.07,114433.32,0
9,TRANSFER,149,2860852.43,2860852.43,0.0,0.0,0.0,1
9,PAYMENT,396,15981.87,0.0,0.0,0.0,0.0,0
9,TRANSFER,42,12878.59,0.0,0.0,1126762.91,1139641.5,0
9,PAYMENT,178,22573.71,0.0,0.0,0.0,0.0,0
9,TRANSFER,209,102861.55,0.0,0.0,164347.71,267209.27,0
9,CASH_OUT,376,117644.87,0.0,0.0,2814120.52,2931765.39,0
9,CASH_OUT,251,690288.28,490.0,0.0,313664.86,1003953.14,0
9,PAYMENT,237,5114.74,0.0,0.0,0.0,0.0,0
9,CASH_OUT,471,319258.96,22342.0,0.0,2481276.2,2800535.16,0
9,PAYMENT,358,13584.74,19340.4,5755.66,0.0,0.0,0
9,PAYMENT,183,12924.63,21843.0,8918.37,0.0,0.0,0
9,CASH_OUT,190,68829.17,128784.16,59954.99,960226.76,1029055.93,0
9,TRANSFER,253,811848.36,0.0,0.0,6815592.85,7627441.21,0
9,CASH_IN,212,407297.56,27193376.62,27600674.18,478567.01,71269.45,0
9,CASH_OUT,236,128178.86,0.0,0.0,523600.02,651778.88,0
9,CASH_OUT,283,454631.0,0.0,0.0,790929.53,1245560.52,0
9,CASH_OUT,378,87650.82,22218.0,0.0,6604256.93,6691907.75,0
9,CASH_OUT,251,558836.71,0.0,0.0,1181665.03,1740501.73,0
9,PAYMENT,138,40384.93,15730.0,0.0,0.0,0.0,0
9,TRANSFER,20,448025.06,448025.06,0.0,0.0,0.0,1
9,CASH_OUT,286,216387.71,21935.0,0.0,0.0,216387.71,0
9,PAYMENT,357,1231.65,66946.0,65714.35,0.0,0.0,0
9,CASH_OUT,375,205590.97,0.0,0.0,11001906.38,11207497.35,0
9,CASH_IN,208,28325.32,102594.0,130919.32,481712.59,453387.26,0
9,PAYMENT,205,14141.58,22210.0,8068.42,0.0,0.0,0
9,CASH_OUT,351,511950.03,221355.0,0.0,1532995.69,2044945.73,0
9,PAYMENT,236,1897.2,0.0,0.0,0.0,0.0,0
9,PAYMENT,321,10693.32,0.0,0.0,0.0,0.0,0
9,TRANSFER,629,7922.98,7922.98,0.0,0.0,0.0,1
9,CASH_OUT,233,3388.09,721.0,0.0,5628938.1,5632326.19,0
9,PAYMENT,326,18977.37,1656.0,0.0,0.0,0.0,0
9,PAYMENT,238,913.42,20518.0,19604.58,0.0,0.0,0
9,CASH_IN,299,119058.21,6152339.09,6271397.3,225497.11,106438.9,0
9,CASH_IN,254,154424.77,3520.0,157944.77,0.0,0.0,0
9,CASH_OUT,276,138418.62,0.0,0.0,5366755.88,5505174.5,0
9,CASH_OUT,251,899.71,0.0,0.0,1712193.45,1713093.15,0
9,CASH_OUT,331,280643.48,42145.0,0.0,0.0,280643.48,0
9,PAYMENT,139,16915.23,0.0,0.0,0.0,0.0,0
9,CASH_OUT,300,23839.15,61.0,0.0,0.0,23839.15,0
9,DEBIT,306,10883.21,100965.34,90082.13,316023.45,326906.66,0
9,TRANSFER,10,1263926.93,0.0,0.0,1972125.09,3275750.68,0
9,CASH_OUT,298,238861.38,0.0,0.0,13417576.24,13656437.62,0
9,CASH_IN,401,104692.36,70903.0,175595.36,0.0,0.0,0
9,CASH_OUT,139,168596.11,0.0,0.0,1475233.07,1643829.18,0
9,PAYMENT,349,25114.18,11187.0,0.0,0.0,0.0,0
9,CASH_IN,205,28546.56,1622.0,30168.56,12245060.49,12216513.93,0
9,PAYMENT,352,6716.3,631726.69,625010.39,0.0,0.0,0
9,CASH_OUT,62,401529.35,401529.35,0.0,4162.42,405691.77,1
9,CASH_IN,159,23153.19,58039.0,81192.19,0.0,0.0,0
9,PAYMENT,332,10361.3,68942.0,58580.7,0.0,0.0,0
9,TRANSFER,132,34274.65,62641.0,28366.35,4946843.23,5369424.17,0
9,CASH_OUT,182,157397.34,0.0,0.0,9275727.08,9433124.42,0
9,CASH_IN,33,358051.46,659078.42,1017129.88,465466.49,107415.03,0
9,PAYMENT,250,49629.65,22285.48,0.0,0.0,0.0,0
9,PAYMENT,13,7273.44,50034.0,42760.56,0.0,0.0,0
9,CASH_IN,375,151726.21,51295.0,203021.21,482666.97,330940.76,0
9,PAYMENT,330,5114.37,98374.0,93259.63,0.0,0.0,0
9,CASH_OUT,118,3794763.63,3794763.63,0.0,250142.64,4044906.27,1
9,TRANSFER,207,582955.28,114874.86,0.0,7675842.43,8258797.71,0
9,PAYMENT,159,3562.27,10372.67,6810.4,0.0,0.0,0
9,CASH_OUT,398,69458.51,0.0,0.0,59498509.3,59567967.81,0
9,PAYMENT,402,5660.21,0.0,0.0,0.0,0.0,0
9,PAYMENT,310,10351.0,30197.0,19846.0,0.0,0.0,0
9,CASH_IN,306,137278.81,4914994.11,5052272.91,17597377.36,17460098.55,0
9,CASH_OUT,214,171014.99,0.0,0.0,281093.64,452108.63,0
9,CASH_IN,401,260439.06,6121175.38,6381614.43,565905.62,305466.57,0
9,CASH_OUT,203,111471.72,0.0,0.0,2881302.64,3138149.58,0
9,CASH_OUT,354,163467.86,0.0,0.0,270786.5,434254.37,0
9,CASH_IN,16,253961.18,168.0,254129.18,506813.26,564261.81,0
9,PAYMENT,306,32634.89,42287.0,9652.11,0.0,0.0,0
9,CASH_OUT,156,76140.74,42141.0,0.0,6518859.97,6595000.71,0
9,TRANSFER,36,1714278.56,25889.03,0.0,5913029.6,7627308.16,0
9,PAYMENT,21,161.78,104291.0,104129.22,0.0,0.0,0
9,CASH_IN,162,141653.71,10059682.77,10201336.48,1528193.67,1386539.96,0
9,CASH_OUT,235,118847.62,220.0,0.0,1775429.51,1894277.13,0
9,CASH_OUT,255,151769.54,0.0,0.0,2792588.39,2944357.93,0
9,PAYMENT,20,9378.78,20079.0,10700.22,0.0,0.0,0
9,CASH_OUT,260,545491.49,0.0,0.0,617970.11,1163461.61,0
9,PAYMENT,11,9297.41,0.0,0.0,0.0,0.0,0
9,CASH_IN,330,122656.08,6832566.21,6955222.29,1928077.58,1805421.51,0
9,PAYMENT,33,3825.47,129353.0,125527.53,0.0,0.0,0
9,CASH_OUT,398,371771.44,371771.44,0.0,4665671.71,5037443.15,1
9,CASH_IN,231,564356.29,50170.0,614526.29,0.0,0.0,0
9,CASH_OUT,284,119674.52,0.0,0.0,1350969.29,1470643.81,0
