window_id,type,step,amount,oldbalanceOrg,newbalanceOrig,oldbalanceDest,newbalanceDest,isFraud
0,TRANSFER,44,468169.79,30035.0,0.0,773482.9,1241652.7,0
0,CASH_IN,323,73987.47,83.0,74070.47,537586.31,463598.85,0
0,PAYMENT,239,7094.84,0.0,0.0,0.0,0.0,0
0,CASH_OUT,346,29102.5,0.0,0.0,650398.99,679501.48,0
0,CASH_OUT,129,182783.54,21230.0,0.0,26693.87,209477.41,0
0,CASH_OUT,343,237943.62,237943.62,0.0,2391221.01,2629164.62,1
0,CASH_IN,15,241607.1,10525.0,252132.1,31766.87,0.0,0
0,CASH_IN,20,161351.61,6832605.97,6993957.58,9993083.79,9831732.18,0
0,PAYMENT,39,21039.16,0.0,0.0,0.0,0.0,0
0,TRANSFER,164,66317.54,0.0,0.0,220880.16,287197.7,0
0,CASH_IN,284,15528.22,6095087.5,6110615.72,1975140.22,1959612.0,0
0,PAYMENT,395,50925.67,124574.83,73649.16,0.0,0.0,0
0,CASH_IN,346,155223.17,216219.72,371442.89,848988.56,949134.61,0
0,CASH_OUT,186,234041.99,1690.0,0.0,30171.31,264213.3,0
0,CASH_OUT,188,234323.92,28463.0,0.0,0.0,234323.92,0
0,TRANSFER,142,73064.41,73064.41,0.0,0.0,0.0,1
0,CASH_OUT,323,48103.31,35531.82,0.0,2719831.44,2767934.75,0
0,CASH_OUT,351,49695.33,0.0,0.0,8391634.16,8441329.48,0
0,PAYMENT,33,475.32,504284.0,503808.68,0.0,0.0,0
0,CASH_IN,371,92871.32,9106.0,101977.32,3103942.16,3011070.83,0
0,CASH_IN,18,19292.46,3503073.6,3522366.07,203398.52,184106.06,0
0,CASH_OUT,133,156389.46,2395.0,0.0,151504.98,307894.44,0
0,PAYMENT,163,2675.21,0.0,0.0,0.0,0.0,0
0,CASH_IN,177,170060.88,2478703.04,2648763.92,223635.65,53574.77,0
0,PAYMENT,143,26871.21,0.0,0.0,0.0,0.0,0
0,CASH_IN,395,56026.86,8408182.05,8464208.9,81345.77,25318.92,0
0,CASH_OUT,355,291704.42,0.0,0.0,576190.67,867895.08,0
0,PAYMENT,13,6086.67,0.0,0.0,0.0,0.0,0
0,CASH_OUT,19,132093.54,362940.21,230846.67,377039.89,613261.21,0
0,TRANSFER,42,390456.75,9958.0,0.0,0.0,390456.75,0
0,TRANSFER,154,1177746.53,10924.0,0.0,309590.81,1487337.34,0
0,CASH_OUT,18,104856.73,14057.0,0.0,184516.59,289373.32,0
0,CASH_OUT,398,155155.95,16848.0,0.0,1479010.03,1634165.98,0
0,CASH_OUT,257,26701.25,0.0,0.0,186904.38,213605.63,0
0,PAYMENT,381,759.53,200610.0,199850.47,0.0,0.0,0
0,CASH_OUT,20,448025.06,448025.06,0.0,71679.93,519704.99,1
0,CASH_OUT,157,87271.66,0.0,0.0,348160.6,848844.55,0
0,CASH_OUT,234,404009.25,0.0,0.0,1474675.54,2153894.5,0
0,CASH_OUT,351,19833.51,0.0,0.0,484665.94,504499.45,0
0,CASH_OUT,179,384950.58,0.0,0.0,879093.37,1264043.95,0
0,TRANSFER,294,21819.57,21819.57,0.0,0.0,0.0,1
0,PAYMENT,346,26394.62,0.0,0.0,0.0,0.0,0
0,CASH_OUT,8,12032.6,1894803.78,1882771.18,383009.36,774383.4,0
0,CASH_IN,277,124809.9,11343.0,136152.9,0.0,0.0,0
0,CASH_IN,35,162456.48,2246199.86,2408656.34,403414.51,240958.03,0
0,CASH_OUT,12,26712.71,0.0,0.0,1724492.94,2564076.62,0
0,CASH_OUT,661,69220.09,0.0,0.0,274950.73,344170.82,0
0,CASH_OUT,10,273811.98,19801.0,0.0,949398.23,1163222.37,0
0,CASH_OUT,140,73152.01,156102.0,82949.99,0.0,73152.01,0
0,TRANSFER,350,1177343.62,179.0,0.0,0.0,1177343.62,0
0,CASH_IN,400,68868.97,19791228.46,19860097.43,6168016.6,6099147.63,0
0,TRANSFER,25,1698263.69,1698263.69,0.0,0.0,0.0,1
0,CASH_OUT,585,104687.72,0.0,0.0,9777056.01,9881743.73,0
0,CASH_OUT,131,410862.97,0.0,0.0,4400716.76,4811579.74,0
0,CASH_IN,8,77279.7,584215.66,661495.36,264294.21,1404288.87,0
0,TRANSFER,471,3327200.31,386009.69,0.0,6623603.83,9950804.14,0
0,CASH_OUT,355,165385.44,125.0,0.0,106856.47,272241.91,0
0,CASH_OUT,307,357024.4,0.0,0.0,1348522.74,1705547.14,0
0,PAYMENT,372,972.24,31757.0,30784.76,0.0,0.0,0
0,PAYMENT,41,6047.23,0.0,0.0,0.0,0.0,0
0,CASH_IN,594,152571.98,127.0,152698.98,450193.32,297621.33,0
0,CASH_OUT,396,177868.3,152458.0,0.0,0.0,177868.3,0
0,PAYMENT,40,12403.79,77441.0,65037.21,0.0,0.0,0
0,CASH_OUT,692,349619.91,349619.91,0.0,1472559.62,1822179.54,1
0,TRANSFER,64,3097121.75,3097121.75,0.0,0.0,0.0,1
0,CASH_OUT,205,31900.74,752.0,0.0,1144399.39,1176300.13,0
0,CASH_OUT,544,150168.02,0.0,0.0,352100.47,502268.49,0
0,PAYMENT,15,1677.37,478787.45,477110.08,0.0,0.0,0
0,PAYMENT,261,5982.19,475.0,0.0,0.0,0.0,0
0,CASH_IN,307,155343.19,11455575.27,11610918.45,7903159.31,7747816.12,0
0,CASH_OUT,280,129278.04,11555.0,0.0,463214.14,592492.18,0
0,PAYMENT,619,3786.94,114340.0,110553.06,0.0,0.0,0
0,CASH_OUT,282,49663.73,0.0,0.0,50334.14,99997.87,0
0,TRANSFER,698,10000000.0,12184556.65,2184556.65,0.0,0.0,1
0,CASH_OUT,185,214242.29,40383.0,0.0,1152088.89,1366331.18,0
0,CASH_OUT,332,80972.93,4066.0,0.0,1103323.52,1184296.44,0
0,PAYMENT,120,25829.64,0.0,0.0,0.0,0.0,0
0,PAYMENT,20,14179.34,0.0,0.0,0.0,0.0,0
0,PAYMENT,353,26409.07,0.0,0.0,0.0,0.0,0
0,TRANSFER,229,56574.3,0.0,0.0,5463699.45,5520273.75,0
0,PAYMENT,345,8899.57,0.0,0.0,0.0,0.0,0
0,TRANSFER,352,594282.17,5094.0,0.0,0.0,594282.17,0
0,CASH_IN,347,104870.34,149.0,105019.34,0.0,0.0,0
0,CASH_OUT,260,13715.13,97663.57,83948.44,863682.46,877397.59,0
0,CASH_IN,39,119514.02,16905.0,136419.02,275709.75,156195.73,0
0,CASH_IN,252,440814.66,100966.14,541780.8,3933040.64,3492225.97,0
0,CASH_IN,167,170260.58,6807310.57,6977571.15,1159339.11,989078.52,0
0,CASH_OUT,133,276707.6,10430.0,0.0,19146.1,212686.03,0
0,CASH_IN,188,347830.93,3998257.9,4346088.83,521306.57,173475.64,0
0,PAYMENT,282,1705.6,544474.62,542769.03,0.0,0.0,0
0,PAYMENT,209,13345.17,217588.43,204243.26,0.0,0.0,0
0,PAYMENT,97,13717.56,13034.0,0.0,0.0,0.0,0
0,CASH_OUT,617,311974.57,70563.0,0.0,1289449.86,1601424.42,0
0,CASH_IN,281,15333.46,6004815.51,6020148.98,79449.44,64115.98,0
0,CASH_IN,370,164706.08,221857.0,386563.08,602545.06,437838.98,0
0,CASH_OUT,254,28761.51,99751.0,70989.49,0.0,28761.51,0
0,TRANSFER,143,7068115.67,7068115.67,0.0,0.0,0.0,1
0,CASH_OUT,183,143540.15,1041.0,0.0,0.0,143540.15,0
0,PAYMENT,36,4862.46,98160.0,93297.54,0.0,0.0,0
0,CASH_IN,330,741442.92,21730159.28,22471602.2,969576.04,228133.12,0
0,CASH_OUT,600,1649039.58,1649039.58,0.0,1970152.93,3619192.51,1
0,CASH_IN,140,6398.99,29719.0,36117.99,0.0,0.0,0
0,CASH_IN,34,73038.56,27230160.05,27303198.61,435000.62,361962.06,0
0,CASH_OUT,94,157615.67,0.0,0.0,419666.0,577281.67,0
0,PAYMENT,8,17642.35,20619.87,2977.52,0.0,0.0,0
0,CASH_IN,252,212093.47,6579816.86,6791910.33,653383.28,441289.81,0
0,CASH_OUT,156,178955.41,8047.0,0.0,0.0,178955.41,0
0,CASH_IN,284,418881.52,2427632.58,2846514.1,1680331.08,1261449.56,0
0,CASH_IN,354,272694.28,57850.0,330544.28,212721.36,0.0,0
0,TRANSFER,280,268762.37,268762.37,0.0,0.0,0.0,1
0,PAYMENT,249,30459.66,0.0,0.0,0.0,0.0,0
0,CASH_OUT,369,32575.37,2569.23,0.0,1067776.23,1100351.6,0
0,PAYMENT,349,41048.35,20562.0,0.0,0.0,0.0,0
0,TRANSFER,637,4267405.4,0.0,0.0,5079649.23,9347054.62,0
0,CASH_OUT,278,414499.58,5064.0,0.0,0.0,414499.58,0
0,CASH_IN,345,177334.99,643.0,177977.99,0.0,0.0,0
0,CASH_OUT,12,326484.77,0.0,0.0,435390.62,604479.62,0
0,CASH_OUT,212,102894.16,10131.0,0.0,0.0,102894.16,0
0,CASH_OUT,40,91516.18,0.0,0.0,13722231.99,13813748.17,0
0,CASH_OUT,69,2960254.17,2960254.17,0.0,620822.89,3581077.07,1
0,CASH_OUT,370,242509.16,0.0,0.0,1661841.47,1904350.62,0
0,PAYMENT,20,14955.12,12854.0,0.0,0.0,0.0,0
0,TRANSFER,18,492488.93,0.0,0.0,1276224.12,1805070.28,0
0,PAYMENT,187,3460.65,0.0,0.0,0.0,0.0,0
0,PAYMENT,333,21878.86,398443.0,376564.14,0.0,0.0,0
0,PAYMENT,192,357.23,107.0,0.0,0.0,0.0,0
0,CASH_IN,179,177561.31,3168826.83,3346388.14,857334.42,679773.1,0
0,CASH_OUT,34,100174.42,0.0,0.0,6304221.41,6404395.83,0
0,CASH_OUT,207,109830.47,403.0,0.0,44783.0,154613.47,0
0,TRANSFER,307,16734.61,16734.61,0.0,0.0,0.0,1
0,TRANSFER,138,347984.96,65422.0,0.0,895639.66,1243624.63,0
0,CASH_OUT,363,1715635.41,1715635.41,0.0,0.0,1715635.41,1
0,CASH_OUT,16,529504.7,309.0,0.0,5681748.84,6211253.54,0
0,PAYMENT,373,4457.36,0.0,0.0,0.0,0.0,0
0,CASH_IN,34,301573.18,2326213.25,2627786.43,476404.91,174831.73,0
0,PAYMENT,142,32568.45,0.0,0.0,0.0,0.0,0
0,TRANSFER,163,19277.5,19220.0,0.0,4215.93,23493.43,0
0,TRANSFER,232,1705821.37,157236.0,0.0,336595.06,2042416.43,0
0,CASH_OUT,325,107366.18,0.0,0.0,10242628.56,10349994.73,0
0,CASH_IN,157,85801.37,1967361.01,2053162.38,883475.14,797673.77,0
0,CASH_OUT,156,276470.05,133998.0,0.0,701101.37,751902.2,0
0,PAYMENT,166,9584.66,11211.0,1626.34,0.0,0.0,0
0,CASH_IN,325,480361.42,1528.0,481889.42,12414.86,0.0,0
0,CASH_OUT,255,9342.19,0.0,0.0,286925.18,296267.37,0
0,PAYMENT,38,9697.07,740.0,0.0,0.0,0.0,0
0,TRANSFER,228,1277184.99,0.0,0.0,2477583.08,3754768.07,0
0,PAYMENT,185,23125.99,0.0,0.0,0.0,0.0,0
0,CASH_OUT,162,111160.26,0.0,0.0,7405376.59,7516536.85,0
0,PAYMENT,400,5140.01,288106.59,282966.58,0.0,0.0,0
0,CASH_OUT,691,313831.48,59904.0,0.0,422818.53,736650.01,0
0,PAYMENT,404,9698.62,0.0,0.0,0.0,0.0,0
0,PAYMENT,397,6714.46,0.0,0.0,0.0,0.0,0
0,PAYMENT,22,11028.03,0.0,0.0,0.0,0.0,0
0,PAYMENT,299,2289.77,28542.62,26252.84,0.0,0.0,0
0,PAYMENT,376,12503.09,21099.0,8595.91,0.0,0.0,0
0,CASH_OUT,371,268990.06,0.0,0.0,533324.11,802314.17,0
0,CASH_OUT,159,342395.05,9036.0,0.0,6984.31,349379.36,0
0,PAYMENT,139,1278.78,0.0,0.0,0.0,0.0,0
0,CASH_IN,283,26833.17,19612520.26,19639353.43,109786.01,82952.85,0
0,PAYMENT,359,3953.78,739671.0,735717.22,0.0,0.0,0
0,PAYMENT,321,21696.18,168516.49,146820.31,0.0,0.0,0
0,CASH_OUT,153,249056.82,21568.0,0.0,0.0,249056.82,0
0,PAYMENT,608,4765.23,174983.24,170218.01,0.0,0.0,0
0,CASH_IN,329,100610.7,10019.0,110629.7,511055.36,410444.67,0
0,CASH_OUT,354,23574.8,28676.0,5101.2,209920.3,233495.1,0
0,PAYMENT,226,25352.96,0.0,0.0,0.0,0.0,0
0,CASH_IN,234,125824.06,10443895.64,10569719.71,170436.02,44611.96,0
0,PAYMENT,229,11698.2,1062.0,0.0,0.0,0.0,0
0,CASH_OUT,573,191710.82,0.0,0.0,232816.08,424526.9,0
0,CASH_IN,182,186681.99,20965.0,207646.99,2754642.97,2567960.98,0
0,CASH_OUT,354,176155.41,368.0,0.0,1098780.33,1274935.74,0
0,CASH_OUT,396,474733.35,40596.0,0.0,0.0,474733.35,0
0,PAYMENT,375,4740.29,0.0,0.0,0.0,0.0,0
0,TRANSFER,327,2701184.34,58899.0,0.0,0.0,2701184.34,0
0,PAYMENT,8,318.82,480.0,161.18,0.0,0.0,0
0,PAYMENT,16,17882.45,10800.0,0.0,0.0,0.0,0
0,TRANSFER,603,1778520.7,1778520.7,0.0,0.0,0.0,1
0,CASH_IN,300,404909.51,1115306.54,1520216.06,2562744.98,2157835.47,0
0,CASH_OUT,596,81224.93,0.0,0.0,199371.47,280596.4,0
0,CASH_OUT,253,160518.8,0.0,0.0,193645.32,594977.97,0
0,PAYMENT,348,11877.47,0.0,0.0,0.0,0.0,0
0,PAYMENT,183,7510.28,0.0,0.0,0.0,0.0,0
0,PAYMENT,207,16240.31,110724.5,94484.2,0.0,0.0,0
0,CASH_OUT,402,103063.11,138.0,0.0,1449100.77,1552163.87,0
0,PAYMENT,19,9011.39,0.0,0.0,0.0,0.0,0
0,TRANSFER,163,579148.22,0.0,0.0,2405247.79,3009798.91,0
0,CASH_OUT,188,85617.96,0.0,0.0,1497252.5,1582870.46,0
0,CASH_IN,302,88043.74,5070053.95,5158097.69,572792.17,484748.43,0
0,CASH_OUT,232,238511.77,71208.0,0.0,0.0,238511.77,0
0,PAYMENT,322,8198.27,0.0,0.0,0.0,0.0,0
0,CASH_OUT,377,25572.71,0.0,0.0,67147.6,92720.32,0
0,PAYMENT,397,14948.24,0.0,0.0,0.0,0.0,0
0,PAYMENT,282,6813.25,22363.0,15549.75,0.0,0.0,0
0,CASH_OUT,309,163908.2,311512.0,147603.8,0.0,163908.2,0
0,CASH_IN,163,221502.03,2372517.5,2594019.54,234702.73,13200.69,0
0,TRANSFER,301,44704.3,1018.0,0.0,132301.54,177005.84,0
0,CASH_OUT,522,184300.54,221240.0,36939.46,9703607.28,9887907.82,0
0,PAYMENT,398,2634.35,161885.99,159251.64,0.0,0.0,0
0,TRANSFER,154,919147.83,0.0,0.0,1967964.22,2887112.04,0
0,CASH_OUT,157,111723.85,0.0,0.0,191142.06,302865.91,0
0,CASH_OUT,250,282714.2,11338.0,0.0,599536.82,882251.02,0
0,CASH_IN,135,221139.55,5607047.58,5828187.12,711748.02,490608.47,0
0,CASH_IN,188,8894.91,106190.0,115084.91,2060302.81,2051407.9,0
0,CASH_OUT,166,187706.48,1479.0,0.0,878787.02,1066493.5,0
0,CASH_OUT,20,52890.68,799624.0,746733.32,461582.88,610729.78,0
0,PAYMENT,259,1352.17,213527.35,212175.18,0.0,0.0,0
0,CASH_IN,235,211752.24,89.0,211841.24,46988.74,0.0,0
0,CASH_IN,180,288303.82,25960.0,314263.82,164544.41,0.0,0
0,CASH_IN,9,477940.82,11643.0,489583.82,281165.43,0.0,0
0,CASH_OUT,212,128253.93,0.0,0.0,193937.1,322191.03,0
0,CASH_OUT,348,137855.51,0.0,0.0,779788.55,917644.06,0
0,PAYMENT,525,8880.92,308618.52,299737.6,0.0,0.0,0
0,CASH_IN,375,361.89,6417588.52,6417950.4,782872.61,782510.73,0
0,CASH_OUT,11,110258.09,0.0,0.0,1515210.3,1760677.6,0
0,TRANSFER,279,171170.4,51906.0,0.0,1402219.78,1573390.18,0
0,TRANSFER,520,2871898.5,2871898.5,0.0,0.0,0.0,1
0,CASH_OUT,212,130382.16,50449.0,0.0,894752.84,1025135.0,0
0,PAYMENT,406,5090.44,2256.58,0.0,0.0,0.0,0
0,CASH_IN,347,7939.48,12558958.04,12566897.52,71326.71,63387.23,0
0,CASH_IN,14,376212.16,10491.0,386703.16,1343269.05,1481568.04,0
0,CASH_IN,298,64756.05,7981499.99,8046256.05,1683866.87,1619110.82,0
0,TRANSFER,139,952368.67,50843.0,0.0,6239637.16,7192005.83,0
0,CASH_OUT,573,138767.32,10465.0,0.0,0.0,138767.32,0
0,CASH_OUT,329,157862.97,0.0,0.0,1822528.71,1980391.68,0
0,CASH_OUT,211,88423.47,0.0,0.0,1870499.44,2439952.56,0
0,PAYMENT,282,6783.5,23631.0,16847.5,0.0,0.0,0
0,CASH_OUT,208,87269.08,0.0,0.0,184901.8,272170.88,0
0,CASH_OUT,17,184111.13,116.0,0.0,0.0,711047.89,0
0,CASH_OUT,190,153220.93,81579.62,0.0,334166.03,487386.96,0
0,TRANSFER,134,320402.83,0.0,0.0,365587.28,685990.11,0
0,PAYMENT,297,21254.63,223524.08,202269.45,0.0,0.0,0
0,PAYMENT,156,527.61,98110.96,97583.35,0.0,0.0,0
0,PAYMENT,505,4077.59,13936.88,9859.29,0.0,0.0,0
0,PAYMENT,153,9306.57,2665.0,0.0,0.0,0.0,0
0,CASH_OUT,382,202311.65,0.0,0.0,138699909.75,138902221.4,0
0,CASH_OUT,274,309824.75,0.0,0.0,6064528.02,6374352.77,0
0,CASH_IN,346,67600.88,15206.0,82806.88,1528113.19,1460512.31,0
0,CASH_IN,259,247377.25,49767.0,297144.25,0.0,0.0,0
0,CASH_OUT,400,189110.56,0.0,0.0,1296755.53,1485866.09,0
0,CASH_IN,308,40970.42,66727.0,107697.42,0.0,0.0,0
0,CASH_IN,16,125543.38,4102347.08,4227890.46,398125.1,509843.6,0
0,PAYMENT,307,21734.91,75710.46,53975.55,0.0,0.0,0
0,CASH_IN,235,286322.32,7289084.55,7575406.87,725289.64,438967.32,0
0,TRANSFER,131,23186.12,7574.0,0.0,125151.47,148337.59,0
0,PAYMENT,188,7229.86,24669.0,17439.14,0.0,0.0,0
0,CASH_OUT,419,3118811.65,3118811.65,0.0,1163983.03,4282794.68,1
0,CASH_IN,185,124904.53,4920.0,129824.53,0.0,0.0,0
0,PAYMENT,356,771.24,5175.0,4403.76,0.0,0.0,0
0,CASH_IN,18,178068.7,85623.0,263691.7,226711.11,48642.41,0
0,PAYMENT,130,19970.76,0.0,0.0,0.0,0.0,0
0,CASH_IN,208,61906.35,99724.0,161630.35,1121269.5,1059363.14,0
0,CASH_IN,44,254231.44,2656863.27,2911094.71,6234689.93,5980458.5,0
0,CASH_OUT,20,102015.37,21251.0,0.0,1861008.32,1789942.62,0
0,CASH_OUT,185,64581.17,208807.4,144226.23,2270533.95,2335115.13,0
0,CASH_OUT,395,102558.21,62029.0,0.0,60415902.85,61675751.17,0
0,CASH_OUT,509,23413.67,23413.67,0.0,0.0,23413.67,1
0,CASH_OUT,132,463013.75,130029.0,0.0,0.0,463013.75,0
0,PAYMENT,356,11387.73,0.0,0.0,0.0,0.0,0
0,PAYMENT,20,19770.91,59983.0,40212.09,0.0,0.0,0
0,PAYMENT,397,34960.41,0.0,0.0,0.0,0.0,0
0,CASH_OUT,355,883366.69,883366.69,0.0,2029536.87,2912903.56,1
0,CASH_OUT,136,55192.63,123187.41,67994.78,100478.49,155671.11,0
0,PAYMENT,331,21173.78,265524.0,244350.22,0.0,0.0,0
0,CASH_OUT,17,197579.59,23911.0,0.0,0.0,197579.59,0
0,TRANSFER,495,296940.32,296940.32,0.0,0.0,0.0,1
0,PAYMENT,43,10999.15,40348.0,29348.85,0.0,0.0,0
0,CASH_OUT,42,113456.62,0.0,0.0,202100.86,315557.47,0
0,PAYMENT,373,14528.23,0.0,0.0,0.0,0.0,0
0,DEBIT,20,7626.54,33824.06,26197.53,277805.47,285432.0,0
0,CASH_IN,374,48038.25,2760.0,50798.25,0.0,0.0,0
0,PAYMENT,208,16515.44,74135.0,57619.56,0.0,0.0,0
0,CASH_OUT,183,10946.21,0.0,0.0,106018.98,116965.19,0
0,TRANSFER,650,230652.43,230652.43,0.0,0.0,0.0,1
0,CASH_OUT,612,126412.85,0.0,0.0,137851.48,264264.33,0
0,PAYMENT,695,1871.63,326919.0,325047.37,0.0,0.0,0
0,CASH_OUT,141,246229.89,0.0,0.0,341144.87,587374.76,0
0,CASH_OUT,401,160219.12,32664.0,0.0,0.0,160219.12,0
0,TRANSFER,10,697152.05,0.0,0.0,856975.95,2332843.24,0
0,TRANSFER,703,13024.95,13024.95,0.0,0.0,0.0,1
0,CASH_IN,159,13631.67,6558054.71,6571686.39,280391.86,266760.18,0
0,TRANSFER,282,481.9,481.9,0.0,0.0,0.0,1
0,CASH_OUT,397,301063.59,1315.0,0.0,1989046.18,2290109.77,0
0,CASH_OUT,302,106662.5,0.0,0.0,434182.01,540844.5,0
0,TRANSFER,730,7316255.05,17316255.05,17316255.05,0.0,0.0,1
0,CASH_OUT,257,56348.99,446.0,0.0,1364009.52,1420358.51,0
0,CASH_OUT,18,85938.99,16971.0,0.0,0.0,85938.99,0
0,PAYMENT,329,20461.04,3566.0,0.0,0.0,0.0,0
0,PAYMENT,18,4644.48,0.0,0.0,0.0,0.0,0
0,PAYMENT,426,20612.78,0.0,0.0,0.0,0.0,0
0,CASH_IN,326,76232.19,26353452.66,26429684.85,2731308.41,2655076.22,0
0,PAYMENT,18,11122.18,75268.69,64146.51,0.0,0.0,0
0,CASH_OUT,261,167727.45,0.0,0.0,1602944.95,1770672.4,0
0,CASH_IN,37,133835.34,39773.0,173608.34,1270036.85,1136201.51,0
0,PAYMENT,15,17430.64,0.0,0.0,0.0,0.0,0
0,TRANSFER,304,9466811.65,23119.0,0.0,1084.03,9467895.68,0
0,PAYMENT,140,3197.4,0.0,0.0,0.0,0.0,0
0,CASH_IN,19,295849.82,17144950.26,17440800.09,358167.45,0.0,0
0,TRANSFER,8,1956830.52,29385.0,0.0,2695.99,2153659.33,0
0,CASH_OUT,345,8994286.69,8994286.69,0.0,0.0,8994286.69,1
0,CASH_OUT,321,214477.93,25652.0,0.0,1217285.09,1431763.02,0
0,CASH_IN,520,39142.44,3682101.32,3721243.76,4251695.15,4212552.71,0
0,PAYMENT,357,14362.27,9902.0,0.0,0.0,0.0,0
0,CASH_IN,228,132452.49,501000.0,633452.49,0.0,0.0,0
0,CASH_IN,14,25220.02,0.0,25220.02,2655692.98,2700105.31,0
0,PAYMENT,588,3123.46,0.0,0.0,0.0,0.0,0
0,CASH_OUT,309,302664.2,0.0,0.0,480253.74,782917.94,0
0,PAYMENT,354,22835.34,171481.23,148645.89,0.0,0.0,0
0,PAYMENT,39,21278.42,16058.0,0.0,0.0,0.0,0
0,PAYMENT,596,4458.13,0.0,0.0,0.0,0.0,0
0,TRANSFER,71,304085.48,304085.48,0.0,0.0,0.0,1
0,PAYMENT,130,23543.94,125145.0,101601.06,0.0,0.0,0
0,CASH_OUT,289,27759.73,27759.73,0.0,7076299.77,7104059.5,1
0,TRANSFER,448,14133.69,14133.69,0.0,0.0,0.0,1
0,CASH_OUT,230,384980.97,30308.0,0.0,221119.7,606100.68,0
0,PAYMENT,404,2750.6,0.0,0.0,0.0,0.0,0
0,CASH_IN,380,53491.41,18151464.18,18204955.59,3476982.68,3423491.27,0
0,CASH_OUT,355,131962.9,51724.0,0.0,12444.04,144406.95,0
0,PAYMENT,163,2842.02,0.0,0.0,0.0,0.0,0
0,PAYMENT,183,783.1,0.0,0.0,0.0,0.0,0
0,CASH_IN,203,20427.62,2745259.88,2765687.5,251355.59,230927.97,0
0,CASH_OUT,25,802382.45,802382.45,0.0,0.0,802382.45,1
0,TRANSFER,208,300470.07,21451.0,0.0,307958.71,608428.78,0
0,TRANSFER,392,542393.87,542393.87,0.0,0.0,0.0,1
0,PAYMENT,182,7366.37,0.0,0.0,0.0,0.0,0
0,CASH_IN,683,184793.86,4447894.73,4632688.6,344418.64,159624.77,0
0,TRANSFER,354,173920.66,67200.0,0.0,1182040.33,1355960.98,0
0,CASH_OUT,234,110133.98,0.0,0.0,1073646.34,1183780.31,0
0,PAYMENT,9,19387.11,28052.67,8665.55,0.0,0.0,0
0,CASH_IN,161,103241.3,123533.0,226774.3,0.0,0.0,0
0,CASH_OUT,234,222606.2,379.0,0.0,262947.72,485553.92,0
0,CASH_OUT,245,688034.32,688034.32,0.0,0.0,688034.32,1
0,TRANSFER,14,549219.76,0.0,0.0,1620578.49,1877601.01,0
0,CASH_OUT,204,236440.73,0.0,0.0,1319051.73,1555492.46,0
0,PAYMENT,333,726.51,51637.0,50910.49,0.0,0.0,0
0,CASH_IN,590,19723.53,242220.38,261943.91,226932.58,207209.05,0
0,CASH_OUT,8,284929.88,0.0,0.0,10882877.18,14068690.23,0
0,CASH_IN,179,90485.2,1927001.77,2017486.97,2786612.8,2696127.6,0
0,PAYMENT,331,486.51,143280.0,142793.49,0.0,0.0,0
0,PAYMENT,38,6797.3,68891.0,62093.7,0.0,0.0,0
0,CASH_OUT,142,362640.49,0.0,0.0,1129517.05,1492157.54,0
0,TRANSFER,163,956647.54,8098.0,0.0,2304153.55,3260801.09,0
0,PAYMENT,283,3561.49,68871.27,65309.78,0.0,0.0,0
0,CASH_OUT,14,67239.1,25644.0,0.0,2754661.19,2821900.29,0
0,CASH_OUT,398,310281.95,0.0,0.0,2582340.81,2892622.76,0
0,CASH_IN,166,82386.72,4580997.0,4663383.71,447580.23,365193.51,0
0,CASH_IN,251,400011.8,1311591.16,1711602.96,1617423.59,1217411.8,0
0,CASH_IN,186,282165.57,6093326.01,6375491.59,825866.56,543700.99,0
0,PAYMENT,185,903.74,0.0,0.0,0.0,0.0,0
0,PAYMENT,327,12177.51,0.0,0.0,0.0,0.0,0
0,CASH_OUT,158,73349.94,6063.0,0.0,5422.5,78772.44,0
0,CASH_OUT,14,269295.64,261.0,0.0,114793.87,384089.51,0
0,CASH_OUT,304,557705.13,87758.0,0.0,496926.41,1054631.54,0
0,CASH_OUT,326,6546019.0,6546019.0,0.0,1342360.08,14782044.54,1
0,CASH_OUT,681,269734.65,30024.0,0.0,35760.49,305495.14,0
0,PAYMENT,331,15628.19,31461.0,15832.81,0.0,0.0,0
0,CASH_OUT,316,72665.95,72665.95,0.0,31012.3,103678.25,1
0,PAYMENT,239,3696.13,120832.0,117135.87,0.0,0.0,0
0,PAYMENT,307,14515.68,0.0,0.0,0.0,0.0,0
0,CASH_IN,251,192110.86,5345965.8,5538076.67,3818937.72,3626826.86,0
0,PAYMENT,214,1888.4,0.0,0.0,0.0,0.0,0
0,PAYMENT,308,5084.02,11038.74,5954.71,0.0,0.0,0
0,PAYMENT,406,14625.07,566.0,0.0,0.0,0.0,0
0,CASH_OUT,570,340287.39,0.0,0.0,2539496.55,2879783.93,0
0,CASH_OUT,330,56479.02,0.0,0.0,10784882.09,10841361.12,0
0,PAYMENT,192,8796.33,29599.0,20802.67,0.0,0.0,0
0,TRANSFER,337,658637.38,658637.38,0.0,0.0,0.0,1
0,PAYMENT,21,11809.2,4446.41,0.0,0.0,0.0,0
0,CASH_IN,404,29773.15,1270367.44,1300140.59,2063578.29,2033805.14,0
0,CASH_OUT,383,214857.21,0.0,0.0,600807.47,815664.68,0
0,CASH_OUT,281,212882.47,99761.0,0.0,3411929.19,3790635.97,0
0,TRANSFER,353,3033160.5,18581.0,0.0,1391896.99,4425057.49,0
0,CASH_IN,129,182236.12,5960795.11,6143031.23,5421659.36,5239423.24,0
0,CASH_OUT,382,49559.55,30456.0,0.0,148343.76,197903.31,0
0,CASH_OUT,402,196107.39,0.0,0.0,9615350.31,9811457.7,0
0,CASH_IN,592,83008.31,8070.0,91078.31,408550.26,325541.95,0
0,CASH_IN,378,106987.93,50899.0,157886.93,1219380.68,1112392.75,0
0,CASH_OUT,274,333220.14,70507.0,0.0,2750559.34,3636615.28,0
0,CASH_IN,34,179601.57,153614.0,333215.57,1283625.74,1104024.18,0
0,PAYMENT,225,383.17,1187.0,803.83,0.0,0.0,0
0,CASH_OUT,10,53699.17,0.0,0.0,234399.56,288098.72,0
0,TRANSFER,311,2443901.95,0.0,0.0,2805593.97,5249495.91,0
0,CASH_OUT,442,188229.27,5229.0,0.0,582072.76,770302.03,0
0,CASH_OUT,177,89452.96,0.0,0.0,998575.48,1088028.44,0
0,CASH_OUT,371,53599.61,29693.0,0.0,4059558.63,4113158.24,0
0,CASH_IN,347,139357.51,24958469.56,25097827.07,722199.53,582842.02,0
0,CASH_OUT,227,258896.77,288985.0,30088.23,39778.94,298675.7,0
0,CASH_OUT,37,150710.47,281.0,0.0,0.0,150710.47,0
0,CASH_OUT,18,90026.12,55780.0,0.0,49211.0,139237.12,0
0,CASH_OUT,212,224689.94,0.0,0.0,3332240.22,3556930.16,0
0,TRANSFER,95,87999.25,87999.25,0.0,0.0,0.0,1
0,PAYMENT,259,1310.43,272.0,0.0,0.0,0.0,0
0,CASH_OUT,39,319398.85,100300.0,0.0,491704.34,811103.19,0
0,CASH_IN,226,144208.23,23531.0,167739.23,85650.43,0.0,0
0,TRANSFER,284,11358.78,0.0,0.0,6210323.34,6221682.12,0
0,CASH_OUT,95,655676.97,655676.97,0.0,53614.28,709291.25,1
0,TRANSFER,597,266038.91,55737.0,0.0,259494.71,525533.63,0
0,CASH_OUT,181,180355.35,113277.65,0.0,180657.37,220110.38,0
0,PAYMENT,376,10568.53,163.0,0.0,0.0,0.0,0
0,CASH_IN,283,302433.36,1743387.11,2045820.47,319738.77,17305.42,0
0,PAYMENT,299,5332.27,437953.75,432621.48,0.0,0.0,0
0,CASH_OUT,213,462485.2,69932.56,0.0,1380706.89,1843192.09,0
0,CASH_OUT,211,90158.17,199289.0,109130.83,0.0,90158.17,0
0,CASH_OUT,19,220802.22,0.0,0.0,1834436.19,2055238.41,0
0,CASH_OUT,235,218535.92,0.0,0.0,2027492.12,2246028.04,0
0,PAYMENT,204,15368.03,47076.9,31708.88,0.0,0.0,0
0,PAYMENT,41,24470.36,0.0,0.0,0.0,0.0,0
0,CASH_IN,182,92024.78,1546473.1,1638497.88,1590977.36,1498952.58,0
0,CASH_OUT,276,14666.58,94546.0,79879.42,375644.72,390311.3,0
0,CASH_OUT,131,117957.48,10864.0,0.0,0.0,117957.48,0
0,CASH_IN,379,55976.97,2843096.59,2899073.55,503351.09,447374.13,0
0,PAYMENT,258,2332.06,0.0,0.0,0.0,0.0,0
0,CASH_OUT,179,82253.01,363.0,0.0,4955315.02,5037568.03,0
0,CASH_IN,545,440428.26,340416.0,780844.26,0.0,0.0,0
0,TRANSFER,302,188260.52,0.0,0.0,536240.22,724500.74,0
0,PAYMENT,375,42674.42,206174.04,163499.62,0.0,0.0,0
0,CASH_IN,303,243837.56,29943.0,273780.56,0.0,0.0,0
0,PAYMENT,143,1736.27,0.0,0.0,0.0,0.0,0
0,CASH_IN,348,130698.76,16988336.69,17119035.44,4098014.15,3967315.4,0
0,CASH_OUT,383,212460.81,0.0,0.0,1421345.41,1633806.22,0
0,CASH_OUT,277,14563.85,26410.0,11846.15,330801.21,345365.06,0
0,CASH_IN,226,200135.02,7472295.91,7672430.93,412581.05,240028.51,0
0,CASH_OUT,572,1351104.53,1351104.53,0.0,0.0,1351104.53,1
0,TRANSFER,351,421032.91,446513.0,25480.09,237647.14,658680.05,0
0,CASH_OUT,359,85742.93,16021.0,0.0,0.0,85742.93,0
0,PAYMENT,335,8978.57,20476.0,11497.43,0.0,0.0,0
0,CASH_OUT,354,297828.7,5640.0,0.0,0.0,297828.7,0
0,CASH_OUT,730,2154005.71,2154005.71,0.0,0.0,2154005.71,1
0,CASH_OUT,205,267134.69,22327.0,0.0,0.0,267134.69,0
0,CASH_IN,164,81223.32,1333191.88,1414415.2,447192.12,365968.8,0
0,CASH_OUT,260,32435.72,242388.0,209952.28,0.0,32435.72,0
0,PAYMENT,372,8605.12,0.0,0.0,0.0,0.0,0
0,CASH_IN,11,142331.39,5755045.16,5897376.55,220728.27,78396.88,0
0,PAYMENT,311,7577.63,631.0,0.0,0.0,0.0,0
0,CASH_IN,304,135571.1,10384156.14,10519727.23,4837080.42,4701509.33,0
0,PAYMENT,131,35136.7,0.0,0.0,0.0,0.0,0
0,CASH_OUT,522,162265.23,12003.0,0.0,0.0,162265.23,0
0,PAYMENT,354,30108.12,51947.0,21838.88,0.0,0.0,0
0,CASH_OUT,211,33015.97,0.0,0.0,279376.85,312392.82,0
0,CASH_IN,687,499677.43,2088446.01,2588123.44,5359856.48,4860179.05,0
0,CASH_OUT,131,286497.0,100315.0,0.0,0.0,286497.0,0
0,PAYMENT,10,11201.68,110263.09,99061.42,0.0,0.0,0
0,CASH_IN,42,363935.87,1135315.66,1499251.52,766893.09,555925.33,0
0,CASH_OUT,330,146123.99,0.0,0.0,123071385.68,123217509.68,0
0,PAYMENT,186,13633.34,32324.0,18690.66,0.0,0.0,0
0,CASH_IN,188,209078.4,8433732.86,8642811.25,429247.31,220168.91,0
0,CASH_OUT,187,57768.32,0.0,0.0,187190.26,244958.58,0
0,PAYMENT,182,11794.85,34260.5,22465.65,0.0,0.0,0
0,PAYMENT,522,30497.86,0.0,0.0,0.0,0.0,0
0,CASH_IN,275,98930.44,73693.0,172623.44,70757.33,0.0,0
0,CASH_OUT,234,16395.05,150158.42,133763.37,45847.17,62242.22,0
0,CASH_OUT,34,76177.0,0.0,0.0,1087812.64,1163989.64,0
0,CASH_OUT,353,436125.04,20914.0,0.0,2309.24,438434.29,0
0,CASH_IN,183,108690.26,0.0,108690.26,1214478.87,1105788.61,0
0,PAYMENT,585,21546.73,72365.0,50818.27,0.0,0.0,0
0,CASH_IN,346,123800.39,33974.0,157774.39,254810.4,131010.01,0
0,CASH_OUT,134,146828.7,0.0,0.0,181368.56,328197.27,0
0,CASH_IN,19,287258.17,47697.0,334955.17,182906.26,0.0,0
0,PAYMENT,13,1659.47,192576.12,190916.65,0.0,0.0,0
0,CASH_OUT,642,450060.37,450060.37,0.0,100205.45,550265.82,1
0,CASH_IN,288,713.36,1397771.44,1398484.8,11836.62,11123.25,0
0,CASH_OUT,640,224105.7,21197.0,0.0,50171.21,274276.91,0
0,TRANSFER,35,171788.82,171788.82,0.0,0.0,0.0,1
0,CASH_OUT,306,161588.72,0.0,0.0,200430.27,362018.99,0
0,CASH_OUT,287,7109453.78,7109453.78,0.0,1377347.2,8486800.98,1
0,PAYMENT,185,7461.79,0.0,0.0,0.0,0.0,0
0,PAYMENT,333,5463.95,650.0,0.0,0.0,0.0,0
0,CASH_OUT,279,273684.45,11351.0,0.0,44194.08,317878.53,0
0,CASH_OUT,253,296349.24,30426.0,0.0,6752373.86,7048723.1,0
0,CASH_OUT,8,276038.58,10439.0,0.0,7030.01,283068.59,0
0,PAYMENT,230,42016.52,0.0,0.0,0.0,0.0,0
0,PAYMENT,42,10926.12,0.0,0.0,0.0,0.0,0
0,PAYMENT,13,10494.9,380164.31,369669.41,0.0,0.0,0
0,CASH_IN,135,379589.26,6337873.86,6717463.13,472523.24,92933.98,0
0,CASH_IN,132,130264.54,2343654.48,2473919.02,1341695.75,1211431.21,0
0,CASH_IN,278,313570.21,11093.0,324663.21,0.0,0.0,0
0,CASH_IN,257,183703.46,673053.6,856757.06,606010.78,422307.32,0
0,CASH_OUT,10,1098.77,21375.0,20276.23,754705.24,1498798.54,0
0,PAYMENT,596,1624.86,19882.0,18257.14,0.0,0.0,0
0,TRANSFER,42,1233501.08,0.0,0.0,7217125.38,8450626.46,0
0,PAYMENT,239,4520.09,0.0,0.0,0.0,0.0,0
0,CASH_OUT,36,480409.41,0.0,0.0,1426248.53,1906657.94,0
0,CASH_IN,684,150458.98,10528.0,160986.98,632086.34,481627.35,0
0,CASH_OUT,210,202487.09,21105.0,0.0,317442.83,519929.92,0
0,PAYMENT,332,4560.78,0.0,0.0,0.0,0.0,0
0,PAYMENT,374,44039.93,0.0,0.0,0.0,0.0,0
0,CASH_OUT,44,91068.38,11957.0,0.0,414842.96,505911.34,0
0,CASH_IN,330,198977.41,237164.32,436141.72,630708.91,431731.5,0
0,CASH_OUT,48,340626.81,0.0,0.0,7713417.95,8054044.76,0
0,PAYMENT,303,5147.45,0.0,0.0,0.0,0.0,0
0,CASH_IN,185,33939.11,165317.0,199256.11,0.0,0.0,0
0,CASH_OUT,405,175771.54,1218.34,0.0,676368.59,852140.13,0
0,CASH_OUT,282,206393.09,0.0,0.0,407618.97,614012.06,0
0,CASH_IN,371,268468.05,5208050.91,5476518.96,295171.16,26703.11,0
0,TRANSFER,350,1179.09,0.0,0.0,731907.62,733086.72,0
0,PAYMENT,235,11898.57,151015.52,139116.95,0.0,0.0,0
0,CASH_OUT,36,351688.99,50363.0,0.0,0.0,194963.56,0
0,CASH_OUT,688,115304.26,26081.0,0.0,0.0,115304.26,0
0,PAYMENT,310,5562.43,0.0,0.0,0.0,0.0,0
0,CASH_OUT,163,222777.83,0.0,0.0,1207436.81,1430214.64,0
0,CASH_IN,400,56123.84,673969.55,730093.39,7218728.74,7162604.9,0
1,DEBIT,11,2024.82,8075.0,6050.18,3903696.27,3905721.09,0
1,CASH_IN,346,15947.19,1862864.05,1878811.24,7631826.49,7615879.29,0
1,CASH_OUT,230,269443.75,0.0,0.0,327884.72,597328.47,0
1,CASH_IN,402,294689.94,262804.0,557493.94,0.0,0.0,0
1,CASH_IN,33,322656.23,135751.0,458407.23,77423.33,0.0,0
1,PAYMENT,355,1348.12,0.0,0.0,0.0,0.0,0
1,CASH_OUT,160,85229.71,0.0,0.0,1203556.31,1288786.02,0
1,CASH_OUT,373,229357.66,0.0,0.0,455758.81,685116.47,0
1,CASH_IN,298,279299.89,8878.0,288177.89,0.0,0.0,0
1,CASH_OUT,208,93374.76,73562.0,0.0,294679.68,388054.44,0
1,PAYMENT,167,6219.77,5586.0,0.0,0.0,0.0,0
1,CASH_IN,354,37839.65,59596.0,97435.65,170996.8,133157.15,0
1,PAYMENT,212,19994.65,60749.0,40754.35,0.0,0.0,0
1,TRANSFER,179,1040465.03,2875.94,0.0,2445757.26,3486222.29,0
1,PAYMENT,129,2488.56,1112.0,0.0,0.0,0.0,0
1,PAYMENT,260,10752.37,11316.0,563.63,0.0,0.0,0
1,PAYMENT,230,43819.3,301705.57,257886.27,0.0,0.0,0
1,PAYMENT,138,4336.6,0.0,0.0,0.0,0.0,0
1,CASH_IN,11,290340.54,20236.0,310576.54,1158317.28,992927.93,0
1,PAYMENT,130,22315.35,600.17,0.0,0.0,0.0,0
1,PAYMENT,179,11266.11,0.0,0.0,0.0,0.0,0
1,TRANSFER,164,94759.71,0.0,0.0,3055058.24,3149817.96,0
1,CASH_OUT,355,34840.48,296.0,0.0,22190.25,57030.74,0
1,TRANSFER,346,661371.81,0.0,0.0,1373058.7,2034430.5,0
1,PAYMENT,232,27296.45,0.0,0.0,0.0,0.0,0
1,CASH_OUT,307,152156.9,358271.1,206114.2,2271772.56,2423929.46,0
1,CASH_IN,403,196622.74,2254916.95,2451539.69,740982.3,544359.56,0
1,CASH_OUT,129,284620.18,0.0,0.0,1060873.02,1275937.81,0
1,CASH_OUT,605,247877.03,247877.03,0.0,283820.59,531697.62,1
1,CASH_IN,377,29477.65,20744.0,50221.65,0.0,0.0,0
1,CASH_IN,608,210165.53,2482079.01,2692244.54,4313538.62,4103373.1,0
1,CASH_IN,546,283168.29,832138.71,1115307.0,561412.9,278244.6,0
1,CASH_IN,213,143991.3,1259252.76,1403244.06,716824.07,572832.77,0
1,CASH_OUT,181,105620.17,0.0,0.0,1916334.16,2021954.33,0
1,CASH_OUT,35,117102.89,22806.0,0.0,0.0,117102.89,0
1,PAYMENT,140,16461.38,250706.38,234245.0,0.0,0.0,0
1,PAYMENT,299,47263.35,45332.0,0.0,0.0,0.0,0
1,CASH_IN,215,129694.54,3788334.03,3918028.57,2561601.15,2431906.61,0
1,PAYMENT,375,9421.48,0.0,0.0,0.0,0.0,0
1,CASH_OUT,395,356416.35,78997.0,0.0,0.0,356416.35,0
1,PAYMENT,142,21544.76,370630.52,349085.76,0.0,0.0,0
1,PAYMENT,36,19589.65,30571.0,10981.35,0.0,0.0,0
1,CASH_OUT,227,452078.17,0.0,0.0,4563113.68,5015191.85,0
1,PAYMENT,260,1362.45,127873.09,126510.64,0.0,0.0,0
1,PAYMENT,178,8149.76,70338.0,62188.24,0.0,0.0,0
1,PAYMENT,370,4.01,0.0,0.0,0.0,0.0,0
1,TRANSFER,392,2887744.35,2887744.35,0.0,0.0,0.0,1
1,PAYMENT,210,3333.05,105536.0,102202.95,0.0,0.0,0
1,CASH_IN,378,139591.18,368831.69,508422.88,177153.86,37562.68,0
1,PAYMENT,158,5035.48,596.0,0.0,0.0,0.0,0
1,PAYMENT,208,12455.11,32123.0,19667.89,0.0,0.0,0
1,PAYMENT,305,28381.17,79209.0,50827.83,0.0,0.0,0
1,PAYMENT,403,6179.83,0.0,0.0,0.0,0.0,0
1,CASH_OUT,391,172362.84,172362.84,0.0,543266.37,715629.21,1
1,PAYMENT,45,199.05,155336.0,155136.95,0.0,0.0,0
1,PAYMENT,7,2350.92,91572.0,89221.08,0.0,0.0,0
1,CASH_OUT,207,203334.19,9063.0,0.0,476274.81,679609.0,0
1,PAYMENT,283,4108.98,0.0,0.0,0.0,0.0,0
1,PAYMENT,346,29836.07,0.0,0.0,0.0,0.0,0
1,CASH_IN,190,5026.89,277206.87,282233.76,27677.12,22650.23,0
1,PAYMENT,684,1107.8,26779.6,25671.79,0.0,0.0,0
1,PAYMENT,9,5887.29,0.0,0.0,0.0,0.0,0
1,CASH_OUT,277,33630.87,344.0,0.0,93415.13,127046.0,0
1,CASH_OUT,9,198320.09,0.0,0.0,265355.42,1385991.18,0
1,PAYMENT,184,22480.04,21005.0,0.0,0.0,0.0,0
1,CASH_OUT,282,112161.82,10553.0,0.0,2623361.26,2735523.08,0
1,CASH_OUT,210,26154.87,49803.0,23648.13,33116.2,59271.07,0
1,CASH_OUT,36,281164.62,140853.0,0.0,9262149.25,9953730.72,0
1,PAYMENT,211,3418.55,118633.0,115214.45,0.0,0.0,0
1,PAYMENT,144,11554.2,0.0,0.0,0.0,0.0,0
1,CASH_OUT,138,183866.82,197.0,0.0,1027410.77,1211277.6,0
1,CASH_IN,257,264175.52,5120436.14,5384611.67,9238230.13,8974054.61,0
1,CASH_IN,307,68482.38,8916279.4,8984761.78,2547686.82,2479204.44,0
1,CASH_OUT,18,308593.77,0.0,0.0,597621.42,906215.2,0
1,PAYMENT,38,2185.63,197.0,0.0,0.0,0.0,0
1,CASH_OUT,724,506923.53,506923.53,0.0,413370.56,920294.09,1
1,CASH_OUT,351,437980.55,242083.0,0.0,0.0,437980.55,0
1,PAYMENT,406,11498.28,0.0,0.0,0.0,0.0,0
1,CASH_OUT,554,353785.26,353785.26,0.0,0.0,353785.26,1
1,PAYMENT,260,2774.39,20523.0,17748.61,0.0,0.0,0
1,CASH_IN,46,310065.62,7860564.19,8170629.81,2861224.53,2551158.92,0
1,PAYMENT,18,5472.86,0.0,0.0,0.0,0.0,0
1,CASH_IN,205,267877.68,3784497.36,4052375.05,618124.48,350246.79,0
1,TRANSFER,227,48713.45,0.0,0.0,1666639.53,1715352.98,0
1,CASH_OUT,357,113331.31,0.0,0.0,343470.42,456801.73,0
1,CASH_OUT,182,194578.55,0.0,0.0,289792.34,484370.89,0
1,CASH_OUT,204,156304.93,198400.0,42095.07,0.0,156304.93,0
1,PAYMENT,35,25315.08,102888.0,77572.92,0.0,0.0,0
1,CASH_OUT,131,277876.2,102529.0,0.0,3939129.4,4217005.59,0
1,PAYMENT,321,52284.56,0.0,0.0,0.0,0.0,0
1,PAYMENT,204,51771.55,0.0,0.0,0.0,0.0,0
1,TRANSFER,188,105079.83,0.0,0.0,498332.48,603412.31,0
1,PAYMENT,34,25876.31,34085.0,8208.69,0.0,0.0,0
1,CASH_OUT,16,74387.94,0.0,0.0,583934.55,658322.49,0
1,TRANSFER,159,298839.25,0.0,0.0,1246335.12,1545174.37,0
1,PAYMENT,253,3429.35,0.0,0.0,0.0,0.0,0
1,CASH_IN,203,32226.02,923610.82,955836.83,2920933.49,2888707.47,0
1,CASH_IN,42,119358.21,12632631.2,12751989.41,216791.61,97433.4,0
1,CASH_OUT,375,271410.57,1010.0,0.0,509151.17,780561.75,0
1,CASH_IN,492,48497.22,52963.0,101460.22,4464344.97,4415847.75,0
1,PAYMENT,230,21584.02,37604.0,16019.98,0.0,0.0,0
1,CASH_IN,1,53560.68,5685333.94,5738894.62,172857.68,22233.65,0
1,CASH_OUT,135,16359.02,0.0,0.0,2886454.71,2902813.73,0
1,CASH_IN,156,63485.87,15607.0,79092.87,412332.33,348846.46,0
1,TRANSFER,304,361987.71,0.0,0.0,5019404.86,5381392.58,0
1,CASH_IN,44,33605.45,1062532.22,1096137.67,205243.49,171638.05,0
1,CASH_OUT,153,211703.54,0.0,0.0,260927.39,472630.94,0
1,PAYMENT,349,42936.54,10221.0,0.0,0.0,0.0,0
1,PAYMENT,642,2775.35,45083.0,42307.65,0.0,0.0,0
1,CASH_IN,11,108021.91,2425293.03,2533314.93,600627.66,492605.76,0
1,CASH_OUT,204,157558.31,10700.0,0.0,16080.53,173638.84,0
1,PAYMENT,182,9109.47,262682.07,253572.61,0.0,0.0,0
1,PAYMENT,139,6479.75,3834.62,0.0,0.0,0.0,0
1,PAYMENT,304,14762.54,31399.0,16636.46,0.0,0.0,0
1,CASH_OUT,372,298105.22,0.0,0.0,6511782.52,6809887.74,0
1,CASH_OUT,179,40163.81,0.0,0.0,141219.04,181382.85,0
1,CASH_OUT,590,25633.75,10215.0,0.0,2004106.14,2029739.89,0
1,CASH_OUT,137,42827.95,0.0,0.0,337053.1,379881.05,0
1,CASH_OUT,538,36265.23,113521.0,77255.77,0.0,36265.23,0
1,PAYMENT,202,26258.74,300188.68,273929.94,0.0,0.0,0
1,PAYMENT,135,1277.97,16654.0,15376.03,0.0,0.0,0
1,CASH_OUT,355,311957.0,0.0,0.0,944928.58,1256885.58,0
1,PAYMENT,178,21759.54,0.0,0.0,0.0,0.0,0
1,TRANSFER,352,75734.99,75734.99,0.0,0.0,0.0,1
1,DEBIT,163,3017.45,567660.3,564642.85,47214.25,50231.71,0
1,CASH_OUT,234,487060.63,0.0,0.0,1511961.22,1999021.85,0
1,TRANSFER,37,890008.19,0.0,0.0,1480009.25,2370017.44,0
1,PAYMENT,38,5931.65,0.0,0.0,0.0,0.0,0
1,CASH_OUT,301,32328.2,16442.0,0.0,0.0,32328.2,0
1,PAYMENT,401,56221.66,26818.0,0.0,0.0,0.0,0
1,PAYMENT,130,5810.22,0.0,0.0,0.0,0.0,0
1,CASH_IN,402,195592.73,2534430.16,2730022.89,280552.06,84959.34,0
1,TRANSFER,58,378688.65,378688.65,0.0,0.0,0.0,1
1,PAYMENT,302,1192.31,0.0,0.0,0.0,0.0,0
1,PAYMENT,11,14122.76,213402.12,199279.36,0.0,0.0,0
1,CASH_OUT,363,216534.86,216534.86,0.0,10068344.73,10284879.59,1
1,TRANSFER,139,444035.76,0.0,0.0,3308222.69,3752258.45,0
1,PAYMENT,236,8445.87,62370.4,53924.53,0.0,0.0,0
1,DEBIT,15,6426.22,16573.0,10146.78,433891.37,440317.58,0
1,PAYMENT,161,7321.82,8111.28,789.46,0.0,0.0,0
1,CASH_IN,402,2219.52,2571907.76,2574127.28,7470058.2,7467838.68,0
1,CASH_OUT,228,208879.33,0.0,0.0,1996144.09,2205023.42,0
1,PAYMENT,131,30258.11,0.0,0.0,0.0,0.0,0
1,TRANSFER,203,466580.69,466580.69,0.0,0.0,0.0,1
1,PAYMENT,397,3487.1,0.0,0.0,0.0,0.0,0
1,CASH_OUT,37,146345.98,171933.0,25587.02,0.0,263782.39,0
1,CASH_OUT,331,378262.67,20904.0,0.0,0.0,378262.67,0
1,CASH_OUT,183,20988.7,11463.0,0.0,0.0,20988.7,0
1,CASH_IN,303,115579.62,9825365.47,9940945.09,176884.19,61304.57,0
1,CASH_OUT,166,31616.24,0.0,0.0,556293.83,587910.07,0
1,TRANSFER,378,448955.21,0.0,0.0,2278762.33,2727717.53,0
1,PAYMENT,332,2768.6,20824.0,18055.4,0.0,0.0,0
1,CASH_OUT,203,475549.11,31937.0,0.0,2122211.75,2854909.55,0
1,CASH_IN,683,151663.49,6474914.67,6626578.16,294599.0,142935.51,0
1,CASH_IN,564,270680.77,10290.0,280970.77,499667.8,228987.02,0
1,PAYMENT,208,7801.81,446.0,0.0,0.0,0.0,0
1,CASH_IN,11,747551.7,72242.0,819793.7,10685.0,0.0,0
1,CASH_OUT,212,37499.53,229903.36,192403.84,2931931.79,2969431.31,0
1,CASH_OUT,204,490249.42,0.0,0.0,1841509.58,2331759.0,0
1,CASH_OUT,259,79998.31,134.0,0.0,223441.73,303440.03,0
1,PAYMENT,372,14086.43,213.0,0.0,0.0,0.0,0
1,CASH_OUT,537,127447.68,127447.68,0.0,1274456.97,1401904.65,1
1,PAYMENT,208,4199.52,0.0,0.0,0.0,0.0,0
1,PAYMENT,281,13931.66,14823.0,891.34,0.0,0.0,0
1,PAYMENT,255,8003.16,0.0,0.0,0.0,0.0,0
1,CASH_IN,252,231659.7,30570.0,262229.7,618784.45,387124.76,0
1,CASH_OUT,670,1938347.14,1938347.14,0.0,294911.92,2233259.06,1
1,PAYMENT,203,6441.19,0.0,0.0,0.0,0.0,0
1,CASH_OUT,47,225850.53,225850.53,0.0,5063600.9,5289451.43,1
1,TRANSFER,317,322991.82,322991.82,0.0,0.0,0.0,1
1,CASH_OUT,181,168418.35,0.0,0.0,325682.97,494101.32,0
1,PAYMENT,307,6826.58,50134.0,43307.42,0.0,0.0,0
1,CASH_OUT,183,146646.25,0.0,0.0,1115296.37,1261942.61,0
1,CASH_OUT,187,118091.3,0.0,0.0,6263714.51,6381805.81,0
1,TRANSFER,441,739856.92,739856.92,0.0,0.0,0.0,1
1,CASH_OUT,130,327762.91,0.0,0.0,477416.19,805179.1,0
1,PAYMENT,161,545.05,0.0,0.0,0.0,0.0,0
1,PAYMENT,331,5316.23,4193.45,0.0,0.0,0.0,0
1,CASH_OUT,334,10812.52,0.0,0.0,9414759.99,9425572.51,0
1,CASH_OUT,280,70955.39,0.0,0.0,1233924.13,1304879.52,0
1,PAYMENT,686,14831.81,103656.0,88824.19,0.0,0.0,0
1,PAYMENT,345,10245.09,103307.0,93061.91,0.0,0.0,0
1,CASH_IN,299,337321.16,2215656.53,2552977.7,1432123.26,1094802.1,0
1,TRANSFER,190,1389216.28,0.0,0.0,6406397.89,7795614.17,0
1,PAYMENT,298,9990.87,0.0,0.0,0.0,0.0,0
1,CASH_IN,211,239013.49,74579.0,313592.49,820210.24,581196.76,0
1,PAYMENT,187,2778.31,0.0,0.0,0.0,0.0,0
1,CASH_OUT,259,2400.48,768.0,0.0,951414.2,953814.69,0
1,PAYMENT,203,39713.15,0.0,0.0,0.0,0.0,0
1,CASH_IN,308,235917.06,102510.0,338427.06,506024.87,270107.82,0
1,CASH_OUT,303,99061.54,0.0,0.0,530912.6,629974.14,0
1,CASH_OUT,587,985127.95,985127.95,0.0,0.0,985127.95,1
1,CASH_IN,12,235290.66,2279993.45,2515284.11,13176708.19,12941417.53,0
1,CASH_OUT,356,142710.47,90336.0,0.0,0.0,142710.47,0
1,PAYMENT,11,23638.78,288756.0,265117.22,0.0,0.0,0
1,CASH_OUT,232,94860.2,6003.0,0.0,1909944.57,2004804.76,0
1,CASH_OUT,37,210058.85,0.0,0.0,3226820.99,3619737.51,0
1,PAYMENT,356,9129.96,6053.0,0.0,0.0,0.0,0
1,CASH_OUT,138,10105.53,0.0,0.0,805128.44,815233.97,0
1,CASH_OUT,156,130978.29,60844.0,0.0,0.0,130978.29,0
1,PAYMENT,167,19051.56,224132.4,205080.83,0.0,0.0,0
1,CASH_IN,259,145768.03,5917606.67,6063374.71,261336.61,115568.58,0
1,TRANSFER,320,34099.1,34099.1,0.0,0.0,0.0,1
1,CASH_OUT,236,114111.1,13273.0,0.0,3573404.16,3687515.27,0
1,TRANSFER,260,290869.95,0.0,0.0,304661.2,595531.16,0
1,CASH_IN,13,380706.67,1887969.36,2268676.03,448584.32,67877.64,0
1,PAYMENT,383,1115.75,29795.0,28679.25,0.0,0.0,0
1,CASH_OUT,374,79304.73,0.0,0.0,497855.64,577160.38,0
1,PAYMENT,349,12973.2,12458.0,0.0,0.0,0.0,0
1,CASH_OUT,233,223859.22,11024.0,0.0,129047.53,352906.75,0
1,CASH_OUT,398,50722.16,50722.16,0.0,21829.49,72551.64,1
1,CASH_OUT,504,262678.53,262678.53,0.0,577129.04,839807.57,1
1,PAYMENT,167,4518.11,15161.0,10642.89,0.0,0.0,0
1,CASH_OUT,426,210299.56,0.0,0.0,11817453.23,12027752.78,0
1,CASH_OUT,232,317237.63,0.0,0.0,656954.75,974192.38,0
1,CASH_OUT,281,47881.79,10229.0,0.0,69942.0,117823.79,0
1,CASH_OUT,161,39717.31,0.0,0.0,252096.19,291813.5,0
1,PAYMENT,205,2186.99,323433.85,321246.85,0.0,0.0,0
1,PAYMENT,401,17712.6,0.0,0.0,0.0,0.0,0
1,PAYMENT,353,15638.61,145397.29,129758.68,0.0,0.0,0
1,PAYMENT,347,36877.31,28511.0,0.0,0.0,0.0,0
1,PAYMENT,185,5500.52,1056.0,0.0,0.0,0.0,0
1,PAYMENT,142,759.28,41198.0,40438.72,0.0,0.0,0
1,PAYMENT,370,22322.45,0.0,0.0,0.0,0.0,0
1,CASH_IN,334,120727.74,2499589.67,2620317.41,173678.93,52951.2,0
1,PAYMENT,163,2483.68,0.0,0.0,0.0,0.0,0
1,PAYMENT,284,4569.25,96762.0,92192.75,0.0,0.0,0
1,PAYMENT,582,4171.8,29773.0,25601.2,0.0,0.0,0
1,PAYMENT,691,14698.29,0.0,0.0,0.0,0.0,0
1,CASH_OUT,9,139159.37,0.0,0.0,599223.6,2710673.75,0
1,CASH_IN,350,173515.4,32053.0,205568.4,230680.49,57165.09,0
1,CASH_IN,210,108932.36,8678954.05,8787886.41,1305593.29,1196660.93,0
1,CASH_IN,231,120553.06,6086745.83,6207298.89,196581.47,76028.41,0
1,CASH_OUT,38,141702.87,69406.0,0.0,516547.5,658250.37,0
1,CASH_IN,260,97437.71,42451.0,139888.71,1145294.27,1047856.55,0
1,CASH_IN,691,257619.18,796749.57,1054368.74,480294.9,222675.72,0
1,CASH_OUT,234,18217.2,171.0,0.0,5504803.78,5523020.99,0
1,CASH_IN,540,229826.55,2225881.75,2455708.3,373667.95,143841.4,0
1,PAYMENT,356,1323.99,17108.38,15784.38,0.0,0.0,0
1,PAYMENT,94,12751.33,69877.0,57125.67,0.0,0.0,0
1,PAYMENT,205,3138.04,51994.0,48855.96,0.0,0.0,0
1,PAYMENT,353,23712.99,415.0,0.0,0.0,0.0,0
1,CASH_OUT,327,415785.89,415785.89,0.0,2903051.84,3318837.73,1
1,PAYMENT,300,47380.48,0.0,0.0,0.0,0.0,0
1,CASH_OUT,184,113456.1,0.0,0.0,4202942.89,4316398.99,0
1,PAYMENT,283,15742.96,18406.0,2663.04,0.0,0.0,0
1,CASH_OUT,370,211850.05,0.0,0.0,399921.2,611771.25,0
1,CASH_OUT,235,13771.5,3760.0,0.0,0.0,13771.5,0
1,PAYMENT,190,15034.04,30292.0,15257.96,0.0,0.0,0
1,PAYMENT,210,1015.3,11200.0,10184.7,0.0,0.0,0
1,PAYMENT,163,16016.44,0.0,0.0,0.0,0.0,0
1,CASH_OUT,42,112998.63,0.0,0.0,179542.04,292540.68,0
1,CASH_OUT,119,21698.13,21698.13,0.0,75618.16,97316.28,1
1,CASH_IN,158,145380.95,9750142.63,9895523.58,1454015.07,1308634.12,0
1,PAYMENT,347,331.87,0.0,0.0,0.0,0.0,0
1,CASH_IN,300,418071.55,3494514.48,3912586.02,11592367.06,11174295.51,0
1,CASH_OUT,207,87892.76,0.0,0.0,374468.86,462361.62,0
1,CASH_IN,404,236530.87,4553.0,241083.87,10383.92,0.0,0
1,TRANSFER,327,13100451.79,42495.4,0.0,32335040.92,45435492.71,0
1,CASH_OUT,156,336990.11,321.0,0.0,47180.45,384170.56,0
1,PAYMENT,241,185.37,55406.44,55221.07,0.0,0.0,0
1,PAYMENT,403,32179.58,15383.0,0.0,0.0,0.0,0
1,CASH_OUT,352,108051.72,1025.0,0.0,723855.99,831907.71,0
1,CASH_OUT,381,189953.56,0.0,0.0,845873.81,1035827.37,0
1,CASH_OUT,379,46106.81,37068.0,0.0,0.0,46106.81,0
1,CASH_OUT,131,10940.83,0.0,0.0,327123.0,338063.82,0
1,CASH_OUT,129,53847.47,0.0,0.0,179448.3,420207.68,0
1,CASH_OUT,370,126240.7,0.0,0.0,266983.13,393223.83,0
1,TRANSFER,554,9421856.87,9421856.87,0.0,0.0,0.0,1
1,CASH_IN,360,115762.86,4623033.55,4738796.41,1689451.12,1573688.27,0
1,CASH_OUT,15,156183.74,465963.0,309779.26,0.0,156183.74,0
1,CASH_OUT,208,352976.28,5030.0,0.0,500619.6,853595.87,0
1,CASH_OUT,203,227608.23,10976.0,0.0,1811631.44,2039239.67,0
1,CASH_IN,374,464819.76,7470430.75,7935250.52,589650.74,124830.98,0
1,CASH_OUT,276,161239.46,10200.0,0.0,8589.95,169829.41,0
1,PAYMENT,306,14293.25,113.0,0.0,0.0,0.0,0
1,CASH_IN,349,268872.16,1023.0,269895.16,476562.63,207690.46,0
1,CASH_IN,129,56955.2,6084.0,63039.2,5183212.8,5400710.82,0
1,PAYMENT,259,846.14,131709.7,130863.56,0.0,0.0,0
1,PAYMENT,596,7934.49,293949.6,286015.12,0.0,0.0,0
1,CASH_OUT,301,30871.73,294947.14,264075.41,45535.28,76407.01,0
1,CASH_OUT,354,251483.21,141.0,0.0,2503488.95,2754972.16,0
1,CASH_OUT,16,13836.51,0.0,0.0,25708.8,39545.31,0
1,CASH_OUT,131,446430.44,38720.46,0.0,1144122.47,1590552.91,0
1,PAYMENT,185,23386.94,406428.03,383041.08,0.0,0.0,0
1,TRANSFER,323,1087019.29,14609.0,0.0,89724.05,1176743.34,0
1,CASH_IN,204,152719.56,9972.0,162691.56,12079940.74,11927221.17,0
1,PAYMENT,300,13779.29,0.0,0.0,0.0,0.0,0
1,CASH_OUT,40,223121.32,14333.0,0.0,306011.55,529132.87,0
1,CASH_OUT,370,391202.35,20176.0,0.0,0.0,391202.35,0
1,CASH_OUT,234,98134.65,10042.0,0.0,0.0,98134.65,0
1,CASH_OUT,17,150977.09,44526.95,0.0,802929.07,953906.16,0
1,PAYMENT,394,61587.92,0.0,0.0,0.0,0.0,0
1,TRANSFER,44,421042.67,63472.2,0.0,775619.87,1196662.54,0
1,PAYMENT,202,200.3,51927.0,51726.7,0.0,0.0,0
1,CASH_IN,399,17513.48,1702182.9,1719696.39,241633.83,224120.35,0
1,CASH_OUT,405,11017.85,0.0,0.0,17709612.73,17720630.59,0
1,TRANSFER,311,8589090.11,0.0,0.0,16211084.01,24800174.11,0
1,CASH_OUT,306,124649.96,49.0,0.0,2140095.3,2264745.26,0
1,PAYMENT,327,12929.63,0.0,0.0,0.0,0.0,0
1,CASH_OUT,178,70027.69,0.0,0.0,315069.19,385096.88,0
1,PAYMENT,19,2207.64,264983.02,262775.38,0.0,0.0,0
1,TRANSFER,238,93588.83,8234.0,0.0,972520.34,1066109.17,0
1,CASH_IN,45,65486.48,3252250.56,3317737.04,242530.73,177044.25,0
1,CASH_OUT,397,331875.85,571571.26,239695.41,733469.73,1065345.59,0
1,CASH_IN,399,144183.55,3748175.95,3892359.5,638350.7,494167.15,0
1,CASH_OUT,16,477923.6,23135.0,0.0,290960.46,768884.06,0
1,CASH_OUT,19,116235.52,322462.0,206226.48,64744.81,180980.32,0
1,CASH_OUT,352,143638.17,2148.0,0.0,4295554.44,4439192.61,0
1,PAYMENT,225,3349.37,0.0,0.0,0.0,0.0,0
1,CASH_OUT,154,98627.74,39.0,0.0,1436318.28,1534946.03,0
1,CASH_OUT,39,141359.1,16829.0,0.0,163764.43,305123.52,0
1,PAYMENT,19,5209.93,10841.0,5631.07,0.0,0.0,0
1,CASH_OUT,394,145542.15,50979.24,0.0,789141.76,934683.91,0
1,CASH_OUT,322,85032.13,16516.0,0.0,3874.24,88906.38,0
1,TRANSFER,383,1246795.95,95164.85,0.0,2385386.79,3632182.74,0
1,PAYMENT,326,28822.41,100981.17,72158.76,0.0,0.0,0
1,PAYMENT,403,4901.64,0.0,0.0,0.0,0.0,0
1,TRANSFER,129,453298.23,0.0,0.0,10404218.88,10887193.53,0
1,CASH_OUT,186,193215.73,0.0,0.0,219894.59,413110.32,0
1,CASH_OUT,203,51289.12,0.0,0.0,100957.36,152246.47,0
1,CASH_OUT,40,231001.6,188343.0,0.0,94862.5,325864.1,0
1,PAYMENT,354,6419.16,0.0,0.0,0.0,0.0,0
1,CASH_OUT,131,136168.44,0.0,0.0,148807.05,423844.87,0
1,CASH_IN,205,87543.96,25159.0,112702.96,2129693.01,2042149.05,0
1,PAYMENT,38,11780.12,0.0,0.0,0.0,0.0,0
1,CASH_OUT,279,81144.42,157779.0,76634.58,401596.54,482740.96,0
1,PAYMENT,376,20869.82,39786.0,18916.18,0.0,0.0,0
1,PAYMENT,180,20856.24,0.0,0.0,0.0,0.0,0
1,PAYMENT,137,4368.79,53403.0,49034.21,0.0,0.0,0
1,CASH_OUT,80,244814.12,244814.12,0.0,7106855.47,7351669.59,1
1,CASH_OUT,135,144871.78,17516.0,0.0,1137883.14,1282754.91,0
1,TRANSFER,327,8901610.12,0.0,0.0,9083469.04,35672988.59,0
1,CASH_IN,163,135576.35,1081399.51,1216975.86,1118225.76,982649.41,0
1,PAYMENT,330,18660.27,20422.0,1761.73,0.0,0.0,0
1,PAYMENT,141,12903.58,30300.0,17396.42,0.0,0.0,0
1,TRANSFER,398,247343.34,0.0,0.0,2633359.38,2880702.73,0
1,CASH_OUT,40,165147.13,15733.0,0.0,0.0,165147.13,0
1,CASH_OUT,402,170532.49,20415.0,0.0,0.0,170532.49,0
1,CASH_IN,348,76944.53,1470.0,78414.53,0.0,0.0,0
1,CASH_IN,44,87457.03,245524.0,332981.03,1037153.01,949695.97,0
1,CASH_OUT,325,23842.37,0.0,0.0,2900398.96,2924241.33,0
1,PAYMENT,260,972.74,230202.92,229230.18,0.0,0.0,0
1,PAYMENT,357,2641.06,505.0,0.0,0.0,0.0,0
1,CASH_OUT,20,201468.74,0.0,0.0,546295.84,747764.58,0
1,TRANSFER,438,27286.66,27286.66,0.0,0.0,0.0,1
1,CASH_IN,139,88347.34,244.0,88591.34,890972.37,802625.02,0
1,PAYMENT,375,30673.1,0.0,0.0,0.0,0.0,0
1,PAYMENT,181,17132.84,0.0,0.0,0.0,0.0,0
1,CASH_IN,207,46909.14,6336044.53,6382953.67,442286.85,395377.7,0
1,PAYMENT,239,16096.85,245138.0,229041.15,0.0,0.0,0
1,CASH_OUT,694,715662.13,715662.13,0.0,2068028.42,2783690.55,1
1,CASH_OUT,404,115175.87,39995.0,0.0,39011.1,154186.97,0
1,CASH_OUT,375,32230.16,0.0,0.0,520673.23,552903.39,0
1,CASH_OUT,324,362837.15,362837.15,0.0,137964.62,500801.77,1
1,TRANSFER,730,10000000.0,47316255.05,37316255.05,0.0,0.0,1
1,CASH_IN,47,181361.64,3707211.62,3888573.26,1054025.86,872664.22,0
1,TRANSFER,590,498183.25,498183.25,0.0,0.0,0.0,1
1,TRANSFER,328,179758.38,0.0,0.0,5644480.45,5824238.83,0
1,CASH_OUT,178,129417.99,14881.0,0.0,947222.15,1076640.14,0
1,CASH_OUT,379,58733.33,0.0,0.0,1109059.6,1167792.93,0
1,CASH_OUT,19,14617.33,0.0,0.0,1022922.26,1037539.59,0
1,PAYMENT,191,5197.01,85484.0,80286.99,0.0,0.0,0
1,CASH_OUT,46,305255.17,0.0,0.0,403025.14,708280.31,0
1,PAYMENT,234,9705.39,348028.54,338323.15,0.0,0.0,0
1,CASH_OUT,184,455279.2,0.0,0.0,3911566.12,4366845.32,0
1,CASH_OUT,355,12054.71,0.0,0.0,198190.29,210245.01,0
1,PAYMENT,525,11784.7,0.0,0.0,0.0,0.0,0
1,CASH_OUT,134,499151.26,50836.0,0.0,2091014.09,2590165.36,0
1,PAYMENT,569,8809.32,175.0,0.0,0.0,0.0,0
1,CASH_OUT,138,167363.31,0.0,0.0,1906903.19,2359973.23,0
1,CASH_OUT,229,190012.83,0.0,0.0,459923.86,649936.69,0
1,CASH_OUT,238,124639.97,160.0,0.0,1707675.79,1832315.76,0
1,CASH_IN,135,143013.52,1763733.36,1906746.87,587421.24,444407.73,0
1,TRANSFER,399,363060.85,33597.0,0.0,0.0,363060.85,0
1,CASH_OUT,14,84314.3,103963.0,19648.7,2367398.4,2517553.57,0
1,CASH_OUT,188,12876.4,11616.0,0.0,0.0,12876.4,0
1,CASH_OUT,129,40347.63,0.0,0.0,138358.34,178705.97,0
1,CASH_OUT,509,407320.01,407320.01,0.0,0.0,407320.01,1
1,TRANSFER,146,489714.94,489714.94,0.0,0.0,0.0,1
1,CASH_OUT,353,130619.51,0.0,0.0,146164.24,276783.75,0
1,CASH_OUT,64,436317.49,436317.49,0.0,195948.3,632265.79,1
1,PAYMENT,546,1534.64,12672.0,11137.36,0.0,0.0,0
1,PAYMENT,132,2277.0,7087.0,4810.0,0.0,0.0,0
1,CASH_IN,260,130411.85,2113931.66,2244343.51,1171450.13,1041038.28,0
1,CASH_IN,186,93078.32,693717.65,786795.97,2391373.81,2298295.49,0
1,CASH_IN,186,24945.78,5661254.54,5686200.32,9539885.68,9514939.9,0
1,PAYMENT,617,145.88,0.0,0.0,0.0,0.0,0
1,CASH_OUT,44,3889.01,23314.0,19424.99,62017.41,65906.43,0
1,TRANSFER,279,337317.01,0.0,0.0,6980733.43,7318050.44,0
1,CASH_OUT,260,278804.88,5652.0,0.0,2482107.43,2760912.31,0
1,CASH_OUT,139,284059.79,0.0,0.0,3804566.55,4088626.34,0
1,TRANSFER,331,611559.7,0.0,0.0,2473460.7,3085020.39,0
1,CASH_OUT,184,45954.32,229.0,0.0,585351.02,631305.34,0
1,CASH_OUT,371,110482.65,0.0,0.0,314420.47,424903.12,0
1,PAYMENT,212,861.39,3021.0,2159.61,0.0,0.0,0
1,CASH_OUT,254,77108.38,0.0,0.0,3783640.6,3860748.97,0
1,PAYMENT,142,2368.3,10858.0,8489.7,0.0,0.0,0
1,PAYMENT,15,14497.85,0.0,0.0,0.0,0.0,0
1,CASH_OUT,203,73485.2,77225.0,3739.8,0.0,73485.2,0
1,CASH_OUT,163,271671.95,29873.0,0.0,5607633.25,5879305.2,0
1,PAYMENT,300,20976.31,42507.0,21530.69,0.0,0.0,0
1,CASH_OUT,207,121759.34,0.0,0.0,547680.72,669440.05,0
1,TRANSFER,37,93083.27,93083.27,0.0,0.0,0.0,1
1,PAYMENT,262,2902.95,11782.0,8879.05,0.0,0.0,0
1,CASH_IN,298,277908.97,50254.0,328162.97,3289568.91,3011659.94,0
1,CASH_OUT,594,33786.77,0.0,0.0,226241.0,260027.77,0
1,PAYMENT,235,33142.52,341349.93,308207.4,0.0,0.0,0
1,CASH_OUT,11,114004.85,21357.0,0.0,90071.58,204076.42,0
1,TRANSFER,283,53757.89,760.0,0.0,433696.57,487454.46,0
1,CASH_OUT,377,166749.81,0.0,0.0,4603147.69,4769897.5,0
1,PAYMENT,345,29625.76,24559.0,0.0,0.0,0.0,0
1,CASH_OUT,355,190226.72,68494.0,0.0,0.0,344437.16,0
1,CASH_OUT,498,1028515.56,1028515.56,0.0,0.0,1028515.56,1
1,CASH_IN,133,278147.54,2287623.76,2565771.3,489006.26,434507.44,0
1,CASH_OUT,161,161258.06,0.0,0.0,240925.86,402183.91,0
1,CASH_IN,230,153319.6,56721.0,210040.6,4979134.89,4825815.29,0
1,CASH_IN,384,77111.63,10198213.63,10275325.26,1157434.51,1080322.88,0
1,TRANSFER,399,350017.08,350017.08,0.0,0.0,0.0,1
1,PAYMENT,203,890.78,0.0,0.0,0.0,0.0,0
1,PAYMENT,11,2066.28,9705.0,7638.72,0.0,0.0,0
1,PAYMENT,394,16706.75,0.0,0.0,0.0,0.0,0
1,CASH_OUT,189,128063.43,21035.0,0.0,22853.25,150916.68,0
1,PAYMENT,163,9802.79,51577.0,41774.21,0.0,0.0,0
1,CASH_OUT,502,669536.75,669536.75,0.0,178669.97,848206.72,1
1,PAYMENT,374,33597.39,10906.0,0.0,0.0,0.0,0
1,TRANSFER,502,669536.75,669536.75,0.0,0.0,0.0,1
1,CASH_IN,253,217615.69,54472.87,272088.56,986832.42,769216.73,0
1,CASH_IN,181,252794.53,358.0,253152.53,0.0,0.0,0
1,PAYMENT,214,24270.64,0.0,0.0,0.0,0.0,0
1,PAYMENT,347,28596.28,418369.0,389772.72,0.0,0.0,0
1,TRANSFER,472,653983.93,653983.93,0.0,0.0,0.0,1
1,CASH_OUT,264,7304.56,7304.56,0.0,0.0,7304.56,1
1,PAYMENT,681,5696.85,120615.0,114918.15,0.0,0.0,0
1,CASH_OUT,138,374466.17,0.0,0.0,4267806.86,4762573.93,0
1,CASH_OUT,38,142468.64,21588.0,0.0,158189.58,300658.21,0
1,CASH_OUT,234,7557.23,72513.0,64955.77,189699.07,197256.3,0
1,PAYMENT,93,16708.19,0.0,0.0,0.0,0.0,0
1,PAYMENT,283,14985.94,101591.0,86605.06,0.0,0.0,0
1,CASH_OUT,570,1131750.38,1131750.38,0.0,313070.53,1444820.92,1
1,PAYMENT,354,9370.41,0.0,0.0,0.0,0.0,0
1,TRANSFER,275,404256.79,451333.0,47076.21,472641.07,876897.86,0
1,PAYMENT,14,14775.36,20410.0,5634.64,0.0,0.0,0
1,TRANSFER,18,1102133.9,1102133.9,0.0,0.0,746575.95,1
1,PAYMENT,249,8209.46,46831.0,38621.54,0.0,0.0,0
1,CASH_OUT,681,129029.5,0.0,0.0,490115.55,619145.05,0
1,CASH_OUT,235,126918.08,674082.0,547163.92,260889.99,387808.08,0
1,PAYMENT,705,5798.72,0.0,0.0,0.0,0.0,0
1,PAYMENT,14,11246.03,333946.0,322699.97,0.0,0.0,0
1,PAYMENT,255,7759.59,20985.0,13225.41,0.0,0.0,0
1,CASH_IN,141,266268.32,21276257.88,21542526.2,3705717.71,3439449.39,0
1,PAYMENT,228,507.56,13159.72,12652.16,0.0,0.0,0
1,PAYMENT,426,7960.57,14231.0,6270.43,0.0,0.0,0
1,CASH_OUT,229,143332.0,143332.0,0.0,482652.15,716367.34,1
1,PAYMENT,612,5484.65,62822.42,57337.77,0.0,0.0,0
1,TRANSFER,236,235886.18,0.0,0.0,10457690.74,10693576.92,0
1,CASH_OUT,257,205847.16,0.0,0.0,426867.13,632714.29,0
1,CASH_IN,12,153555.69,5874314.93,6027870.62,164142.96,10587.26,0
1,CASH_OUT,210,66480.11,69796.0,3315.89,627369.11,693849.21,0
1,CASH_OUT,258,88663.79,0.0,0.0,124734.5,213398.29,0
1,PAYMENT,257,5253.76,163996.0,158742.24,0.0,0.0,0
1,CASH_OUT,225,94060.13,32249.0,0.0,178012.1,272072.22,0
1,PAYMENT,377,28280.37,27499.0,0.0,0.0,0.0,0
1,CASH_IN,44,72743.84,3343392.82,3416136.66,220867.9,148124.07,0
1,PAYMENT,12,3675.15,0.0,0.0,0.0,0.0,0
1,CASH_OUT,306,142799.96,21301.0,0.0,0.0,142799.96,0
1,CASH_OUT,238,279274.69,0.0,0.0,1252505.75,1531780.43,0
1,TRANSFER,506,7041719.54,7041719.54,0.0,0.0,0.0,1
1,CASH_OUT,260,12273.82,0.0,0.0,17559.06,29832.89,0
1,CASH_OUT,279,5611.07,8006.0,2394.93,14424.8,20035.88,0
1,CASH_OUT,16,51577.9,80701.0,29123.1,0.0,51577.9,0
1,CASH_IN,325,176819.54,267260.0,444079.54,233456.46,56636.92,0
1,CASH_IN,352,81389.03,6301.0,87690.03,716282.78,634893.76,0
1,CASH_OUT,299,277937.36,6088.0,0.0,2521616.79,2799554.15,0
1,TRANSFER,298,1112551.58,0.0,0.0,2048376.37,3160927.95,0
1,CASH_OUT,202,22149.57,0.0,0.0,161000.0,183149.57,0
1,PAYMENT,16,10867.45,13435.0,2567.55,0.0,0.0,0
1,CASH_IN,179,57478.24,8737237.38,8794715.62,336388.42,278910.19,0
1,TRANSFER,398,652773.74,21153.0,0.0,72594.34,725368.08,0
1,CASH_IN,188,180070.23,2570925.3,2750995.53,1162999.14,982928.91,0
1,PAYMENT,301,5070.32,483.0,0.0,0.0,0.0,0
1,PAYMENT,413,778.92,20417.0,19638.08,0.0,0.0,0
1,TRANSFER,330,706459.56,0.0,0.0,2379338.08,3085797.63,0
1,CASH_IN,136,334937.89,15088.48,350026.38,1877938.64,1543000.75,0
1,TRANSFER,369,541100.16,0.0,0.0,3167228.51,3708328.67,0
1,TRANSFER,257,643188.25,8063.0,0.0,17267.83,660456.08,0
1,PAYMENT,373,23168.24,31478.0,8309.76,0.0,0.0,0
1,CASH_OUT,253,119478.14,1457.0,0.0,375143.68,494621.82,0
1,CASH_OUT,143,35922.72,33092.0,0.0,0.0,35922.72,0
1,PAYMENT,155,11437.03,25556.0,14118.97,0.0,0.0,0
1,CASH_OUT,435,365332.78,365332.78,0.0,27185.14,392517.92,1
1,PAYMENT,350,22325.07,209500.0,187174.93,0.0,0.0,0
1,CASH_OUT,225,69064.35,30800.0,0.0,5099425.13,5168489.48,0
1,TRANSFER,57,157610.11,157610.11,0.0,0.0,0.0,1
1,CASH_OUT,379,18235.06,151739.0,133503.94,640063.63,727464.52,0
1,CASH_IN,139,228211.03,272.0,228483.03,902588.19,674377.16,0
1,CASH_OUT,254,10789.0,10789.0,0.0,67807.87,78596.87,1
1,PAYMENT,358,1942.87,717890.95,715948.09,0.0,0.0,0
1,PAYMENT,281,5297.05,2196.0,0.0,0.0,0.0,0
1,CASH_OUT,252,286615.32,0.0,0.0,383717.76,670333.08,0
2,CASH_OUT,718,261356.74,21692.0,0.0,7530620.34,7791977.07,0
2,CASH_OUT,305,32554.01,20815.0,0.0,484402.2,516956.21,0
2,CASH_IN,131,312156.27,52021.0,364177.27,0.0,0.0,0
2,CASH_IN,16,262897.38,215707.0,478604.38,653501.07,789730.83,0
2,PAYMENT,41,7732.2,91298.05,83565.85,0.0,0.0,0
2,PAYMENT,397,22614.61,24808.0,2193.39,0.0,0.0,0
2,CASH_IN,260,58668.91,1960509.84,2019178.76,963678.03,905009.12,0
2,CASH_OUT,354,77832.05,0.0,0.0,506320.13,584152.18,0
2,PAYMENT,18,21460.6,0.0,0.0,0.0,0.0,0
2,CASH_OUT,300,437039.56,117193.0,0.0,0.0,437039.56,0
2,CASH_OUT,354,120661.13,2633.0,0.0,0.0,120661.13,0
2,PAYMENT,96,5717.87,47995.0,42277.13,0.0,0.0,0
2,CASH_OUT,694,186567.41,186567.41,0.0,0.0,186567.41,1
2,CASH_OUT,356,35116.65,53044.0,17927.35,567798.0,602914.65,0
2,TRANSFER,254,1241315.11,24027.0,0.0,79624.84,1320939.96,0
2,PAYMENT,181,18223.51,41962.0,23738.49,0.0,0.0,0
2,PAYMENT,187,8186.87,0.0,0.0,0.0,0.0,0
2,TRANSFER,145,3572736.74,3572736.74,0.0,0.0,0.0,1
2,PAYMENT,326,14055.48,22329.0,8273.52,0.0,0.0,0
2,DEBIT,205,6856.52,52125.0,45268.48,6894713.79,6901570.31,0
2,PAYMENT,328,20738.63,0.0,0.0,0.0,0.0,0
2,CASH_OUT,304,236338.57,22960.0,0.0,626174.99,862513.56,0
2,CASH_IN,188,167873.08,2089174.8,2257047.88,2331309.97,2163436.89,0
2,PAYMENT,345,1582.33,0.0,0.0,0.0,0.0,0
2,PAYMENT,525,3307.97,0.0,0.0,0.0,0.0,0
2,CASH_OUT,185,11961.8,0.0,0.0,322106.75,334068.55,0
2,CASH_OUT,324,326246.21,0.0,0.0,53103835.14,53430081.36,0
2,CASH_IN,133,129448.03,20402443.32,20531891.35,1142018.18,1012570.15,0
2,CASH_OUT,204,193269.5,35757.0,0.0,0.0,193269.5,0
2,CASH_IN,297,44509.08,201523.0,246032.08,1733393.39,1688884.31,0
2,CASH_OUT,400,99898.41,14538.0,0.0,427473.93,527372.33,0
2,PAYMENT,284,8322.57,1247.0,0.0,0.0,0.0,0
2,PAYMENT,204,16350.2,2402.81,0.0,0.0,0.0,0
2,PAYMENT,8,14391.23,11221.0,0.0,0.0,0.0,0
2,PAYMENT,10,5220.55,774629.4,769408.85,0.0,0.0,0
2,CASH_OUT,19,195097.18,29822.0,0.0,141735.0,328054.65,0
2,CASH_IN,16,173743.92,0.0,173743.92,963866.8,790122.88,0
2,CASH_IN,229,72486.15,314255.17,386741.32,438269.56,365783.41,0
2,PAYMENT,404,6820.52,207554.0,200733.48,0.0,0.0,0
2,PAYMENT,235,1879.07,42644.51,40765.44,0.0,0.0,0
2,CASH_OUT,15,152981.22,458180.27,305199.04,0.0,152981.22,0
2,PAYMENT,347,41082.74,41398.0,315.26,0.0,0.0,0
2,CASH_OUT,158,94021.63,0.0,0.0,2065134.67,2159156.29,0
2,CASH_OUT,230,47384.09,0.0,0.0,553575.08,600959.16,0
2,PAYMENT,322,8097.46,0.0,0.0,0.0,0.0,0
2,CASH_OUT,104,803794.53,803794.53,0.0,305482.84,1109277.37,1
2,TRANSFER,280,334337.99,21451.0,0.0,1913448.02,2247786.01,0
2,CASH_OUT,402,158415.44,125427.0,0.0,0.0,158415.44,0
2,PAYMENT,131,17522.34,0.0,0.0,0.0,0.0,0
2,CASH_OUT,377,304546.62,34235.0,0.0,69894.35,374440.97,0
2,CASH_OUT,19,145643.59,0.0,0.0,611288.57,756932.17,0
2,CASH_OUT,207,63095.54,358.0,0.0,1617427.56,1680523.11,0
2,PAYMENT,161,2524.67,0.0,0.0,0.0,0.0,0
2,CASH_OUT,254,65085.85,0.0,0.0,291597.88,356683.73,0
2,PAYMENT,517,8500.81,0.0,0.0,0.0,0.0,0
2,CASH_OUT,233,263030.85,0.0,0.0,5733534.41,5996565.26,0
2,TRANSFER,736,537539.57,537539.57,0.0,0.0,0.0,1
2,CASH_OUT,227,313516.66,0.0,0.0,5747564.18,6061080.83,0
2,CASH_OUT,563,60158.89,130012.0,69853.11,0.0,60158.89,0
2,CASH_IN,476,21934.04,92.0,22026.04,6212305.58,6190371.54,0
2,TRANSFER,465,2577489.07,2577489.07,0.0,0.0,0.0,1
2,TRANSFER,379,265948.09,0.0,0.0,582541.64,848489.73,0
2,PAYMENT,378,6694.97,25106.0,18411.03,0.0,0.0,0
2,TRANSFER,12,1181234.49,0.0,0.0,9870014.9,11413018.81,0
2,PAYMENT,252,18851.34,9975.0,0.0,0.0,0.0,0
2,CASH_OUT,217,1052668.73,1052668.73,0.0,789618.33,1842287.06,1
2,CASH_OUT,641,115599.26,115599.26,0.0,2621088.84,2736688.1,1
2,CASH_OUT,20,134387.5,265.0,0.0,8203748.21,8338135.71,0
2,CASH_IN,257,277455.56,3732726.0,4010181.56,2605527.9,2328072.33,0
2,CASH_IN,230,212405.57,8199536.36,8411941.93,3293501.57,3081096.01,0
2,CASH_OUT,237,222676.68,229920.93,7244.25,840599.07,1063275.75,0
2,PAYMENT,201,8409.79,0.0,0.0,0.0,0.0,0
2,CASH_OUT,426,35666.51,47990.82,12324.31,260030.17,295696.68,0
2,PAYMENT,327,2023.42,0.0,0.0,0.0,0.0,0
2,PAYMENT,16,12393.16,0.0,0.0,0.0,0.0,0
2,CASH_IN,12,637179.48,241.0,637420.48,929617.25,292437.77,0
2,CASH_IN,169,146457.7,5259320.04,5405777.74,273182.04,126724.34,0
2,PAYMENT,300,62223.61,0.0,0.0,0.0,0.0,0
2,CASH_IN,232,350056.2,40388.0,390444.2,332600.0,0.0,0
2,CASH_OUT,730,10000000.0,10000000.0,0.0,0.0,10000000.0,1
2,TRANSFER,43,29031.98,26298.82,0.0,645748.04,674780.02,0
2,CASH_OUT,234,12411.41,0.0,0.0,26350281.49,26362692.9,0
2,PAYMENT,397,8853.05,0.0,0.0,0.0,0.0,0
2,CASH_IN,380,129601.35,17568035.33,17697636.68,3078578.53,2948977.18,0
2,CASH_OUT,18,4423.62,0.0,0.0,160524.29,164947.9,0
2,CASH_IN,298,152249.83,5658.0,157907.83,2882142.87,2729893.04,0
2,CASH_OUT,356,51211.17,0.0,0.0,204471.77,255682.93,0
2,PAYMENT,229,27538.84,0.0,0.0,0.0,0.0,0
2,TRANSFER,184,1195865.13,17843.08,0.0,2579734.93,3775600.06,0
2,PAYMENT,347,24743.53,41357.48,16613.95,0.0,0.0,0
2,CASH_IN,253,351658.99,5420517.04,5772176.02,652903.89,301244.9,0
2,TRANSFER,289,602807.17,602807.17,0.0,0.0,0.0,1
2,CASH_IN,375,246655.33,25249.0,271904.33,0.0,0.0,0
2,CASH_OUT,182,11895.13,0.0,0.0,8752105.33,8576627.37,0
2,TRANSFER,309,8807479.35,0.0,0.0,10645961.19,19453440.53,0
2,CASH_IN,226,134882.09,20702897.97,20837780.05,5824216.99,5689334.91,0
2,CASH_OUT,179,125772.94,0.0,0.0,790551.35,916324.29,0
2,TRANSFER,514,5912204.0,5912204.0,0.0,0.0,0.0,1
2,CASH_OUT,15,142494.45,0.0,0.0,293179.33,435673.77,0
2,CASH_OUT,186,101597.03,30003.0,0.0,6867252.18,6968849.21,0
2,CASH_OUT,154,259241.18,171.0,0.0,17164.06,276405.24,0
2,CASH_OUT,15,104956.02,31955.0,0.0,522414.66,627370.68,0
2,PAYMENT,134,41410.88,20562.0,0.0,0.0,0.0,0
2,CASH_OUT,383,95811.77,500711.0,404899.23,0.0,95811.77,0
2,TRANSFER,117,251621.18,251621.18,0.0,0.0,0.0,1
2,CASH_IN,44,49515.68,4542851.85,4592367.53,2287748.11,2238232.43,0
2,CASH_OUT,397,261411.51,771.0,0.0,129503.37,390914.87,0
2,CASH_OUT,362,502743.81,0.0,0.0,1260733.39,1763477.2,0
2,PAYMENT,228,32451.09,0.0,0.0,0.0,0.0,0
2,CASH_IN,202,140087.11,2450070.73,2590157.84,747618.05,607530.94,0
2,PAYMENT,261,6278.85,185040.0,178761.15,0.0,0.0,0
2,CASH_OUT,330,172919.1,0.0,0.0,2511785.0,2684704.1,0
2,CASH_OUT,40,5919.23,31743.0,25823.77,49504.66,55423.89,0
2,CASH_IN,333,160409.86,4980973.9,5141383.76,8135874.92,7975465.06,0
2,TRANSFER,164,2888922.11,0.0,0.0,4833053.94,7721976.05,0
2,CASH_OUT,38,199393.94,55252.0,0.0,635991.35,835385.29,0
2,CASH_OUT,233,204196.14,51421.0,0.0,0.0,204196.14,0
2,TRANSFER,280,322442.96,0.0,0.0,423067.77,745510.73,0
2,CASH_OUT,165,68847.43,34828.0,0.0,0.0,68847.43,0
2,CASH_IN,207,75468.8,24397078.3,24472547.1,241942.01,166473.21,0
2,PAYMENT,250,16578.02,993.0,0.0,0.0,0.0,0
2,CASH_OUT,14,276792.8,151762.91,0.0,676149.36,2066600.12,0
2,PAYMENT,379,7689.46,90633.0,82943.54,0.0,0.0,0
2,CASH_OUT,225,225308.2,0.0,0.0,4646705.04,4872013.24,0
2,CASH_OUT,15,692572.65,11305.0,0.0,122044.81,814617.46,0
2,PAYMENT,179,12976.26,244373.25,231396.99,0.0,0.0,0
2,CASH_IN,40,220148.39,17788639.71,18008788.1,5720586.75,5104152.54,0
2,CASH_OUT,332,53229.78,0.0,0.0,459684.06,512913.84,0
2,CASH_OUT,277,143960.32,0.0,0.0,362379.15,506339.47,0
2,PAYMENT,278,13245.68,23868.0,10622.32,0.0,0.0,0
2,PAYMENT,355,14144.28,53505.26,39360.98,0.0,0.0,0
2,PAYMENT,398,26150.3,0.0,0.0,0.0,0.0,0
2,CASH_OUT,230,145226.09,156844.0,11617.91,331083.76,476309.85,0
2,CASH_OUT,13,32943.11,0.0,0.0,4018123.68,6095059.63,0
2,TRANSFER,139,221937.23,210351.0,0.0,17984.28,239921.51,0
2,CASH_OUT,98,63624.08,63624.08,0.0,0.0,63624.08,1
2,CASH_OUT,402,20755.26,909.0,0.0,42082.06,62837.32,0
2,PAYMENT,261,3552.88,55475.0,51922.12,0.0,0.0,0
2,CASH_OUT,300,40397.62,315413.22,275015.6,89125.46,129523.08,0
2,PAYMENT,378,8197.98,21176.0,12978.02,0.0,0.0,0
2,PAYMENT,326,39260.49,464.0,0.0,0.0,0.0,0
2,TRANSFER,736,53315.31,53315.31,0.0,0.0,0.0,1
2,CASH_OUT,359,77119.39,0.0,0.0,8307840.58,8384959.97,0
2,CASH_OUT,133,168390.31,41243.0,0.0,2471921.83,2266585.25,0
2,CASH_IN,326,284320.21,6860953.28,7145273.49,887551.37,603231.16,0
2,PAYMENT,229,1180.12,0.0,0.0,0.0,0.0,0
2,PAYMENT,142,16171.37,26593.0,10421.63,0.0,0.0,0
2,PAYMENT,12,12718.98,13601.46,882.48,0.0,0.0,0
2,CASH_IN,257,211624.14,3703965.97,3915590.11,4040577.23,3828953.09,0
2,CASH_OUT,235,56937.05,53664.0,0.0,20286.95,77224.01,0
2,CASH_OUT,278,50930.37,0.0,0.0,1053366.39,1104296.76,0
2,CASH_IN,398,83357.53,9423956.89,9507314.42,10713321.43,10629963.9,0
2,CASH_OUT,326,51167.32,0.0,0.0,85435.76,136603.08,0
2,PAYMENT,349,2618.32,122289.0,119670.68,0.0,0.0,0
2,CASH_OUT,10,70874.76,92042.3,21167.54,42239.0,0.0,0
2,CASH_OUT,396,117002.25,0.0,0.0,728832.58,845834.83,0
2,PAYMENT,16,10453.62,697065.03,686611.41,0.0,0.0,0
2,CASH_IN,250,18411.18,4120748.03,4139159.21,1890589.69,1872178.51,0
2,PAYMENT,327,23451.82,20469.0,0.0,0.0,0.0,0
2,CASH_IN,331,223601.89,3273053.95,3496655.84,944129.24,720527.35,0
2,CASH_OUT,707,4676.42,4676.42,0.0,0.0,4676.42,1
2,PAYMENT,469,4424.98,61538.0,57113.02,0.0,0.0,0
2,CASH_IN,237,814.3,57329.0,58143.3,967011.93,966197.63,0
2,CASH_OUT,237,108957.13,0.0,0.0,697066.72,806023.85,0
2,CASH_OUT,156,288296.42,515.0,0.0,3878232.98,4166529.4,0
2,TRANSFER,102,872199.82,872199.82,0.0,0.0,0.0,1
2,PAYMENT,9,15483.6,0.0,0.0,0.0,0.0,0
2,CASH_IN,18,75160.17,374455.5,449615.67,1817857.32,1742697.16,0
2,CASH_OUT,211,31521.17,52842.0,21320.83,0.0,31521.17,0
2,TRANSFER,235,146905.06,254098.0,107192.94,0.0,146905.06,0
2,CASH_OUT,35,53020.14,64476.0,11455.86,1288437.06,1341457.21,0
2,CASH_IN,136,100087.75,2583907.74,2683995.49,505128.96,405041.21,0
2,CASH_OUT,274,5052211.09,5052211.09,0.0,6890050.56,11942261.64,1
2,CASH_OUT,16,71221.55,0.0,0.0,0.0,71221.55,0
2,PAYMENT,596,8292.92,0.0,0.0,0.0,0.0,0
2,TRANSFER,372,58848.71,0.0,0.0,1455661.7,1514510.41,0
2,CASH_OUT,157,107780.83,0.0,0.0,161443.98,269224.81,0
2,CASH_OUT,522,91921.91,0.0,0.0,232511.55,324433.45,0
2,CASH_OUT,210,49591.94,41533.0,0.0,67951.61,117543.55,0
2,CASH_OUT,236,142038.31,30863.0,0.0,19527.92,161566.23,0
2,PAYMENT,231,16446.05,137748.0,121301.95,0.0,0.0,0
2,CASH_IN,38,175355.95,29130.0,204485.95,0.0,0.0,0
2,CASH_IN,299,31303.82,16528394.97,16559698.79,79547.45,48243.63,0
2,CASH_OUT,239,405429.25,0.0,0.0,1376860.33,1782289.58,0
2,CASH_IN,403,10316.68,20031458.87,20041775.55,1347060.54,1336743.87,0
2,CASH_IN,281,101961.17,603890.41,705851.58,10023833.15,9921871.98,0
2,CASH_IN,235,134233.72,3599444.79,3733678.51,228686.89,94453.17,0
2,PAYMENT,14,7158.21,73175.0,66016.79,0.0,0.0,0
2,CASH_IN,379,85453.61,3143822.47,3229276.07,3758069.89,3672616.29,0
2,CASH_OUT,355,431218.68,0.0,0.0,2314156.61,2745375.29,0
2,TRANSFER,289,3374.25,3374.25,0.0,0.0,0.0,1
2,CASH_IN,162,172513.39,786633.82,959147.22,488083.53,315570.13,0
2,PAYMENT,282,8372.93,50248.0,41875.07,0.0,0.0,0
2,CASH_OUT,334,11407.68,997.0,0.0,87567.64,98975.32,0
2,PAYMENT,369,29793.13,17567.27,0.0,0.0,0.0,0
2,PAYMENT,284,15370.73,0.0,0.0,0.0,0.0,0
2,CASH_OUT,327,73312.42,0.0,0.0,282180.18,355492.6,0
2,PAYMENT,304,17296.85,23364.0,6067.15,0.0,0.0,0
2,TRANSFER,644,2641429.75,0.0,0.0,3764008.92,6405438.67,0
2,CASH_OUT,589,280597.42,0.0,0.0,3693435.05,3974032.47,0
2,CASH_OUT,274,51363.21,0.0,0.0,373185.9,424549.11,0
2,CASH_IN,132,288629.75,363.0,288992.75,180136.86,0.0,0
2,CASH_OUT,179,85938.99,20834.0,0.0,38397.64,124336.62,0
2,PAYMENT,217,484.66,60349.0,59864.34,0.0,0.0,0
2,TRANSFER,133,2048759.74,61782.0,0.0,31362.0,1538969.58,0
2,CASH_OUT,16,169220.4,0.0,0.0,5312925.22,6054053.26,0
2,CASH_OUT,209,158506.12,35265.0,0.0,1019558.05,1178064.17,0
2,CASH_OUT,217,81216.23,81216.23,0.0,917796.81,999013.04,1
2,PAYMENT,178,23527.73,0.0,0.0,0.0,0.0,0
2,CASH_OUT,250,542889.93,60160.0,0.0,0.0,542889.93,0
2,CASH_OUT,33,13559.85,44648.0,31088.15,89107.16,102667.01,0
2,CASH_OUT,98,1155819.58,1155819.58,0.0,0.0,1155819.58,1
2,CASH_IN,307,100860.08,7204942.15,7305802.23,853973.85,716157.73,0
2,CASH_OUT,184,255450.66,21735.0,0.0,0.0,255450.66,0
2,PAYMENT,279,19734.92,69435.26,49700.34,0.0,0.0,0
2,CASH_IN,393,360192.42,404393.09,764585.51,932750.7,572558.28,0
2,CASH_IN,302,113370.63,366603.12,479973.75,489103.88,375733.25,0
2,CASH_OUT,372,65621.03,63343.0,0.0,1327042.05,1392663.08,0
2,CASH_OUT,227,269717.43,0.0,0.0,293073.76,562791.19,0
2,TRANSFER,97,707870.44,707870.44,0.0,0.0,0.0,1
2,CASH_OUT,72,3786438.03,3786438.03,0.0,84013.26,3870451.29,1
2,PAYMENT,178,903.03,0.0,0.0,0.0,0.0,0
2,PAYMENT,353,17267.95,0.0,0.0,0.0,0.0,0
2,CASH_IN,588,304661.81,0.0,304661.81,350876.09,46214.28,0
2,TRANSFER,207,385629.63,115313.0,0.0,1077575.33,1463204.95,0
2,CASH_IN,20,158968.22,3022174.09,3181142.31,3172564.31,3013596.08,0
2,PAYMENT,188,2313.03,11543.86,9230.82,0.0,0.0,0
2,CASH_OUT,378,372870.39,1578.0,0.0,0.0,372870.39,0
2,CASH_OUT,135,128417.96,128417.96,0.0,99429.91,227847.87,1
2,PAYMENT,203,26211.33,29477.0,3265.67,0.0,0.0,0
2,TRANSFER,186,637266.2,0.0,0.0,2819367.83,3456634.02,0
2,CASH_IN,41,146262.7,573.0,146835.7,314423.72,168161.02,0
2,CASH_OUT,396,263448.47,19829.82,0.0,2989112.95,3252561.42,0
2,DEBIT,20,9639.93,40174.0,30534.07,85759.74,56844.18,0
2,CASH_IN,235,207392.54,363781.0,571173.54,51927.07,0.0,0
2,CASH_IN,155,230885.87,1835968.82,2066854.7,1644073.32,1413187.45,0
2,PAYMENT,39,8935.94,0.0,0.0,0.0,0.0,0
2,PAYMENT,505,4215.07,27998.0,23782.93,0.0,0.0,0
2,CASH_IN,348,394676.13,12345984.39,12740660.52,413514.42,18838.29,0
2,PAYMENT,20,3913.72,0.0,0.0,0.0,0.0,0
2,CASH_IN,139,83505.48,3423422.82,3506928.3,452002.02,368496.54,0
2,CASH_OUT,330,52953.65,0.0,0.0,681629.38,734583.03,0
2,CASH_OUT,276,158307.19,15720.0,0.0,251951.52,410258.71,0
2,PAYMENT,284,14029.11,15472.0,1442.89,0.0,0.0,0
2,CASH_OUT,183,130866.64,21309.0,0.0,501104.9,631971.53,0
2,PAYMENT,204,2916.62,0.0,0.0,0.0,0.0,0
2,CASH_OUT,403,284643.92,0.0,0.0,306243.37,590887.3,0
2,CASH_OUT,401,136313.77,59853.0,0.0,0.0,136313.77,0
2,CASH_IN,396,32799.42,1819255.11,1852054.54,1631867.8,1599068.38,0
2,CASH_OUT,400,57558.91,0.0,0.0,72051.7,129610.61,0
2,CASH_IN,18,63577.93,3690348.65,3753926.58,67451.92,3873.99,0
2,CASH_IN,213,63763.12,7219503.73,7283266.85,491394.01,427630.89,0
2,CASH_OUT,379,103428.5,127441.0,24012.5,189900.03,293328.53,0
2,TRANSFER,182,565222.57,1607.0,0.0,0.0,565222.57,0
2,CASH_OUT,380,103490.27,16787.0,0.0,139958.05,243448.32,0
2,TRANSFER,307,266998.83,0.0,0.0,399767.52,666766.34,0
2,CASH_OUT,133,16204.83,0.0,0.0,2469022.24,2774923.04,0
2,CASH_OUT,402,826.49,156133.0,155306.51,40268.26,41094.75,0
2,PAYMENT,15,2637.28,24445.0,21807.72,0.0,0.0,0
2,PAYMENT,186,7579.22,104608.93,97029.72,0.0,0.0,0
2,PAYMENT,311,373.62,5152.56,4778.94,0.0,0.0,0
2,CASH_OUT,14,111641.83,58629.0,0.0,0.0,111641.83,0
2,PAYMENT,255,8498.2,0.0,0.0,0.0,0.0,0
2,CASH_OUT,162,13304.09,14564.0,1259.91,21715.47,35019.56,0
2,CASH_OUT,184,161411.99,94890.0,0.0,3494814.2,3553473.47,0
2,CASH_OUT,12,113768.87,24674.0,0.0,11741686.84,11756741.11,0
2,CASH_OUT,206,177884.83,0.0,0.0,3198414.7,3376299.53,0
2,PAYMENT,522,55056.98,0.0,0.0,0.0,0.0,0
2,PAYMENT,397,15054.71,0.0,0.0,0.0,0.0,0
2,CASH_IN,263,654656.25,16366407.05,17021063.3,926026.81,271370.55,0
2,CASH_IN,136,209493.14,23277937.36,23487430.5,622514.13,413020.98,0
2,CASH_IN,45,116049.32,72635.0,188684.32,39654.53,0.0,0
2,CASH_OUT,35,108211.49,0.0,0.0,942378.21,782768.41,0
2,PAYMENT,11,5394.91,0.0,0.0,0.0,0.0,0
2,CASH_IN,163,77383.2,30650.0,108033.2,164404.07,51277.36,0
2,TRANSFER,497,224570.45,224570.45,0.0,0.0,0.0,1
2,CASH_OUT,189,97876.57,0.0,0.0,999614.38,1097490.96,0
2,PAYMENT,155,10519.85,11879.0,1359.15,0.0,0.0,0
2,PAYMENT,332,5504.65,0.0,0.0,0.0,0.0,0
2,CASH_IN,225,7120.64,44499.0,51619.64,507655.33,500534.69,0
2,TRANSFER,372,319258.97,13007.0,0.0,0.0,319258.97,0
2,CASH_IN,9,14016.08,7137971.72,7151987.8,189990.43,175974.35,0
2,PAYMENT,303,5961.46,0.0,0.0,0.0,0.0,0
2,CASH_OUT,373,47630.39,205612.0,157981.61,569205.66,616836.05,0
2,CASH_OUT,44,100464.58,631.0,0.0,195773.17,296237.75,0
2,CASH_IN,399,385096.2,13704.0,398800.2,6670.93,0.0,0
2,PAYMENT,249,1454.13,99317.0,97862.87,0.0,0.0,0
2,CASH_OUT,186,86916.87,625.0,0.0,683340.35,774837.37,0
2,CASH_IN,380,118542.78,3011292.86,3129835.64,1646039.14,1527496.36,0
2,PAYMENT,94,7318.42,154398.0,147079.58,0.0,0.0,0
2,TRANSFER,305,4863503.61,0.0,0.0,12022512.12,16886015.74,0
2,CASH_IN,36,51365.26,21469.0,72834.26,4007737.54,3956372.29,0
2,CASH_IN,255,56871.68,415320.0,472191.68,2911271.1,2854399.42,0
2,CASH_IN,177,131920.46,7584130.37,7716050.83,802182.46,670262.0,0
2,PAYMENT,181,11492.43,5792.0,0.0,0.0,0.0,0
2,CASH_OUT,42,99646.97,0.0,0.0,278301.28,377948.24,0
2,PAYMENT,404,2879.11,0.0,0.0,0.0,0.0,0
2,CASH_IN,371,13520.79,625613.17,639133.96,227320.74,213799.95,0
2,PAYMENT,284,15802.59,0.0,0.0,0.0,0.0,0
2,CASH_OUT,157,569776.72,155485.0,0.0,0.0,569776.72,0
2,CASH_OUT,691,94283.9,54322.0,0.0,314836.27,409120.17,0
2,CASH_IN,278,47679.68,6106144.11,6153823.79,50658.76,2979.08,0
2,CASH_OUT,132,119743.98,0.0,0.0,167111.59,286855.57,0
2,CASH_OUT,202,70817.21,0.0,0.0,122247.81,193065.02,0
2,CASH_OUT,119,232176.79,0.0,0.0,902880.75,1135057.54,0
2,PAYMENT,300,7041.4,150178.88,143137.48,0.0,0.0,0
2,CASH_IN,139,231065.38,6406786.32,6637851.7,924658.53,693593.15,0
2,CASH_IN,303,47155.02,10659250.91,10706405.93,3464306.03,3417151.01,0
2,PAYMENT,163,13278.53,60985.5,47706.97,0.0,0.0,0
2,CASH_OUT,235,92211.24,23380.0,0.0,1008224.41,1100435.65,0
2,CASH_OUT,180,237897.75,750.0,0.0,127281.5,365179.25,0
2,PAYMENT,378,28467.96,19395.07,0.0,0.0,0.0,0
2,TRANSFER,165,3018000.46,0.0,0.0,3568068.34,6586068.8,0
2,CASH_OUT,330,146458.31,0.0,0.0,3663126.89,3809585.2,0
2,PAYMENT,159,16517.44,21480.0,4962.56,0.0,0.0,0
2,CASH_OUT,35,109461.55,0.0,0.0,113149.0,222610.55,0
2,PAYMENT,283,9581.09,220307.0,210725.91,0.0,0.0,0
2,CASH_OUT,163,178432.94,0.0,0.0,4490501.15,4668934.09,0
2,PAYMENT,249,60571.55,0.0,0.0,0.0,0.0,0
2,TRANSFER,12,2007.0,2007.0,0.0,0.0,0.0,1
2,CASH_OUT,379,207140.47,0.0,0.0,2130969.7,2338110.17,0
2,CASH_OUT,208,67567.96,150384.0,82816.04,0.0,0.0,0
2,CASH_OUT,211,118439.89,0.0,0.0,516917.31,671071.26,0
2,PAYMENT,384,17442.2,0.0,0.0,0.0,0.0,0
2,CASH_IN,184,147661.29,7134878.81,7282540.1,2581546.69,2433885.4,0
2,CASH_OUT,258,68050.99,0.0,0.0,1529280.7,1597331.69,0
2,CASH_IN,21,206750.27,17485.0,224235.27,0.0,0.0,0
2,PAYMENT,17,13262.45,665403.16,652140.71,0.0,0.0,0
2,PAYMENT,13,21278.76,0.0,0.0,0.0,0.0,0
2,TRANSFER,431,966389.93,966389.93,0.0,0.0,0.0,1
2,CASH_OUT,399,1082200.06,1082200.06,0.0,0.0,1082200.06,1
2,PAYMENT,188,7382.12,35926.0,28543.88,0.0,0.0,0
2,CASH_IN,326,131471.16,8130621.93,8262093.1,276667.34,145196.18,0
2,CASH_OUT,141,105865.45,309270.85,203405.4,2142546.68,2248412.13,0
2,PAYMENT,186,31002.13,11163.0,0.0,0.0,0.0,0
2,TRANSFER,205,216179.15,216179.15,0.0,0.0,0.0,1
2,CASH_OUT,256,86114.05,45173.0,0.0,982827.37,1068941.41,0
2,PAYMENT,153,1412.63,0.0,0.0,0.0,0.0,0
2,PAYMENT,130,62512.94,2221.0,0.0,0.0,0.0,0
2,CASH_OUT,12,58778.69,0.0,0.0,103231.0,246142.24,0
2,CASH_OUT,257,208147.28,0.0,0.0,1607662.22,1443603.55,0
2,PAYMENT,9,71.74,134945.83,134874.08,0.0,0.0,0
2,CASH_OUT,399,69460.44,13059.0,0.0,0.0,69460.44,0
2,CASH_OUT,588,167224.75,1970.69,0.0,852719.55,1019944.3,0
2,TRANSFER,579,1540624.7,1540624.7,0.0,0.0,0.0,1
2,PAYMENT,407,12553.06,80820.0,68266.94,0.0,0.0,0
2,CASH_IN,34,371965.73,5834787.38,6206753.11,3252908.22,3066730.6,0
2,CASH_IN,522,174652.44,4205813.19,4380465.64,249935.22,75282.77,0
2,CASH_OUT,18,127252.07,184.0,0.0,24291.05,151543.12,0
2,PAYMENT,281,61580.15,134389.24,72809.09,0.0,0.0,0
2,CASH_IN,134,260471.99,8785962.51,9046434.51,6036331.2,5775859.21,0
2,CASH_IN,375,63445.84,12058.0,75503.84,233227.36,169781.52,0
2,CASH_OUT,591,1777758.65,1777758.65,0.0,0.0,1777758.65,1
2,PAYMENT,304,31775.79,0.0,0.0,0.0,0.0,0
2,CASH_OUT,308,123790.47,166299.0,42508.53,308194.06,431984.53,0
2,CASH_IN,131,342216.31,7462625.25,7804841.56,916111.61,573895.3,0
2,CASH_OUT,19,162723.88,104458.0,0.0,0.0,0.0,0
2,TRANSFER,60,45807.51,45807.51,0.0,0.0,0.0,1
2,CASH_IN,301,18497.08,1936199.05,1954696.13,347146.1,328649.01,0
2,CASH_OUT,408,229624.08,0.0,0.0,10075017.04,10304641.12,0
2,CASH_IN,240,109450.61,133796.0,243246.61,246144.47,136693.86,0
2,CASH_IN,43,120079.21,3880657.54,4000736.76,1040447.92,920368.7,0
2,PAYMENT,135,9851.81,202.0,0.0,0.0,0.0,0
2,CASH_OUT,328,5090.93,11789.0,6698.07,191779.19,196870.12,0
2,PAYMENT,178,15287.44,16452.0,1164.56,0.0,0.0,0
2,PAYMENT,20,2639.52,56077.44,53437.92,0.0,0.0,0
2,PAYMENT,13,51290.18,11415.0,0.0,0.0,0.0,0
2,CASH_OUT,229,123957.19,0.0,0.0,4318320.78,4442277.97,0
2,PAYMENT,180,1078.54,0.0,0.0,0.0,0.0,0
2,CASH_OUT,41,277312.03,0.0,0.0,4311876.59,4589188.62,0
2,PAYMENT,350,49751.55,101619.0,51867.45,0.0,0.0,0
2,PAYMENT,204,3067.4,11650.0,8582.6,0.0,0.0,0
2,TRANSFER,183,321463.6,20880.0,0.0,96496.65,417960.25,0
2,PAYMENT,235,1439.89,0.0,0.0,0.0,0.0,0
2,CASH_IN,15,193885.6,7098.0,200983.6,558820.03,364934.43,0
2,PAYMENT,17,5244.6,100305.0,95060.4,0.0,0.0,0
2,PAYMENT,138,25515.42,104461.0,78945.58,0.0,0.0,0
2,PAYMENT,206,3854.05,24800.0,20945.95,0.0,0.0,0
2,CASH_OUT,43,14255.69,9739.0,0.0,0.0,14255.69,0
2,CASH_OUT,374,170336.3,21572.0,0.0,0.0,170336.3,0
2,DEBIT,688,3786.96,93.0,0.0,285563.29,289350.25,0
2,CASH_IN,404,254053.55,6168777.07,6422830.62,6216414.69,5962361.14,0
2,CASH_OUT,11,38800.9,0.0,0.0,231293.35,270094.25,0
2,CASH_OUT,353,147696.56,0.0,0.0,273513.06,421209.62,0
2,CASH_OUT,327,309177.13,0.0,0.0,2446794.36,2755971.49,0
2,CASH_IN,301,53184.22,1264503.18,1317687.4,149131.28,95947.06,0
2,CASH_OUT,39,78120.21,26325.0,0.0,1121372.21,1199492.42,0
2,CASH_OUT,492,204228.15,159401.0,0.0,0.0,204228.15,0
2,CASH_IN,396,38694.9,2468.0,41162.9,0.0,0.0,0
2,CASH_OUT,300,176059.16,176059.16,0.0,105783.21,281842.36,1
2,CASH_OUT,739,156691.56,156691.56,0.0,842252.15,998943.71,1
2,PAYMENT,287,5123.68,104803.0,99679.32,0.0,0.0,0
2,CASH_IN,234,16189.66,3291421.09,3307610.75,229334.12,213144.46,0
2,CASH_OUT,325,283779.54,161442.0,0.0,228779.05,512558.59,0
2,CASH_OUT,206,214570.0,0.0,0.0,712089.25,926659.24,0
2,CASH_OUT,306,92591.22,10997.0,0.0,11949669.27,12042260.49,0
2,CASH_IN,204,171497.84,6462.0,177959.84,1509581.05,1098793.13,0
2,PAYMENT,133,38892.68,38987.74,95.07,0.0,0.0,0
2,PAYMENT,329,19509.6,14542.0,0.0,0.0,0.0,0
2,PAYMENT,369,42791.66,41586.0,0.0,0.0,0.0,0
2,CASH_OUT,285,216730.23,0.0,0.0,2190337.25,2407067.48,0
2,CASH_OUT,226,121041.69,0.0,0.0,3659288.18,3780329.87,0
2,PAYMENT,279,4498.57,0.0,0.0,0.0,0.0,0
2,CASH_OUT,273,217306.09,0.0,0.0,829477.84,1046783.94,0
2,CASH_OUT,283,149411.45,0.0,0.0,2429105.44,2578516.89,0
2,CASH_OUT,19,80659.81,0.0,0.0,842522.89,605104.6,0
2,CASH_OUT,394,44274.74,0.0,0.0,160429.45,204704.2,0
2,PAYMENT,346,4903.16,210660.0,205756.84,0.0,0.0,0
2,PAYMENT,304,9594.05,6019.0,0.0,0.0,0.0,0
2,PAYMENT,155,4271.43,226274.45,222003.02,0.0,0.0,0
2,PAYMENT,332,5003.01,6540.0,1536.99,0.0,0.0,0
2,PAYMENT,383,16211.46,21416.0,5204.54,0.0,0.0,0
2,TRANSFER,204,416732.48,22901.0,0.0,323548.89,740281.37,0
2,CASH_OUT,261,591032.52,591032.52,0.0,30597.3,621629.81,1
2,CASH_IN,35,15863.2,21459951.08,21475814.29,267925.56,252062.35,0
2,CASH_OUT,42,126301.67,52799.0,0.0,0.0,126301.67,0
2,PAYMENT,355,4265.57,226587.0,222321.43,0.0,0.0,0
2,CASH_OUT,298,73281.93,0.0,0.0,228789.3,302071.23,0
2,TRANSFER,11,2100.0,2100.0,0.0,0.0,0.0,1
2,CASH_OUT,307,164523.62,159226.68,0.0,324587.07,809101.36,0
2,PAYMENT,347,12733.17,0.0,0.0,0.0,0.0,0
2,PAYMENT,359,16959.17,30951.0,13991.83,0.0,0.0,0
2,TRANSFER,330,159300.33,15951.0,0.0,55010.49,214310.82,0
2,CASH_IN,163,21674.23,59635.0,81309.23,919943.58,898269.35,0
2,CASH_OUT,18,251557.03,26400.0,0.0,1279882.67,3061970.56,0
2,PAYMENT,47,19784.6,0.0,0.0,0.0,0.0,0
2,CASH_IN,178,297871.7,4521941.25,4819812.95,590004.01,292132.31,0
2,CASH_IN,403,144549.35,6658921.67,6803471.02,789477.85,644928.51,0
2,CASH_OUT,208,168649.34,104433.0,0.0,205703.52,374352.86,0
2,CASH_IN,191,189859.38,32833.0,222692.38,186984.48,0.0,0
2,CASH_IN,17,253678.69,10983759.66,11237438.34,280362.85,26684.16,0
2,CASH_OUT,156,19564.26,20944.0,1379.74,83811.13,103375.39,0
2,PAYMENT,141,177.39,0.0,0.0,0.0,0.0,0
2,CASH_IN,12,122323.03,6407685.87,6530008.91,154908.76,30816.63,0
2,CASH_IN,321,168450.77,8528.0,176978.77,0.0,0.0,0
2,PAYMENT,231,3541.55,13280.0,9738.45,0.0,0.0,0
2,PAYMENT,188,7091.72,355921.46,348829.74,0.0,0.0,0
2,CASH_OUT,283,118669.41,0.0,0.0,425958.84,544628.25,0
2,CASH_OUT,259,157604.51,0.0,0.0,1640017.09,1797621.6,0
2,PAYMENT,356,5938.31,50089.3,44150.99,0.0,0.0,0
2,CASH_IN,375,199915.92,11473.0,211388.92,0.0,0.0,0
2,CASH_OUT,234,11663.35,0.0,0.0,605767.68,617431.03,0
2,CASH_OUT,354,40787.35,30561.0,0.0,0.0,40787.35,0
2,CASH_IN,256,117087.87,725238.16,842326.04,1082992.88,965905.0,0
2,PAYMENT,329,19379.38,0.0,0.0,0.0,0.0,0
2,CASH_IN,18,108306.78,20957059.76,21065366.54,220419.37,112112.6,0
2,PAYMENT,306,11539.23,0.0,0.0,0.0,0.0,0
2,CASH_OUT,18,105626.81,0.0,0.0,319125.58,424752.39,0
2,CASH_OUT,328,185351.49,0.0,0.0,3612274.66,3797626.15,0
2,TRANSFER,388,960196.16,960196.16,0.0,0.0,0.0,1
2,CASH_IN,261,65657.54,3552947.28,3618604.82,105556.76,39899.22,0
2,CASH_OUT,323,166838.1,6289.0,0.0,321184.7,488022.81,0
2,CASH_OUT,256,82924.92,0.0,0.0,682364.21,765289.12,0
2,CASH_OUT,185,37707.1,1648.0,0.0,736724.53,774431.62,0
2,PAYMENT,311,2867.61,30042.0,27174.39,0.0,0.0,0
2,CASH_OUT,208,121805.4,0.0,0.0,2312019.06,2433824.46,0
2,PAYMENT,253,32230.72,40116.0,7885.28,0.0,0.0,0
2,CASH_IN,528,160925.1,3277785.47,3438710.57,378849.73,217924.63,0
2,CASH_OUT,276,34257.0,0.0,0.0,409134.81,443391.81,0
2,CASH_OUT,180,429322.27,72235.0,0.0,282134.85,711457.12,0
2,CASH_OUT,232,59479.23,485513.18,426033.95,1606320.13,1665799.36,0
2,TRANSFER,260,368788.37,52090.0,0.0,895829.44,1213830.94,0
2,PAYMENT,299,3771.59,0.0,0.0,0.0,0.0,0
2,CASH_OUT,373,72482.01,0.0,0.0,764598.75,837080.76,0
2,PAYMENT,599,7230.52,19691.0,12460.48,0.0,0.0,0
2,CASH_IN,399,99995.1,5887107.56,5987102.66,347277.22,247282.11,0
2,PAYMENT,192,3086.64,251.0,0.0,0.0,0.0,0
2,PAYMENT,192,787.7,20719.77,19932.07,0.0,0.0,0
2,TRANSFER,312,742293.72,0.0,0.0,1605834.12,2348127.85,0
2,CASH_OUT,256,52608.81,1049.0,0.0,194187.61,246796.42,0
2,CASH_IN,136,437641.14,1567959.02,2005600.16,927595.19,489954.06,0
2,PAYMENT,260,6605.54,78795.0,72189.46,0.0,0.0,0
2,CASH_IN,256,111416.16,23466895.25,23578311.41,6863106.78,6751690.62,0
2,TRANSFER,722,3071270.72,3071270.72,0.0,0.0,0.0,1
2,TRANSFER,260,546692.88,0.0,0.0,1056009.86,1602702.74,0
2,PAYMENT,303,9593.72,0.0,0.0,0.0,0.0,0
2,CASH_IN,13,226413.93,7650.0,234063.93,1991370.87,2283266.61,0
2,PAYMENT,280,13635.11,33.0,0.0,0.0,0.0,0
2,PAYMENT,275,4027.49,22953.0,18925.51,0.0,0.0,0
2,PAYMENT,162,14132.58,336111.31,321978.74,0.0,0.0,0
2,CASH_IN,370,88862.28,3618311.33,3707173.61,1818100.31,1729238.03,0
2,PAYMENT,153,9993.04,134674.26,124681.22,0.0,0.0,0
2,CASH_OUT,95,257774.3,2059.78,0.0,7475325.47,7733099.77,0
2,CASH_IN,132,100619.35,22055.0,122674.35,0.0,0.0,0
2,CASH_OUT,228,66649.65,63123.0,0.0,0.0,66649.65,0
2,TRANSFER,135,897267.25,29151.0,0.0,54212.78,951480.03,0
2,CASH_OUT,373,74343.47,0.0,0.0,711176.19,785519.66,0
2,TRANSFER,311,6247534.27,0.0,0.0,6501504.25,12749038.51,0
2,TRANSFER,369,146979.13,0.0,0.0,1356166.05,1503145.18,0
2,CASH_OUT,132,510587.1,0.0,0.0,596637.29,1107224.39,0
2,CASH_IN,23,334491.23,832483.35,1166974.58,1794093.58,1459602.35,0
2,CASH_OUT,237,111249.9,1561.0,0.0,353335.61,464585.51,0
2,CASH_OUT,213,277234.39,15553.58,0.0,590130.32,867364.71,0
2,PAYMENT,161,718.96,0.0,0.0,0.0,0.0,0
2,PAYMENT,305,8707.58,11319.0,2611.42,0.0,0.0,0
2,CASH_OUT,370,99748.72,0.0,0.0,2247550.89,2347299.61,0
2,PAYMENT,333,30720.41,122255.0,91534.59,0.0,0.0,0
2,PAYMENT,229,7212.58,9058.0,1845.42,0.0,0.0,0
2,CASH_OUT,307,8383.57,496543.0,488159.43,35153.26,43536.83,0
2,CASH_OUT,613,2155569.91,2155569.91,0.0,0.0,2155569.91,1
3,CASH_OUT,179,361673.75,0.0,0.0,450581.38,812255.13,0
3,PAYMENT,670,24032.9,0.0,0.0,0.0,0.0,0
3,CASH_OUT,306,325302.62,0.0,0.0,506222.15,831524.77,0
3,CASH_IN,350,170702.54,11063418.91,11234121.45,510295.49,339592.95,0
3,PAYMENT,34,1399.5,0.0,0.0,0.0,0.0,0
3,CASH_OUT,567,104020.89,51015.0,0.0,0.0,104020.89,0
3,TRANSFER,404,337162.63,20883.0,0.0,0.0,337162.63,0
3,PAYMENT,8,1647.91,221.0,0.0,0.0,0.0,0
3,CASH_IN,9,71276.97,19872.0,91148.97,1136530.97,1269082.35,0
3,CASH_IN,302,16835.09,4482490.94,4499326.04,339365.26,322530.16,0
3,PAYMENT,374,9892.2,0.0,0.0,0.0,0.0,0
3,CASH_OUT,250,207060.15,0.0,0.0,650380.99,857441.13,0
3,CASH_IN,396,95278.7,414.0,95692.7,141972.99,46694.28,0
3,CASH_IN,403,19508.89,1425.0,20933.89,1022821.7,1003312.81,0
3,CASH_IN,283,145355.13,15648.0,161003.13,115936.68,0.0,0
3,CASH_OUT,119,676517.28,0.0,0.0,6961367.58,7637884.86,0
3,TRANSFER,93,886588.02,886588.02,0.0,0.0,0.0,1
3,PAYMENT,48,4730.26,23430.0,18699.74,0.0,0.0,0
3,CASH_IN,211,451679.65,10952401.68,11404081.32,8229546.96,7777867.31,0
3,PAYMENT,382,8316.85,1101.0,0.0,0.0,0.0,0
3,CASH_OUT,157,71616.76,352522.31,280905.55,528441.92,600058.68,0
3,TRANSFER,526,436221.49,0.0,0.0,651703.88,1087925.37,0
3,CASH_OUT,640,279057.61,0.0,0.0,1312614.51,1591672.12,0
3,CASH_OUT,378,533980.24,0.0,0.0,11263178.43,11797158.67,0
3,CASH_OUT,252,281426.46,0.0,0.0,435881.22,717307.68,0
3,TRANSFER,397,2752150.32,0.0,0.0,20381755.43,23133905.75,0
3,TRANSFER,421,10000000.0,15455965.86,5455965.86,0.0,0.0,1
3,CASH_IN,349,65274.93,12748384.34,12813659.27,192393.25,127118.32,0
3,CASH_OUT,307,287580.98,0.0,0.0,534085.88,821666.86,0
3,CASH_IN,129,254819.18,62031.0,316850.18,973504.82,319499.59,0
3,CASH_OUT,71,14385.54,14385.54,0.0,28309.09,42694.63,1
3,PAYMENT,351,6654.97,40709.0,34054.03,0.0,0.0,0
3,CASH_IN,695,307185.94,10772869.52,11080055.46,1067804.58,760618.64,0
3,CASH_IN,234,92682.96,11535.0,104217.96,535401.17,442718.21,0
3,CASH_OUT,185,152118.96,199779.0,47660.04,33475.36,185594.32,0
3,CASH_OUT,570,32886.78,20297.0,0.0,0.0,32886.78,0
3,PAYMENT,212,694.55,22038.0,21343.45,0.0,0.0,0
3,CASH_OUT,497,1177100.83,1177100.83,0.0,0.0,1177100.83,1
3,CASH_OUT,40,108741.74,6907.0,0.0,24510.8,133252.54,0
3,PAYMENT,280,10552.33,92887.61,82335.28,0.0,0.0,0
3,CASH_OUT,352,221646.83,24078.0,0.0,0.0,221646.83,0
3,CASH_IN,201,174884.65,9840.0,184724.65,0.0,0.0,0
3,CASH_OUT,330,236436.96,20169.0,0.0,215657.81,452094.78,0
3,CASH_IN,210,143669.04,3877308.47,4020977.5,263941.94,120272.9,0
3,CASH_OUT,235,106936.14,7020.0,0.0,199602.27,306538.41,0
3,CASH_OUT,299,233203.65,241394.05,8190.4,11461353.06,11694556.71,0
3,CASH_OUT,138,68627.19,50042.0,0.0,3185417.31,3254044.5,0
3,PAYMENT,132,27513.11,33166.0,5652.89,0.0,0.0,0
3,CASH_OUT,394,122314.42,0.0,0.0,4429119.8,4551434.23,0
3,PAYMENT,478,3812.0,49871.0,46059.0,0.0,0.0,0
3,CASH_OUT,260,38496.6,389431.45,350934.86,434732.27,473228.87,0
3,PAYMENT,142,23614.32,542.0,0.0,0.0,0.0,0
3,TRANSFER,10,2886553.31,70766.9,0.0,5457466.76,10992899.3,0
3,TRANSFER,163,631111.98,0.0,0.0,2667238.28,3298350.25,0
3,PAYMENT,134,15997.37,0.0,0.0,0.0,0.0,0
3,PAYMENT,182,10283.62,0.0,0.0,0.0,0.0,0
3,CASH_IN,141,1737.38,6087690.57,6089427.95,61296.67,59559.29,0
3,CASH_OUT,306,95969.22,0.0,0.0,108651.68,204620.9,0
3,CASH_IN,588,191501.29,9043.0,200544.29,134499.24,0.0,0
3,TRANSFER,203,186050.2,0.0,0.0,2633926.12,2881375.76,0
3,PAYMENT,187,15581.11,10843.0,0.0,0.0,0.0,0
3,PAYMENT,690,18252.15,0.0,0.0,0.0,0.0,0
3,CASH_IN,403,288069.63,5374234.98,5662304.62,391448.08,103378.45,0
3,CASH_OUT,148,677563.22,677563.22,0.0,5725307.68,6402870.9,1
3,PAYMENT,138,32477.64,177494.0,145016.36,0.0,0.0,0
3,CASH_OUT,39,253635.5,41497.0,0.0,140551.73,394187.23,0
3,CASH_IN,22,190675.07,4929697.93,5120373.0,3565491.45,3374816.38,0
3,CASH_OUT,500,249722.04,0.0,0.0,1591144.93,1840866.97,0
3,TRANSFER,332,1781269.65,0.0,0.0,3503948.59,5285218.24,0
3,PAYMENT,350,18464.72,34561.44,16096.72,0.0,0.0,0
3,CASH_IN,251,193995.9,340.0,194335.9,712190.82,518194.92,0
3,PAYMENT,350,11826.45,1176.0,0.0,0.0,0.0,0
3,CASH_OUT,346,533121.32,27488.0,0.0,0.0,533121.32,0
3,CASH_IN,129,367088.06,640827.34,1007915.4,6550421.7,6513097.9,0
3,PAYMENT,40,2066.12,32737.73,30671.61,0.0,0.0,0
3,CASH_IN,43,194040.56,7793461.51,7987502.07,5048629.97,4854589.41,0
3,PAYMENT,310,5271.18,0.0,0.0,0.0,0.0,0
3,CASH_OUT,20,19391.26,17420.0,0.0,21482.0,34328.02,0
3,PAYMENT,22,20659.88,535.0,0.0,0.0,0.0,0
3,TRANSFER,228,614568.79,40520.0,0.0,5196300.25,5810869.04,0
3,PAYMENT,188,4063.6,0.0,0.0,0.0,0.0,0
3,CASH_OUT,307,101031.4,0.0,0.0,323681.78,424713.18,0
3,PAYMENT,287,16097.54,37120.0,21022.46,0.0,0.0,0
3,TRANSFER,199,590229.26,590229.26,0.0,0.0,0.0,1
3,PAYMENT,205,13427.77,0.0,0.0,0.0,0.0,0
3,TRANSFER,258,187185.58,0.0,0.0,1234277.8,1421463.38,0
3,CASH_OUT,177,157420.16,34044.0,0.0,821480.42,978900.58,0
3,PAYMENT,144,3031.44,12701.07,9669.63,0.0,0.0,0
3,CASH_IN,135,59370.19,30350.0,89720.19,0.0,0.0,0
3,PAYMENT,184,30758.26,286623.99,255865.73,0.0,0.0,0
3,PAYMENT,333,887.65,7395.0,6507.35,0.0,0.0,0
3,PAYMENT,10,15395.33,35950.51,20555.17,0.0,0.0,0
3,CASH_IN,236,55355.37,82830.0,138185.37,0.0,0.0,0
3,PAYMENT,227,20688.15,21289.0,600.85,0.0,0.0,0
3,TRANSFER,646,43071.62,43071.62,0.0,0.0,0.0,1
3,CASH_OUT,188,103785.89,104486.0,700.11,217923.29,41416.05,0
3,TRANSFER,304,10000000.0,23533.0,0.0,1002712.4,31487159.18,0
3,CASH_OUT,352,406366.08,11328.0,0.0,16667.44,423033.51,0
3,TRANSFER,221,684174.46,684174.46,0.0,0.0,0.0,1
3,TRANSFER,283,1568022.39,0.0,0.0,2398589.61,3966611.99,0
3,PAYMENT,359,3041.17,13735.0,10693.83,0.0,0.0,0
3,PAYMENT,234,8984.33,0.0,0.0,0.0,0.0,0
3,TRANSFER,528,392767.71,392767.71,0.0,0.0,0.0,1
3,PAYMENT,355,8111.17,11631.0,3519.83,0.0,0.0,0
3,CASH_IN,289,335413.64,100482.0,435895.64,385527.14,50113.5,0
3,PAYMENT,238,1438.55,10039.0,8600.45,0.0,0.0,0
3,CASH_IN,211,251059.09,75013.0,326072.09,1478963.42,1227904.33,0
3,TRANSFER,621,348751.45,348751.45,0.0,0.0,0.0,1
3,CASH_IN,250,165933.08,18413698.51,18579631.58,3044732.28,2878799.21,0
3,CASH_OUT,13,541435.77,35355.0,0.0,2360462.15,2901897.93,0
3,CASH_OUT,330,353239.72,0.0,0.0,1480581.91,1833821.62,0
3,CASH_OUT,165,180604.7,9925.0,0.0,0.0,180604.7,0
3,CASH_OUT,8,209004.9,2619.0,0.0,40275.0,249279.9,0
3,CASH_OUT,403,150446.12,53490.0,0.0,3103334.79,3253780.92,0
3,PAYMENT,250,25545.47,51731.0,26185.53,0.0,0.0,0
3,CASH_IN,284,127757.57,8048.0,135805.57,0.0,0.0,0
3,CASH_OUT,372,57313.09,43880.0,0.0,0.0,57313.09,0
3,CASH_OUT,13,19309.88,0.0,0.0,2510126.29,2529436.16,0
3,CASH_OUT,42,63075.25,0.0,0.0,254228.31,317303.56,0
3,PAYMENT,164,4565.73,244.0,0.0,0.0,0.0,0
3,PAYMENT,22,17320.84,94301.36,76980.52,0.0,0.0,0
3,PAYMENT,186,1265.2,0.0,0.0,0.0,0.0,0
3,CASH_IN,160,665245.43,18505895.18,19171140.61,1237298.75,572053.32,0
3,PAYMENT,276,29752.34,0.0,0.0,0.0,0.0,0
3,CASH_IN,132,332888.95,14343.0,347231.95,13801.0,0.0,0
3,CASH_IN,256,32066.81,5754314.43,5786381.23,7349012.17,7316945.37,0
3,CASH_OUT,185,187470.26,17211.0,0.0,1553775.8,1741246.07,0
3,CASH_OUT,741,383661.1,383661.1,0.0,1788112.7,2171773.8,1
3,CASH_IN,404,53071.31,2451269.24,2504340.56,306121.18,253049.87,0
3,CASH_OUT,159,225579.75,116672.0,0.0,67503.47,293083.22,0
3,CASH_OUT,617,131052.58,0.0,0.0,2078219.68,2209272.26,0
3,CASH_OUT,44,183261.21,84113.0,0.0,529166.98,789339.31,0
3,CASH_OUT,260,265376.73,117.0,0.0,400034.22,665410.95,0
3,CASH_OUT,36,355725.28,20745.0,0.0,526111.18,881836.46,0
3,CASH_OUT,50,112668.54,112668.54,0.0,0.0,112668.54,1
3,CASH_OUT,520,33991.89,0.0,0.0,155163.52,189155.41,0
3,TRANSFER,275,1194776.02,111160.46,0.0,2337348.81,3532124.84,0
3,PAYMENT,401,7167.34,0.0,0.0,0.0,0.0,0
3,TRANSFER,613,980310.0,980310.0,0.0,0.0,0.0,1
3,PAYMENT,681,1704.19,3067.0,1362.81,0.0,0.0,0
3,PAYMENT,235,14229.84,258673.46,244443.62,0.0,0.0,0
3,CASH_OUT,307,18567.34,0.0,0.0,1403521.41,1422088.75,0
3,CASH_IN,162,67674.76,3351925.01,3419599.77,702896.08,635221.32,0
3,CASH_OUT,300,85652.72,0.0,0.0,2385657.78,2471310.5,0
3,CASH_OUT,34,209376.45,103143.0,0.0,25383650.2,25593026.65,0
3,PAYMENT,204,4052.63,0.0,0.0,0.0,0.0,0
3,CASH_OUT,298,195572.24,0.0,0.0,1063377.67,1258949.91,0
3,PAYMENT,330,6404.23,5894.79,0.0,0.0,0.0,0
3,PAYMENT,42,2652.25,51209.0,48556.75,0.0,0.0,0
3,PAYMENT,136,11230.47,143998.99,132768.52,0.0,0.0,0
3,CASH_OUT,38,16015.07,53067.0,37051.93,1482251.89,1498266.96,0
3,CASH_OUT,156,159470.15,8934.0,0.0,0.0,159470.15,0
3,PAYMENT,326,2809.02,141593.47,138784.45,0.0,0.0,0
3,PAYMENT,351,10419.52,0.0,0.0,0.0,0.0,0
3,CASH_OUT,135,69980.19,8929.0,0.0,0.0,69980.19,0
3,CASH_OUT,18,72171.91,124536.75,52364.84,6705659.24,6777831.14,0
3,CASH_IN,43,233176.81,0.0,233176.81,713983.21,480806.39,0
3,CASH_IN,349,184922.17,510117.0,695039.17,0.0,0.0,0
3,CASH_OUT,276,146764.76,0.0,0.0,836480.26,983245.02,0
3,TRANSFER,401,947047.89,22680.0,0.0,0.0,947047.89,0
3,CASH_OUT,323,174890.47,883.0,0.0,481545.07,656435.54,0
3,CASH_OUT,133,168230.0,25710.0,0.0,146819.67,315049.67,0
3,PAYMENT,201,4531.99,8514.0,3982.01,0.0,0.0,0
3,CASH_IN,164,137087.22,25107.0,162194.22,1342591.28,1205504.06,0
3,CASH_OUT,186,31774.4,0.0,0.0,629638.95,661413.35,0
3,CASH_OUT,275,98544.91,0.0,0.0,1969364.08,2067908.99,0
3,CASH_OUT,205,95167.34,210782.0,115614.66,185399.56,280566.9,0
3,CASH_IN,404,207327.41,109.0,207436.41,0.0,0.0,0
3,TRANSFER,568,30790.13,30790.13,0.0,0.0,0.0,1
3,DEBIT,404,378.86,12571.0,12192.14,2152873.48,2153252.34,0
3,CASH_IN,331,131396.09,12285.0,143681.09,175040.3,43644.2,0
3,CASH_IN,155,92111.43,6565907.7,6658019.13,178217.59,86106.15,0
3,PAYMENT,238,54.84,105909.0,105854.16,0.0,0.0,0
3,PAYMENT,182,2195.93,0.0,0.0,0.0,0.0,0
3,CASH_OUT,180,250662.0,0.0,0.0,4132535.38,4383197.37,0
3,PAYMENT,136,6003.54,227351.38,221347.84,0.0,0.0,0
3,CASH_OUT,18,350031.14,0.0,0.0,550540.41,1022084.88,0
3,CASH_OUT,133,86751.07,0.0,0.0,321090.8,407841.87,0
3,CASH_OUT,208,247886.48,0.0,0.0,1856036.16,2103922.64,0
3,TRANSFER,93,1365536.94,0.0,0.0,3460002.15,4825539.09,0
3,PAYMENT,205,5831.6,69399.0,63567.4,0.0,0.0,0
3,CASH_OUT,299,476486.12,0.0,0.0,576319.94,1052806.06,0
3,CASH_OUT,140,237806.26,0.0,0.0,653002.67,890808.93,0
3,CASH_OUT,307,300243.57,0.0,0.0,327303.02,627546.59,0
3,CASH_IN,230,162973.17,240.0,163213.17,214190.21,51217.03,0
3,CASH_IN,10,170119.62,4278023.12,4448142.74,1130690.4,960570.78,0
3,TRANSFER,181,1352360.17,0.0,0.0,3222379.62,4574739.79,0
3,PAYMENT,166,1291.89,374405.0,373113.11,0.0,0.0,0
3,PAYMENT,160,5412.02,0.0,0.0,0.0,0.0,0
3,CASH_IN,250,328891.14,19068773.56,19397664.69,960865.19,631974.05,0
3,TRANSFER,204,2144208.23,2144208.23,0.0,0.0,0.0,1
3,CASH_IN,201,59574.28,21110804.16,21170378.44,930536.07,870961.79,0
3,PAYMENT,261,5747.57,56073.0,50325.43,0.0,0.0,0
3,TRANSFER,7,21571.0,21571.0,0.0,0.0,0.0,1
3,CASH_IN,330,172607.08,25829.0,198436.08,19509.18,0.0,0
3,CASH_OUT,249,69987.59,812927.0,742939.41,740285.72,810273.31,0
3,CASH_OUT,140,80458.46,19824.0,0.0,0.0,80458.46,0
3,CASH_IN,283,257404.45,20090.0,277494.45,330227.09,72822.64,0
3,CASH_IN,324,119463.76,43169.0,162632.76,134879.85,15416.09,0
3,CASH_OUT,227,396400.51,21307.0,0.0,2834438.41,3230838.92,0
3,CASH_OUT,137,161954.39,0.0,0.0,1098184.39,1260138.78,0
3,TRANSFER,522,1469819.05,0.0,0.0,3231481.9,4701300.95,0
3,TRANSFER,694,292815.44,292815.44,0.0,0.0,0.0,1
3,CASH_OUT,208,204470.29,0.0,0.0,231161.76,435632.05,0
3,CASH_OUT,352,28176.49,0.0,0.0,221433.17,249609.66,0
3,CASH_OUT,232,556211.15,0.0,0.0,1070901.95,1627113.1,0
3,CASH_OUT,498,10000000.0,10000000.0,0.0,302854.73,10302854.73,1
3,PAYMENT,385,419.57,20249.0,19829.43,0.0,0.0,0
3,CASH_OUT,327,285331.59,11175.0,0.0,810475.49,1095807.08,0
3,PAYMENT,226,5749.86,0.0,0.0,0.0,0.0,0
3,CASH_OUT,262,592615.53,592615.53,0.0,3898705.9,4491321.43,1
3,CASH_OUT,374,24988.32,0.0,0.0,3376421.99,3401410.31,0
3,PAYMENT,142,11680.38,21040.52,9360.14,0.0,0.0,0
3,PAYMENT,236,13965.91,77315.0,63349.09,0.0,0.0,0
3,PAYMENT,161,14346.18,71288.24,56942.06,0.0,0.0,0
3,CASH_OUT,132,508605.93,100756.0,0.0,2708081.38,3216687.31,0
3,PAYMENT,207,9216.16,4035.0,0.0,0.0,0.0,0
3,CASH_OUT,277,440176.55,0.0,0.0,750494.22,1190670.77,0
3,PAYMENT,131,11308.77,238028.0,226719.23,0.0,0.0,0
3,CASH_OUT,716,6426126.34,6426126.34,0.0,0.0,6426126.34,1
3,DEBIT,9,1627.37,647129.74,645502.37,5487149.29,6916677.11,0
3,CASH_OUT,43,296279.97,0.0,0.0,1095507.49,1391787.47,0
3,CASH_OUT,407,73297.4,0.0,0.0,380429.46,453726.85,0
3,CASH_OUT,130,389264.52,53139.0,0.0,846253.3,1045053.41,0
3,PAYMENT,303,10146.47,0.0,0.0,0.0,0.0,0
3,CASH_IN,471,118751.1,9408.0,128159.1,28764.48,0.0,0
3,PAYMENT,204,22617.17,304827.57,282210.4,0.0,0.0,0
3,CASH_OUT,580,2925111.67,2925111.67,0.0,0.0,2925111.67,1
3,PAYMENT,206,38.88,10975.0,10936.12,0.0,0.0,0
3,CASH_OUT,183,314373.27,36098.0,0.0,0.0,314373.27,0
3,TRANSFER,320,8950011.46,8950011.46,0.0,0.0,0.0,1
3,PAYMENT,37,13920.77,14404.0,483.23,0.0,0.0,0
3,PAYMENT,139,27226.74,0.0,0.0,0.0,0.0,0
3,PAYMENT,164,9997.53,33815.62,23818.1,0.0,0.0,0
3,PAYMENT,348,30079.27,9113.0,0.0,0.0,0.0,0
3,PAYMENT,399,608.31,0.0,0.0,0.0,0.0,0
3,CASH_OUT,351,65735.87,10062.0,0.0,420792.79,486528.66,0
3,CASH_OUT,17,253364.87,0.0,0.0,493397.63,746762.5,0
3,PAYMENT,325,4705.64,22388.0,17682.36,0.0,0.0,0
3,PAYMENT,180,7647.69,0.0,0.0,0.0,0.0,0
3,PAYMENT,354,1678.4,407918.58,406240.18,0.0,0.0,0
3,CASH_IN,141,18713.71,2800434.4,2819148.11,545916.05,527202.34,0
3,PAYMENT,204,13358.26,37327.0,23968.74,0.0,0.0,0
3,PAYMENT,17,15335.05,0.0,0.0,0.0,0.0,0
3,CASH_IN,13,401624.2,122219.0,523843.2,5577652.34,5176028.14,0
3,PAYMENT,10,19533.01,12223.0,0.0,0.0,0.0,0
3,CASH_OUT,251,387339.38,0.0,0.0,3215727.34,3603066.72,0
3,PAYMENT,161,14755.33,27772.0,13016.67,0.0,0.0,0
3,PAYMENT,207,9158.76,0.0,0.0,0.0,0.0,0
3,CASH_OUT,226,166964.63,16496.0,0.0,9745316.24,9912280.87,0
3,PAYMENT,139,37415.3,0.0,0.0,0.0,0.0,0
3,PAYMENT,285,2087.03,0.0,0.0,0.0,0.0,0
3,PAYMENT,47,8216.68,2734.0,0.0,0.0,0.0,0
3,TRANSFER,204,923062.75,124770.0,0.0,3447195.87,4370258.61,0
3,CASH_OUT,19,40822.67,147880.0,107057.33,190214.0,0.0,0
3,PAYMENT,16,1531.47,0.0,0.0,0.0,0.0,0
3,CASH_OUT,189,91653.76,15187.87,0.0,674901.61,766555.36,0
3,TRANSFER,255,382418.81,0.0,0.0,1262434.65,1644853.46,0
3,CASH_OUT,399,215433.92,0.0,0.0,330096.89,545530.81,0
3,PAYMENT,179,10870.35,51153.0,40282.65,0.0,0.0,0
3,PAYMENT,206,14733.94,21101.0,6367.06,0.0,0.0,0
3,PAYMENT,156,3782.86,0.0,0.0,0.0,0.0,0
3,CASH_OUT,253,6612.25,0.0,0.0,166146.57,172758.82,0
3,CASH_OUT,13,143673.81,80471.0,0.0,116250.34,310165.69,0
3,CASH_IN,205,244257.94,360038.18,604296.12,3215632.25,2971374.31,0
3,TRANSFER,374,564990.2,10283.0,0.0,508164.03,1438510.49,0
3,PAYMENT,403,20997.19,20464.0,0.0,0.0,0.0,0
3,CASH_OUT,283,125850.3,79492.0,0.0,542417.18,668267.48,0
3,CASH_IN,404,204149.34,319399.17,523548.51,991529.02,787379.68,0
3,CASH_IN,228,244644.51,1544866.87,1789511.38,348716.03,104071.52,0
3,CASH_IN,302,72688.93,809669.56,882358.49,4269424.28,4196735.35,0
3,CASH_IN,186,163450.4,3857282.45,4020732.85,910113.01,746662.61,0
3,PAYMENT,133,51809.72,107404.62,55594.9,0.0,0.0,0
3,CASH_OUT,42,255248.97,0.0,0.0,1118007.05,1373256.02,0
3,TRANSFER,35,616424.6,0.0,0.0,763526.69,1379951.29,0
3,PAYMENT,277,11519.32,43013.67,31494.35,0.0,0.0,0
3,CASH_IN,159,115750.54,9527274.95,9643025.49,6198106.17,6082355.63,0
3,PAYMENT,308,15291.54,5895.0,0.0,0.0,0.0,0
3,CASH_IN,155,19286.92,9485106.12,9504393.05,141860.61,122573.68,0
3,CASH_IN,403,117634.17,100142.87,217777.04,248392.28,130758.11,0
3,PAYMENT,183,12754.99,21523.0,8768.01,0.0,0.0,0
3,CASH_OUT,280,32051.16,0.0,0.0,857721.4,889772.56,0
3,CASH_OUT,355,34086.59,0.0,0.0,2961402.91,2995489.5,0
3,CASH_IN,137,131167.38,904365.56,1035532.94,382810.77,251643.4,0
3,CASH_OUT,12,270398.38,5916.0,0.0,592717.46,863115.84,0
3,TRANSFER,43,332285.56,29938.0,0.0,556968.04,889253.59,0
3,PAYMENT,251,2514.45,0.0,0.0,0.0,0.0,0
3,PAYMENT,188,12045.62,50462.0,38416.38,0.0,0.0,0
3,CASH_OUT,357,123134.61,62341.42,0.0,159999.61,283134.22,0
3,PAYMENT,640,9595.75,0.0,0.0,0.0,0.0,0
3,PAYMENT,545,8606.23,0.0,0.0,0.0,0.0,0
3,CASH_IN,350,398977.95,25621.0,424598.95,633704.04,234726.09,0
3,PAYMENT,134,3377.82,22036.0,18658.18,0.0,0.0,0
3,PAYMENT,16,15278.73,64148.32,48869.58,0.0,0.0,0
3,TRANSFER,172,692984.55,692984.55,0.0,0.0,0.0,1
3,PAYMENT,326,4803.45,0.0,0.0,0.0,0.0,0
3,CASH_OUT,35,269767.38,56367.01,0.0,3251823.16,3197804.75,0
3,PAYMENT,458,19873.22,95271.53,75398.31,0.0,0.0,0
3,PAYMENT,139,11062.17,63520.0,52457.83,0.0,0.0,0
3,CASH_OUT,209,134896.35,20942.0,0.0,539188.21,674084.56,0
3,PAYMENT,186,22023.44,120259.0,98235.56,0.0,0.0,0
3,PAYMENT,500,2941.93,10736.0,7794.07,0.0,0.0,0
3,PAYMENT,401,9810.67,0.0,0.0,0.0,0.0,0
3,CASH_OUT,250,287831.23,379.0,0.0,85273.02,373104.25,0
3,TRANSFER,307,81969.84,0.0,0.0,635653.78,717623.62,0
3,CASH_IN,235,243359.36,745776.08,989135.44,1317376.49,1074017.13,0
3,PAYMENT,144,37914.68,147651.0,109736.32,0.0,0.0,0
3,CASH_IN,201,183782.27,93843.0,277625.27,3344894.8,3161112.53,0
3,CASH_OUT,227,443996.3,0.0,0.0,827510.87,1271507.16,0
3,CASH_OUT,210,229512.62,69332.0,0.0,1004013.2,1233525.81,0
3,CASH_OUT,213,96237.54,11635.0,0.0,1493887.08,1590124.61,0
3,PAYMENT,160,16475.46,0.0,0.0,0.0,0.0,0
3,CASH_IN,372,215356.39,22815.0,238171.39,44725.71,0.0,0
3,PAYMENT,309,402.85,0.0,0.0,0.0,0.0,0
3,PAYMENT,231,35766.17,0.0,0.0,0.0,0.0,0
3,TRANSFER,18,5966.85,0.0,0.0,258560.67,264527.53,0
3,CASH_OUT,94,5609.67,53745.0,48135.33,1489645.05,1495254.72,0
3,PAYMENT,260,16234.71,53038.64,36803.93,0.0,0.0,0
3,PAYMENT,350,18575.1,8785.0,0.0,0.0,0.0,0
3,PAYMENT,20,9201.79,0.0,0.0,0.0,0.0,0
3,PAYMENT,157,27886.07,0.0,0.0,0.0,0.0,0
3,CASH_OUT,398,184131.13,71061.0,0.0,859816.05,1043947.18,0
3,TRANSFER,674,306505.03,306505.03,0.0,0.0,0.0,1
3,CASH_OUT,329,68223.82,0.0,0.0,1054310.5,1122534.32,0
3,CASH_IN,351,13852.8,19057415.31,19071268.11,1939728.22,1925875.42,0
3,CASH_OUT,715,8443528.7,8443528.7,0.0,0.0,8443528.7,1
3,PAYMENT,12,6893.02,0.0,0.0,0.0,0.0,0
3,PAYMENT,94,20645.37,5835.07,0.0,0.0,0.0,0
3,PAYMENT,208,13494.71,2408.93,0.0,0.0,0.0,0
3,CASH_OUT,378,61986.06,0.0,0.0,333998.05,395984.11,0
3,CASH_OUT,467,5937.19,5937.19,0.0,36171.27,42108.46,1
3,CASH_OUT,348,20643.34,0.0,0.0,3414601.23,3435244.57,0
3,CASH_OUT,235,20170.16,10083.0,0.0,0.0,20170.16,0
3,CASH_OUT,274,155072.97,20470.0,0.0,605890.4,760963.37,0
3,CASH_IN,284,98689.74,10980261.83,11078951.57,3594194.97,3495505.23,0
3,CASH_OUT,45,164434.54,14146.0,0.0,481394.99,645829.53,0
3,TRANSFER,425,460434.46,460434.46,0.0,0.0,0.0,1
3,PAYMENT,407,1315.91,0.0,0.0,0.0,0.0,0
3,PAYMENT,203,10957.46,484.0,0.0,0.0,0.0,0
3,CASH_OUT,163,2477.74,41487.0,39009.26,4168368.27,4170846.01,0
3,PAYMENT,279,9038.88,93525.0,84486.12,0.0,0.0,0
3,TRANSFER,391,4559921.56,4559921.56,0.0,0.0,0.0,1
3,PAYMENT,372,6101.46,39212.0,33110.54,0.0,0.0,0
3,PAYMENT,330,2954.51,594.0,0.0,0.0,0.0,0
3,CASH_OUT,228,1323909.85,1323909.85,0.0,1010731.91,2334641.76,1
3,CASH_OUT,207,291885.41,0.0,0.0,1006273.99,1298159.4,0
3,TRANSFER,469,4417191.86,4417191.86,0.0,0.0,0.0,1
3,PAYMENT,548,15393.98,224995.27,209601.29,0.0,0.0,0
3,CASH_OUT,536,844213.81,844213.81,0.0,0.0,844213.81,1
3,PAYMENT,136,9.5,0.0,0.0,0.0,0.0,0
3,PAYMENT,279,6417.28,0.0,0.0,0.0,0.0,0
3,PAYMENT,332,14393.51,42307.56,27914.06,0.0,0.0,0
3,CASH_OUT,332,146529.55,0.0,0.0,207162.56,353692.11,0
3,CASH_IN,181,6742.45,7103264.5,7110006.94,491676.58,484934.14,0
3,DEBIT,324,4401.29,329007.0,324605.71,1245147.86,1249549.15,0
3,TRANSFER,350,5963850.34,5963850.34,0.0,0.0,0.0,1
3,TRANSFER,164,15632.73,0.0,0.0,50944.08,66576.81,0
3,PAYMENT,177,3911.05,0.0,0.0,0.0,0.0,0
3,CASH_IN,353,14437.22,2945517.92,2959955.13,1710182.16,1695744.94,0
3,CASH_OUT,37,209258.94,103.0,0.0,0.0,279065.13,0
3,CASH_IN,373,84872.78,1816840.89,1901713.67,202996.75,118123.97,0
3,CASH_IN,37,12820.91,11616.0,24436.91,179419.13,166598.22,0
3,CASH_OUT,687,262316.47,1099483.25,837166.78,0.0,262316.47,0
3,CASH_OUT,185,453227.88,39933.0,0.0,46173.14,292700.6,0
3,PAYMENT,298,27077.91,51011.0,23933.09,0.0,0.0,0
3,PAYMENT,332,312.79,0.0,0.0,0.0,0.0,0
3,CASH_IN,350,301230.22,5831364.46,6132594.68,18489224.99,18187994.77,0
3,CASH_OUT,230,33501.74,606608.0,573106.26,155956.67,189458.41,0
3,PAYMENT,299,5867.71,165404.42,159536.71,0.0,0.0,0
3,CASH_IN,33,5463.34,7902194.77,7907658.11,12771122.24,12765658.9,0
3,CASH_OUT,325,51382.15,20190.0,0.0,0.0,51382.15,0
3,CASH_OUT,306,344119.59,0.0,0.0,3653740.04,3997859.63,0
3,PAYMENT,206,16897.42,104028.39,87130.97,0.0,0.0,0
3,CASH_OUT,306,62505.88,0.0,0.0,270440.88,332946.75,0
3,CASH_OUT,155,303130.96,64346.0,0.0,259714.83,763991.1,0
3,CASH_OUT,595,15660.16,42918.0,27257.84,60860.14,76520.31,0
3,PAYMENT,327,11790.35,0.0,0.0,0.0,0.0,0
3,CASH_OUT,347,500517.94,204835.47,0.0,1539768.42,2040286.36,0
3,PAYMENT,232,21252.77,20920.0,0.0,0.0,0.0,0
3,PAYMENT,20,8732.58,59457.14,50724.56,0.0,0.0,0
3,TRANSFER,155,77215.75,144321.0,67105.25,57031.98,134247.73,0
3,TRANSFER,254,153160.28,0.0,0.0,1730859.54,1884019.82,0
3,CASH_OUT,692,255557.12,255557.12,0.0,465803.07,721360.2,1
3,CASH_IN,306,156373.81,944502.98,1100876.79,3625483.86,3469110.05,0
3,CASH_OUT,345,115296.83,311.0,0.0,110565.95,225862.78,0
3,PAYMENT,378,2680.22,85847.08,83166.85,0.0,0.0,0
3,PAYMENT,185,12622.16,53551.91,40929.75,0.0,0.0,0
3,TRANSFER,34,433499.39,50137.0,0.0,0.0,370634.09,0
3,CASH_OUT,565,597982.25,1020.0,0.0,36686.16,634668.41,0
3,CASH_OUT,130,93362.8,0.0,0.0,3474924.95,3568287.75,0
3,CASH_OUT,20,8329.39,471888.52,463559.13,119847.84,128177.23,0
3,CASH_IN,213,263659.03,155310.3,418969.33,753726.67,490067.64,0
3,CASH_IN,184,83984.8,3636649.96,3720634.76,2885923.88,2801939.08,0
3,CASH_OUT,370,625863.12,11033.0,0.0,1009993.02,1635856.14,0
3,CASH_OUT,282,261054.54,35163.0,0.0,0.0,261054.54,0
3,CASH_IN,180,85592.45,55350.0,140942.45,1109305.92,1023713.47,0
3,PAYMENT,236,6502.87,19827.0,13324.13,0.0,0.0,0
3,CASH_IN,355,127996.8,5522039.39,5650036.19,405845.14,277848.33,0
3,CASH_IN,374,271671.47,22197827.54,22469499.0,1803474.5,1531803.03,0
3,DEBIT,503,1400.35,21133.0,19732.65,1918624.61,1920024.96,0
3,CASH_OUT,19,354168.4,0.0,0.0,2195982.3,2550150.7,0
3,CASH_OUT,189,33107.49,10118.0,0.0,230642.16,263749.65,0
3,TRANSFER,551,879321.88,879321.88,0.0,0.0,0.0,1
3,CASH_OUT,256,110069.64,30554.0,0.0,1778662.28,1888731.92,0
3,CASH_IN,37,310049.33,6942879.27,7252928.6,5851749.83,5541700.49,0
3,TRANSFER,526,103173.89,104285.0,1111.11,3362594.13,3465768.02,0
3,PAYMENT,43,20116.16,0.0,0.0,0.0,0.0,0
3,CASH_OUT,300,146007.66,71261.0,0.0,0.0,146007.66,0
3,PAYMENT,136,20162.86,10262.0,0.0,0.0,0.0,0
3,CASH_OUT,404,113285.17,204013.27,90728.1,299924.12,413209.29,0
3,CASH_OUT,682,368951.94,368951.94,0.0,19141.57,388093.51,1
3,CASH_OUT,333,115532.31,519.0,0.0,0.0,115532.31,0
3,CASH_IN,238,134732.97,1928791.52,2063524.49,375318.44,240585.47,0
3,CASH_IN,355,148901.12,1836447.88,1985349.0,243423.63,94522.5,0
3,CASH_OUT,241,86722.04,9033.99,0.0,4680481.11,4767203.15,0
3,CASH_OUT,346,362197.58,0.0,0.0,617897.16,980094.74,0
3,CASH_IN,208,16918.33,595921.19,612839.52,311844.57,294926.24,0
3,CASH_OUT,188,338031.7,0.0,0.0,348805.41,686837.1,0
3,CASH_OUT,397,263254.21,23487.0,0.0,0.0,263254.21,0
3,CASH_IN,307,42480.76,49552.0,92032.76,144466.76,101986.0,0
3,CASH_OUT,234,56488.07,0.0,0.0,317277.58,373765.65,0
3,CASH_IN,185,145665.96,6040.0,151705.96,63083.34,0.0,0
3,CASH_OUT,15,101795.62,29157.0,0.0,32707.99,134503.61,0
3,PAYMENT,328,64978.44,202373.94,137395.49,0.0,0.0,0
3,PAYMENT,640,3768.76,102085.0,98316.24,0.0,0.0,0
3,CASH_OUT,38,140931.91,48764.0,0.0,1993077.21,2134009.12,0
3,PAYMENT,251,1823.97,14701.84,12877.87,0.0,0.0,0
3,CASH_OUT,256,31053.98,11562.0,0.0,901414.18,932468.16,0
3,PAYMENT,138,6608.98,16682.0,10073.02,0.0,0.0,0
3,TRANSFER,36,893560.81,20959.0,0.0,904492.74,1798053.54,0
3,PAYMENT,235,24615.89,186.0,0.0,0.0,0.0,0
3,PAYMENT,372,4944.67,0.0,0.0,0.0,0.0,0
3,PAYMENT,135,1552.66,452.0,0.0,0.0,0.0,0
3,PAYMENT,351,23409.56,0.0,0.0,0.0,0.0,0
3,TRANSFER,411,1464008.18,1464008.18,0.0,0.0,0.0,1
3,PAYMENT,251,3226.46,0.0,0.0,0.0,0.0,0
3,CASH_OUT,400,131049.91,214820.0,83770.09,3498872.59,3629922.5,0
3,CASH_OUT,371,98677.66,0.0,0.0,718899.56,817577.22,0
3,PAYMENT,307,5624.34,0.0,0.0,0.0,0.0,0
3,PAYMENT,234,5390.81,0.0,0.0,0.0,0.0,0
3,CASH_OUT,283,59678.83,11379.0,0.0,394734.79,454413.62,0
3,PAYMENT,144,2503.14,20709.0,18205.86,0.0,0.0,0
3,CASH_IN,19,64428.84,24374.0,88802.84,0.0,0.0,0
3,CASH_IN,565,242365.52,4050950.89,4293316.41,4345637.6,4103272.08,0
3,CASH_IN,182,569.1,5037519.95,5038089.05,6711.75,6142.65,0
3,CASH_OUT,500,279322.7,0.0,0.0,596133.73,875456.43,0
3,CASH_IN,352,41190.6,10808329.28,10849519.88,76317.84,35127.23,0
3,CASH_IN,380,6778.16,25616749.33,25623527.48,2239944.23,2233166.08,0
3,CASH_OUT,512,684266.09,684266.09,0.0,76615.04,760881.13,1
3,PAYMENT,185,1739.03,0.0,0.0,0.0,0.0,0
3,CASH_OUT,404,540914.12,540914.12,0.0,36447.52,577361.64,1
3,CASH_OUT,347,133724.38,129423.0,0.0,0.0,133724.38,0
3,PAYMENT,308,11288.39,0.0,0.0,0.0,0.0,0
3,CASH_IN,251,57763.79,6549373.15,6607136.94,66760.69,8996.9,0
3,CASH_OUT,156,360068.84,0.0,0.0,666810.24,1026879.09,0
3,CASH_OUT,476,1048.63,1048.63,0.0,62895.35,63943.98,1
3,CASH_OUT,13,343868.29,325148.88,0.0,457254.44,1784524.73,0
3,CASH_IN,41,175563.07,954378.98,1129942.05,853497.38,677934.31,0
3,PAYMENT,377,4276.42,17980.64,13704.23,0.0,0.0,0
3,CASH_IN,300,152450.78,4827976.77,4980427.56,6721557.11,6569106.33,0
3,CASH_IN,400,79506.93,24798.0,104304.93,0.0,0.0,0
3,PAYMENT,210,20183.4,0.0,0.0,0.0,0.0,0
3,PAYMENT,283,7747.51,111599.0,103851.49,0.0,0.0,0
3,PAYMENT,208,1436.78,0.0,0.0,0.0,0.0,0
3,PAYMENT,1,6525.58,337514.0,330988.42,0.0,0.0,0
3,CASH_OUT,275,316003.85,264812.86,0.0,363562.44,679566.29,0
3,CASH_IN,661,482200.17,10987.0,493187.17,0.0,0.0,0
3,PAYMENT,370,3688.56,10603.0,6914.44,0.0,0.0,0
3,CASH_OUT,161,78341.86,24.0,0.0,0.0,78341.86,0
3,CASH_OUT,277,467848.18,0.0,0.0,1627653.62,2095501.8,0
3,TRANSFER,381,845783.56,0.0,0.0,2038076.98,3092787.49,0
3,CASH_IN,259,49300.44,92430.0,141730.44,50882.52,1582.08,0
3,CASH_IN,18,8089.85,11514828.17,11522918.02,251469.72,243379.87,0
3,PAYMENT,208,6276.42,1572220.3,1565943.88,0.0,0.0,0
3,CASH_IN,34,139308.58,1854626.96,1993935.54,501985.96,362677.38,0
3,PAYMENT,212,778.63,15103.3,14324.67,0.0,0.0,0
3,CASH_OUT,301,79980.65,0.0,0.0,178540.88,258521.53,0
3,CASH_OUT,205,29715.9,9084.0,0.0,298434.72,328150.62,0
3,CASH_OUT,307,152681.13,483.0,0.0,213877.63,366558.76,0
3,CASH_OUT,522,54563.37,603.0,0.0,0.0,54563.37,0
3,PAYMENT,166,191.43,0.0,0.0,0.0,0.0,0
3,PAYMENT,226,50971.17,19708.0,0.0,0.0,0.0,0
3,PAYMENT,236,61570.02,0.0,0.0,0.0,0.0,0
3,CASH_OUT,183,171257.2,14229.0,0.0,382667.67,553924.86,0
3,PAYMENT,403,15670.35,6.0,0.0,0.0,0.0,0
3,CASH_OUT,297,251369.22,18871.0,0.0,12149247.68,12400616.9,0
3,CASH_OUT,394,128045.53,500.0,0.0,701330.2,829375.73,0
3,CASH_IN,40,348011.69,2432083.15,2780094.84,1104018.67,756006.98,0
3,CASH_OUT,187,227021.2,15048.0,0.0,486821.72,713842.92,0
3,CASH_OUT,260,38946.61,64443.0,25496.39,685810.7,724757.31,0
3,CASH_IN,37,180275.46,36690.0,216965.46,224130.91,43855.46,0
3,CASH_IN,227,228482.01,3367300.15,3595782.15,359291.25,130809.25,0
3,CASH_OUT,345,198234.86,9022.0,0.0,30478.0,165818.36,0
3,CASH_OUT,234,211048.45,188423.37,0.0,383767.16,594815.6,0
3,TRANSFER,573,457789.14,457789.14,0.0,0.0,0.0,1
3,CASH_IN,46,91379.96,2004376.29,2095756.25,6627517.97,6536138.02,0
3,TRANSFER,523,120598.96,120598.96,0.0,0.0,0.0,1
3,TRANSFER,77,239473.85,239473.85,0.0,0.0,0.0,1
3,CASH_OUT,179,225636.09,34601.0,0.0,408151.85,633787.94,0
3,PAYMENT,188,28927.1,96042.65,67115.55,0.0,0.0,0
4,PAYMENT,407,13911.55,8079.0,0.0,0.0,0.0,0
4,CASH_OUT,134,447.97,0.0,0.0,736156.06,736604.03,0
4,PAYMENT,254,23439.62,0.0,0.0,0.0,0.0,0
4,PAYMENT,355,6494.96,1094.0,0.0,0.0,0.0,0
4,PAYMENT,14,3539.45,0.0,0.0,0.0,0.0,0
4,PAYMENT,403,1970.64,0.0,0.0,0.0,0.0,0
4,PAYMENT,20,4572.95,62486.62,57913.66,0.0,0.0,0
4,PAYMENT,374,5135.35,0.0,0.0,0.0,0.0,0
4,PAYMENT,166,4986.97,100481.0,95494.03,0.0,0.0,0
4,CASH_OUT,19,229724.01,21219.0,0.0,85238.34,314962.35,0
4,TRANSFER,163,382869.75,10588.0,0.0,0.0,382869.75,0
4,PAYMENT,378,18772.17,0.0,0.0,0.0,0.0,0
4,CASH_OUT,16,1094.7,0.0,0.0,28566.0,203490.45,0
4,CASH_OUT,355,219975.03,206951.45,0.0,257163.13,477138.16,0
4,CASH_IN,184,228060.21,5806077.86,6034138.07,3576592.38,3348532.17,0
4,CASH_OUT,369,242795.32,0.0,0.0,1741698.52,1984493.84,0
4,CASH_OUT,184,50283.22,0.0,0.0,2060508.81,2110792.03,0
4,PAYMENT,346,11047.85,0.0,0.0,0.0,0.0,0
4,CASH_OUT,231,41883.37,651.0,0.0,434912.49,476795.86,0
4,CASH_OUT,234,210394.24,0.0,0.0,2004825.62,2215219.86,0
4,PAYMENT,399,20089.18,16809.0,0.0,0.0,0.0,0
4,TRANSFER,131,736754.39,0.0,0.0,1371934.78,2108689.17,0
4,PAYMENT,39,2280.68,10043.0,7762.32,0.0,0.0,0
4,CASH_IN,45,215970.37,21025873.88,21241844.24,3232973.69,3017003.32,0
4,CASH_OUT,481,190215.18,190215.18,0.0,0.0,190215.18,1
4,PAYMENT,307,10255.36,110918.0,100662.64,0.0,0.0,0
4,CASH_OUT,300,307883.64,72441.0,0.0,13005481.5,13313365.13,0
4,PAYMENT,356,8415.39,0.0,0.0,0.0,0.0,0
4,PAYMENT,250,8036.2,124718.0,116681.8,0.0,0.0,0
4,TRANSFER,138,439993.15,35363.0,0.0,45359.59,485352.74,0
4,PAYMENT,384,1682.2,45315.0,43632.8,0.0,0.0,0
4,TRANSFER,305,595301.74,0.0,0.0,6414487.53,7009789.26,0
4,PAYMENT,237,10120.69,345681.86,335561.17,0.0,0.0,0
4,PAYMENT,13,7805.92,148360.28,140554.36,0.0,0.0,0
4,CASH_OUT,227,504660.84,0.0,0.0,3171186.8,3675847.64,0
4,CASH_OUT,300,239085.53,536.0,0.0,2673539.03,2912624.56,0
4,CASH_IN,211,136220.42,92204.0,228424.42,0.0,0.0,0
4,CASH_OUT,169,286306.33,286306.33,0.0,1617120.72,1903427.05,1
4,PAYMENT,358,11019.52,0.0,0.0,0.0,0.0,0
4,CASH_OUT,189,137882.13,0.0,0.0,151214.59,289096.72,0
4,CASH_OUT,203,473232.38,5333.0,0.0,4317248.49,4790480.87,0
4,PAYMENT,180,5243.82,210725.54,205481.71,0.0,0.0,0
4,CASH_OUT,171,6501296.36,6501296.36,0.0,0.0,6501296.36,1
4,CASH_OUT,364,34162.97,34162.97,0.0,0.0,34162.97,1
4,TRANSFER,232,108414.36,0.0,0.0,930436.9,1038851.26,0
4,CASH_OUT,16,362755.58,17136.0,0.0,1729732.55,2363635.44,0
4,CASH_OUT,36,27003.23,358549.0,331545.77,120486.9,147490.13,0
4,CASH_OUT,608,4716307.48,4716307.48,0.0,0.0,4716307.48,1
4,PAYMENT,35,855.95,0.0,0.0,0.0,0.0,0
4,PAYMENT,327,34061.23,36103.0,2041.77,0.0,0.0,0
4,PAYMENT,396,21162.38,31083.0,9920.62,0.0,0.0,0
4,PAYMENT,35,54312.83,0.0,0.0,0.0,0.0,0
4,CASH_OUT,377,213659.05,19314.0,0.0,1651598.78,1865257.83,0
4,PAYMENT,232,31373.3,99275.0,67901.7,0.0,0.0,0
4,TRANSFER,36,702083.49,11287.0,0.0,163101.5,865184.99,0
4,CASH_OUT,331,24238.36,0.0,0.0,225139.83,249378.19,0
4,CASH_IN,273,134236.37,21870.0,156106.37,0.0,0.0,0
4,CASH_OUT,216,119372.49,0.0,0.0,10445412.89,10564785.38,0
4,CASH_OUT,311,53202.11,0.0,0.0,53872.36,107074.47,0
4,CASH_OUT,380,133219.11,0.0,0.0,981325.19,1114544.31,0
4,CASH_IN,142,65592.43,10728.0,76320.43,0.0,0.0,0
4,TRANSFER,351,340667.48,0.0,0.0,6018289.36,6358956.84,0
4,CASH_IN,210,140900.42,3699570.71,3840471.13,198915.26,58014.85,0
4,CASH_OUT,129,68280.06,23764.0,0.0,0.0,68280.06,0
4,PAYMENT,45,15941.77,3.0,0.0,0.0,0.0,0
4,CASH_OUT,395,259075.37,388.0,0.0,0.0,259075.37,0
4,PAYMENT,256,3869.3,0.0,0.0,0.0,0.0,0
4,CASH_OUT,522,400095.69,50098.0,0.0,1201671.0,1601766.69,0
4,CASH_OUT,379,40173.27,0.0,0.0,3233471.07,3273644.33,0
4,CASH_OUT,324,314970.29,330.04,0.0,4840282.31,8155750.67,0
4,CASH_OUT,322,10334.15,0.0,0.0,1702757.4,1713091.55,0
4,TRANSFER,39,531402.26,0.0,0.0,2564420.38,3095822.64,0
4,CASH_OUT,41,6929.41,241423.0,234493.59,5190156.02,6812831.8,0
4,PAYMENT,137,11936.4,0.0,0.0,0.0,0.0,0
4,PAYMENT,34,678.58,13756.0,13077.42,0.0,0.0,0
4,CASH_OUT,684,36608.34,86.0,0.0,1747567.29,1784175.63,0
4,CASH_OUT,17,195546.37,0.0,0.0,571231.23,625734.78,0
4,CASH_OUT,401,219792.67,0.0,0.0,5082322.64,5302115.31,0
4,CASH_OUT,106,1486955.35,1486955.35,0.0,2163500.29,3650455.64,1
4,CASH_OUT,307,442158.32,56439.0,0.0,81671.72,523830.04,0
4,PAYMENT,407,10429.39,359.0,0.0,0.0,0.0,0
4,CASH_IN,408,90015.42,6175227.13,6265242.55,261234.3,171218.88,0
4,TRANSFER,144,927983.56,7739.96,0.0,1644992.77,2572976.32,0
4,PAYMENT,371,25522.01,0.0,0.0,0.0,0.0,0
4,CASH_OUT,161,149968.16,0.0,0.0,680499.06,830467.22,0
4,CASH_IN,131,37346.32,16178.0,53524.32,0.0,0.0,0
4,PAYMENT,214,5214.11,31014.71,25800.59,0.0,0.0,0
4,TRANSFER,260,264565.13,0.0,0.0,632339.43,896904.56,0
4,CASH_OUT,299,288868.67,65077.0,0.0,973689.48,1262558.15,0
4,CASH_IN,404,77264.63,270.0,77534.63,4393199.85,4315935.22,0
4,PAYMENT,373,7565.21,20597.0,13031.79,0.0,0.0,0
4,CASH_OUT,140,7176.39,59983.0,52806.61,1944217.73,1951394.12,0
4,CASH_IN,590,21019.33,40014.0,61033.33,312185.15,291165.82,0
4,CASH_OUT,278,6770.47,5055.0,0.0,115050.69,121821.16,0
4,CASH_IN,260,65171.71,8419678.74,8484850.45,9875411.48,9810239.77,0
4,CASH_IN,691,138049.89,52144.0,190193.89,50630.47,0.0,0
4,CASH_IN,15,74916.77,2165280.24,2240197.01,5907856.13,5832939.36,0
4,PAYMENT,306,18943.2,249469.64,230526.43,0.0,0.0,0
4,CASH_OUT,203,370757.98,246.0,0.0,16765.0,153499.97,0
4,DEBIT,327,8443.47,10680.0,2236.53,2144409.11,2152852.58,0
4,PAYMENT,94,3897.96,0.0,0.0,0.0,0.0,0
4,DEBIT,299,55395.59,30199.0,0.0,1473897.56,1529293.15,0
4,CASH_IN,10,153772.26,2308404.38,2462176.64,7819007.55,7245982.92,0
4,DEBIT,324,4381.73,17319.0,12937.27,4458865.89,4463247.62,0
4,CASH_OUT,278,13583.87,0.0,0.0,567694.39,581278.27,0
4,CASH_OUT,210,212542.18,188134.0,0.0,141936.66,354478.83,0
4,PAYMENT,212,6028.47,2809.0,0.0,0.0,0.0,0
4,CASH_OUT,133,304639.8,0.0,0.0,3100904.59,3405544.39,0
4,CASH_IN,94,172514.35,19300.0,191814.35,1394554.72,1222040.38,0
4,CASH_OUT,687,249584.45,0.0,0.0,520644.0,770228.44,0
4,TRANSFER,356,69256.83,12881.0,0.0,2849090.51,2918347.34,0
4,PAYMENT,182,15502.97,0.0,0.0,0.0,0.0,0
4,CASH_IN,305,269251.06,59614.0,328865.06,169145.97,0.0,0
4,PAYMENT,347,64164.96,16116.08,0.0,0.0,0.0,0
4,CASH_IN,277,295258.63,100201.0,395459.63,5017828.16,4874576.22,0
4,PAYMENT,19,3095.41,133475.0,130379.59,0.0,0.0,0
4,CASH_OUT,13,241592.45,26719.0,0.0,40925.0,282517.45,0
4,PAYMENT,187,16598.87,150457.37,133858.5,0.0,0.0,0
4,CASH_OUT,281,66039.47,20662.0,0.0,1728387.53,1794427.0,0
4,CASH_OUT,398,445055.68,37450.53,0.0,2473908.68,2918964.37,0
4,CASH_OUT,212,117012.79,52882.0,0.0,8816104.21,8933117.0,0
4,CASH_OUT,587,412476.99,363.0,0.0,0.0,412476.99,0
4,CASH_IN,210,150519.27,2921348.73,3071868.01,548075.91,397556.64,0
4,PAYMENT,310,53385.69,60129.0,6743.31,0.0,0.0,0
4,CASH_OUT,329,392184.77,146129.45,0.0,882329.23,1274514.0,0
4,PAYMENT,234,18651.54,169054.66,150403.12,0.0,0.0,0
4,CASH_OUT,596,45500.85,0.0,0.0,384725.83,430226.68,0
4,CASH_OUT,9,99603.51,212664.0,113060.49,0.0,142778.59,0
4,PAYMENT,378,4194.19,21781.0,17586.81,0.0,0.0,0
4,PAYMENT,178,7440.36,782.0,0.0,0.0,0.0,0
4,PAYMENT,422,22597.15,0.0,0.0,0.0,0.0,0
4,PAYMENT,255,20081.89,39614.0,19532.11,0.0,0.0,0
4,CASH_OUT,44,210784.92,37996.7,0.0,661310.57,872095.49,0
4,CASH_IN,329,133901.36,454687.37,588588.73,2423929.46,2290028.1,0
4,PAYMENT,408,11777.07,142554.0,130776.93,0.0,0.0,0
4,CASH_IN,347,186069.84,20434.0,206503.84,1183883.55,997813.71,0
4,PAYMENT,40,17700.51,68478.52,50778.02,0.0,0.0,0
4,PAYMENT,11,16522.32,378058.06,361535.73,0.0,0.0,0
4,PAYMENT,206,21969.88,0.0,0.0,0.0,0.0,0
4,CASH_IN,298,68805.71,21273.0,90078.71,0.0,0.0,0
4,CASH_OUT,43,476291.79,0.0,0.0,2674754.24,3453705.73,0
4,PAYMENT,17,5161.58,0.0,0.0,0.0,0.0,0
4,TRANSFER,357,282332.91,282332.91,0.0,0.0,0.0,1
4,CASH_IN,355,131664.27,2139605.22,2271269.48,343587.62,211923.36,0
4,CASH_OUT,210,165549.19,193738.0,28188.81,0.0,165549.19,0
4,CASH_IN,8,162055.48,6293239.6,6455295.08,371929.59,184477.77,0
4,CASH_OUT,323,27212.66,0.0,0.0,1300095.94,1327308.6,0
4,TRANSFER,651,65494.78,65494.78,0.0,0.0,0.0,1
4,TRANSFER,324,182964.44,4456.45,0.0,195011.77,377976.21,0
4,PAYMENT,281,2114.52,0.0,0.0,0.0,0.0,0
4,CASH_OUT,732,249365.63,249365.63,0.0,0.0,249365.63,1
4,CASH_IN,205,40083.41,1786765.09,1826848.5,61559.6,21476.2,0
4,TRANSFER,297,1304628.75,11460.0,0.0,8975346.5,10224448.34,0
4,PAYMENT,212,9986.59,0.0,0.0,0.0,0.0,0
4,PAYMENT,39,350.1,0.0,0.0,0.0,0.0,0
4,CASH_OUT,380,139842.56,119238.0,0.0,12667.64,152510.21,0
4,CASH_IN,331,65932.9,366.0,66298.9,134947.24,69014.34,0
4,CASH_OUT,305,294199.97,0.0,0.0,1694901.27,1989101.24,0
4,PAYMENT,42,11520.29,107346.0,95825.71,0.0,0.0,0
4,CASH_OUT,158,276437.76,110584.0,0.0,118656.09,395093.85,0
4,CASH_OUT,253,23239.17,0.0,0.0,1713344.19,1736583.36,0
4,PAYMENT,300,9105.14,75687.42,66582.28,0.0,0.0,0
4,CASH_OUT,379,17183.43,263093.58,245910.15,474083.89,491267.32,0
4,CASH_IN,664,344965.46,1451386.16,1796351.62,1278751.34,933785.89,0
4,TRANSFER,321,3024193.24,0.0,0.0,5693169.53,8717362.76,0
4,CASH_OUT,9,68762.19,0.0,0.0,295316.85,1815345.46,0
4,PAYMENT,154,4766.45,20750.0,15983.55,0.0,0.0,0
4,CASH_IN,353,128990.53,62980.0,191970.53,35622.13,0.0,0
4,CASH_OUT,357,300915.03,0.0,0.0,1136927.09,1437842.12,0
4,PAYMENT,329,36951.33,10570.0,0.0,0.0,0.0,0
4,CASH_IN,350,291818.77,90638.0,382456.77,3874681.12,3582862.34,0
4,PAYMENT,304,31207.3,36810.08,5602.78,0.0,0.0,0
4,TRANSFER,404,634331.91,0.0,0.0,727676.73,1362008.64,0
4,CASH_OUT,370,166814.25,30622.0,0.0,472906.28,639720.53,0
4,CASH_OUT,96,8267760.5,8267760.5,0.0,434210.21,8701970.72,1
4,CASH_OUT,378,114368.97,0.0,0.0,5855529.53,5969898.5,0
4,CASH_OUT,187,98516.44,1219.0,0.0,0.0,98516.44,0
4,PAYMENT,403,6701.04,0.0,0.0,0.0,0.0,0
4,PAYMENT,179,1993.74,263358.66,261364.93,0.0,0.0,0
4,CASH_IN,349,163148.55,80953.0,244101.55,284516.25,121367.69,0
4,PAYMENT,300,50917.46,0.0,0.0,0.0,0.0,0
4,CASH_IN,277,184924.13,3968263.91,4153188.04,4162267.57,3977343.44,0
4,PAYMENT,162,3025.39,0.0,0.0,0.0,0.0,0
4,CASH_OUT,40,58596.03,0.0,0.0,1153532.21,1212128.23,0
4,TRANSFER,129,3720277.79,5275.0,0.0,894867.93,4615145.73,0
4,PAYMENT,405,3584.88,109248.0,105663.12,0.0,0.0,0
4,CASH_OUT,403,132767.63,201077.0,68309.37,0.0,132767.63,0
4,PAYMENT,10,20872.99,15772.0,0.0,0.0,0.0,0
4,TRANSFER,276,294122.05,0.0,0.0,2088785.74,2382907.79,0
4,PAYMENT,183,21837.86,0.0,0.0,0.0,0.0,0
4,PAYMENT,2,6382.51,54402.54,48020.03,0.0,0.0,0
4,PAYMENT,350,20597.65,595860.16,575262.51,0.0,0.0,0
4,PAYMENT,45,22828.5,91922.05,69093.55,0.0,0.0,0
4,CASH_OUT,259,91254.2,0.0,0.0,311276.48,402530.68,0
4,PAYMENT,252,68.5,0.0,0.0,0.0,0.0,0
4,CASH_OUT,153,5171.42,0.0,0.0,799421.78,804593.21,0
4,TRANSFER,330,1359850.32,0.0,0.0,3150922.02,4510772.34,0
4,CASH_IN,20,73142.41,124445.0,197587.41,1570407.3,1497264.89,0
4,CASH_OUT,405,57242.81,0.0,0.0,437897.83,495140.64,0
4,PAYMENT,306,5789.47,21118.0,15328.53,0.0,0.0,0
4,CASH_OUT,35,283339.78,406.0,0.0,194859.71,478199.49,0
4,CASH_OUT,155,427744.26,0.0,0.0,11240449.61,11668193.87,0
4,PAYMENT,234,12499.78,419362.01,406862.23,0.0,0.0,0
4,CASH_OUT,38,182369.69,14844.0,0.0,838921.41,1021291.09,0
4,TRANSFER,41,655787.96,649.0,0.0,425489.6,1081277.56,0
4,CASH_OUT,47,2249574.01,2249574.01,0.0,3785286.98,6034861.0,1
4,CASH_IN,15,28495.44,22825503.79,22853999.23,3961252.27,3932756.83,0
4,CASH_IN,188,50343.51,76230.0,126573.51,42865.12,0.0,0
4,CASH_OUT,323,325861.23,0.0,0.0,2158550.46,2484411.69,0
4,TRANSFER,723,6199009.0,6199009.0,0.0,0.0,0.0,1
4,PAYMENT,190,88.53,445112.0,445023.47,0.0,0.0,0
4,CASH_OUT,179,547566.37,588.0,0.0,690874.24,1238440.61,0
4,PAYMENT,350,12634.45,159985.19,147350.74,0.0,0.0,0
4,PAYMENT,164,9492.04,0.0,0.0,0.0,0.0,0
4,PAYMENT,347,9265.16,0.0,0.0,0.0,0.0,0
4,PAYMENT,377,19055.98,24179.0,5123.02,0.0,0.0,0
4,CASH_OUT,542,253441.97,205892.0,0.0,33256.56,286698.53,0
4,CASH_IN,42,178676.69,1248114.55,1426791.24,199577.64,20900.95,0
4,CASH_IN,36,265858.21,23199.0,289057.21,9954.0,0.0,0
4,CASH_OUT,500,930970.44,930970.44,0.0,0.0,930970.44,1
4,TRANSFER,381,52738.13,0.0,0.0,235750.22,288488.35,0
4,CASH_OUT,359,154030.14,1220.0,0.0,0.0,154030.14,0
4,CASH_OUT,182,53729.86,0.0,0.0,125431.0,124238.24,0
4,CASH_OUT,250,142711.96,2669.0,0.0,0.0,142711.96,0
4,PAYMENT,44,28946.95,0.0,0.0,0.0,0.0,0
4,CASH_OUT,157,127237.94,0.0,0.0,10574194.53,10701432.48,0
4,CASH_IN,280,8271.61,732723.71,740995.31,12938523.11,12930251.51,0
4,PAYMENT,396,31776.28,168708.0,136931.72,0.0,0.0,0
4,TRANSFER,597,1015051.7,1015051.7,0.0,0.0,0.0,1
4,CASH_OUT,306,303584.93,45090.0,0.0,413570.43,717155.36,0
4,CASH_OUT,39,267079.21,252666.18,0.0,661803.26,727903.45,0
4,TRANSFER,20,470155.48,372235.9,0.0,692891.93,1539673.52,0
4,CASH_IN,11,68547.48,5663688.14,5732235.62,301183.79,428930.31,0
4,PAYMENT,298,107598.64,0.0,0.0,0.0,0.0,0
4,CASH_IN,36,32660.27,8148136.82,8180797.09,1008115.06,975454.79,0
4,TRANSFER,401,1801034.43,37.0,0.0,104786.61,1905821.04,0
4,CASH_IN,379,30433.03,231.0,30664.03,0.0,0.0,0
4,CASH_OUT,403,96519.69,0.0,0.0,3413367.73,3509887.42,0
4,CASH_OUT,183,137361.59,381921.64,244560.05,291071.3,428432.88,0
4,CASH_OUT,231,268989.53,0.0,0.0,312724.25,581713.79,0
4,CASH_OUT,307,167070.0,51017.0,0.0,589609.07,756679.08,0
4,PAYMENT,375,3033.45,584523.24,581489.79,0.0,0.0,0
4,CASH_OUT,34,105537.41,0.0,0.0,395627.05,501164.46,0
4,PAYMENT,139,7885.94,52695.0,44809.06,0.0,0.0,0
4,TRANSFER,12,754200.04,10009.0,0.0,0.0,754200.04,0
4,CASH_IN,307,18326.59,1605844.87,1624171.46,24008.11,5681.52,0
4,CASH_IN,307,232103.17,4049.0,236152.17,38267.25,0.0,0
4,PAYMENT,22,14937.46,0.0,0.0,0.0,0.0,0
4,CASH_OUT,209,329156.43,329156.43,0.0,0.0,329156.43,1
4,PAYMENT,396,18666.7,0.0,0.0,0.0,0.0,0
4,PAYMENT,262,4719.33,25742.0,21022.67,0.0,0.0,0
4,CASH_IN,276,65921.32,17599458.12,17665379.44,861516.19,795594.88,0
4,CASH_IN,17,159389.89,5758294.23,5917684.12,2644703.16,2485313.27,0
4,PAYMENT,158,11066.93,32319.0,21252.07,0.0,0.0,0
4,CASH_OUT,380,238809.58,133328.0,0.0,0.0,238809.58,0
4,TRANSFER,158,463587.18,0.0,0.0,1085445.1,1549032.29,0
4,CASH_OUT,350,206839.21,20747.0,0.0,0.0,206839.21,0
4,CASH_OUT,353,110539.93,0.0,0.0,209707.57,320247.5,0
4,TRANSFER,201,279510.17,0.0,0.0,358611.32,638121.48,0
4,PAYMENT,239,2891.76,1817.0,0.0,0.0,0.0,0
4,CASH_OUT,180,173309.11,173309.11,0.0,0.0,173309.11,1
4,CASH_OUT,330,8739.28,42867.0,34127.72,275584.23,284323.52,0
4,CASH_OUT,302,311992.94,0.0,0.0,603097.05,915089.99,0
4,TRANSFER,280,1628246.94,0.0,0.0,3692949.55,5321196.49,0
4,CASH_OUT,41,101423.58,176.0,0.0,7498658.45,7600082.04,0
4,CASH_IN,226,166246.72,27712615.91,27878862.63,797311.02,631064.3,0
4,CASH_OUT,23,67300.95,14199.11,0.0,73615.03,140915.98,0
4,CASH_IN,614,210234.94,954.0,211188.94,3842.24,0.0,0
4,PAYMENT,372,2414.25,60821.0,58406.75,0.0,0.0,0
4,PAYMENT,43,14256.46,22297.0,8040.54,0.0,0.0,0
4,CASH_IN,216,197270.67,5882412.73,6079683.39,288309.06,91038.39,0
4,PAYMENT,139,11146.03,19854.0,8707.97,0.0,0.0,0
4,TRANSFER,381,1042662.82,0.0,0.0,3816221.7,4858884.52,0
4,PAYMENT,9,10910.26,10806.0,0.0,0.0,0.0,0
4,CASH_OUT,37,177352.81,16968.0,0.0,50353.0,227705.81,0
4,CASH_IN,15,240075.86,298595.0,538670.86,416013.57,175937.71,0
4,CASH_OUT,9,228167.43,0.0,0.0,436184.56,0.0,0
4,PAYMENT,140,1054.66,0.0,0.0,0.0,0.0,0
4,CASH_OUT,356,93904.52,350.0,0.0,216852.2,310756.71,0
4,CASH_OUT,353,63032.89,0.0,0.0,179597.64,242630.54,0
4,CASH_OUT,237,174453.07,0.0,0.0,515605.2,690058.27,0
4,TRANSFER,61,1372301.24,1372301.24,0.0,0.0,0.0,1
4,CASH_IN,375,199570.36,1544626.35,1744196.71,218405.48,18835.12,0
4,CASH_OUT,334,262585.6,0.0,0.0,522125.22,784710.82,0
4,PAYMENT,181,9224.83,127605.21,118380.38,0.0,0.0,0
4,PAYMENT,227,6495.97,0.0,0.0,0.0,0.0,0
4,PAYMENT,527,2289.5,50713.0,48423.5,0.0,0.0,0
4,PAYMENT,405,11031.34,28922.0,17890.66,0.0,0.0,0
4,PAYMENT,208,7475.94,0.0,0.0,0.0,0.0,0
4,TRANSFER,15,911732.31,81231.0,0.0,536216.45,1447948.76,0
4,CASH_IN,398,76059.16,4584474.29,4660533.45,138441.85,62382.69,0
4,PAYMENT,355,2593.75,39715.0,37121.25,0.0,0.0,0
4,PAYMENT,17,21088.44,66613.74,45525.3,0.0,0.0,0
4,CASH_OUT,180,38674.04,0.0,0.0,1175981.77,1214655.81,0
4,CASH_OUT,137,77696.08,0.0,0.0,191471.73,269167.81,0
4,PAYMENT,349,2340.36,0.0,0.0,0.0,0.0,0
4,CASH_OUT,208,16591.0,16598.0,7.0,0.0,16591.0,0
4,PAYMENT,262,14147.04,0.0,0.0,0.0,0.0,0
4,CASH_IN,35,32317.61,8831957.12,8864274.73,466362.42,406457.52,0
4,TRANSFER,258,508608.98,0.0,0.0,1815363.28,2323972.26,0
4,CASH_OUT,20,142931.79,10924.0,0.0,206473.33,349405.13,0
4,CASH_OUT,179,425085.64,0.0,0.0,3761452.78,4186538.42,0
4,CASH_IN,323,216890.84,4772741.97,4989632.81,264851.91,47961.07,0
4,CASH_OUT,347,54563.18,0.0,0.0,394581.5,449144.68,0
4,CASH_OUT,304,298838.87,129923.78,0.0,355380.85,654219.72,0
4,CASH_OUT,374,138354.19,0.0,0.0,1791467.1,1929821.29,0
4,PAYMENT,281,4625.88,1063.21,0.0,0.0,0.0,0
4,CASH_OUT,163,83652.61,0.0,0.0,2684022.3,3169232.03,0
4,CASH_IN,15,250481.8,100405.0,350886.8,24782.69,0.0,0
4,CASH_OUT,234,219059.61,0.0,0.0,1123422.89,1342482.5,0
4,CASH_IN,41,246369.68,16658.0,263027.68,1227899.06,981529.38,0
4,CASH_OUT,379,86768.48,126438.38,39669.9,968916.89,1055685.37,0
4,TRANSFER,256,39167.52,58355.0,19187.48,696613.84,735781.36,0
4,PAYMENT,41,5807.86,8063.0,2255.14,0.0,0.0,0
4,CASH_OUT,379,180795.43,0.0,0.0,2859331.73,3040127.16,0
4,TRANSFER,179,311571.68,0.0,0.0,1007884.47,1690757.76,0
4,PAYMENT,402,6301.93,0.0,0.0,0.0,0.0,0
4,CASH_OUT,546,369255.52,8252.0,0.0,122691.1,491946.62,0
4,PAYMENT,203,5519.06,0.0,0.0,0.0,0.0,0
4,CASH_OUT,305,150502.0,277.0,0.0,585926.24,736428.24,0
4,CASH_OUT,211,183941.78,0.0,0.0,335595.22,519537.0,0
4,CASH_OUT,204,122165.04,0.0,0.0,3147487.67,3269652.71,0
4,PAYMENT,161,4894.17,0.0,0.0,0.0,0.0,0
4,CASH_OUT,185,4175.66,0.0,0.0,156681.6,160857.25,0
4,CASH_OUT,319,92545.17,92545.17,0.0,0.0,92545.17,1
4,CASH_IN,42,92957.16,11453.0,104410.16,48738.76,184729.59,0
4,PAYMENT,286,8251.1,0.0,0.0,0.0,0.0,0
4,CASH_OUT,661,1103.78,9693.0,8589.22,0.0,1103.78,0
4,PAYMENT,161,1653.53,0.0,0.0,0.0,0.0,0
4,PAYMENT,349,18983.59,98532.0,79548.41,0.0,0.0,0
4,CASH_OUT,140,127847.41,40817.0,0.0,2343195.18,2471042.59,0
4,CASH_OUT,255,41897.97,4039.0,0.0,0.0,41897.97,0
4,CASH_OUT,156,19948.57,0.0,0.0,12329297.56,12349246.13,0
4,PAYMENT,408,12000.08,13469.0,1468.92,0.0,0.0,0
4,PAYMENT,18,9405.34,20534.0,11128.66,0.0,0.0,0
4,CASH_OUT,184,233697.31,5032.0,0.0,411396.86,645094.17,0
4,CASH_OUT,188,235230.66,10073.0,0.0,405890.22,641120.88,0
4,CASH_OUT,164,102950.24,0.0,0.0,441281.69,818282.35,0
4,PAYMENT,11,9878.64,0.0,0.0,0.0,0.0,0
4,CASH_IN,334,416986.61,9535922.63,9952909.24,536117.0,119130.39,0
4,CASH_OUT,163,176043.88,16694.0,0.0,46382.0,0.0,0
4,CASH_OUT,336,66938.16,0.0,0.0,89024.1,155962.26,0
4,PAYMENT,684,324.42,0.0,0.0,0.0,0.0,0
4,CASH_OUT,34,514479.87,51327.0,0.0,939139.54,1453619.42,0
4,PAYMENT,10,1797.19,280950.99,279153.8,0.0,0.0,0
4,CASH_OUT,160,261589.35,0.0,0.0,331076.5,592665.84,0
4,CASH_OUT,379,69559.61,0.0,0.0,445114.89,514674.5,0
4,PAYMENT,251,23653.87,11558.0,0.0,0.0,0.0,0
4,CASH_IN,209,161649.62,54273.79,215923.41,2520642.06,2358992.44,0
4,PAYMENT,379,6619.52,100965.0,94345.48,0.0,0.0,0
4,CASH_OUT,143,179426.48,0.0,0.0,358067.3,537493.78,0
4,CASH_IN,348,360206.43,5369233.01,5729439.44,6193511.47,5833305.04,0
4,CASH_OUT,188,28005.39,51780.72,23775.33,80657.1,108662.49,0
4,CASH_IN,15,101211.51,7696683.58,7797895.1,414392.9,448834.34,0
4,CASH_IN,36,429852.5,31548.0,461400.5,96423.04,0.0,0
4,CASH_OUT,370,166512.59,184505.21,17992.62,2199461.19,2365973.77,0
4,CASH_OUT,250,331095.72,72486.0,0.0,210786.44,541882.16,0
4,CASH_IN,140,114457.15,1505910.27,1620367.42,441561.97,327104.81,0
4,CASH_IN,191,40888.17,20175335.79,20216223.96,321628.8,280740.63,0
4,CASH_OUT,232,33148.94,4575.0,0.0,0.0,33148.94,0
4,CASH_OUT,160,51038.3,0.0,0.0,162365.78,213404.08,0
4,PAYMENT,375,31440.62,329161.67,297721.05,0.0,0.0,0
4,CASH_OUT,235,330358.24,18705.0,0.0,3416022.36,3746380.6,0
4,PAYMENT,188,4297.76,0.0,0.0,0.0,0.0,0
4,CASH_OUT,686,404967.27,0.0,0.0,7088299.16,7493266.43,0
4,CASH_IN,201,292581.42,229737.0,522318.42,367791.65,75210.22,0
4,CASH_OUT,347,571182.24,54828.0,0.0,89154.98,660337.22,0
4,CASH_OUT,40,129333.27,10405.0,0.0,47173.37,176506.64,0
4,CASH_OUT,398,191670.09,540.0,0.0,17539.58,209209.67,0
4,CASH_IN,13,241949.98,2552023.43,2793973.41,5489996.22,5248046.24,0
4,CASH_OUT,137,62819.69,22554.0,0.0,4419441.03,4482260.73,0
4,CASH_IN,137,37198.02,273.0,37471.02,1965940.96,1928742.95,0
4,CASH_OUT,71,386996.34,386996.34,0.0,512943.11,899939.45,1
4,PAYMENT,261,6099.89,61694.0,55594.11,0.0,0.0,0
4,CASH_OUT,208,201625.71,0.0,0.0,643183.13,844808.85,0
4,CASH_OUT,331,201158.91,21342.0,0.0,3028075.78,3235013.44,0
4,PAYMENT,15,1157.58,342944.76,341787.18,0.0,0.0,0
4,CASH_OUT,205,349090.33,19909.0,0.0,484182.95,833273.28,0
4,CASH_OUT,178,336999.13,22309.0,0.0,52742.84,389741.97,0
4,CASH_IN,597,113266.23,443776.58,557042.81,117404.35,4138.12,0
4,CASH_OUT,589,66165.77,50908.0,0.0,0.0,66165.77,0
4,CASH_OUT,228,68183.07,0.0,0.0,348715.73,416898.79,0
4,CASH_OUT,184,185212.5,101.0,0.0,0.0,185212.5,0
4,CASH_IN,37,174629.67,5094.0,179723.67,311624.41,136994.75,0
4,PAYMENT,274,15904.65,0.0,0.0,0.0,0.0,0
4,CASH_OUT,20,129575.28,170593.0,41017.72,326284.72,455860.0,0
4,CASH_OUT,157,231907.62,0.0,0.0,243074.29,474981.9,0
4,TRANSFER,231,97837.86,0.0,0.0,645882.98,743720.84,0
4,PAYMENT,162,15562.29,267576.36,252014.07,0.0,0.0,0
4,CASH_OUT,232,351218.18,244606.0,0.0,1278224.19,1629442.37,0
4,CASH_OUT,230,462742.3,44043.42,0.0,676153.6,1138895.9,0
4,PAYMENT,352,429.39,29964.0,29534.61,0.0,0.0,0
4,CASH_OUT,280,148216.16,51540.0,0.0,0.0,148216.16,0
4,PAYMENT,228,41858.47,0.0,0.0,0.0,0.0,0
4,PAYMENT,203,21300.27,0.0,0.0,0.0,0.0,0
4,PAYMENT,185,1854.35,180542.97,178688.61,0.0,0.0,0
4,TRANSFER,324,1710592.69,0.0,0.0,3211610.27,4922202.96,0
4,CASH_OUT,133,519128.16,54613.0,0.0,255555.0,940257.72,0
4,CASH_IN,36,63073.17,1725494.81,1788567.98,0.0,0.0,0
4,CASH_IN,250,337428.98,328875.86,666304.84,1126651.12,789222.13,0
4,PAYMENT,157,12003.49,144322.25,132318.77,0.0,0.0,0
4,CASH_IN,213,298332.13,119691.42,418023.54,4551237.64,4252905.52,0
4,TRANSFER,239,63944.13,63944.13,0.0,0.0,0.0,1
4,CASH_IN,370,60303.96,73524.0,133827.96,0.0,0.0,0
4,CASH_OUT,283,97516.67,8684.0,0.0,267372.13,364888.8,0
4,CASH_OUT,156,492576.69,111.0,0.0,0.0,492576.69,0
4,CASH_OUT,207,198531.07,0.0,0.0,1116958.35,1315489.42,0
4,PAYMENT,207,10713.41,13324.21,2610.81,0.0,0.0,0
4,PAYMENT,402,60960.39,0.0,0.0,0.0,0.0,0
4,CASH_OUT,310,392310.61,0.0,0.0,10661693.66,11054004.28,0
4,CASH_IN,302,189003.08,18061945.3,18250948.38,1569042.78,1380039.7,0
4,CASH_IN,345,99369.01,6180652.35,6280021.36,188087.04,88718.03,0
4,CASH_IN,514,278598.33,56967.0,335565.33,0.0,0.0,0
4,CASH_IN,277,32808.41,5510.0,38318.41,0.0,0.0,0
4,CASH_OUT,259,58132.38,51980.0,0.0,746459.79,804592.17,0
4,CASH_OUT,44,137240.95,247.0,0.0,0.0,137240.95,0
4,CASH_OUT,43,122188.21,0.0,0.0,328018.14,450206.35,0
4,CASH_OUT,330,202820.57,43159.0,0.0,0.0,202820.57,0
4,CASH_OUT,188,53520.44,30123.06,0.0,71262.77,124783.21,0
4,CASH_OUT,9,76975.86,126553.65,49577.79,255814.47,146486.21,0
4,PAYMENT,308,43621.61,0.0,0.0,0.0,0.0,0
4,CASH_IN,331,10754.57,10811502.55,10822257.12,2005023.36,3648563.54,0
4,TRANSFER,110,904124.58,904124.58,0.0,0.0,0.0,1
4,CASH_OUT,307,341964.48,0.0,0.0,354423.85,696388.33,0
4,CASH_OUT,136,195695.66,0.0,0.0,234073.2,648689.65,0
4,PAYMENT,249,6038.5,0.0,0.0,0.0,0.0,0
4,CASH_OUT,398,213318.96,52504.0,0.0,1221025.92,1434344.88,0
4,CASH_OUT,374,294358.23,0.0,0.0,5594920.58,5889278.81,0
4,CASH_IN,42,166060.58,5673390.16,5839450.74,294770.0,128709.43,0
4,PAYMENT,154,6290.59,0.0,0.0,0.0,0.0,0
4,PAYMENT,238,7798.64,5542.0,0.0,0.0,0.0,0
4,CASH_OUT,180,440186.97,0.0,0.0,1113230.32,1553417.29,0
4,CASH_OUT,190,50642.11,0.0,0.0,84229.31,134871.42,0
4,CASH_OUT,205,462742.86,261211.0,0.0,230992.89,693735.75,0
4,CASH_OUT,691,59369.75,15351.0,0.0,2625322.16,2684691.9,0
4,CASH_OUT,204,70449.31,0.0,0.0,223633.86,294083.17,0
4,CASH_IN,177,108575.5,1147733.25,1256308.76,3636836.56,3528261.05,0
4,TRANSFER,167,2598276.05,2598276.05,0.0,0.0,0.0,1
4,CASH_IN,12,10576.8,10183860.74,10194437.54,302580.36,877443.29,0
4,CASH_OUT,520,103268.41,0.0,0.0,452786.94,556055.35,0
4,CASH_OUT,74,455074.13,455074.13,0.0,9237170.74,9692244.86,1
4,CASH_OUT,524,260871.14,119603.65,0.0,3721330.81,3982201.94,0
4,CASH_OUT,323,70298.52,0.0,0.0,4882330.37,4952628.89,0
4,TRANSFER,578,60633.76,60633.76,0.0,0.0,0.0,1
4,TRANSFER,572,1351104.53,1351104.53,0.0,0.0,0.0,1
4,PAYMENT,40,6332.4,0.0,0.0,0.0,0.0,0
4,CASH_IN,255,601246.52,112.0,601358.52,0.0,0.0,0
4,PAYMENT,349,123.76,0.0,0.0,0.0,0.0,0
4,PAYMENT,567,632.12,6339.0,5706.88,0.0,0.0,0
4,PAYMENT,10,8402.73,266907.0,258504.27,0.0,0.0,0
4,PAYMENT,374,14168.04,0.0,0.0,0.0,0.0,0
4,PAYMENT,378,3779.8,0.0,0.0,0.0,0.0,0
4,PAYMENT,37,13209.15,0.0,0.0,0.0,0.0,0
4,PAYMENT,130,21263.73,0.0,0.0,0.0,0.0,0
4,TRANSFER,160,32872.0,32872.0,0.0,0.0,0.0,1
4,CASH_IN,164,246994.13,919448.45,1166442.57,1821447.06,1574452.93,0
4,CASH_IN,252,46753.15,4773817.56,4820570.7,543166.54,496413.39,0
4,CASH_OUT,139,90782.11,124239.0,33456.89,706330.52,797112.63,0
4,TRANSFER,386,10000000.0,11975271.77,1975271.77,0.0,0.0,1
4,TRANSFER,212,39848.85,0.0,0.0,87537.89,127386.74,0
4,PAYMENT,186,4790.25,0.0,0.0,0.0,0.0,0
4,CASH_OUT,209,359295.5,0.0,0.0,444501.91,803797.41,0
4,PAYMENT,276,24420.24,21094.0,0.0,0.0,0.0,0
4,PAYMENT,43,12466.57,191095.0,178628.43,0.0,0.0,0
4,PAYMENT,397,35070.41,0.0,0.0,0.0,0.0,0
4,CASH_OUT,252,655135.84,90132.0,0.0,1556856.11,2211991.96,0
4,CASH_OUT,404,90527.55,117193.0,26665.45,10504.0,507795.14,0
4,CASH_IN,379,66162.48,9735927.96,9802090.44,408677.26,342514.78,0
4,PAYMENT,162,2142.18,0.0,0.0,0.0,0.0,0
4,CASH_OUT,356,201987.8,123327.52,0.0,7987005.51,8188993.31,0
4,PAYMENT,229,27287.62,219606.3,192318.69,0.0,0.0,0
4,CASH_IN,202,383185.79,3859056.54,4242242.33,1241064.51,857878.72,0
4,CASH_IN,305,404972.59,56338.0,461310.59,1963628.9,1558656.31,0
4,PAYMENT,358,1035.96,321169.0,320133.04,0.0,0.0,0
4,PAYMENT,372,5463.24,0.0,0.0,0.0,0.0,0
4,CASH_OUT,347,127591.13,0.0,0.0,29809797.25,29988866.81,0
4,PAYMENT,94,243.41,0.0,0.0,0.0,0.0,0
4,PAYMENT,41,7766.81,37725.0,29958.19,0.0,0.0,0
4,PAYMENT,687,544.78,15120.0,14575.22,0.0,0.0,0
4,CASH_OUT,249,2085019.56,2085019.56,0.0,152830.87,2237850.44,1
4,CASH_OUT,355,114164.93,0.0,0.0,410279.99,524444.92,0
4,CASH_OUT,401,63378.16,0.0,0.0,2926925.13,2803203.45,0
4,CASH_IN,35,157958.64,5599505.38,5757464.02,758783.11,600824.47,0
4,CASH_IN,38,98138.4,10475.62,108614.01,98165.85,27.46,0
4,CASH_OUT,134,421299.95,0.0,0.0,924689.85,1345989.8,0
4,TRANSFER,612,1023189.9,1023189.9,0.0,0.0,0.0,1
4,CASH_OUT,279,0.0,0.0,0.0,538547.63,538547.63,1
4,CASH_IN,330,191257.3,6859497.15,7050754.45,467331.49,276074.19,0
4,PAYMENT,325,27801.87,0.0,0.0,0.0,0.0,0
4,PAYMENT,330,12787.97,0.0,0.0,0.0,0.0,0
4,CASH_IN,286,127073.96,97579.0,224652.96,2978195.57,2851121.62,0
4,PAYMENT,350,45712.06,0.0,0.0,0.0,0.0,0
4,CASH_OUT,45,281094.3,0.0,0.0,660461.92,941556.22,0
4,CASH_IN,299,52009.56,10859.0,62868.56,0.0,0.0,0
4,PAYMENT,351,11542.42,69225.14,57682.72,0.0,0.0,0
4,PAYMENT,215,4576.6,51023.0,46446.4,0.0,0.0,0
4,PAYMENT,345,14119.37,0.0,0.0,0.0,0.0,0
4,CASH_IN,159,67310.41,3481.0,70791.41,4669126.19,4601815.78,0
4,CASH_OUT,550,293619.56,8260.08,0.0,1637145.82,1930765.38,0
4,CASH_OUT,398,291072.91,0.0,0.0,413015.51,704088.42,0
5,CASH_OUT,15,9264.78,11476.9,2212.12,18293.64,47779.61,0
5,CASH_OUT,276,46055.44,0.0,0.0,404959.26,451014.71,0
5,PAYMENT,8,11985.24,206687.0,194701.76,0.0,0.0,0
5,TRANSFER,209,130808.99,0.0,0.0,1628754.74,1759563.73,0
5,PAYMENT,139,17460.05,0.0,0.0,0.0,0.0,0
5,CASH_IN,9,61846.06,164457.81,226303.88,0.0,0.0,0
5,PAYMENT,404,18004.65,0.0,0.0,0.0,0.0,0
5,PAYMENT,34,17845.15,472458.45,454613.31,0.0,0.0,0
5,CASH_OUT,408,420030.86,41675.24,0.0,585974.35,1006005.21,0
5,CASH_OUT,413,341441.17,341441.17,0.0,0.0,341441.17,1
5,PAYMENT,256,4910.71,0.0,0.0,0.0,0.0,0
5,PAYMENT,306,9836.81,0.0,0.0,0.0,0.0,0
5,CASH_OUT,429,837192.23,837192.23,0.0,0.0,837192.23,1
5,CASH_IN,160,251210.65,948406.8,1199617.45,401078.21,149867.55,0
5,CASH_IN,373,236302.94,1952446.42,2188749.36,2091267.52,1854964.58,0
5,CASH_IN,186,462796.29,818586.89,1281383.18,531265.0,68468.71,0
5,CASH_IN,324,59224.72,12645593.71,12704818.43,405686.93,346462.21,0
5,TRANSFER,602,274125.77,274125.77,0.0,0.0,0.0,1
5,PAYMENT,369,29641.15,246240.46,216599.31,0.0,0.0,0
5,TRANSFER,137,798042.54,0.0,0.0,3141469.57,3939512.12,0
5,PAYMENT,38,22171.43,0.0,0.0,0.0,0.0,0
5,CASH_IN,3,349779.04,4009103.34,4358882.39,1034936.0,270110.78,0
5,PAYMENT,204,1482.93,134980.0,133497.07,0.0,0.0,0
5,PAYMENT,18,11365.14,14876.0,3510.86,0.0,0.0,0
5,PAYMENT,154,26730.87,31349.0,4618.13,0.0,0.0,0
5,PAYMENT,371,4508.39,311632.22,307123.83,0.0,0.0,0
5,CASH_OUT,184,4916.73,0.0,0.0,46895.24,51811.97,0
5,PAYMENT,162,14837.73,231924.71,217086.98,0.0,0.0,0
5,CASH_OUT,333,103209.66,549.0,0.0,17172.17,120381.83,0
5,CASH_OUT,324,170312.57,570469.11,400156.55,5205392.21,5375704.78,0
5,PAYMENT,134,29893.55,104222.39,74328.84,0.0,0.0,0
5,CASH_IN,141,15413.34,5337839.33,5353252.66,354789.19,339375.86,0
5,PAYMENT,11,9163.69,71705.66,62541.97,0.0,0.0,0
5,PAYMENT,130,6545.57,0.0,0.0,0.0,0.0,0
5,CASH_OUT,164,113712.28,11602.0,0.0,1834612.5,1948324.77,0
5,CASH_IN,565,165026.07,116726.0,281752.07,0.0,0.0,0
5,CASH_OUT,156,265723.8,268972.0,3248.2,77895.28,343619.09,0
5,CASH_IN,306,293306.16,442.0,293748.16,484731.22,191425.06,0
5,CASH_OUT,183,69760.07,0.0,0.0,592390.73,662150.8,0
5,PAYMENT,354,15765.54,870132.14,854366.61,0.0,0.0,0
5,CASH_IN,42,34241.44,10029646.96,10063888.4,46654.43,12412.99,0
5,CASH_OUT,231,91353.44,330.0,0.0,110654.48,202007.92,0
5,CASH_OUT,209,340239.61,10045.0,0.0,0.0,340239.61,0
5,TRANSFER,396,796088.89,20078.0,0.0,0.0,796088.89,0
5,PAYMENT,168,11491.61,184543.0,173051.39,0.0,0.0,0
5,PAYMENT,590,9054.68,30834.0,21779.32,0.0,0.0,0
5,CASH_IN,208,374191.73,2098385.64,2472577.37,454700.61,80508.87,0
5,CASH_OUT,250,73340.52,473.0,0.0,0.0,73340.52,0
5,CASH_IN,10,160599.62,21198.0,181797.62,6658.98,0.0,0
5,PAYMENT,159,20761.13,2188.0,0.0,0.0,0.0,0
5,CASH_IN,203,50158.58,8521501.46,8571660.03,1591868.66,1541710.08,0
5,PAYMENT,259,12411.81,1424.0,0.0,0.0,0.0,0
5,CASH_IN,349,139570.14,78990.0,218560.14,0.0,0.0,0
5,CASH_OUT,124,1399637.19,1399637.19,0.0,0.0,1399637.19,1
5,CASH_OUT,133,277209.31,0.0,0.0,1161505.5,1438714.81,0
5,TRANSFER,329,1296729.83,10513.0,0.0,153211.31,1449941.14,0
5,CASH_IN,178,213160.77,35210.0,248370.77,1854098.24,1640937.47,0
5,CASH_IN,252,89470.4,15991442.5,16080912.9,227338.29,137867.89,0
5,PAYMENT,478,1547.74,13651.0,12103.26,0.0,0.0,0
5,CASH_OUT,325,71702.01,0.0,0.0,1929463.74,2001165.75,0
5,PAYMENT,300,13797.73,0.0,0.0,0.0,0.0,0
5,CASH_IN,354,72945.2,112009.0,184954.2,13084.68,0.0,0
5,CASH_OUT,132,301492.82,11410.0,0.0,4413109.35,4714602.16,0
5,CASH_OUT,187,169925.41,0.0,0.0,271513.51,441438.91,0
5,CASH_OUT,403,26497.72,27449.0,951.28,13258.65,39756.37,0
5,TRANSFER,276,124833.02,0.0,0.0,426917.57,551750.58,0
5,CASH_IN,181,336713.53,23005083.69,23341797.22,3251006.42,2853881.34,0
5,PAYMENT,490,9783.19,0.0,0.0,0.0,0.0,0
5,CASH_OUT,90,1182557.97,1182557.97,0.0,141273.74,1323831.71,1
5,PAYMENT,297,36953.13,0.0,0.0,0.0,0.0,0
5,TRANSFER,130,550461.05,0.0,0.0,30223240.17,30773701.22,0
5,CASH_OUT,374,126477.85,0.0,0.0,709999.98,836477.82,0
5,TRANSFER,399,369902.23,0.0,0.0,959673.66,1329575.89,0
5,PAYMENT,188,1985.23,0.0,0.0,0.0,0.0,0
5,CASH_OUT,396,185580.24,0.0,0.0,10739662.54,10925242.78,0
5,PAYMENT,351,21229.96,0.0,0.0,0.0,0.0,0
5,CASH_OUT,551,3774777.76,3774777.76,0.0,597455.51,4372233.27,1
5,PAYMENT,259,2285.08,0.0,0.0,0.0,0.0,0
5,PAYMENT,180,2208.02,104066.0,101857.98,0.0,0.0,0
5,PAYMENT,183,14926.67,160212.61,145285.93,0.0,0.0,0
5,PAYMENT,305,5905.89,75161.02,69255.13,0.0,0.0,0
5,TRANSFER,387,10000000.0,19110884.44,9110884.44,0.0,0.0,1
5,CASH_IN,254,227447.62,11942186.94,12169634.56,315095.61,87647.99,0
5,CASH_OUT,157,30017.2,49633.0,19615.8,162613.92,170888.81,0
5,CASH_OUT,369,411620.63,205204.0,0.0,116524.14,528144.76,0
5,PAYMENT,44,2535.11,731105.27,728570.16,0.0,0.0,0
5,PAYMENT,302,24006.06,17929.67,0.0,0.0,0.0,0
5,PAYMENT,527,436.91,52575.0,52138.09,0.0,0.0,0
5,PAYMENT,332,39806.69,0.0,0.0,0.0,0.0,0
5,PAYMENT,228,2117.23,0.0,0.0,0.0,0.0,0
5,TRANSFER,225,203789.05,0.0,0.0,313730.61,517519.66,0
5,TRANSFER,201,1280.5,0.0,0.0,1767336.62,1768617.12,0
5,CASH_OUT,353,22757.52,104818.0,82060.48,398152.94,420910.46,0
5,PAYMENT,380,5092.74,13799.0,8706.26,0.0,0.0,0
5,TRANSFER,485,53107.96,53107.96,0.0,0.0,0.0,1
5,CASH_IN,43,223921.17,2400002.55,2623923.72,2579517.16,2355596.0,0
5,PAYMENT,252,6563.4,73858.75,67295.35,0.0,0.0,0
5,PAYMENT,373,8692.71,0.0,0.0,0.0,0.0,0
5,TRANSFER,237,1299796.64,0.0,0.0,2327889.75,3627686.4,0
5,CASH_OUT,331,337426.5,814836.0,477409.5,0.0,337426.5,0
5,CASH_OUT,226,993.42,26959.48,25966.07,108594.08,109587.5,0
5,TRANSFER,205,162718.34,125548.26,0.0,2294205.14,2073019.83,0
5,CASH_IN,15,213817.5,1213851.78,1427669.28,381997.2,168179.71,0
5,PAYMENT,346,2660.49,0.0,0.0,0.0,0.0,0
5,PAYMENT,187,4024.34,0.0,0.0,0.0,0.0,0
5,CASH_IN,183,211398.75,986200.0,1197598.75,3496917.74,3285518.99,0
5,CASH_OUT,327,346084.9,0.0,0.0,6565500.45,6911585.35,0
5,CASH_OUT,214,273425.82,0.0,0.0,589552.62,862978.44,0
5,TRANSFER,742,258355.42,258355.42,0.0,0.0,0.0,1
5,PAYMENT,495,4680.13,0.0,0.0,0.0,0.0,0
5,CASH_OUT,180,293978.23,86.0,0.0,86138.64,380116.88,0
5,CASH_IN,377,92424.28,450079.66,542503.95,1060356.53,967932.25,0
5,PAYMENT,158,761.86,0.0,0.0,0.0,0.0,0
5,CASH_OUT,448,14133.69,14133.69,0.0,2634011.66,2648145.35,1
5,PAYMENT,517,20336.52,0.0,0.0,0.0,0.0,0
5,CASH_OUT,374,1368.38,0.0,0.0,1511216.97,1512585.35,0
5,CASH_IN,347,594952.71,10577800.57,11172753.29,779616.48,184663.77,0
5,CASH_OUT,644,513610.51,513610.51,0.0,954248.26,1467858.76,1
5,CASH_OUT,40,192345.89,65221.0,0.0,394728.77,587074.66,0
5,CASH_OUT,382,239081.22,0.0,0.0,1165750.11,1404831.33,0
5,TRANSFER,380,361265.13,0.0,0.0,4255325.23,4616590.36,0
5,TRANSFER,141,370450.15,11456.0,0.0,29029.0,399479.15,0
5,CASH_IN,378,107381.13,17129659.55,17237040.69,12164367.66,12056986.53,0
5,PAYMENT,260,344.85,93156.0,92811.15,0.0,0.0,0
5,TRANSFER,35,454511.73,454511.73,0.0,0.0,0.0,1
5,PAYMENT,129,8780.14,364093.92,355313.77,0.0,0.0,0
5,CASH_IN,372,322775.78,24482507.4,24805283.18,1305832.03,983056.25,0
5,CASH_IN,18,242653.82,20765.0,263418.82,6642.94,0.0,0
5,PAYMENT,43,5235.12,0.0,0.0,0.0,0.0,0
5,TRANSFER,140,456360.87,456360.87,0.0,0.0,0.0,1
5,CASH_OUT,252,115592.35,20936.0,0.0,1840978.96,1956571.31,0
5,TRANSFER,261,519576.48,207375.51,0.0,1480600.5,2000176.98,0
5,CASH_IN,327,108701.42,2526506.46,2635207.88,18597926.41,18489224.99,0
5,PAYMENT,333,10176.81,27.24,0.0,0.0,0.0,0
5,PAYMENT,205,7908.84,80335.0,72426.16,0.0,0.0,0
5,CASH_OUT,136,136590.53,49349.0,0.0,381069.86,517660.38,0
5,TRANSFER,304,2485237.21,0.0,0.0,10037549.87,12522787.08,0
5,TRANSFER,307,170846.27,0.0,0.0,4603320.29,4774166.56,0
5,CASH_IN,17,227693.8,54943.0,282636.8,1556.0,89365.68,0
5,CASH_OUT,40,224888.09,13806.0,0.0,0.0,224888.09,0
5,PAYMENT,404,4427.85,11183.0,6755.15,0.0,0.0,0
5,PAYMENT,347,8201.25,0.0,0.0,0.0,0.0,0
5,CASH_IN,211,108651.86,5301532.66,5410184.51,228676.01,120024.16,0
5,CASH_IN,160,44164.7,13342886.85,13387051.54,128686.71,84522.02,0
5,PAYMENT,21,13157.2,19400.3,6243.1,0.0,0.0,0
5,TRANSFER,154,1723647.51,1042.0,0.0,2620995.11,4344642.62,0
5,PAYMENT,19,4080.07,0.0,0.0,0.0,0.0,0
5,CASH_IN,350,21500.0,21150462.91,21171962.91,107608.0,86108.0,0
5,PAYMENT,33,18275.77,41005.0,22729.23,0.0,0.0,0
5,PAYMENT,237,12840.61,69886.0,57045.39,0.0,0.0,0
5,PAYMENT,325,7705.67,187261.16,179555.49,0.0,0.0,0
5,CASH_OUT,9,135691.65,19259.0,0.0,24735.0,0.0,0
5,CASH_OUT,157,50675.16,5533.0,0.0,0.0,50675.16,0
5,PAYMENT,15,10656.26,283401.17,272744.91,0.0,0.0,0
5,CASH_OUT,251,114741.83,31057.0,0.0,2994806.73,3109548.56,0
5,CASH_IN,348,92184.05,45822.0,138006.05,206202.38,114018.33,0
5,CASH_OUT,307,302785.22,0.0,0.0,3847024.54,4149809.76,0
5,CASH_OUT,324,178715.28,680.0,0.0,10687940.86,10866656.14,0
5,CASH_OUT,203,114829.56,0.0,0.0,3142952.65,3257782.21,0
5,CASH_IN,302,113820.31,3572.0,117392.31,0.0,0.0,0
5,PAYMENT,138,1864.44,10566.0,8701.56,0.0,0.0,0
5,TRANSFER,350,487063.65,0.0,0.0,4122336.6,4609400.24,0
5,PAYMENT,380,3024.55,0.0,0.0,0.0,0.0,0
5,TRANSFER,396,1100392.45,51936.0,0.0,0.0,1100392.45,0
5,PAYMENT,231,9602.15,471202.15,461600.01,0.0,0.0,0
5,PAYMENT,202,962.92,250.0,0.0,0.0,0.0,0
5,PAYMENT,157,2679.85,171446.79,168766.95,0.0,0.0,0
5,PAYMENT,36,4476.05,0.0,0.0,0.0,0.0,0
5,TRANSFER,497,3695429.98,3695429.98,0.0,0.0,0.0,1
5,CASH_IN,279,102139.08,690373.39,792512.48,5063122.75,4960983.67,0
5,CASH_OUT,331,231018.7,0.0,0.0,232861.32,463880.02,0
5,CASH_OUT,373,212527.15,22012.0,0.0,301888.04,514415.19,0
5,CASH_OUT,393,138555.86,53287.0,0.0,0.0,138555.86,0
5,PAYMENT,382,10415.72,11010.0,594.28,0.0,0.0,0
5,PAYMENT,209,5041.72,0.0,0.0,0.0,0.0,0
5,CASH_OUT,283,8769.83,75456.0,66686.17,145181.76,99467.2,0
5,PAYMENT,165,5580.01,20885.0,15304.99,0.0,0.0,0
5,CASH_OUT,349,76295.37,0.0,0.0,95575.42,171870.79,0
5,PAYMENT,405,56.02,0.0,0.0,0.0,0.0,0
5,PAYMENT,18,379.72,60290.8,59911.07,0.0,0.0,0
5,PAYMENT,187,2738.65,49144.67,46406.02,0.0,0.0,0
5,CASH_IN,357,73798.8,8050400.61,8124199.41,1140775.58,1066976.78,0
5,CASH_OUT,686,357579.64,22437.0,0.0,4159768.01,4517347.66,0
5,CASH_OUT,370,475610.86,10953.0,0.0,284362.62,759973.48,0
5,PAYMENT,373,4331.17,104579.0,100247.83,0.0,0.0,0
5,PAYMENT,679,1474.06,690944.0,689469.94,0.0,0.0,0
5,PAYMENT,277,2284.75,113228.82,110944.07,0.0,0.0,0
5,CASH_IN,235,151410.71,101794.0,253204.71,510235.99,358825.28,0
5,CASH_OUT,282,101639.0,10832.0,0.0,9340074.36,9441713.36,0
5,CASH_OUT,156,49166.27,0.0,0.0,412990.04,462156.31,0
5,CASH_OUT,710,23134.17,23134.17,0.0,0.0,23134.17,1
5,CASH_OUT,36,29151.62,0.0,0.0,6731213.78,6760365.4,0
5,PAYMENT,395,11365.74,0.0,0.0,0.0,0.0,0
5,CASH_OUT,377,13074.41,0.0,0.0,121656.83,134731.24,0
5,TRANSFER,259,432532.67,42078.0,0.0,0.0,432532.67,0
5,PAYMENT,303,10153.34,0.0,0.0,0.0,0.0,0
5,CASH_IN,332,42625.63,3389925.04,3432550.67,397022.25,354396.62,0
5,PAYMENT,527,8444.38,37598.79,29154.41,0.0,0.0,0
5,PAYMENT,253,41909.42,272.0,0.0,0.0,0.0,0
5,PAYMENT,185,7596.99,338106.06,330509.07,0.0,0.0,0
5,CASH_IN,42,278154.9,4028463.24,4306618.13,4239098.96,3960944.07,0
5,CASH_OUT,176,106642.43,106642.43,0.0,4622.5,111264.92,1
5,CASH_OUT,37,180939.72,72768.0,0.0,0.0,180939.72,0
5,CASH_OUT,329,338062.05,338062.05,0.0,237575.75,575637.8,1
5,CASH_IN,183,235189.99,5837754.13,6072944.12,1261021.19,1025831.2,0
5,CASH_OUT,714,390763.24,390763.24,0.0,1422500.77,1813264.01,1
5,CASH_IN,140,225618.28,1947654.86,2173273.15,2793649.96,2568031.68,0
5,CASH_OUT,237,347452.63,0.0,0.0,1844223.26,2191675.89,0
5,CASH_IN,186,72606.1,15452108.76,15524714.86,692942.44,620336.34,0
5,CASH_OUT,305,305714.21,153133.0,0.0,519217.25,824931.46,0
5,PAYMENT,331,15063.7,372354.0,357290.3,0.0,0.0,0
5,PAYMENT,455,13531.68,187643.0,174111.32,0.0,0.0,0
5,CASH_OUT,352,117120.79,0.0,0.0,4338278.69,4455399.48,0
5,CASH_IN,15,242702.37,164.0,242866.37,0.0,0.0,0
5,TRANSFER,182,50191.92,0.0,0.0,148783.51,198975.43,0
5,TRANSFER,186,1257432.02,20905.0,0.0,246309.18,1503741.19,0
5,PAYMENT,137,4585.16,298444.0,293858.84,0.0,0.0,0
5,PAYMENT,42,7952.98,422276.2,414323.22,0.0,0.0,0
5,CASH_OUT,187,26703.87,0.0,0.0,1343523.72,1370227.59,0
5,CASH_OUT,164,22346.03,8245.0,0.0,447946.06,470292.09,0
5,CASH_IN,325,414584.56,9104333.15,9518917.71,1194783.23,780198.67,0
5,CASH_IN,324,75845.95,10079.0,85924.95,1610929.94,1535083.99,0
5,CASH_OUT,330,164500.54,192088.0,27587.46,495394.88,659895.42,0
5,CASH_OUT,403,174725.26,104886.0,0.0,318863.77,493589.04,0
5,CASH_IN,10,107319.63,6273523.83,6380843.45,1270056.7,1321978.21,0
5,PAYMENT,252,17242.75,0.0,0.0,0.0,0.0,0
5,CASH_OUT,18,144632.76,0.0,0.0,472623.75,516199.8,0
5,CASH_IN,188,209905.79,5592766.5,5802672.29,3289801.62,3079895.83,0
5,TRANSFER,234,640184.3,0.0,0.0,2235011.31,2875195.61,0
5,PAYMENT,162,8228.73,0.0,0.0,0.0,0.0,0
5,CASH_OUT,162,109973.7,0.0,0.0,2915618.42,3025592.11,0
5,PAYMENT,357,1472.74,0.0,0.0,0.0,0.0,0
5,CASH_IN,530,260248.82,3129100.77,3389349.59,389137.88,128889.06,0
5,TRANSFER,186,110314.75,0.0,0.0,1543206.8,1653521.54,0
5,TRANSFER,227,1605872.65,0.0,0.0,2524843.04,4130715.69,0
5,PAYMENT,185,14196.11,94270.05,80073.95,0.0,0.0,0
5,TRANSFER,559,55539.89,55539.89,0.0,0.0,0.0,1
5,CASH_IN,255,95523.32,80678.0,176201.32,0.0,0.0,0
5,CASH_OUT,41,280094.63,51808.0,0.0,649258.37,929353.0,0
5,CASH_OUT,403,473527.09,105180.0,0.0,7177246.34,7650773.43,0
5,CASH_OUT,395,497438.69,0.0,0.0,1152290.83,1649729.51,0
5,PAYMENT,187,6635.76,10748.0,4112.24,0.0,0.0,0
5,TRANSFER,9,1085891.79,0.0,0.0,2955383.55,4001587.33,0
5,PAYMENT,357,12828.73,20909.0,8080.27,0.0,0.0,0
5,PAYMENT,227,29152.08,8061.0,0.0,0.0,0.0,0
5,PAYMENT,256,15918.47,0.0,0.0,0.0,0.0,0
5,PAYMENT,299,10035.78,10857.0,821.22,0.0,0.0,0
5,PAYMENT,306,6836.62,0.0,0.0,0.0,0.0,0
5,TRANSFER,449,133632.24,133632.24,0.0,0.0,0.0,1
5,PAYMENT,130,519.44,84707.0,84187.56,0.0,0.0,0
5,TRANSFER,661,8580.74,116.0,0.0,0.0,8580.74,0
5,PAYMENT,205,8941.76,36748.07,27806.31,0.0,0.0,0
5,CASH_OUT,11,92509.92,51630.0,0.0,927304.34,1019814.26,0
5,CASH_OUT,182,43096.08,30305.0,0.0,34189.7,77285.79,0
5,PAYMENT,307,39590.32,9035.0,0.0,0.0,0.0,0
5,CASH_OUT,129,615709.15,0.0,0.0,1297253.97,1576180.36,0
5,CASH_OUT,325,140725.07,41562.0,0.0,151548.29,292273.36,0
5,PAYMENT,153,9747.83,20538.0,10790.17,0.0,0.0,0
5,CASH_IN,186,559151.98,7359991.99,7919143.97,1535963.22,976811.24,0
5,PAYMENT,394,8150.87,21555.08,13404.21,0.0,0.0,0
5,PAYMENT,209,1996.04,4389.05,2393.01,0.0,0.0,0
5,TRANSFER,329,1472102.03,50834.0,0.0,1181500.2,2653602.23,0
5,TRANSFER,380,147013.6,0.0,0.0,150962.74,297976.34,0
5,CASH_IN,10,453313.6,333096.0,786409.6,28984.15,0.0,0
5,PAYMENT,495,14343.85,64802.0,50458.15,0.0,0.0,0
5,CASH_OUT,37,399400.03,0.0,0.0,1592244.23,1991644.27,0
5,PAYMENT,41,520.27,148790.31,148270.04,0.0,0.0,0
5,CASH_OUT,19,185009.35,6175.0,0.0,1085900.51,1182832.96,0
5,CASH_OUT,142,47057.99,137.0,0.0,555068.94,602126.93,0
5,CASH_OUT,263,87748.36,15261.0,0.0,640946.6,728694.96,0
5,CASH_OUT,133,241428.89,107587.0,0.0,1237582.61,1479011.5,0
5,PAYMENT,306,34760.6,253188.61,218428.01,0.0,0.0,0
5,CASH_OUT,400,170806.28,41211.0,0.0,509002.58,679808.86,0
5,CASH_IN,397,555636.77,56948.0,612584.77,475693.01,0.0,0
5,PAYMENT,186,30070.95,27183.41,0.0,0.0,0.0,0
5,PAYMENT,129,8341.36,42106.0,33764.64,0.0,0.0,0
5,CASH_IN,235,106370.18,42641.0,149011.18,30547.14,0.0,0
5,TRANSFER,19,9934.58,0.0,0.0,18038.99,27973.57,0
5,CASH_IN,683,574988.26,703168.77,1278157.03,13827530.14,13252541.88,0
5,PAYMENT,15,9465.32,0.0,0.0,0.0,0.0,0
5,CASH_OUT,306,173388.98,0.0,0.0,225803.92,399192.9,0
5,CASH_OUT,131,99427.08,20144.0,0.0,113004.0,456294.4,0
5,CASH_OUT,330,342367.66,152152.0,0.0,0.0,342367.66,0
5,CASH_IN,594,218392.0,823429.36,1041821.36,1818388.16,1599996.16,0
5,CASH_IN,129,94246.41,2494881.41,2589127.82,407983.29,313736.88,0
5,CASH_OUT,300,67302.07,0.0,0.0,35262298.18,35329600.25,0
5,CASH_IN,405,244843.97,1074.0,245917.97,115833.15,0.0,0
5,PAYMENT,17,6239.36,0.0,0.0,0.0,0.0,0
5,TRANSFER,153,109008.53,109008.53,0.0,0.0,0.0,1
5,CASH_OUT,140,57678.38,0.0,0.0,700494.36,758172.74,0
5,CASH_OUT,141,370382.39,370382.39,0.0,601219.23,971601.62,1
5,PAYMENT,375,2262.77,0.0,0.0,0.0,0.0,0
5,PAYMENT,93,26494.68,326012.3,299517.62,0.0,0.0,0
5,CASH_OUT,143,810599.16,810599.16,0.0,971634.6,1782233.77,1
5,CASH_OUT,356,27053.13,0.0,0.0,543996.23,571049.35,0
5,CASH_IN,306,133291.94,8750897.73,8884189.68,398137.26,264845.32,0
5,TRANSFER,501,185391.82,185391.82,0.0,0.0,0.0,1
5,CASH_IN,239,137577.47,4612327.16,4749904.63,250835.52,113258.05,0
5,TRANSFER,130,100227.29,0.0,0.0,875607.53,975834.82,0
5,TRANSFER,244,4252656.95,4252656.95,0.0,0.0,0.0,1
5,CASH_OUT,154,202297.6,99716.0,0.0,28742.46,231040.06,0
5,CASH_IN,348,322604.72,510842.0,833446.72,318386.77,0.0,0
5,CASH_IN,43,132304.01,102237.0,234541.01,506972.86,374668.85,0
5,PAYMENT,321,21380.81,0.0,0.0,0.0,0.0,0
5,PAYMENT,336,18428.49,0.0,0.0,0.0,0.0,0
5,TRANSFER,252,879850.05,86191.62,0.0,1720827.89,2600677.94,0
5,CASH_IN,306,1952.41,114.0,2066.41,2450969.56,2449017.15,0
5,CASH_IN,329,60023.96,32724.0,92747.96,1585558.66,1525534.7,0
5,PAYMENT,592,8078.45,131734.0,123655.55,0.0,0.0,0
5,CASH_OUT,226,258079.41,1012.0,0.0,149143.49,407222.91,0
5,TRANSFER,491,1122827.94,1122827.94,0.0,0.0,0.0,1
5,PAYMENT,188,4033.93,41969.0,37935.07,0.0,0.0,0
5,CASH_OUT,275,8181.52,0.0,0.0,3920811.24,3928992.76,0
5,CASH_OUT,354,88423.99,0.0,0.0,1205122.28,1293546.27,0
5,TRANSFER,656,5349.74,5349.74,0.0,0.0,0.0,1
5,PAYMENT,39,985.1,79619.0,78633.9,0.0,0.0,0
5,PAYMENT,237,9346.52,0.0,0.0,0.0,0.0,0
5,PAYMENT,130,9793.73,0.0,0.0,0.0,0.0,0
5,CASH_IN,375,142266.62,3467286.15,3609552.77,355743.81,213477.19,0
5,PAYMENT,45,2364.14,1006.0,0.0,0.0,0.0,0
5,TRANSFER,281,160500.17,0.0,0.0,1332832.64,1493332.81,0
5,CASH_OUT,331,9461.64,0.0,0.0,150434.01,159895.65,0
5,CASH_OUT,709,126696.89,158600.0,31903.11,89918.28,216615.18,0
5,CASH_OUT,400,227796.35,102.0,0.0,0.0,227796.35,0
5,CASH_OUT,400,402831.96,11560.0,0.0,0.0,402831.96,0
5,TRANSFER,470,8177.04,8177.04,0.0,0.0,0.0,1
5,PAYMENT,41,4063.19,0.0,0.0,0.0,0.0,0
5,CASH_OUT,380,60062.22,13829.0,0.0,181530.52,241592.74,0
5,CASH_IN,210,218749.27,65614.0,284363.27,4820896.94,4602147.67,0
5,CASH_OUT,251,86677.65,0.0,0.0,95228.64,181906.28,0
5,TRANSFER,306,320544.5,43043.0,0.0,919872.15,1240416.64,0
5,CASH_OUT,329,117408.08,0.0,0.0,369471.1,486879.18,0
5,PAYMENT,664,1486.4,567491.73,566005.33,0.0,0.0,0
5,CASH_OUT,137,239049.55,109932.0,0.0,201461.17,440510.72,0
5,CASH_OUT,405,268402.94,628.0,0.0,54734.35,323137.28,0
5,CASH_IN,329,106647.38,10907.0,117554.38,1489831.7,1383184.32,0
5,PAYMENT,333,25611.88,496.0,0.0,0.0,0.0,0
5,CASH_IN,254,87130.88,707726.56,794857.44,1863405.82,1776274.94,0
5,PAYMENT,351,15010.38,11124.0,0.0,0.0,0.0,0
5,PAYMENT,404,9281.02,79349.0,70067.98,0.0,0.0,0
5,CASH_OUT,35,148031.14,0.0,0.0,207781.65,355812.78,0
5,CASH_IN,550,174092.43,309.0,174401.43,0.0,0.0,0
5,TRANSFER,255,320551.27,44436.03,0.0,973766.58,1294317.85,0
5,PAYMENT,280,9147.01,29377.0,20229.99,0.0,0.0,0
5,PAYMENT,9,15845.57,15982.0,136.43,0.0,0.0,0
5,CASH_IN,140,177738.74,709807.47,887546.2,1695897.79,1610170.48,0
5,TRANSFER,261,371476.58,11979.0,0.0,1331266.45,1702743.03,0
5,CASH_OUT,129,47103.73,0.0,0.0,302079.76,349183.49,0
5,TRANSFER,15,1437185.35,0.0,0.0,1794758.27,3231943.62,0
5,CASH_OUT,187,37522.89,179547.01,142024.12,1827789.74,1865312.64,0
5,CASH_OUT,155,93937.16,0.0,0.0,4419113.12,4513050.27,0
5,CASH_OUT,403,551840.33,0.0,0.0,1154045.09,1705885.42,0
5,PAYMENT,347,58480.0,0.0,0.0,0.0,0.0,0
5,TRANSFER,403,100983.8,0.0,0.0,274955.42,375939.22,0
5,TRANSFER,322,889087.1,101667.0,0.0,179724.78,1068811.88,0
5,PAYMENT,403,16764.24,40099.0,23334.76,0.0,0.0,0
5,PAYMENT,37,7709.68,0.0,0.0,0.0,0.0,0
5,PAYMENT,19,4641.76,734148.41,729506.66,0.0,0.0,0
5,CASH_OUT,284,741277.85,741277.85,0.0,563297.96,1126479.01,1
5,CASH_OUT,235,112368.63,0.0,0.0,1797966.48,1910335.1,0
5,PAYMENT,211,4040.3,16050.0,12009.7,0.0,0.0,0
5,CASH_OUT,540,52363.8,11893.0,0.0,6994392.79,7046756.59,0
5,TRANSFER,349,653207.61,0.0,0.0,1168711.32,1821918.93,0
5,PAYMENT,204,44098.26,0.0,0.0,0.0,0.0,0
5,PAYMENT,356,8948.21,0.0,0.0,0.0,0.0,0
5,CASH_OUT,324,14651.2,0.0,0.0,320318.63,334969.83,0
5,CASH_OUT,719,366896.03,366896.03,0.0,0.0,366896.03,1
5,PAYMENT,237,5398.27,409149.0,403750.73,0.0,0.0,0
5,CASH_IN,281,108093.53,1905262.69,2013356.22,112246.91,4153.38,0
5,TRANSFER,131,194658.97,0.0,0.0,1362659.28,1557318.25,0
5,CASH_IN,9,71057.58,151.0,71208.58,0.0,0.0,0
5,PAYMENT,34,22412.52,0.0,0.0,0.0,0.0,0
5,CASH_OUT,327,167914.48,19835.0,0.0,1346923.97,1514838.45,0
5,CASH_IN,11,135005.5,5428031.86,5563037.35,1040817.36,2631687.71,0
5,CASH_IN,226,49162.95,6928838.99,6978001.94,96050.18,46887.23,0
5,PAYMENT,206,1638.88,21073.0,19434.12,0.0,0.0,0
5,CASH_OUT,234,106989.23,0.0,0.0,8998017.13,9105006.37,0
5,CASH_OUT,228,288127.32,3776.0,0.0,3475578.56,3763705.88,0
5,CASH_IN,139,181183.97,22151.0,203334.97,0.0,0.0,0
5,CASH_IN,180,179186.6,21476.0,200662.6,207511.57,28324.97,0
5,PAYMENT,216,16983.03,34382.92,17399.89,0.0,0.0,0
5,CASH_OUT,259,107691.87,0.0,0.0,2028037.88,2135729.75,0
5,CASH_OUT,14,266322.33,118.0,0.0,904355.04,1170677.37,0
5,TRANSFER,324,444477.51,0.0,0.0,2224066.18,2668543.69,0
5,PAYMENT,10,5627.9,3928949.36,3923321.46,0.0,0.0,0
5,CASH_IN,186,140963.95,10232766.38,10373730.33,342411.0,201447.05,0
5,PAYMENT,140,14677.3,0.0,0.0,0.0,0.0,0
5,CASH_OUT,262,147415.11,0.0,0.0,2042685.09,2190100.2,0
5,CASH_OUT,252,333311.41,0.0,0.0,864292.5,1197603.92,0
5,TRANSFER,43,1041313.24,16.0,0.0,465265.24,1506578.48,0
5,TRANSFER,660,51725.86,51725.86,0.0,0.0,0.0,1
5,CASH_OUT,15,36126.26,0.0,0.0,892819.59,928945.84,0
5,CASH_OUT,267,1259972.05,1259972.05,0.0,0.0,1259972.05,1
5,CASH_IN,216,305719.72,515755.53,821475.25,9043787.29,8738067.57,0
5,CASH_OUT,260,146279.03,0.0,0.0,3515125.33,3661404.36,0
5,CASH_OUT,223,334890.91,334890.91,0.0,293880.5,628771.41,1
5,CASH_OUT,227,1162155.11,1162155.11,0.0,2402312.87,3564467.98,1
5,TRANSFER,205,1338904.92,42237.0,0.0,391439.11,1730344.02,0
5,PAYMENT,399,4274.66,31537.0,27262.34,0.0,0.0,0
5,CASH_OUT,404,86463.1,29320.0,0.0,7278.13,93741.24,0
5,CASH_OUT,33,171612.05,0.0,0.0,1747929.6,1919541.65,0
5,CASH_OUT,85,1529614.71,1529614.71,0.0,0.0,1529614.71,1
5,CASH_IN,308,19687.52,73617.0,93304.52,0.0,0.0,0
5,PAYMENT,525,41007.97,216410.0,175402.03,0.0,0.0,0
5,CASH_IN,276,2847.08,650451.0,653298.08,159645.33,156798.25,0
5,CASH_IN,16,343751.62,253391.0,597142.62,0.0,0.0,0
5,TRANSFER,685,10000000.0,14886423.05,4886423.05,0.0,0.0,1
5,CASH_OUT,43,151581.71,12203.0,0.0,1454234.56,1605816.27,0
5,CASH_OUT,155,179938.38,0.0,0.0,499540.28,679478.67,0
5,PAYMENT,227,3989.13,0.0,0.0,0.0,0.0,0
5,CASH_OUT,19,111198.26,0.0,0.0,153002.05,264200.31,0
5,TRANSFER,275,74966.34,0.0,0.0,155088.82,230055.16,0
5,TRANSFER,210,376790.57,30581.0,0.0,0.0,376790.57,0
5,CASH_IN,48,220536.58,82797.0,303333.58,870155.64,649619.06,0
5,PAYMENT,259,15717.8,39087.37,23369.58,0.0,0.0,0
5,PAYMENT,348,41768.96,74019.19,32250.23,0.0,0.0,0
5,DEBIT,141,2519.62,20236.0,17716.38,136545.74,139065.36,0
5,PAYMENT,331,25114.32,0.0,0.0,0.0,0.0,0
5,PAYMENT,209,14852.95,29910.0,15057.05,0.0,0.0,0
5,PAYMENT,254,7407.35,0.0,0.0,0.0,0.0,0
5,CASH_IN,20,310967.73,1416938.1,1727905.83,1878217.72,1526000.68,0
5,CASH_IN,379,91550.47,84651.0,176201.47,554139.47,462589.0,0
5,CASH_IN,40,194752.1,1777614.23,1972366.34,2624228.06,2429475.96,0
5,PAYMENT,355,81.24,15959.0,15877.76,0.0,0.0,0
5,CASH_OUT,374,150880.0,0.0,0.0,615730.01,766610.01,0
5,CASH_IN,211,259256.55,2554591.48,2813848.03,1478435.48,1219178.93,0
5,CASH_IN,15,178153.25,12047403.98,12225557.23,200792.74,22639.49,0
5,PAYMENT,304,12887.88,30948.0,18060.12,0.0,0.0,0
5,CASH_OUT,211,195035.15,0.0,0.0,364108.7,559143.85,0
5,TRANSFER,393,139681.18,15239.0,0.0,0.0,139681.18,0
5,CASH_IN,213,104435.39,11122257.47,11226692.86,1580986.02,1476550.63,0
5,CASH_IN,394,174128.46,18110.0,192238.46,1120741.45,946612.99,0
5,CASH_IN,36,90476.38,50075.0,140551.38,0.0,0.0,0
5,PAYMENT,376,12531.51,0.0,0.0,0.0,0.0,0
5,PAYMENT,524,10519.14,22683.67,12164.53,0.0,0.0,0
5,CASH_IN,41,142860.15,156422.0,299282.15,726213.64,583353.49,0
5,CASH_IN,395,44441.09,2024712.68,2069153.77,130834.49,86393.4,0
5,CASH_IN,209,373593.07,159108.0,532701.07,469468.28,95875.21,0
5,CASH_OUT,380,310396.15,0.0,0.0,1696119.07,2006515.22,0
5,TRANSFER,596,2233392.96,0.0,0.0,3973441.21,6206834.17,0
5,CASH_OUT,160,174125.28,0.0,0.0,2654471.32,2828596.6,0
5,CASH_OUT,234,264932.81,0.0,0.0,2773408.17,3038340.99,0
5,PAYMENT,209,6670.59,0.0,0.0,0.0,0.0,0
5,CASH_OUT,73,684796.16,684796.16,0.0,2754453.54,3439249.7,1
5,PAYMENT,284,7192.02,778.0,0.0,0.0,0.0,0
5,TRANSFER,405,286292.58,24369.0,0.0,72447.21,358739.79,0
5,CASH_OUT,40,411953.81,20079.0,0.0,590663.82,1002617.64,0
5,PAYMENT,690,6406.36,74624.0,68217.64,0.0,0.0,0
5,CASH_OUT,154,157613.62,0.0,0.0,4386993.23,4544606.85,0
5,CASH_OUT,133,290437.47,13329.0,0.0,0.0,290437.47,0
5,PAYMENT,282,89.05,31950.0,31860.95,0.0,0.0,0
5,PAYMENT,236,1355.39,282261.95,280906.55,0.0,0.0,0
5,TRANSFER,202,839770.2,0.0,0.0,1822991.74,2662761.94,0
5,PAYMENT,19,14173.75,157756.68,143582.93,0.0,0.0,0
5,CASH_IN,302,16133.92,942.0,17075.92,2793521.13,2777387.21,0
5,CASH_OUT,324,60541.2,0.0,0.0,1350985.6,1411526.79,0
5,CASH_OUT,40,4093.77,313940.0,309846.23,220314.59,224408.36,0
5,CASH_OUT,695,249845.35,4674.39,0.0,15419097.45,15668942.8,0
5,CASH_IN,348,191934.55,22077.0,214011.55,0.0,0.0,0
5,TRANSFER,403,282160.47,66987.0,0.0,161231.31,443391.78,0
5,PAYMENT,379,4681.99,47982.58,43300.59,0.0,0.0,0
5,CASH_OUT,143,85168.37,0.0,0.0,317608.73,402777.1,0
5,PAYMENT,156,17710.11,1350053.71,1332343.61,0.0,0.0,0
5,CASH_OUT,379,95667.37,0.0,0.0,414307.5,300825.16,0
5,TRANSFER,279,10000000.0,20536624.41,10536624.41,0.0,0.0,1
5,CASH_OUT,47,604431.8,0.0,0.0,706182.79,1310614.59,0
5,CASH_OUT,372,131391.08,10845.0,0.0,0.0,131391.08,0
5,TRANSFER,299,870050.06,108127.34,0.0,4285482.15,5155532.2,0
5,CASH_OUT,333,223616.52,124161.0,0.0,16482.01,240098.53,0
5,CASH_OUT,14,85015.56,0.0,0.0,985750.28,1084039.34,0
5,CASH_OUT,393,82397.62,0.0,0.0,1089137.51,1171535.12,0
5,CASH_IN,403,211155.16,18846924.6,19058079.76,604184.68,393029.52,0
5,CASH_OUT,539,198888.16,198888.16,0.0,359018.15,557906.31,1
5,PAYMENT,41,14311.28,16214.41,1903.13,0.0,0.0,0
5,CASH_IN,278,4945.15,796836.46,801781.61,1519621.59,1514676.44,0
5,PAYMENT,284,1741.4,0.0,0.0,0.0,0.0,0
5,PAYMENT,17,10431.55,192287.36,181855.81,0.0,0.0,0
5,TRANSFER,632,82209.71,82209.71,0.0,0.0,0.0,1
5,CASH_IN,401,24927.74,104305.95,129233.69,376640.82,351713.09,0
5,PAYMENT,307,2893.75,31073.0,28179.25,0.0,0.0,0
5,PAYMENT,256,10654.62,0.0,0.0,0.0,0.0,0
5,TRANSFER,184,73486.8,73486.8,0.0,0.0,0.0,1
5,CASH_IN,258,434283.93,41160.0,475443.93,432059.97,0.0,0
5,CASH_OUT,203,205663.22,155.0,0.0,132867.28,338530.5,0
5,PAYMENT,133,18494.78,27999.0,9504.22,0.0,0.0,0
5,PAYMENT,308,11214.49,0.0,0.0,0.0,0.0,0
5,CASH_IN,252,126943.28,1589820.99,1716764.27,3705252.5,3578309.22,0
5,CASH_OUT,140,404077.66,0.0,0.0,9003632.4,9407710.06,0
5,CASH_OUT,38,71335.89,0.0,0.0,14095679.96,14167015.86,0
5,CASH_OUT,163,237472.07,86306.0,0.0,27936.5,265408.57,0
5,PAYMENT,347,50149.58,151502.0,101352.42,0.0,0.0,0
5,CASH_OUT,284,43031.46,5140.0,0.0,484124.81,527156.26,0
5,PAYMENT,378,4689.46,0.0,0.0,0.0,0.0,0
5,CASH_OUT,42,133600.3,0.0,0.0,277472.42,411072.72,0
5,CASH_OUT,131,786932.92,0.0,0.0,2158553.84,2945486.76,0
5,CASH_OUT,179,60432.78,496958.0,436525.22,62760.08,123192.86,0
5,CASH_IN,323,193010.91,1101760.41,1294771.31,1586809.23,1393798.32,0
5,CASH_IN,397,225850.29,6323467.28,6549317.57,3150755.84,2924905.55,0
5,CASH_OUT,349,104330.66,2125.0,0.0,20694.79,125025.45,0
5,TRANSFER,419,3118811.65,3118811.65,0.0,0.0,0.0,1
6,CASH_OUT,274,186012.33,0.0,0.0,531484.24,717496.58,0
6,CASH_IN,258,135926.1,1197851.14,1333777.24,3245766.67,3109840.57,0
6,CASH_IN,40,88655.1,6081.0,94736.1,3432861.88,3344206.78,0
6,CASH_IN,212,232320.27,40841.0,273161.27,78376.2,0.0,0
6,CASH_OUT,275,424711.36,82039.0,0.0,790121.5,1214832.86,0
6,CASH_OUT,327,458891.71,0.0,0.0,611528.77,1070420.48,0
6,PAYMENT,330,25469.37,0.0,0.0,0.0,0.0,0
6,PAYMENT,10,29637.93,50108.21,20470.28,0.0,0.0,0
6,CASH_IN,307,371932.87,274476.0,646408.87,103835.16,0.0,0
6,PAYMENT,120,10774.86,20607.0,9832.14,0.0,0.0,0
6,CASH_OUT,181,433631.6,0.0,0.0,704494.87,1138126.47,0
6,PAYMENT,307,22072.11,0.0,0.0,0.0,0.0,0
6,PAYMENT,188,2694.39,20746.0,18051.61,0.0,0.0,0
6,CASH_OUT,274,39874.11,696955.0,657080.89,0.0,39874.11,0
6,PAYMENT,281,4972.81,1058.0,0.0,0.0,0.0,0
6,CASH_OUT,43,171924.14,14767.0,0.0,0.0,171924.14,0
6,CASH_OUT,275,183025.22,0.0,0.0,2813216.16,2996241.37,0
6,TRANSFER,258,216647.7,0.0,0.0,1321424.59,1538072.28,0
6,CASH_OUT,134,215070.34,36175.0,0.0,0.0,215070.34,0
6,PAYMENT,305,27150.19,0.0,0.0,0.0,0.0,0
6,CASH_IN,378,45407.06,11685.0,57092.06,1068622.14,1023215.08,0
6,PAYMENT,255,5837.81,37615.62,31777.81,0.0,0.0,0
6,PAYMENT,34,3916.96,0.0,0.0,0.0,0.0,0
6,CASH_IN,158,186188.71,240737.0,426925.71,0.0,0.0,0
6,CASH_OUT,716,218904.22,31031.0,0.0,67067.76,285971.98,0
6,TRANSFER,260,396222.84,0.0,0.0,758683.1,1154905.94,0
6,CASH_OUT,404,324262.41,0.0,0.0,345384.68,669647.09,0
6,CASH_IN,398,452826.21,103411.0,556237.21,160612.6,0.0,0
6,CASH_OUT,355,60712.76,800.0,0.0,105809.6,166522.36,0
6,PAYMENT,203,6514.24,92596.56,86082.32,0.0,0.0,0
6,TRANSFER,39,203362.55,0.0,0.0,689612.76,892975.32,0
6,CASH_IN,257,282896.18,1415529.05,1698425.24,328608.48,45712.3,0
6,PAYMENT,255,7862.35,0.0,0.0,0.0,0.0,0
6,CASH_OUT,250,50442.49,0.0,0.0,516629.79,1035082.64,0
6,PAYMENT,306,22215.88,0.0,0.0,0.0,0.0,0
6,CASH_IN,185,191294.54,542.0,191836.54,0.0,0.0,0
6,CASH_IN,208,128208.11,9383800.51,9512008.62,1867423.8,1739215.7,0
6,CASH_OUT,278,6394.24,32615.0,26220.76,511127.01,517521.25,0
6,PAYMENT,280,17933.98,6787.56,0.0,0.0,0.0,0
6,CASH_OUT,313,124121.57,124121.57,0.0,413610.96,537732.53,1
6,CASH_OUT,349,117293.66,3820.0,0.0,198789.88,316083.54,0
6,TRANSFER,180,314508.27,126.0,0.0,1336039.47,1650547.74,0
6,PAYMENT,154,3619.65,0.0,0.0,0.0,0.0,0
6,TRANSFER,512,8991625.83,8991625.83,0.0,0.0,0.0,1
6,PAYMENT,374,39659.05,84649.0,44989.95,0.0,0.0,0
6,CASH_IN,307,40748.01,21058.0,61806.01,92467.41,51719.4,0
6,PAYMENT,670,5197.95,3382.0,0.0,0.0,0.0,0
6,CASH_IN,188,89648.48,12357487.04,12447135.52,1137952.26,1048303.78,0
6,CASH_OUT,348,71165.74,0.0,0.0,533820.15,604985.88,0
6,TRANSFER,197,486060.16,486060.16,0.0,0.0,0.0,1
6,CASH_OUT,50,967153.5,967153.5,0.0,183670.2,1150823.7,1
6,CASH_IN,17,264621.85,10892107.48,11156729.33,347718.49,83096.63,0
6,CASH_IN,571,107410.83,299389.0,406799.83,0.0,0.0,0
6,CASH_OUT,204,63179.06,810.0,0.0,227159.56,290338.62,0
6,CASH_OUT,227,144912.71,0.0,0.0,473936.16,618848.87,0
6,CASH_IN,278,176492.81,20232.0,196724.81,0.0,0.0,0
6,PAYMENT,44,3073.87,10365.0,7291.13,0.0,0.0,0
6,CASH_OUT,275,282670.75,0.0,0.0,1297205.13,1579875.87,0
6,PAYMENT,14,20149.1,216.0,0.0,0.0,0.0,0
6,CASH_OUT,387,10000000.0,10000000.0,0.0,109827.22,10109827.22,1
6,CASH_IN,40,43112.62,108776.0,151888.62,3028896.85,2985784.23,0
6,CASH_IN,403,142865.86,9116830.32,9259696.18,179715.3,36849.44,0
6,CASH_OUT,256,192428.27,0.0,0.0,1373884.5,1566312.77,0
6,PAYMENT,284,18303.68,0.0,0.0,0.0,0.0,0
6,CASH_OUT,478,829286.58,829286.58,0.0,178393.69,1007680.27,1
6,PAYMENT,525,13733.69,99970.0,86236.31,0.0,0.0,0
6,PAYMENT,354,5388.16,0.0,0.0,0.0,0.0,0
6,PAYMENT,21,3930.93,782705.44,778774.51,0.0,0.0,0
6,TRANSFER,399,968733.08,0.0,0.0,7257796.2,8226529.27,0
6,CASH_IN,276,99446.39,2690938.95,2790385.35,227723.88,128277.49,0
6,TRANSFER,137,280784.38,0.0,0.0,829955.81,1110740.19,0
6,TRANSFER,641,19646.09,19646.09,0.0,0.0,0.0,1
6,TRANSFER,211,71492.74,49531.0,0.0,0.0,71492.74,0
6,CASH_OUT,324,102067.71,72307.33,0.0,3260796.52,3362864.23,0
6,CASH_IN,130,19019.98,11492.0,30511.98,5671090.19,5652070.22,0
6,CASH_OUT,161,408773.66,192491.53,0.0,489246.79,898020.45,0
6,CASH_OUT,52,969259.07,969259.07,0.0,85723.45,1054982.52,1
6,PAYMENT,164,9643.13,229734.0,220090.87,0.0,0.0,0
6,CASH_IN,19,123802.3,5200297.16,5324099.46,8828825.96,8705023.66,0
6,CASH_OUT,252,151951.71,0.0,0.0,2370753.46,2522705.17,0
6,PAYMENT,133,13485.7,3705.0,0.0,0.0,0.0,0
6,PAYMENT,302,33409.76,0.0,0.0,0.0,0.0,0
6,CASH_IN,325,242975.7,3702548.05,3945523.75,353480.41,110504.71,0
6,PAYMENT,276,463.67,86192.0,85728.33,0.0,0.0,0
6,PAYMENT,351,4449.09,903723.36,899274.26,0.0,0.0,0
6,CASH_IN,617,194845.63,930934.83,1125780.46,680566.56,485720.93,0
6,TRANSFER,202,534863.18,0.0,0.0,1460624.59,1995487.78,0
6,CASH_OUT,307,274702.77,9705.0,0.0,0.0,274702.77,0
6,CASH_OUT,258,196107.67,0.0,0.0,435612.51,631720.18,0
6,PAYMENT,400,16307.3,8950.0,0.0,0.0,0.0,0
6,CASH_OUT,379,96691.72,0.0,0.0,2992162.7,3088854.42,0
6,CASH_IN,45,154257.56,50187.0,204444.56,0.0,0.0,0
6,PAYMENT,14,2415.86,20949.0,18533.14,0.0,0.0,0
6,PAYMENT,258,4944.56,0.0,0.0,0.0,0.0,0
6,PAYMENT,9,6877.74,34968.24,28090.5,0.0,0.0,0
6,CASH_OUT,691,116636.06,116636.06,0.0,0.0,116636.06,1
6,PAYMENT,355,20608.29,104756.22,84147.93,0.0,0.0,0
6,CASH_OUT,520,103973.17,13591.0,0.0,247261.86,351235.03,0
6,CASH_OUT,156,229807.49,0.0,0.0,608061.86,837869.35,0
6,CASH_OUT,17,42564.25,8012.0,0.0,0.0,42564.25,0
6,CASH_IN,402,185709.73,525992.0,711701.73,258770.86,73061.13,0
6,PAYMENT,155,23782.39,0.0,0.0,0.0,0.0,0
6,CASH_OUT,282,70321.32,0.0,0.0,7466819.97,7537141.29,0
6,CASH_IN,135,140462.05,4557256.33,4697718.38,163996.27,23534.22,0
6,PAYMENT,10,7746.81,3523575.44,3515828.64,0.0,0.0,0
6,CASH_OUT,335,52505.67,0.0,0.0,660356.66,712862.34,0
6,CASH_IN,274,204049.42,10884993.55,11089042.97,554896.99,350847.57,0
6,TRANSFER,687,955633.95,13198.0,0.0,112593.87,1068227.82,0
6,CASH_OUT,132,122012.77,27947.0,0.0,4539.59,126552.36,0
6,TRANSFER,714,1262207.3,1262207.3,0.0,0.0,0.0,1
6,PAYMENT,238,13426.52,57422.0,43995.48,0.0,0.0,0
6,CASH_OUT,419,210121.75,0.0,0.0,258852.61,468974.37,0
6,CASH_IN,329,120495.71,146072.0,266567.71,0.0,0.0,0
6,CASH_IN,397,31675.25,11424195.02,11455870.28,3162968.28,3131293.02,0
6,PAYMENT,209,550.73,5037.0,4486.27,0.0,0.0,0
6,PAYMENT,303,7245.75,330.0,0.0,0.0,0.0,0
6,CASH_OUT,331,160774.07,47898.0,0.0,95018.19,255792.26,0
6,TRANSFER,260,631444.9,30001.0,0.0,0.0,631444.9,0
6,CASH_OUT,64,1814483.97,1814483.97,0.0,0.0,1814483.97,1
6,PAYMENT,236,5418.24,0.0,0.0,0.0,0.0,0
6,TRANSFER,37,543107.38,0.0,0.0,3134955.87,3678063.26,0
6,CASH_IN,233,147757.12,11095257.82,11243014.94,191786.21,198323.48,0
6,CASH_OUT,334,223367.63,1349.22,0.0,393615.32,616982.95,0
6,PAYMENT,670,3241.59,457678.0,454436.41,0.0,0.0,0
6,PAYMENT,355,19528.11,0.0,0.0,0.0,0.0,0
6,CASH_OUT,228,89307.0,0.0,0.0,279885.22,369192.22,0
6,CASH_IN,403,277560.93,6072519.5,6350080.43,431255.68,153694.75,0
6,PAYMENT,227,28466.01,73694.55,45228.54,0.0,0.0,0
6,CASH_OUT,498,9593838.63,9593838.63,0.0,0.0,9593838.63,1
6,PAYMENT,19,1957.99,0.0,0.0,0.0,0.0,0
6,PAYMENT,253,141.88,0.0,0.0,0.0,0.0,0
6,CASH_OUT,308,243927.72,0.0,0.0,2819676.48,3063604.2,0
6,PAYMENT,203,15787.49,0.0,0.0,0.0,0.0,0
6,CASH_OUT,399,325381.3,0.0,0.0,841399.03,1166780.33,0
6,PAYMENT,687,1794.9,9727.0,7932.1,0.0,0.0,0
6,CASH_OUT,372,246441.07,0.0,0.0,371884.33,618325.4,0
6,TRANSFER,161,842048.27,20058.0,0.0,243845.0,1085893.27,0
6,CASH_OUT,483,3488355.65,3488355.65,0.0,177670.78,3666026.43,1
6,CASH_IN,249,134870.5,2070.0,136940.5,58916.92,0.0,0
6,PAYMENT,131,6771.52,0.0,0.0,0.0,0.0,0
6,PAYMENT,190,2328.56,20565.0,18236.44,0.0,0.0,0
6,CASH_IN,522,24795.11,927702.37,952497.48,202421.11,177626.0,0
6,CASH_IN,163,58184.26,6966266.84,7024451.1,230294.68,172110.42,0
6,CASH_IN,206,244587.68,26328211.84,26572799.51,2971998.0,2727410.33,0
6,CASH_OUT,207,112313.82,60951.0,0.0,813785.09,926098.92,0
6,PAYMENT,162,1525.14,0.0,0.0,0.0,0.0,0
6,PAYMENT,377,10089.62,10386.34,296.72,0.0,0.0,0
6,CASH_IN,357,185228.14,5066522.34,5251750.48,2321406.05,2136177.91,0
6,TRANSFER,36,1191229.19,0.0,0.0,1674340.03,2865569.22,0
6,PAYMENT,405,7900.75,0.0,0.0,0.0,0.0,0
6,TRANSFER,332,840508.07,1712.0,0.0,0.0,840508.07,0
6,CASH_OUT,137,203817.82,0.0,0.0,549360.93,753178.75,0
6,CASH_IN,322,132526.94,2056817.55,2189344.5,1656521.55,1523994.61,0
6,CASH_IN,442,45495.22,43140.0,88635.22,373709.57,328214.35,0
6,CASH_OUT,236,68291.65,0.0,0.0,183212.49,251504.14,0
6,TRANSFER,355,2825417.3,0.0,0.0,6876220.47,9701637.76,0
6,CASH_IN,307,117076.8,2310348.27,2427425.07,834955.99,717879.19,0
6,CASH_IN,331,24805.65,8390785.62,8415591.27,188354.81,163549.15,0
6,CASH_IN,297,64163.9,3284016.95,3348180.85,284764.63,220600.73,0
6,CASH_OUT,46,228336.25,199759.0,0.0,0.0,228336.25,0
6,PAYMENT,163,7628.54,36651.0,29022.46,0.0,0.0,0
6,CASH_OUT,37,237655.32,0.0,0.0,3045356.55,3283011.87,0
6,TRANSFER,506,1048100.0,1048100.0,0.0,0.0,0.0,1
6,CASH_OUT,253,178663.37,0.0,0.0,2894245.32,3072908.69,0
6,CASH_OUT,36,200717.11,0.0,0.0,1297386.2,1426940.76,0
6,CASH_OUT,15,135237.76,1201.0,0.0,72303.83,207541.59,0
6,PAYMENT,209,9313.59,0.0,0.0,0.0,0.0,0
6,CASH_OUT,305,8862.09,214065.7,205203.62,360238.88,369100.97,0
6,TRANSFER,653,598426.68,598426.68,0.0,0.0,0.0,1
6,CASH_OUT,346,169772.39,0.0,0.0,506566.79,676339.18,0
6,PAYMENT,400,57.22,2026.0,1968.78,0.0,0.0,0
6,CASH_OUT,37,202605.1,227961.0,25355.9,972096.41,1174701.5,0
6,CASH_OUT,396,555151.96,259424.0,0.0,205357.07,760509.03,0
6,CASH_OUT,138,116905.48,0.0,0.0,165325.24,282230.72,0
6,CASH_IN,8,33010.04,554428.3,587438.34,1035446.04,1178577.89,0
6,TRANSFER,331,1307535.08,0.0,0.0,1914715.0,3222250.08,0
6,PAYMENT,18,7610.37,0.0,0.0,0.0,0.0,0
6,CASH_OUT,139,121238.98,25374.0,0.0,117442.62,238681.59,0
6,PAYMENT,335,10657.95,37380.0,26722.05,0.0,0.0,0
6,CASH_OUT,39,277533.38,102134.0,0.0,596312.44,873845.81,0
6,PAYMENT,133,20410.53,0.0,0.0,0.0,0.0,0
6,CASH_OUT,234,310962.25,34830.0,0.0,0.0,310962.25,0
6,PAYMENT,42,14429.91,99630.0,85200.09,0.0,0.0,0
6,PAYMENT,161,11873.22,14365.0,2491.78,0.0,0.0,0
6,PAYMENT,139,20843.42,109861.61,89018.18,0.0,0.0,0
6,CASH_OUT,10,220372.63,325905.0,105532.37,6995151.89,6731868.52,0
6,CASH_OUT,690,301003.77,0.0,0.0,577669.57,878673.35,0
6,CASH_OUT,354,122358.15,0.0,0.0,5948530.05,6070888.2,0
6,PAYMENT,21,2352.26,0.0,0.0,0.0,0.0,0
6,CASH_OUT,352,65003.36,5500.0,0.0,0.0,65003.36,0
6,CASH_OUT,202,373586.72,244.0,0.0,440991.1,814577.82,0
6,CASH_OUT,347,373373.09,0.0,0.0,4804065.85,5177438.93,0
6,CASH_OUT,326,191694.94,0.0,0.0,411792.77,603487.71,0
6,CASH_OUT,298,51935.89,0.0,0.0,271818.83,323754.72,0
6,CASH_OUT,374,287057.04,22146.0,0.0,215423.14,502480.18,0
6,CASH_OUT,351,184133.23,36062.0,0.0,1143395.75,1327528.97,0
6,CASH_IN,191,86089.1,262426.72,348515.82,690320.48,604231.38,0
6,CASH_IN,44,176921.1,101089.0,278010.1,3710412.29,3533491.18,0
6,CASH_IN,15,387168.39,66896.0,454064.39,36912.1,0.0,0
6,PAYMENT,328,47591.62,37083.0,0.0,0.0,0.0,0
6,CASH_OUT,403,143619.55,29507.0,0.0,3549733.82,3693353.37,0
6,PAYMENT,398,13224.99,275216.67,261991.68,0.0,0.0,0
6,CASH_OUT,357,9138.52,18022.0,8883.48,0.0,9138.52,0
6,PAYMENT,394,19188.09,19950.0,761.91,0.0,0.0,0
6,PAYMENT,321,1965.59,26622.0,24656.41,0.0,0.0,0
6,CASH_IN,373,18.92,11884076.61,11884095.53,836433.46,836414.54,0
6,CASH_IN,18,133219.16,1746757.63,1879976.79,4521520.46,4388301.31,0
6,CASH_OUT,262,9424.34,0.0,0.0,278170.2,287594.54,0
6,CASH_IN,349,21548.42,3342566.85,3364115.27,1406757.1,1385208.68,0
6,TRANSFER,406,10000000.0,12426076.89,2426076.89,0.0,0.0,1
6,CASH_OUT,274,15824.93,6033.0,0.0,0.0,15824.93,0
6,CASH_IN,692,298637.15,9312.0,307949.15,0.0,0.0,0
6,CASH_OUT,189,2216703.82,2216703.82,0.0,643300.2,2860004.01,1
6,CASH_IN,156,152982.68,3896625.88,4049608.56,609835.71,456853.02,0
6,CASH_IN,38,106433.74,1925490.0,2031923.75,658121.03,551687.28,0
6,PAYMENT,17,9967.92,542120.94,532153.02,0.0,0.0,0
6,CASH_OUT,232,254287.65,27868.0,0.0,753101.57,1007389.22,0
6,PAYMENT,393,12115.15,145345.53,133230.38,0.0,0.0,0
6,PAYMENT,140,8692.94,8224.0,0.0,0.0,0.0,0
6,CASH_OUT,203,203460.03,0.0,0.0,732752.44,936212.46,0
6,CASH_OUT,214,222031.46,0.0,0.0,405263.6,627295.06,0
6,CASH_OUT,137,233574.03,44404.0,0.0,35785.28,0.0,0
6,PAYMENT,15,7118.54,0.0,0.0,0.0,0.0,0
6,PAYMENT,608,3119.19,449.0,0.0,0.0,0.0,0
6,PAYMENT,20,16628.08,0.0,0.0,0.0,0.0,0
6,CASH_OUT,177,647100.1,0.0,0.0,934324.62,1581424.72,0
6,CASH_OUT,348,236615.44,14529.0,0.0,0.0,236615.44,0
6,CASH_IN,420,199571.35,12005.0,211576.35,0.0,0.0,0
6,PAYMENT,478,11612.55,0.0,0.0,0.0,0.0,0
6,CASH_OUT,705,231243.83,17792.0,0.0,155112.36,386356.19,0
6,TRANSFER,664,64181.21,64181.21,0.0,0.0,0.0,1
6,TRANSFER,332,544160.73,0.0,0.0,40952964.4,41497125.13,0
6,CASH_OUT,203,153679.85,0.0,0.0,370234.51,656991.87,0
6,CASH_OUT,323,214484.27,0.0,0.0,3195728.02,3410212.29,0
6,CASH_OUT,324,74641.2,95.0,0.0,649545.54,724186.74,0
6,CASH_OUT,183,166217.13,0.0,0.0,669596.15,835813.28,0
6,CASH_IN,257,93282.86,5368.0,98650.86,0.0,0.0,0
6,PAYMENT,204,29676.12,0.0,0.0,0.0,0.0,0
6,PAYMENT,131,12727.39,19743.0,7015.61,0.0,0.0,0
6,CASH_OUT,20,87948.03,189908.0,101959.97,0.0,87948.03,0
6,CASH_OUT,649,733119.42,733119.42,0.0,2751163.93,3484283.35,1
6,PAYMENT,548,8713.47,10679.68,1966.21,0.0,0.0,0
6,CASH_OUT,380,114342.86,0.0,0.0,3306867.4,3421210.26,0
6,TRANSFER,190,10000000.0,10185510.21,185510.21,0.0,0.0,1
6,PAYMENT,229,3379.01,20385.0,17005.99,0.0,0.0,0
6,CASH_OUT,348,131625.33,0.0,0.0,365225.97,496851.29,0
6,PAYMENT,273,3301.08,210827.0,207525.92,0.0,0.0,0
6,PAYMENT,181,9278.41,42379.2,33100.8,0.0,0.0,0
6,CASH_IN,130,451637.5,7022.0,458659.5,0.0,0.0,0
6,CASH_IN,12,234200.35,11653.0,245853.35,0.0,0.0,0
6,TRANSFER,671,10000000.0,13441041.46,3441041.46,0.0,0.0,1
6,TRANSFER,400,5117490.46,0.0,0.0,5724991.62,10842482.08,0
6,PAYMENT,237,3405.68,52718.0,49312.32,0.0,0.0,0
6,PAYMENT,691,50358.64,0.0,0.0,0.0,0.0,0
6,CASH_OUT,489,934314.89,934314.89,0.0,0.0,934314.89,1
6,CASH_OUT,162,237075.1,0.0,0.0,396361.94,633437.04,0
6,CASH_OUT,271,5926745.36,5926745.36,0.0,2380392.38,8307137.74,1
6,PAYMENT,252,9172.8,0.0,0.0,0.0,0.0,0
6,CASH_OUT,235,33887.27,186241.07,152353.8,121258.87,155146.14,0
6,TRANSFER,153,23604.3,0.0,0.0,52264.64,75868.94,0
6,CASH_OUT,18,277512.58,26211.0,0.0,1348398.16,1625910.74,0
6,CASH_IN,277,35638.94,22575384.6,22611023.54,2366560.13,2330921.18,0
6,TRANSFER,355,451356.51,109909.57,0.0,4768939.66,5220296.18,0
6,CASH_IN,131,39957.74,20933.0,60890.74,0.0,0.0,0
6,CASH_OUT,259,295106.6,41794.0,0.0,393827.71,688934.32,0
6,PAYMENT,330,20546.62,25960.97,5414.34,0.0,0.0,0
6,CASH_IN,209,155043.38,943.0,155986.38,893409.64,738366.26,0
6,TRANSFER,139,863957.82,38688.0,0.0,4446027.18,5309985.0,0
6,CASH_OUT,158,374537.0,6050.0,0.0,231997.85,606534.84,0
6,PAYMENT,226,8058.52,35018.0,26959.48,0.0,0.0,0
6,CASH_OUT,35,454511.73,454511.73,0.0,140892.24,595403.98,1
6,TRANSFER,161,698805.41,1019.0,0.0,175794.3,874599.71,0
6,CASH_OUT,372,38551.1,0.0,0.0,1330445.38,1368996.48,0
6,CASH_OUT,347,390926.19,0.0,0.0,1165516.35,1556442.54,0
6,CASH_OUT,486,1290619.25,1290619.25,0.0,0.0,1290619.25,1
6,CASH_OUT,38,43051.92,70742.0,27690.08,87181.1,130233.02,0
6,PAYMENT,202,4692.82,13849.6,9156.79,0.0,0.0,0
6,CASH_OUT,35,16165.44,0.0,0.0,652511.93,668677.37,0
6,CASH_OUT,8,376851.78,0.0,0.0,2184937.35,2755264.61,0
6,CASH_OUT,379,126844.26,65498.0,0.0,1307543.12,1434387.38,0
6,PAYMENT,228,10584.92,143414.06,132829.14,0.0,0.0,0
6,CASH_OUT,402,65161.52,324744.0,259582.48,917719.26,982880.79,0
6,PAYMENT,393,40257.53,0.0,0.0,0.0,0.0,0
6,CASH_IN,563,135609.88,1533363.61,1668973.49,998332.71,862722.83,0
6,PAYMENT,158,38395.26,0.0,0.0,0.0,0.0,0
6,PAYMENT,400,1794.12,30135.0,28340.88,0.0,0.0,0
6,CASH_OUT,136,73351.46,0.0,0.0,2055768.32,2129119.77,0
6,CASH_OUT,34,158216.54,410.0,0.0,0.0,158216.54,0
6,CASH_OUT,17,41526.21,0.0,0.0,23757672.9,23799199.11,0
6,CASH_IN,324,47487.46,32343.0,79830.46,826647.58,779160.12,0
6,TRANSFER,258,333423.61,0.0,0.0,486048.47,819472.08,0
6,PAYMENT,258,16401.83,40782.0,24380.17,0.0,0.0,0
6,CASH_OUT,353,7897.32,218547.0,210649.68,197080.76,204978.08,0
6,CASH_IN,15,165071.54,11164742.36,11329813.9,280391.48,1007674.34,0
6,PAYMENT,187,179.4,0.0,0.0,0.0,0.0,0
6,TRANSFER,179,107407.66,20219.0,0.0,0.0,107407.66,0
6,CASH_OUT,40,440353.87,59921.02,0.0,515519.27,955873.14,0
6,CASH_OUT,259,139715.29,0.0,0.0,1228857.36,1368572.64,0
6,CASH_OUT,234,151793.59,70003.0,0.0,73735.56,225529.15,0
6,PAYMENT,204,1532.04,120951.0,119418.96,0.0,0.0,0
6,CASH_IN,164,137511.78,2851902.49,2989414.26,3626640.85,3489129.07,0
6,CASH_OUT,476,468599.79,468599.79,0.0,37278.5,505878.3,1
6,CASH_OUT,258,9707.73,85202.0,75494.27,513183.92,522891.65,0
6,PAYMENT,347,19071.81,0.0,0.0,0.0,0.0,0
6,CASH_OUT,514,65561.87,0.0,0.0,9301882.63,9367444.51,0
6,CASH_OUT,21,40622.62,0.0,0.0,2282297.96,2322920.58,0
6,CASH_IN,305,16558.12,4330763.8,4347321.92,2250165.91,2233607.79,0
6,TRANSFER,140,95867.87,16708.37,0.0,1667058.99,1762926.86,0
6,CASH_OUT,37,66664.43,0.0,0.0,159335.7,226000.13,0
6,PAYMENT,140,18071.66,77967.0,59895.34,0.0,0.0,0
6,CASH_OUT,227,292562.19,0.0,0.0,2014242.22,2306804.41,0
6,PAYMENT,235,24897.02,147536.0,122638.98,0.0,0.0,0
6,CASH_IN,355,166217.61,3809869.27,3976086.88,1728975.98,1562758.37,0
6,CASH_OUT,180,194256.45,0.0,0.0,508350.25,702606.7,0
6,CASH_OUT,203,213068.29,25351.0,0.0,329173.43,542241.73,0
6,CASH_IN,35,93948.48,1628399.19,1722347.67,221509.85,127561.38,0
6,TRANSFER,69,271731.05,271731.05,0.0,0.0,0.0,1
6,PAYMENT,694,13452.34,11576.0,0.0,0.0,0.0,0
6,TRANSFER,227,518839.2,0.0,0.0,649453.73,1168292.94,0
6,PAYMENT,165,3861.44,0.0,0.0,0.0,0.0,0
6,PAYMENT,235,4522.25,0.0,0.0,0.0,0.0,0
6,CASH_OUT,308,276615.01,14837.0,0.0,48304.66,324919.67,0
6,CASH_IN,396,276608.3,4708179.97,4984788.27,474516.18,197907.87,0
6,PAYMENT,235,8623.92,45027.0,36403.08,0.0,0.0,0
6,PAYMENT,179,11445.96,0.0,0.0,0.0,0.0,0
6,PAYMENT,129,10584.22,161.0,0.0,0.0,0.0,0
6,CASH_OUT,401,198037.29,198638.0,600.71,6599.65,204636.94,0
6,CASH_OUT,156,619836.33,619836.33,0.0,712633.49,1332469.82,1
6,PAYMENT,133,13022.29,165.0,0.0,0.0,0.0,0
6,CASH_IN,357,255189.77,2087720.28,2342910.05,303463.24,48273.47,0
6,PAYMENT,154,4337.02,15085.11,10748.09,0.0,0.0,0
6,CASH_OUT,299,129986.41,17176.0,0.0,68159.57,198145.99,0
6,TRANSFER,224,107351.33,107351.33,0.0,0.0,0.0,1
6,CASH_OUT,163,47252.32,90234.0,42981.68,4758768.03,4806020.35,0
6,PAYMENT,322,22077.57,0.0,0.0,0.0,0.0,0
6,PAYMENT,160,568.64,100751.0,100182.36,0.0,0.0,0
6,CASH_OUT,184,214099.57,0.0,0.0,316478.31,530577.88,0
6,CASH_OUT,236,135875.15,101674.0,0.0,25063.77,160938.92,0
6,CASH_OUT,201,11317.23,0.0,0.0,279096.97,290414.2,0
6,CASH_OUT,273,27059.86,27059.86,0.0,361553.44,388613.29,1
6,PAYMENT,130,5058.18,177388.0,172329.82,0.0,0.0,0
6,CASH_IN,303,366743.62,1302809.74,1669553.36,1587572.57,1220828.95,0
6,CASH_OUT,259,292867.3,0.0,0.0,1256087.87,1548955.17,0
6,CASH_IN,228,16015.24,5292687.54,5308702.78,341197.28,325182.04,0
6,PAYMENT,210,11313.78,0.0,0.0,0.0,0.0,0
6,PAYMENT,40,10868.94,498779.31,487910.37,0.0,0.0,0
6,CASH_IN,347,137050.18,84160.0,221210.18,139329.13,2278.95,0
6,TRANSFER,46,124801.06,0.0,0.0,5274092.74,5398893.8,0
6,CASH_OUT,226,24854.97,1257.0,0.0,1788075.97,1812930.94,0
6,PAYMENT,329,19174.34,104093.0,84918.66,0.0,0.0,0
6,CASH_IN,252,199614.65,15667411.68,15867026.33,448291.21,248676.57,0
6,CASH_IN,352,224266.54,95368.65,319635.19,1545485.04,1321218.5,0
6,CASH_IN,138,201569.11,1395.0,202964.11,573317.53,371748.42,0
6,CASH_OUT,256,137838.56,0.0,0.0,398445.0,536283.56,0
6,CASH_OUT,207,154401.09,0.0,0.0,953625.85,1108026.93,0
6,TRANSFER,692,516644.01,0.0,0.0,1167138.14,1683782.15,0
6,CASH_IN,155,9745.72,3599064.58,3608810.29,83051.0,40903.21,0
6,CASH_OUT,32,604933.67,604933.67,0.0,35839.7,640773.38,1
6,CASH_OUT,137,303352.37,413.0,0.0,0.0,303352.37,0
6,TRANSFER,528,501101.41,501101.41,0.0,0.0,0.0,1
6,PAYMENT,540,10832.94,9074.0,0.0,0.0,0.0,0
6,PAYMENT,400,3989.73,0.0,0.0,0.0,0.0,0
6,CASH_IN,19,134292.11,3014728.78,3149020.9,389042.18,254750.06,0
6,CASH_OUT,546,4261.21,0.0,0.0,258873.58,263134.79,0
6,PAYMENT,11,3849.93,0.0,0.0,0.0,0.0,0
6,CASH_IN,394,29472.9,26151790.71,26181263.61,3492481.47,3463008.57,0
6,PAYMENT,407,4012.5,0.0,0.0,0.0,0.0,0
6,CASH_IN,140,275662.75,50419.0,326081.75,4359858.33,4084195.58,0
6,CASH_OUT,348,110170.05,0.0,0.0,253299.57,363469.62,0
6,PAYMENT,94,26182.89,0.0,0.0,0.0,0.0,0
6,CASH_IN,322,176929.01,1990621.21,2167550.22,461974.44,285045.42,0
6,PAYMENT,16,2034.6,0.0,0.0,0.0,0.0,0
6,PAYMENT,308,6476.62,0.0,0.0,0.0,0.0,0
6,PAYMENT,385,633.95,28690.0,28056.05,0.0,0.0,0
6,CASH_OUT,154,348172.19,16081.0,0.0,447891.65,796063.83,0
6,CASH_IN,249,204503.45,2499233.93,2703737.38,7033892.05,6829388.6,0
6,CASH_OUT,345,98180.27,29907.0,0.0,59516.25,157696.52,0
6,CASH_OUT,38,410629.51,589137.54,178508.03,9106763.67,9517393.19,0
6,CASH_OUT,188,64356.63,0.0,0.0,110949.4,175306.02,0
6,PAYMENT,309,14128.31,110272.0,96143.69,0.0,0.0,0
6,TRANSFER,274,49210.21,49210.21,0.0,0.0,0.0,1
6,CASH_OUT,332,71329.81,9441.0,0.0,149297.94,220627.75,0
6,PAYMENT,375,8381.5,0.0,0.0,0.0,0.0,0
6,TRANSFER,398,1424400.32,0.0,0.0,2772015.88,4196416.2,0
6,PAYMENT,404,4076.93,16151.0,12074.07,0.0,0.0,0
6,TRANSFER,398,693396.87,0.0,0.0,6893560.06,7586956.93,0
6,PAYMENT,642,3801.49,551.0,0.0,0.0,0.0,0
6,PAYMENT,330,19712.17,12430.0,0.0,0.0,0.0,0
6,CASH_OUT,213,270069.55,115341.0,0.0,386928.76,656998.31,0
6,TRANSFER,181,718656.56,0.0,0.0,786070.25,1504726.8,0
6,CASH_OUT,282,74648.06,0.0,0.0,8177853.18,8252501.24,0
6,CASH_OUT,525,86539.57,0.0,0.0,488750.12,575289.69,0
6,CASH_IN,401,29391.72,607418.17,636809.89,195379.99,165988.27,0
6,PAYMENT,257,14129.54,147902.94,133773.4,0.0,0.0,0
6,CASH_OUT,43,150191.83,0.0,0.0,5382485.2,5532677.03,0
6,CASH_OUT,330,40388.58,40388.58,0.0,6981191.23,7021579.81,1
6,CASH_IN,227,19776.69,2253530.11,2273306.8,707295.98,687519.29,0
6,CASH_OUT,227,252749.74,0.0,0.0,1035289.28,1421294.8,0
6,CASH_IN,205,60252.84,1349692.67,1409945.51,441362.78,381109.95,0
6,CASH_OUT,179,127091.94,215620.97,88529.03,2764221.69,2891313.63,0
6,CASH_IN,493,169217.85,2216585.33,2385803.18,171915.27,2697.42,0
6,CASH_IN,324,268380.43,1716192.68,1984573.11,657132.33,388751.9,0
6,CASH_OUT,326,100562.83,0.0,0.0,405314.59,505877.42,0
6,CASH_OUT,132,260082.23,99878.0,0.0,0.0,260082.23,0
6,CASH_OUT,36,131622.56,283.0,0.0,83664.98,215287.54,0
6,CASH_IN,303,107344.08,40493.0,147837.08,704078.02,596733.94,0
6,CASH_IN,400,291580.43,34038.0,325618.43,216425.78,0.0,0
6,PAYMENT,12,13658.66,5008.0,0.0,0.0,0.0,0
6,TRANSFER,344,2231580.5,2231580.5,0.0,0.0,0.0,1
6,CASH_IN,249,96859.0,4327065.3,4423924.29,156077.14,59218.15,0
6,PAYMENT,402,20864.27,42735.48,21871.21,0.0,0.0,0
6,CASH_OUT,548,280359.5,0.0,0.0,1764485.14,2044844.65,0
6,PAYMENT,227,5718.29,0.0,0.0,0.0,0.0,0
6,TRANSFER,375,3724.3,3724.3,0.0,0.0,0.0,1
6,PAYMENT,287,14314.85,117159.6,102844.75,0.0,0.0,0
6,CASH_OUT,431,3718503.37,3718503.37,0.0,4365225.42,8083728.79,1
6,PAYMENT,8,8029.3,10594.0,2564.7,0.0,0.0,0
6,PAYMENT,130,3658.78,0.0,0.0,0.0,0.0,0
6,CASH_IN,215,315756.36,1093796.03,1409552.39,607728.26,291971.9,0
6,CASH_IN,492,482619.66,69063.0,551682.66,17475.83,0.0,0
6,PAYMENT,404,7863.95,0.0,0.0,0.0,0.0,0
6,TRANSFER,286,97091.24,97091.24,0.0,0.0,0.0,1
6,CASH_IN,231,120176.66,5576114.16,5696290.82,3322140.6,3201963.94,0
6,CASH_IN,206,46139.22,3095214.2,3141353.42,583381.3,537242.08,0
6,CASH_OUT,19,163962.51,0.0,0.0,367400.1,176908.78,0
6,PAYMENT,201,3310.35,140749.0,137438.65,0.0,0.0,0
6,CASH_IN,160,294677.81,20233.0,314910.81,196316.33,0.0,0
6,TRANSFER,284,148883.97,464.0,0.0,0.0,148883.97,0
6,CASH_OUT,188,223281.55,0.0,0.0,1709466.46,1932748.01,0
6,CASH_IN,592,299457.05,104009.0,403466.05,0.0,0.0,0
6,CASH_IN,256,256664.0,6756244.1,7012908.09,6471127.16,6214463.16,0
6,CASH_OUT,299,298436.96,299913.0,1476.04,98969.84,397406.81,0
6,TRANSFER,359,155031.54,72442.5,0.0,312835.36,467866.9,0
6,PAYMENT,261,8673.49,498.0,0.0,0.0,0.0,0
6,CASH_IN,355,402861.61,48826.0,451687.61,51930.22,0.0,0
6,PAYMENT,323,35752.34,22547.0,0.0,0.0,0.0,0
6,CASH_OUT,540,342970.95,342970.95,0.0,660948.23,1003919.18,1
6,CASH_OUT,397,462503.84,20013.0,0.0,0.0,462503.84,0
6,PAYMENT,251,10341.49,322116.72,311775.23,0.0,0.0,0
6,CASH_IN,346,6780.81,71075.0,77855.81,0.0,0.0,0
6,CASH_OUT,379,72363.63,605562.0,533198.37,3726527.89,3798891.52,0
6,CASH_IN,33,403865.28,244374.0,648239.28,911736.55,571802.62,0
6,CASH_OUT,408,47981.59,50583.0,2601.41,42594.24,90575.82,0
6,CASH_IN,253,251081.41,40687.0,291768.41,2524853.79,2304476.24,0
6,TRANSFER,379,253117.78,21160.0,0.0,101849.8,354967.59,0
6,CASH_IN,164,2045.09,268577.0,270622.09,24518545.27,24516500.18,0
6,TRANSFER,355,189351.66,123.0,0.0,13379981.53,13569333.19,0
6,PAYMENT,275,20523.01,6745.38,0.0,0.0,0.0,0
6,PAYMENT,155,6019.84,381692.81,375672.98,0.0,0.0,0
6,PAYMENT,304,682.83,0.0,0.0,0.0,0.0,0
6,CASH_OUT,43,137276.0,72359.0,0.0,3198504.78,3335780.79,0
6,CASH_IN,253,147571.5,10063214.17,10210785.67,906869.82,759298.33,0
6,TRANSFER,326,1262344.09,15480.0,0.0,1716538.02,2978882.11,0
6,CASH_OUT,40,145649.66,0.0,0.0,3042455.47,3188105.13,0
6,CASH_OUT,307,234551.48,24709.0,0.0,15971.57,250523.06,0
6,PAYMENT,179,6400.44,23866.0,17465.57,0.0,0.0,0
6,CASH_OUT,257,98749.05,117435.0,18685.95,149491.97,248241.02,0
6,PAYMENT,35,1484.63,34354.53,32869.9,0.0,0.0,0
6,PAYMENT,179,24299.58,10011.0,0.0,0.0,0.0,0
6,CASH_IN,404,62545.45,23553.0,86098.45,451285.84,388740.39,0
6,CASH_OUT,12,64923.16,0.0,0.0,359488.33,730035.22,0
6,CASH_IN,238,231241.06,9065061.6,9296302.66,5145710.54,4914469.48,0
6,CASH_OUT,302,265403.4,935761.41,670358.01,3219866.67,3485270.07,0
6,TRANSFER,33,251916.31,3110.0,0.0,42788.39,294704.7,0
6,PAYMENT,23,35863.17,0.0,0.0,0.0,0.0,0
6,PAYMENT,251,8494.86,338148.0,329653.14,0.0,0.0,0
6,CASH_IN,298,205689.96,1632950.81,1838640.76,267521.19,61831.23,0
6,PAYMENT,205,13170.36,24084.17,10913.81,0.0,0.0,0
6,PAYMENT,207,10065.17,17555.03,7489.86,0.0,0.0,0
6,CASH_OUT,134,397601.15,0.0,0.0,880594.3,1278195.45,0
6,CASH_OUT,230,17362.03,0.0,0.0,1571935.73,1589297.76,0
6,CASH_IN,183,131173.88,2218649.05,2349822.94,1231245.08,1100071.2,0
6,PAYMENT,372,3090.75,0.0,0.0,0.0,0.0,0
6,PAYMENT,299,2608.13,0.0,0.0,0.0,0.0,0
6,TRANSFER,208,379040.24,20694.32,0.0,2562498.49,2941538.74,0
6,CASH_OUT,37,136832.93,1081.0,0.0,887368.07,1024200.99,0
6,CASH_OUT,190,80016.6,0.0,0.0,1095048.45,1175065.05,0
6,PAYMENT,249,13468.67,51338.0,37869.33,0.0,0.0,0
6,PAYMENT,334,2650.75,10117.0,7466.25,0.0,0.0,0
6,CASH_OUT,130,104936.41,99108.0,0.0,0.0,104936.41,0
6,CASH_IN,282,15714.95,307.0,16021.95,0.0,0.0,0
6,PAYMENT,207,11378.94,0.0,0.0,0.0,0.0,0
6,CASH_OUT,162,1805.83,789.0,0.0,1902710.84,1904516.66,0
6,TRANSFER,381,940972.89,962464.48,21491.59,2639648.8,3580621.69,0
6,PAYMENT,282,13789.71,1157.0,0.0,0.0,0.0,0
6,PAYMENT,188,5259.03,60745.0,55485.97,0.0,0.0,0
6,CASH_OUT,236,112458.12,0.0,0.0,1143868.91,1256327.03,0
6,CASH_OUT,331,3298.53,23734.0,20435.47,93441.28,96739.81,0
6,TRANSFER,320,248409.56,248409.56,0.0,0.0,0.0,1
6,TRANSFER,638,5101855.95,5101855.95,0.0,0.0,0.0,1
6,PAYMENT,229,17606.71,20301.0,2694.29,0.0,0.0,0
6,PAYMENT,19,10067.23,202693.33,192626.1,0.0,0.0,0
6,CASH_OUT,594,326329.98,0.0,0.0,2242092.92,2568422.9,0
6,CASH_OUT,250,177465.16,0.0,0.0,368875.13,546340.28,0
6,PAYMENT,350,8381.42,0.0,0.0,0.0,0.0,0
6,CASH_IN,255,112632.74,106852.0,219484.74,122579.38,9946.64,0
6,CASH_OUT,202,32744.67,0.0,0.0,13082156.64,13114901.32,0
6,TRANSFER,349,731799.36,97108.0,0.0,92949.85,824749.21,0
6,CASH_OUT,325,10106.84,10231.0,124.16,0.0,10106.84,0
6,CASH_OUT,500,41471.77,112669.47,71197.69,2147580.26,2189052.04,0
7,PAYMENT,251,4417.89,5031.0,613.11,0.0,0.0,0
7,CASH_OUT,249,287774.74,0.0,0.0,3544755.78,3832530.52,0
7,TRANSFER,20,357395.39,0.0,0.0,470617.93,828013.32,0
7,PAYMENT,41,3065.98,190879.0,187813.02,0.0,0.0,0
7,CASH_OUT,308,28905.79,20009.0,0.0,359315.19,388220.98,0
7,PAYMENT,160,15109.75,0.0,0.0,0.0,0.0,0
7,TRANSFER,350,1733391.51,40896.0,0.0,6214115.27,7947506.78,0
7,CASH_OUT,395,420416.73,6723.0,0.0,245429.28,665846.01,0
7,PAYMENT,379,9046.61,0.0,0.0,0.0,0.0,0
7,PAYMENT,19,14669.8,124603.08,109933.29,0.0,0.0,0
7,CASH_OUT,154,209878.16,0.0,0.0,559918.61,769796.77,0
7,CASH_OUT,134,391197.49,0.0,0.0,1150734.81,1541932.3,0
7,CASH_IN,370,81643.48,254040.0,335683.48,189530.17,107886.69,0
7,CASH_IN,375,184126.14,4547311.21,4731437.35,3612085.04,3427958.9,0
7,PAYMENT,284,1055.83,0.0,0.0,0.0,0.0,0
7,CASH_OUT,207,107110.19,3870.0,0.0,1660192.61,1767302.8,0
7,PAYMENT,163,5653.48,32006.28,26352.8,0.0,0.0,0
7,CASH_IN,163,78704.08,4928911.57,5007615.65,2769143.09,2532113.55,0
7,CASH_IN,356,246522.41,63779.0,310301.41,0.0,0.0,0
7,CASH_OUT,233,183613.56,0.0,0.0,1096895.04,1280508.6,0
7,CASH_OUT,550,178122.74,6431.0,0.0,206791.99,384914.74,0
7,TRANSFER,2,7081.22,4932.75,0.0,38901.06,45982.28,0
7,PAYMENT,548,2156.84,0.0,0.0,0.0,0.0,0
7,PAYMENT,305,2685.57,3278.0,592.43,0.0,0.0,0
7,PAYMENT,17,6938.45,83785.7,76847.25,0.0,0.0,0
7,PAYMENT,140,42.88,123834.0,123791.12,0.0,0.0,0
7,PAYMENT,213,13194.67,14644.0,1449.33,0.0,0.0,0
7,CASH_IN,401,156107.09,4572526.81,4728633.9,3110572.26,2954465.17,0
7,CASH_IN,354,74103.52,11584.0,85687.52,267636.39,193532.87,0
7,CASH_OUT,1,235238.66,235238.66,0.0,0.0,235238.66,1
7,PAYMENT,305,1524.52,87361.0,85836.48,0.0,0.0,0
7,CASH_OUT,350,250726.92,0.0,0.0,267867.33,518594.25,0
7,CASH_OUT,301,64850.48,0.0,0.0,94836.52,159687.0,0
7,PAYMENT,18,5923.64,0.0,0.0,0.0,0.0,0
7,TRANSFER,553,244312.69,244312.69,0.0,0.0,0.0,1
7,PAYMENT,287,35086.04,0.0,0.0,0.0,0.0,0
7,CASH_OUT,401,127780.55,99787.0,0.0,1766772.84,1894553.38,0
7,CASH_IN,136,8209.75,3648460.09,3656669.84,56647.28,48437.53,0
7,PAYMENT,353,3782.8,0.0,0.0,0.0,0.0,0
7,CASH_IN,186,390443.58,7135727.45,7526171.03,5353340.22,4962896.64,0
7,PAYMENT,201,12841.39,562432.44,549591.05,0.0,0.0,0
7,CASH_OUT,282,91353.02,54827.0,0.0,3862470.33,3953823.35,0
7,CASH_IN,159,54542.75,583.0,55125.75,0.0,0.0,0
7,PAYMENT,406,20015.01,397699.06,377684.05,0.0,0.0,0
7,CASH_OUT,134,483525.95,302.0,0.0,0.0,483525.95,0
7,CASH_IN,280,90158.35,36090.0,126248.35,77653.69,0.0,0
7,PAYMENT,14,7839.69,1163454.05,1155614.36,0.0,0.0,0
7,CASH_OUT,203,27294.39,0.0,0.0,1248625.81,1275920.2,0
7,PAYMENT,215,3975.78,11444.93,7469.16,0.0,0.0,0
7,CASH_OUT,18,37756.77,15973.0,0.0,0.0,37756.77,0
7,PAYMENT,11,13156.12,30625.0,17468.88,0.0,0.0,0
7,CASH_IN,349,201352.85,726265.01,927617.86,1126594.57,925241.73,0
7,PAYMENT,379,15976.86,0.0,0.0,0.0,0.0,0
7,PAYMENT,157,2452.12,0.0,0.0,0.0,0.0,0
7,CASH_OUT,252,137234.36,49993.0,0.0,2613234.33,2750468.69,0
7,CASH_IN,373,197864.99,4168.0,202032.99,0.0,0.0,0
7,CASH_OUT,187,194892.38,11112.0,0.0,4048359.67,4243252.04,0
7,PAYMENT,540,7450.6,0.0,0.0,0.0,0.0,0
7,TRANSFER,156,182220.56,0.0,0.0,3339211.62,3521432.18,0
7,PAYMENT,334,3585.44,0.0,0.0,0.0,0.0,0
7,TRANSFER,40,7887.75,7887.75,0.0,0.0,0.0,1
7,CASH_OUT,140,224117.86,0.0,0.0,822024.37,1046142.23,0
7,CASH_OUT,492,183521.88,471439.0,287917.12,42701.76,226223.64,0
7,PAYMENT,42,14430.22,0.0,0.0,0.0,0.0,0
7,CASH_IN,201,128707.24,28253.0,156960.24,804112.96,675405.73,0
7,CASH_OUT,404,31972.35,0.0,0.0,1771877.3,1803849.65,0
7,CASH_OUT,90,39664.74,39664.74,0.0,0.0,39664.74,1
7,CASH_IN,302,273488.69,205482.0,478970.69,0.0,0.0,0
7,PAYMENT,183,1848.31,16512.55,14664.24,0.0,0.0,0
7,CASH_OUT,42,371516.16,0.0,0.0,1097741.53,1469257.69,0
7,PAYMENT,259,3788.95,377821.96,374033.0,0.0,0.0,0
7,TRANSFER,542,2674711.54,0.0,0.0,7983819.02,10658530.56,0
7,CASH_OUT,215,161548.32,0.0,0.0,2928184.94,3089733.25,0
7,PAYMENT,303,120349.57,102755.0,0.0,0.0,0.0,0
7,CASH_OUT,235,159468.74,107652.0,0.0,0.0,159468.74,0
7,CASH_IN,46,54580.85,133310.0,187890.85,215953.61,161372.76,0
7,PAYMENT,306,26412.33,0.0,0.0,0.0,0.0,0
7,CASH_OUT,375,62359.84,32259.0,0.0,10919481.42,10981841.26,0
7,PAYMENT,331,4593.63,0.0,0.0,0.0,0.0,0
7,CASH_IN,203,16425.58,1247.0,17672.58,1145745.0,1129319.42,0
7,CASH_OUT,229,274355.21,0.0,0.0,966498.46,1240853.67,0
7,PAYMENT,260,938.41,0.0,0.0,0.0,0.0,0
7,CASH_IN,160,266574.95,39797.0,306371.95,0.0,0.0,0
7,TRANSFER,530,387773.97,387773.97,0.0,0.0,0.0,1
7,PAYMENT,567,17989.98,100594.0,82604.02,0.0,0.0,0
7,PAYMENT,323,3503.16,0.0,0.0,0.0,0.0,0
7,CASH_OUT,322,12097.67,0.0,0.0,3615575.77,3627673.43,0
7,CASH_OUT,298,346592.03,10873.0,0.0,192377.37,538969.41,0
7,CASH_OUT,38,199372.44,10750.0,0.0,0.0,199372.44,0
7,CASH_OUT,377,125671.66,17251.0,0.0,0.0,125671.66,0
7,TRANSFER,399,183560.74,10339.0,0.0,666940.43,850501.17,0
7,CASH_IN,179,186611.46,18306.0,204917.46,220486.13,33874.67,0
7,CASH_OUT,228,49644.09,0.0,0.0,271683.7,321327.8,0
7,TRANSFER,690,343429.34,343429.34,0.0,0.0,0.0,1
7,PAYMENT,394,30007.06,0.0,0.0,0.0,0.0,0
7,PAYMENT,10,16890.96,377772.1,360881.14,0.0,0.0,0
7,CASH_OUT,35,169883.11,21057.0,0.0,2643411.84,2879109.1,0
7,CASH_IN,325,177222.58,27695.91,204918.49,479831.85,454470.09,0
7,CASH_OUT,213,166961.63,152201.63,0.0,0.0,166961.63,0
7,PAYMENT,352,29146.64,11057.0,0.0,0.0,0.0,0
7,CASH_IN,405,36517.12,1482.0,37999.12,320473.98,283956.86,0
7,TRANSFER,235,136933.7,0.0,0.0,9647750.29,9784683.99,0
7,PAYMENT,94,45902.79,0.0,0.0,0.0,0.0,0
7,CASH_OUT,298,146305.63,0.0,0.0,339609.2,485914.84,0
7,TRANSFER,201,2477661.97,2477661.97,0.0,0.0,0.0,1
7,PAYMENT,225,23075.11,0.0,0.0,0.0,0.0,0
7,CASH_OUT,329,159395.14,0.0,0.0,1007151.28,1166546.42,0
7,CASH_OUT,205,33632.02,0.0,0.0,550080.46,583712.48,0
7,CASH_OUT,43,343757.14,0.0,0.0,2636957.67,2980714.81,0
7,CASH_OUT,138,244921.16,263278.0,18356.84,188148.01,433069.17,0
7,TRANSFER,129,129497.39,0.0,0.0,244724.24,374221.62,0
7,TRANSFER,366,1846748.79,1846748.79,0.0,0.0,0.0,1
7,TRANSFER,35,3192031.71,49949.0,0.0,452735.05,3644766.76,0
7,CASH_OUT,34,242377.01,0.0,0.0,4187598.91,4429975.92,0
7,PAYMENT,40,20954.3,70445.0,49490.7,0.0,0.0,0
7,CASH_OUT,280,41963.16,0.0,0.0,919577.47,961540.63,0
7,PAYMENT,43,37562.91,55059.0,17496.09,0.0,0.0,0
7,CASH_IN,299,124747.5,10387840.67,10512588.17,218154.06,93406.56,0
7,CASH_OUT,161,172925.07,2156.0,0.0,595694.86,768619.93,0
7,PAYMENT,15,4188.72,4614.16,425.45,0.0,0.0,0
7,CASH_IN,13,98335.04,2347521.62,2445856.66,2824981.22,2726646.18,0
7,CASH_OUT,15,596349.65,16771.0,0.0,59140.82,655490.47,0
7,CASH_OUT,283,75496.39,54027.0,0.0,236460.72,311957.11,0
7,PAYMENT,18,1909.04,6213.0,4303.96,0.0,0.0,0
7,CASH_IN,156,193895.68,2290603.9,2484499.59,2504037.06,2310141.38,0
7,PAYMENT,236,13874.11,371.0,0.0,0.0,0.0,0
7,CASH_IN,203,154683.14,25945555.92,26100239.06,2952723.75,2798040.61,0
7,CASH_OUT,209,58653.95,105607.0,46953.05,412.25,59066.2,0
7,CASH_OUT,232,268420.07,0.0,0.0,413377.39,681797.47,0
7,PAYMENT,157,24106.41,25299.0,1192.59,0.0,0.0,0
7,CASH_IN,347,12712.88,9513161.22,9525874.1,30930.57,18217.69,0
7,PAYMENT,252,3905.31,0.0,0.0,0.0,0.0,0
7,PAYMENT,238,13338.74,0.0,0.0,0.0,0.0,0
7,PAYMENT,40,11144.09,0.0,0.0,0.0,0.0,0
7,CASH_OUT,17,87793.99,0.0,0.0,163463.69,251257.68,0
7,CASH_OUT,187,80386.47,0.0,0.0,3272193.09,4628729.39,0
7,CASH_IN,329,48023.2,7164.0,55187.2,190580.73,142557.53,0
7,CASH_IN,249,218167.47,51051.0,269218.47,4998755.27,4780587.81,0
7,PAYMENT,276,12097.52,58608.0,46510.48,0.0,0.0,0
7,PAYMENT,39,9164.46,201588.3,192423.84,0.0,0.0,0
7,CASH_OUT,178,26699.63,0.0,0.0,1229064.29,1255763.92,0
7,CASH_OUT,212,191148.41,0.0,0.0,489285.28,680433.69,0
7,CASH_IN,16,373775.02,1064074.45,1437849.47,856918.97,483143.95,0
7,CASH_IN,211,189208.27,16510858.16,16700066.42,2541004.98,2277206.32,0
7,PAYMENT,280,8054.6,6060.0,0.0,0.0,0.0,0
7,CASH_OUT,235,175156.61,10123.0,0.0,45170.83,220327.44,0
7,PAYMENT,163,4810.46,4568.0,0.0,0.0,0.0,0
7,TRANSFER,426,56572.31,22199.0,0.0,122054.65,178626.96,0
7,CASH_IN,179,343777.82,9908127.12,10251904.93,845397.52,501619.7,0
7,PAYMENT,373,23130.75,148001.52,124870.77,0.0,0.0,0
7,CASH_IN,42,253663.22,11016646.02,11270309.24,862858.88,609195.66,0
7,CASH_IN,212,275910.3,2068660.88,2344571.18,1490935.17,978829.52,0
7,CASH_IN,236,27106.11,17544367.99,17571474.1,51972.21,24866.1,0
7,PAYMENT,352,6379.49,0.0,0.0,0.0,0.0,0
7,PAYMENT,206,2374.21,0.0,0.0,0.0,0.0,0
7,PAYMENT,352,6683.53,74957.0,68273.47,0.0,0.0,0
7,PAYMENT,302,21608.1,20000.72,0.0,0.0,0.0,0
7,CASH_OUT,256,71457.31,85480.08,14022.77,595057.6,666514.9,0
7,CASH_OUT,163,236577.66,95015.0,0.0,7399892.0,7636469.66,0
7,PAYMENT,305,50047.95,10973.0,0.0,0.0,0.0,0
7,CASH_OUT,20,125300.66,0.0,0.0,1004546.36,1352961.79,0
7,TRANSFER,613,327791.14,327791.14,0.0,0.0,0.0,1
7,PAYMENT,156,5287.34,152250.0,146962.66,0.0,0.0,0
7,TRANSFER,46,35016.23,35016.23,0.0,0.0,0.0,1
7,CASH_IN,396,459700.71,84818.86,544519.57,821711.48,362010.77,0
7,PAYMENT,304,24419.74,43936.86,19517.12,0.0,0.0,0
7,CASH_IN,130,176734.67,16247112.45,16423847.12,3396169.41,3219434.74,0
7,PAYMENT,404,10845.19,0.0,0.0,0.0,0.0,0
7,PAYMENT,253,8239.64,0.0,0.0,0.0,0.0,0
7,CASH_IN,186,4058.01,4614518.7,4618576.71,2234926.53,1882881.33,0
7,PAYMENT,354,13388.44,9789.0,0.0,0.0,0.0,0
7,TRANSFER,398,940811.61,0.0,0.0,6557672.71,7498484.31,0
7,PAYMENT,321,7681.69,0.0,0.0,0.0,0.0,0
7,CASH_OUT,18,208361.18,69773.0,0.0,1913663.36,2122024.54,0
7,TRANSFER,403,624728.33,0.0,0.0,1061920.33,1686648.66,0
7,CASH_IN,163,89584.31,110512.94,200097.25,405738.45,316154.14,0
7,PAYMENT,19,1897.78,0.0,0.0,0.0,0.0,0
7,TRANSFER,281,574072.72,574072.72,0.0,0.0,0.0,1
7,CASH_OUT,138,184779.79,0.0,0.0,1654636.25,1839416.04,0
7,CASH_OUT,18,80289.05,10359.0,0.0,0.0,80289.05,0
7,CASH_OUT,203,187183.26,17931.0,0.0,460028.96,647212.22,0
7,CASH_OUT,37,232282.4,0.0,0.0,252555.95,484838.35,0
7,CASH_OUT,385,189255.47,21180.28,0.0,347803.65,537059.12,0
7,CASH_IN,234,9812.35,3245201.1,3255013.46,1465942.74,1456130.39,0
7,TRANSFER,15,162469.35,0.0,0.0,10154671.71,10317141.06,0
7,PAYMENT,183,35939.42,0.0,0.0,0.0,0.0,0
7,CASH_IN,40,63508.61,1442396.58,1505905.19,2561627.23,2498118.62,0
7,CASH_OUT,22,1258956.71,1258956.71,0.0,4736010.72,5994967.43,1
7,TRANSFER,383,4961093.21,4961093.21,0.0,0.0,0.0,1
7,CASH_IN,347,60004.3,4716355.23,4776359.52,516755.01,456750.71,0
7,CASH_IN,406,299325.07,1369434.63,1668759.69,4213007.07,3913682.0,0
7,CASH_OUT,395,32658.24,0.0,0.0,67989.78,100648.02,0
7,CASH_OUT,162,36374.58,12229.0,0.0,0.0,36374.58,0
7,CASH_OUT,305,220598.53,0.0,0.0,1031223.4,1251821.94,0
7,PAYMENT,379,28226.89,1710.0,0.0,0.0,0.0,0
7,CASH_OUT,283,119298.1,58556.0,0.0,65802.2,185100.3,0
7,CASH_IN,154,191479.9,760017.34,951497.23,594321.57,402841.67,0
7,CASH_OUT,209,214131.64,222305.0,8173.36,251328.09,465459.74,0
7,PAYMENT,324,33506.24,162391.0,128884.76,0.0,0.0,0
7,CASH_IN,322,115946.92,2752959.34,2868906.26,999145.51,883198.59,0
7,CASH_IN,130,313811.66,115868.0,429679.66,7804259.36,8411392.61,0
7,CASH_IN,302,218090.52,3424714.95,3642805.47,1904819.19,1929138.23,0
7,PAYMENT,206,27542.55,0.0,0.0,0.0,0.0,0
7,CASH_IN,143,49802.05,10107724.23,10157526.28,287804.0,238001.95,0
7,CASH_IN,327,100530.09,52029.0,152559.09,63729.16,0.0,0
7,TRANSFER,522,188225.92,0.0,0.0,24670165.51,24858391.43,0
7,CASH_IN,20,124374.98,16927887.29,17052262.28,864641.79,1323841.98,0
7,CASH_OUT,36,222908.49,31454.44,0.0,2151236.94,2722382.31,0
7,CASH_OUT,595,76732.89,76732.89,0.0,337482.64,414215.54,1
7,PAYMENT,181,6759.81,0.0,0.0,0.0,0.0,0
7,CASH_OUT,203,206499.59,0.0,0.0,1222612.1,1429111.68,0
7,PAYMENT,136,20814.61,0.0,0.0,0.0,0.0,0
7,PAYMENT,43,17532.95,24248.0,6715.05,0.0,0.0,0
7,CASH_IN,162,241333.9,39993.0,281326.9,0.0,0.0,0
7,PAYMENT,10,8167.31,105690.0,97522.69,0.0,0.0,0
7,CASH_IN,209,137742.83,1775.0,139517.83,0.0,0.0,0
7,PAYMENT,164,29689.78,30224.0,534.22,0.0,0.0,0
7,PAYMENT,380,9788.81,0.0,0.0,0.0,0.0,0
7,CASH_OUT,352,2111475.81,2111475.81,0.0,0.0,2111475.81,1
7,CASH_IN,371,407744.05,1279.0,409023.05,0.0,0.0,0
7,CASH_IN,377,130091.18,5736712.07,5866803.26,1913941.16,1783849.98,0
7,TRANSFER,22,767512.62,0.0,0.0,1390825.43,2158338.05,0
7,PAYMENT,45,7823.42,77388.07,69564.65,0.0,0.0,0
7,PAYMENT,33,5744.59,183429.0,177684.41,0.0,0.0,0
7,TRANSFER,463,219300.76,219300.76,0.0,0.0,0.0,1
7,PAYMENT,169,4385.3,0.0,0.0,0.0,0.0,0
7,PAYMENT,182,13318.25,0.0,0.0,0.0,0.0,0
7,PAYMENT,351,4275.99,0.0,0.0,0.0,0.0,0
7,PAYMENT,283,4415.59,157465.0,153049.41,0.0,0.0,0
7,CASH_OUT,206,97813.18,0.0,0.0,384884.43,482697.61,0
7,PAYMENT,43,11802.81,4444.0,0.0,0.0,0.0,0
7,CASH_OUT,380,159891.01,0.0,0.0,940396.66,1100287.67,0
7,CASH_OUT,12,9860.81,0.0,0.0,1466225.34,1594710.01,0
7,PAYMENT,348,17014.79,0.0,0.0,0.0,0.0,0
7,PAYMENT,2,1150.36,41699.0,40548.64,0.0,0.0,0
7,CASH_OUT,183,41904.17,41416.0,0.0,1756877.64,1798781.81,0
7,CASH_OUT,315,5863.97,5863.97,0.0,0.0,5863.97,1
7,CASH_OUT,396,384862.93,131202.0,0.0,100679.81,485542.73,0
7,CASH_IN,327,143769.21,945307.62,1089076.83,3586873.78,3443104.56,0
7,PAYMENT,132,10349.3,0.0,0.0,0.0,0.0,0
7,CASH_IN,136,178750.83,21473.0,200223.83,3769992.14,3835152.78,0
7,CASH_OUT,395,96454.84,269724.85,173270.01,567673.0,664127.84,0
7,PAYMENT,134,14993.11,203230.0,188236.89,0.0,0.0,0
7,CASH_OUT,157,434772.58,26449.0,0.0,1101377.22,1536149.8,0
7,CASH_OUT,359,10000000.0,10000000.0,0.0,246819.58,10246819.58,1
7,PAYMENT,20,2359.43,4745.0,2385.57,0.0,0.0,0
7,PAYMENT,39,2918.76,223.34,0.0,0.0,0.0,0
7,PAYMENT,39,28725.48,130429.56,101704.08,0.0,0.0,0
7,PAYMENT,404,4242.82,741202.0,736959.18,0.0,0.0,0
7,PAYMENT,262,1734.5,14584.6,12850.1,0.0,0.0,0
7,CASH_OUT,249,247901.35,7232.0,0.0,283198.5,531099.86,0
7,CASH_OUT,301,408724.54,408724.54,0.0,0.0,408724.54,1
7,PAYMENT,129,13686.55,197643.13,183956.58,0.0,0.0,0
7,CASH_OUT,136,413815.94,300966.0,0.0,0.0,413815.94,0
7,CASH_OUT,234,251938.37,68136.0,0.0,0.0,251938.37,0
7,CASH_IN,18,448128.26,4524457.48,4972585.74,3437953.54,3398306.21,0
7,CASH_OUT,129,63697.57,0.0,0.0,243459.44,565635.75,0
7,PAYMENT,155,39802.21,0.0,0.0,0.0,0.0,0
7,CASH_IN,230,303851.13,1399488.36,1703339.5,2944306.32,2640455.19,0
7,CASH_IN,283,138727.93,11011.0,149738.93,135502.18,0.0,0
7,CASH_IN,378,146146.19,16148920.62,16295066.81,322535.57,176389.38,0
7,PAYMENT,21,5088.95,11791.0,6702.05,0.0,0.0,0
7,PAYMENT,167,3185.92,120.0,0.0,0.0,0.0,0
7,PAYMENT,207,5709.8,0.0,0.0,0.0,0.0,0
7,PAYMENT,179,1691.22,4578.0,2886.78,0.0,0.0,0
7,PAYMENT,371,5388.12,0.0,0.0,0.0,0.0,0
7,PAYMENT,185,11451.96,0.0,0.0,0.0,0.0,0
7,PAYMENT,253,4940.81,11182.0,6241.19,0.0,0.0,0
7,CASH_IN,377,230312.49,94723.0,325035.49,143455.27,0.0,0
7,PAYMENT,353,1039.22,0.0,0.0,0.0,0.0,0
7,CASH_OUT,324,4494.48,0.0,0.0,7488980.28,7493474.76,0
7,CASH_IN,351,245848.91,7829654.74,8075503.65,691285.52,445436.61,0
7,CASH_IN,359,342972.8,29708.0,372680.8,2280995.27,1938022.47,0
7,PAYMENT,332,7245.82,202159.0,194913.18,0.0,0.0,0
7,TRANSFER,95,33676.59,33676.59,0.0,0.0,0.0,1
7,TRANSFER,339,6515.64,6515.64,0.0,0.0,0.0,1
7,CASH_IN,129,510183.15,246866.8,757049.95,578859.97,68676.82,0
7,CASH_OUT,295,4531343.47,4531343.47,0.0,0.0,4531343.47,1
7,CASH_IN,478,53053.04,871474.35,924527.4,494158.38,441105.34,0
7,CASH_IN,180,158578.46,17609.0,176187.46,3169389.16,3010810.69,0
7,CASH_OUT,136,388568.32,0.0,0.0,704204.65,1092772.97,0
7,PAYMENT,38,22496.13,10096.0,0.0,0.0,0.0,0
7,TRANSFER,395,1379628.92,0.0,0.0,2668990.09,4048619.02,0
7,TRANSFER,179,766836.9,0.0,0.0,2416792.12,3183629.02,0
7,TRANSFER,36,277146.3,0.0,0.0,1030867.9,1308014.19,0
7,PAYMENT,525,17619.05,30883.0,13263.95,0.0,0.0,0
7,CASH_IN,135,116030.32,21231.0,137261.32,3170597.95,3054567.63,0
7,PAYMENT,254,21297.31,53079.0,31781.69,0.0,0.0,0
7,PAYMENT,163,6122.05,4.0,0.0,0.0,0.0,0
7,CASH_OUT,485,1425802.24,1425802.24,0.0,3978784.16,5404586.4,1
7,PAYMENT,304,1606.8,55270.0,53663.2,0.0,0.0,0
7,PAYMENT,332,12798.14,668.0,0.0,0.0,0.0,0
7,CASH_OUT,722,1158396.74,1158396.74,0.0,0.0,1158396.74,1
7,PAYMENT,208,11432.44,0.0,0.0,0.0,0.0,0
7,CASH_IN,160,52870.58,41463.98,94334.56,348061.4,295190.81,0
7,CASH_OUT,232,42963.69,11456.0,0.0,29444.73,72408.42,0
7,PAYMENT,43,2843.92,47976.0,45132.08,0.0,0.0,0
7,CASH_OUT,278,37212.44,106.0,0.0,4068612.58,4105825.02,0
7,CASH_IN,249,262369.16,5565422.36,5827791.52,1403579.57,1141210.41,0
7,CASH_OUT,349,398097.9,9962.0,0.0,62149.64,460247.54,0
7,TRANSFER,52,7484125.12,7484125.12,0.0,0.0,0.0,1
7,PAYMENT,328,6066.33,187.0,0.0,0.0,0.0,0
7,PAYMENT,185,26539.57,0.0,0.0,0.0,0.0,0
7,TRANSFER,377,56559.09,493.0,0.0,382436.69,438995.78,0
7,TRANSFER,132,832506.47,72234.83,0.0,1416246.15,2248752.62,0
7,TRANSFER,11,788601.67,0.0,0.0,1036282.79,2043652.23,0
7,PAYMENT,210,6285.34,28342.48,22057.14,0.0,0.0,0
7,CASH_IN,253,189259.24,2991622.8,3180882.04,262256.76,72997.51,0
7,CASH_IN,167,61423.61,15447.0,76870.61,0.0,0.0,0
7,PAYMENT,11,2713.4,11576.0,8862.6,0.0,0.0,0
7,PAYMENT,257,12517.42,118582.8,106065.38,0.0,0.0,0
7,CASH_OUT,36,241641.29,0.0,0.0,915257.19,1156898.48,0
7,CASH_OUT,279,10000000.0,10000000.0,0.0,0.0,10000000.0,1
7,TRANSFER,229,315073.83,25701.0,0.0,79812.0,394885.83,0
7,CASH_IN,370,1964.02,9497115.64,9499079.66,1096304.74,1094340.73,0
7,PAYMENT,40,16525.98,579.0,0.0,0.0,0.0,0
7,PAYMENT,22,17284.43,158174.04,140889.61,0.0,0.0,0
7,CASH_IN,544,320969.46,7601119.34,7922088.8,2204400.34,1883430.88,0
7,PAYMENT,284,2033.2,11063.0,9029.8,0.0,0.0,0
7,CASH_IN,186,272713.0,5829309.1,6102022.09,853824.68,61793.84,0
7,CASH_OUT,255,58931.83,0.0,0.0,513185.83,572117.66,0
7,CASH_IN,138,114528.06,79741.0,194269.06,40511.28,0.0,0
7,CASH_IN,305,49365.58,2324684.55,2374050.13,848686.9,799321.32,0
7,CASH_IN,10,349387.76,8043.0,357430.76,2161141.68,1811753.92,0
7,PAYMENT,203,9667.93,0.0,0.0,0.0,0.0,0
7,PAYMENT,402,29447.8,0.0,0.0,0.0,0.0,0
7,CASH_OUT,43,95971.32,19842.0,0.0,94482.1,190453.42,0
7,CASH_OUT,378,225392.21,93717.22,0.0,304334.84,529727.04,0
7,TRANSFER,93,315654.19,315654.19,0.0,0.0,0.0,1
7,PAYMENT,33,8262.6,0.0,0.0,0.0,0.0,0
7,TRANSFER,14,257997.13,41693.0,0.0,39560.29,467970.62,0
7,CASH_IN,544,276697.73,4653532.14,4930229.87,29874444.0,29597746.27,0
7,CASH_IN,347,109465.08,53792.0,163257.08,3794549.83,3685084.75,0
7,CASH_OUT,131,121999.97,0.0,0.0,2653568.74,2775568.71,0
7,PAYMENT,300,3797.62,0.0,0.0,0.0,0.0,0
7,CASH_OUT,403,41160.35,0.0,0.0,614726.06,655886.41,0
7,TRANSFER,234,159979.66,0.0,0.0,374844.99,534824.65,0
7,CASH_IN,162,11067.55,15600.0,26667.55,0.0,0.0,0
7,PAYMENT,17,8393.95,59859.48,51465.53,0.0,0.0,0
7,CASH_OUT,277,106022.6,217276.5,111253.9,1669983.5,1776006.1,0
7,CASH_IN,186,189216.65,64941.0,254157.65,0.0,0.0,0
7,TRANSFER,274,162827.9,0.0,0.0,328389.51,491217.41,0
7,TRANSFER,20,470426.46,0.0,0.0,1842349.55,2312776.01,0
7,PAYMENT,280,24317.58,0.0,0.0,0.0,0.0,0
7,CASH_OUT,400,345662.01,50908.0,0.0,181332.7,526994.71,0
7,CASH_IN,42,336229.73,5036403.6,5372633.34,5937798.99,5601569.25,0
7,CASH_OUT,331,52090.22,0.0,0.0,2533266.25,2585356.47,0
7,CASH_OUT,41,274691.01,436325.0,161633.99,0.0,274691.01,0
7,PAYMENT,376,1108.1,15973.0,14864.9,0.0,0.0,0
7,CASH_IN,301,40756.23,9049309.53,9090065.77,109583.44,68827.2,0
7,PAYMENT,44,373.39,0.0,0.0,0.0,0.0,0
7,TRANSFER,371,964490.59,0.0,0.0,17337346.62,18301837.22,0
7,CASH_OUT,257,252613.19,0.0,0.0,2544009.19,2796622.37,0
7,CASH_OUT,249,86749.53,0.0,0.0,1734661.62,1821411.15,0
7,CASH_OUT,302,35392.95,70416.0,35023.05,238833.03,274225.98,0
7,CASH_OUT,163,284410.05,14707.0,0.0,0.0,284410.05,0
7,CASH_IN,275,196196.17,10213521.63,10409717.81,3472239.95,3276043.77,0
7,CASH_OUT,133,382782.18,4884.0,0.0,0.0,382782.18,0
7,CASH_OUT,373,159439.32,16007.0,0.0,0.0,159439.32,0
7,CASH_OUT,234,146776.78,681.0,0.0,4210647.17,4357423.95,0
7,CASH_OUT,134,37081.01,4151.0,0.0,1539860.7,1576941.7,0
7,CASH_IN,11,301003.68,18778540.72,19079544.4,1619856.53,2675299.69,0
7,CASH_IN,185,30897.68,11390780.31,11421677.99,67027.25,36129.56,0
7,TRANSFER,743,850002.52,850002.52,0.0,0.0,0.0,1
7,PAYMENT,131,32733.59,34367.78,1634.19,0.0,0.0,0
7,CASH_OUT,277,90151.13,11045.0,0.0,31419.68,121570.81,0
7,CASH_OUT,253,216800.6,106118.0,0.0,127880.17,344680.77,0
7,PAYMENT,8,6493.09,2741492.44,2734999.35,0.0,0.0,0
7,PAYMENT,49,3950.16,31786.0,27835.84,0.0,0.0,0
7,CASH_IN,328,74970.63,80081.0,155051.63,358843.2,283872.56,0
7,CASH_IN,299,381288.17,11397703.46,11778991.62,562814.97,181526.8,0
7,CASH_OUT,182,134770.8,0.0,0.0,5965370.84,6100141.65,0
7,CASH_OUT,371,84152.84,15567.0,0.0,4274605.35,4358758.19,0
7,PAYMENT,255,13428.51,19963.0,6534.49,0.0,0.0,0
7,PAYMENT,187,732.58,21977.0,21244.42,0.0,0.0,0
7,PAYMENT,372,7429.23,0.0,0.0,0.0,0.0,0
7,CASH_IN,15,13620.92,8618736.18,8632357.1,2239982.91,2226361.99,0
7,PAYMENT,187,222.38,0.0,0.0,0.0,0.0,0
7,CASH_IN,403,248406.27,9026715.8,9275122.07,656146.55,407740.28,0
7,CASH_OUT,20,11994.08,96158.0,84163.92,802886.27,814880.35,0
7,CASH_IN,255,32708.16,568810.66,601518.82,107933.46,75225.3,0
7,TRANSFER,382,831383.38,0.0,0.0,1840697.2,2672080.58,0
7,PAYMENT,349,23271.75,0.0,0.0,0.0,0.0,0
7,PAYMENT,163,16840.8,101312.0,84471.2,0.0,0.0,0
7,PAYMENT,251,27275.81,378360.0,351084.19,0.0,0.0,0
7,CASH_OUT,34,116045.81,0.0,0.0,1911721.83,2027767.64,0
7,PAYMENT,398,9268.17,0.0,0.0,0.0,0.0,0
7,TRANSFER,331,2230720.98,0.0,0.0,6241242.95,8471963.93,0
7,PAYMENT,11,8271.04,0.0,0.0,0.0,0.0,0
7,CASH_OUT,257,224894.99,13733.0,0.0,50467.06,275362.05,0
7,CASH_OUT,393,60882.31,40117.0,0.0,26397.73,87280.03,0
7,TRANSFER,10,271789.92,0.0,0.0,5932140.81,6094988.88,0
7,CASH_IN,19,322635.24,2670034.13,2992669.37,904512.36,728926.74,0
7,CASH_OUT,37,29388.54,0.0,0.0,779033.77,808422.31,0
7,PAYMENT,180,5952.61,0.0,0.0,0.0,0.0,0
7,PAYMENT,252,41070.82,276500.0,235429.18,0.0,0.0,0
7,PAYMENT,617,3463.13,741919.55,738456.42,0.0,0.0,0
7,CASH_OUT,403,157493.85,20486.0,0.0,142591.56,300085.41,0
7,CASH_IN,258,89716.64,1045839.65,1135556.29,3479651.49,3389934.85,0
7,CASH_IN,43,44954.67,24073026.5,24117981.17,255906.26,210951.6,0
7,CASH_OUT,94,133639.94,46689.13,0.0,533159.61,666799.56,0
7,PAYMENT,42,2551.87,0.0,0.0,0.0,0.0,0
7,CASH_IN,330,297196.49,846.0,298042.49,216523.05,0.0,0
7,CASH_OUT,162,338746.97,0.0,0.0,368072.36,706819.33,0
7,CASH_IN,227,41937.48,5216073.06,5258010.54,46741.97,4804.49,0
7,CASH_IN,14,236715.08,1436.0,238151.08,0.0,0.0,0
7,CASH_OUT,300,379503.47,870521.0,491017.53,204091.19,583594.66,0
7,PAYMENT,255,9877.47,50106.0,40228.53,0.0,0.0,0
7,PAYMENT,404,754.67,385.0,0.0,0.0,0.0,0
7,CASH_OUT,144,102750.55,102750.55,0.0,473786.58,576537.12,1
7,TRANSFER,34,74503.41,0.0,0.0,2608297.86,2682801.27,0
7,CASH_OUT,378,255092.12,496778.0,241685.88,649186.62,904278.75,0
7,CASH_IN,229,67481.44,442112.27,509593.71,645469.02,577987.58,0
7,TRANSFER,141,207658.23,59605.0,0.0,1426447.11,1634105.34,0
7,PAYMENT,16,9325.2,0.0,0.0,0.0,0.0,0
7,CASH_IN,347,177416.78,418.0,177834.78,0.0,0.0,0
7,TRANSFER,45,155761.29,155761.29,0.0,0.0,0.0,1
7,CASH_OUT,130,198877.35,8408.0,0.0,0.0,198877.35,0
7,TRANSFER,630,17484.29,17484.29,0.0,0.0,0.0,1
7,CASH_IN,277,150308.2,3846125.14,3996433.34,476260.8,325952.6,0
7,PAYMENT,355,4745.38,0.0,0.0,0.0,0.0,0
7,TRANSFER,144,41334.35,639693.0,598358.65,77535.59,118869.94,0
7,CASH_OUT,299,312719.1,0.0,0.0,6396461.29,6709180.39,0
7,CASH_OUT,255,72788.16,0.0,0.0,571663.34,644451.5,0
7,TRANSFER,235,195355.66,0.0,0.0,239083.15,434438.81,0
7,CASH_OUT,398,210177.76,0.0,0.0,3012212.62,3222390.38,0
7,CASH_OUT,43,137812.83,0.0,0.0,1018423.13,1156235.96,0
7,PAYMENT,162,24264.52,336869.63,312605.11,0.0,0.0,0
7,CASH_OUT,35,254937.54,0.0,0.0,1746374.05,2001311.59,0
7,CASH_OUT,346,110282.55,21175.0,0.0,294828.37,405110.93,0
7,PAYMENT,429,34443.61,0.0,0.0,0.0,0.0,0
7,CASH_OUT,303,224547.5,0.0,0.0,2911858.3,3136405.8,0
7,CASH_OUT,256,332861.58,90120.0,0.0,1834790.93,2167652.51,0
7,PAYMENT,16,1844.0,0.0,0.0,0.0,0.0,0
7,CASH_IN,326,124949.52,12845710.97,12970660.5,243252.31,118302.78,0
7,TRANSFER,339,373531.87,373531.87,0.0,0.0,0.0,1
7,CASH_OUT,373,422466.89,3010.0,0.0,1242742.42,1665209.31,0
7,TRANSFER,330,135125.89,0.0,0.0,939288.15,1074414.03,0
7,CASH_OUT,397,53711.98,0.0,0.0,72136.75,125848.73,0
7,CASH_OUT,277,10720.42,0.0,0.0,33836.82,44557.24,0
7,CASH_OUT,404,254239.15,0.0,0.0,669883.66,924122.81,0
7,PAYMENT,371,21749.24,292771.0,271021.76,0.0,0.0,0
7,CASH_OUT,274,60768.16,100469.0,39700.84,0.0,60768.16,0
7,PAYMENT,399,27108.02,0.0,0.0,0.0,0.0,0
7,PAYMENT,16,25294.79,124196.0,98901.21,0.0,0.0,0
7,CASH_IN,186,188011.98,41.0,188052.98,42865.76,0.0,0
7,CASH_OUT,349,121107.37,65396.0,0.0,50509.98,171617.35,0
7,PAYMENT,282,4759.45,0.0,0.0,0.0,0.0,0
7,CASH_IN,129,106522.93,1630218.32,1736741.24,302224.12,195701.19,0
7,PAYMENT,312,10119.66,106852.0,96732.34,0.0,0.0,0
7,PAYMENT,43,3536.41,0.0,0.0,0.0,0.0,0
7,CASH_OUT,669,57658.26,57658.26,0.0,11688322.73,11745980.99,1
7,TRANSFER,15,606202.68,30619.0,0.0,509245.19,1115447.87,0
7,CASH_IN,332,191733.45,479916.78,671650.22,446085.75,254352.3,0
7,CASH_OUT,179,184644.4,0.0,0.0,11850802.77,11723707.43,0
7,TRANSFER,487,290145.5,0.0,0.0,1633499.75,1923645.25,0
7,TRANSFER,283,527823.06,0.0,0.0,1185321.89,1713144.95,0
7,TRANSFER,637,441298.3,4539.0,0.0,0.0,441298.3,0
7,PAYMENT,305,49026.3,0.0,0.0,0.0,0.0,0
7,CASH_IN,48,89543.42,3118681.58,3208224.99,246105.11,156561.69,0
7,CASH_OUT,263,145301.7,0.0,0.0,198347.45,343649.15,0
7,CASH_IN,208,83963.81,309651.0,393614.81,0.0,0.0,0
7,PAYMENT,39,18976.34,77849.09,58872.75,0.0,0.0,0
7,CASH_IN,185,483514.9,21067.0,504581.9,22939.98,0.0,0
7,CASH_OUT,308,294459.02,446.0,0.0,198937.32,493396.35,0
7,PAYMENT,300,7022.68,11574.09,4551.41,0.0,0.0,0
7,CASH_IN,326,251636.3,5091972.32,5343608.61,523724.11,272087.82,0
7,TRANSFER,692,163490.28,163490.28,0.0,0.0,0.0,1
7,CASH_IN,42,44401.77,31071.41,75473.17,544396.23,499994.47,0
7,CASH_OUT,346,541125.74,0.0,0.0,2527218.5,3068344.24,0
7,CASH_OUT,233,162347.08,21469.0,0.0,0.0,162347.08,0
7,CASH_OUT,181,310002.91,0.0,0.0,2343361.39,2653364.3,0
7,PAYMENT,275,8138.27,162636.46,154498.19,0.0,0.0,0
7,TRANSFER,495,58737.53,58737.53,0.0,0.0,0.0,1
7,PAYMENT,34,7205.09,0.0,0.0,0.0,0.0,0
7,TRANSFER,690,254523.1,0.0,0.0,795851.39,1050374.49,0
7,CASH_IN,544,195649.94,4002095.7,4197745.64,7594462.41,7398812.47,0
7,PAYMENT,142,14543.14,1720.0,0.0,0.0,0.0,0
7,TRANSFER,27,329937.88,329937.88,0.0,0.0,0.0,1
7,CASH_OUT,156,16363.89,345.0,0.0,5869708.24,5886072.13,0
7,CASH_IN,253,32613.06,49221.0,81834.06,0.0,0.0,0
7,CASH_OUT,661,135491.91,26362.0,0.0,2807128.89,2942620.8,0
7,CASH_OUT,371,100514.09,0.0,0.0,7561815.38,7662329.47,0
7,PAYMENT,180,1436.09,8769.0,7332.91,0.0,0.0,0
7,PAYMENT,188,6961.32,0.0,0.0,0.0,0.0,0
7,CASH_OUT,22,78210.84,9159.0,0.0,664596.89,742807.72,0
7,CASH_IN,185,68732.18,6510571.1,6579303.28,2052703.64,1983971.46,0
7,CASH_IN,262,120851.23,41278.0,162129.23,30202.18,0.0,0
7,PAYMENT,377,6731.54,11656.0,4924.46,0.0,0.0,0
7,CASH_OUT,180,239811.27,11259.0,0.0,140090.43,379901.71,0
7,CASH_OUT,12,111699.58,0.0,0.0,156553.19,207732.42,0
7,PAYMENT,352,19770.43,0.0,0.0,0.0,0.0,0
7,CASH_OUT,277,195412.83,12342.0,0.0,238022.44,433435.27,0
7,CASH_OUT,372,37604.93,29113.0,0.0,1297876.49,1335481.42,0
7,PAYMENT,394,33175.54,294803.29,261627.75,0.0,0.0,0
7,CASH_OUT,182,404326.22,0.0,0.0,4172210.53,4576536.75,0
7,PAYMENT,429,2913.57,39855.0,36941.43,0.0,0.0,0
7,PAYMENT,160,30984.83,362612.0,331627.17,0.0,0.0,0
7,CASH_OUT,394,15565.58,0.0,0.0,21527.0,0.0,0
7,CASH_OUT,643,44482.33,44482.33,0.0,0.0,44482.33,1
8,CASH_IN,40,242254.52,11866207.79,12108462.31,277617.92,35363.4,0
8,TRANSFER,190,58634.34,21046.0,0.0,95255.56,153889.9,0
8,TRANSFER,585,1298920.78,1298920.78,0.0,0.0,0.0,1
8,CASH_IN,34,440828.61,17435394.02,17876222.63,3304027.74,2863199.13,0
8,CASH_OUT,163,161550.67,0.0,0.0,284948.25,446498.92,0
8,CASH_OUT,132,28380.91,0.0,0.0,124840.23,153221.14,0
8,CASH_OUT,402,317180.2,8425.0,0.0,2612730.36,2929910.56,0
8,CASH_OUT,259,174641.08,0.0,0.0,2576970.92,2751612.01,0
8,PAYMENT,404,42038.56,0.0,0.0,0.0,0.0,0
8,CASH_OUT,537,26481.25,26481.25,0.0,1119942.48,1146423.73,1
8,PAYMENT,274,15335.19,0.0,0.0,0.0,0.0,0
8,CASH_OUT,167,168115.3,93673.0,0.0,199373.55,367488.85,0
8,PAYMENT,236,2914.8,0.0,0.0,0.0,0.0,0
8,PAYMENT,380,12906.45,0.0,0.0,0.0,0.0,0
8,CASH_IN,9,161668.97,1365541.94,1527210.91,3990355.28,3688112.67,0
8,CASH_OUT,371,7115.12,353310.0,346194.88,80613.23,87728.35,0
8,CASH_IN,334,148459.2,69901.28,218360.48,580632.13,432172.93,0
8,TRANSFER,139,689575.64,0.0,0.0,2209165.24,2898740.88,0
8,TRANSFER,6,10565.0,10565.0,0.0,0.0,0.0,1
8,PAYMENT,160,575.12,0.0,0.0,0.0,0.0,0
8,PAYMENT,406,26679.8,1085.0,0.0,0.0,0.0,0
8,CASH_OUT,326,249413.92,0.0,0.0,8016889.8,8266303.72,0
8,CASH_OUT,352,199684.68,104.0,0.0,43332.05,411963.22,0
8,CASH_OUT,705,83697.05,0.0,0.0,302761.74,386458.79,0
8,TRANSFER,692,503080.92,0.0,0.0,5648143.01,6151223.93,0
8,CASH_OUT,229,517051.92,119750.53,0.0,518189.38,1035241.3,0
8,PAYMENT,139,2606.2,188289.67,185683.47,0.0,0.0,0
8,PAYMENT,258,681.04,14614.85,13933.81,0.0,0.0,0
8,CASH_IN,9,63748.98,8944871.41,9008620.39,131839.0,0.0,0
8,PAYMENT,262,1947.89,20800.0,18852.11,0.0,0.0,0
8,TRANSFER,687,880755.21,0.0,0.0,1109873.63,1990628.84,0
8,CASH_IN,406,183058.63,4857635.16,5040693.79,822506.89,639448.26,0
8,CASH_OUT,6,25975.86,25975.86,0.0,98152.0,28041.27,1
8,CASH_IN,326,134242.48,6983079.11,7117321.58,149155.46,14912.98,0
8,PAYMENT,227,105002.46,150976.0,45973.54,0.0,0.0,0
8,PAYMENT,370,22004.67,0.0,0.0,0.0,0.0,0
8,CASH_IN,546,416311.6,1072043.89,1488355.49,934293.89,517982.3,0
8,CASH_OUT,235,188385.58,4560.0,0.0,445798.78,634184.36,0
8,CASH_OUT,249,51325.79,79110.0,27784.21,270239.34,321565.13,0
8,CASH_OUT,15,12805.12,0.0,0.0,1620756.47,1633561.59,0
8,TRANSFER,290,165368.59,165368.59,0.0,0.0,0.0,1
8,CASH_OUT,134,250960.1,0.0,0.0,2602342.39,2853302.49,0
8,CASH_OUT,187,72787.48,15669.0,0.0,0.0,72787.48,0
8,CASH_IN,370,675253.59,3195334.94,3870588.53,3523791.52,2848537.94,0
8,CASH_OUT,399,308098.62,47516.0,0.0,9218.24,317316.85,0
8,CASH_OUT,10,267016.23,0.0,0.0,7619455.62,8391833.18,0
8,PAYMENT,43,23340.04,0.0,0.0,0.0,0.0,0
8,CASH_OUT,253,346376.04,4540.0,0.0,0.0,346376.04,0
8,PAYMENT,164,1705.99,0.0,0.0,0.0,0.0,0
8,CASH_OUT,420,430722.59,430722.59,0.0,1630593.27,2061315.87,1
8,CASH_OUT,476,1146381.44,1146381.44,0.0,484779.21,1631160.65,1
8,CASH_OUT,247,76646.05,76646.05,0.0,0.0,76646.05,1
8,TRANSFER,599,1074.81,1074.81,0.0,0.0,0.0,1
8,CASH_IN,228,45843.1,7798524.96,7844368.06,162046.71,116203.61,0
8,CASH_OUT,227,309811.74,342442.0,32630.26,148571.75,458383.49,0
8,CASH_OUT,45,581762.57,0.0,0.0,898673.69,1480436.25,0
8,PAYMENT,15,11610.19,0.0,0.0,0.0,0.0,0
8,CASH_OUT,350,98506.41,105286.0,6779.59,133725.28,232231.68,0
8,CASH_IN,397,201376.97,77212.08,278589.05,580438.45,379061.49,0
8,DEBIT,264,1966.87,156.0,0.0,52673.58,54640.45,0
8,CASH_OUT,403,134931.0,0.0,0.0,1324760.69,1459691.68,0
8,TRANSFER,275,277849.82,15347.0,0.0,0.0,277849.82,0
8,PAYMENT,201,10576.06,165665.23,155089.16,0.0,0.0,0
8,CASH_IN,355,249391.55,10231957.71,10481349.26,5391992.78,5142601.23,0
8,CASH_IN,617,382024.16,11593.0,393617.16,1509468.17,1127444.01,0
8,CASH_IN,15,72830.62,3687254.7,3760085.32,91340.69,18510.07,0
8,CASH_OUT,283,116791.48,45362.0,0.0,11108588.4,11225379.88,0
8,CASH_OUT,259,100030.23,0.0,0.0,401901.72,501931.95,0
8,PAYMENT,594,8628.29,0.0,0.0,0.0,0.0,0
8,CASH_IN,276,326976.49,16376993.84,16703970.32,1291379.7,964403.21,0
8,CASH_OUT,17,195772.64,0.0,0.0,527315.59,894901.94,0
8,CASH_OUT,692,118673.87,0.0,0.0,147582.59,266256.46,0
8,CASH_OUT,349,3234.58,0.0,0.0,98777.72,102012.3,0
8,PAYMENT,133,6962.16,282583.26,275621.1,0.0,0.0,0
8,TRANSFER,739,156691.56,156691.56,0.0,0.0,0.0,1
8,TRANSFER,102,22025.14,22025.14,0.0,0.0,0.0,1
8,PAYMENT,130,907.49,22333.0,21425.51,0.0,0.0,0
8,CASH_IN,451,209334.91,1855.0,211189.91,52888.11,0.0,0
8,TRANSFER,630,728256.03,728256.03,0.0,0.0,0.0,1
8,PAYMENT,181,16944.63,29908.0,12963.37,0.0,0.0,0
8,PAYMENT,405,17552.32,59545.0,41992.68,0.0,0.0,0
8,CASH_OUT,140,94208.51,0.0,0.0,743544.27,837752.78,0
8,CASH_OUT,205,23835.64,0.0,0.0,1687780.56,1711616.21,0
8,TRANSFER,42,237481.43,0.0,0.0,416264.57,653746.0,0
8,CASH_IN,226,256508.84,20797.0,277305.84,0.0,0.0,0
8,PAYMENT,238,4107.14,10065.41,5958.26,0.0,0.0,0
8,CASH_IN,43,239374.72,8863815.74,9103190.45,2172849.95,1933475.23,0
8,CASH_OUT,102,656118.37,656118.37,0.0,161482.64,817601.02,1
8,PAYMENT,191,10175.77,35226.0,25050.23,0.0,0.0,0
8,TRANSFER,592,1798215.73,1798215.73,0.0,0.0,0.0,1
8,CASH_OUT,370,125119.23,577396.03,452276.8,874107.88,999227.11,0
8,TRANSFER,182,3514.02,174123.17,170609.15,1548329.09,1551843.12,0
8,CASH_IN,397,192394.83,5300.0,197694.83,101375.03,0.0,0
8,TRANSFER,331,603813.36,0.0,0.0,856183.27,1459996.63,0
8,CASH_OUT,201,343644.38,11747.0,0.0,0.0,343644.38,0
8,CASH_IN,351,50909.66,40440.0,91349.66,66143.5,15233.83,0
8,CASH_OUT,404,40359.75,40359.75,0.0,37684.35,78044.1,1
8,CASH_OUT,403,115055.37,0.0,0.0,405207.27,520262.64,0
8,CASH_OUT,525,215076.83,14021.0,0.0,0.0,215076.83,0
8,CASH_OUT,227,201936.35,0.0,0.0,522005.7,723942.05,0
8,TRANSFER,321,2244898.1,0.0,0.0,10059727.3,12304625.41,0
8,CASH_IN,192,71958.37,9393589.83,9465548.2,19728544.0,19656585.62,0
8,CASH_OUT,332,114563.99,40095.0,0.0,2318383.3,2432947.29,0
8,CASH_OUT,162,295585.81,0.0,0.0,6458535.24,6754121.05,0
8,CASH_IN,301,308721.48,201976.0,510697.48,987899.48,679178.0,0
8,CASH_OUT,281,113576.84,101841.0,0.0,604944.47,718521.3,0
8,PAYMENT,375,13721.68,0.0,0.0,0.0,0.0,0
8,CASH_IN,180,173051.66,9441196.27,9614247.94,1742378.29,1569326.63,0
8,CASH_IN,328,126180.38,8373158.97,8499339.35,3226041.36,3099860.98,0
8,CASH_OUT,372,267144.53,11154.0,0.0,80833.66,347978.18,0
8,CASH_OUT,157,2498837.82,2498837.82,0.0,2325834.43,4824672.25,1
8,PAYMENT,130,7573.95,12490.0,4916.05,0.0,0.0,0
8,CASH_OUT,345,132973.41,132973.41,0.0,0.0,132973.41,1
8,CASH_OUT,280,96131.23,35693.4,0.0,2004447.86,2100579.09,0
8,PAYMENT,139,10228.7,2889.0,0.0,0.0,0.0,0
8,PAYMENT,408,598.25,673.0,74.75,0.0,0.0,0
8,PAYMENT,283,6315.17,38108.0,31792.83,0.0,0.0,0
8,PAYMENT,142,5340.33,0.0,0.0,0.0,0.0,0
8,CASH_OUT,211,294284.25,0.0,0.0,388383.19,682667.44,0
8,CASH_OUT,331,53749.66,39737.0,0.0,3921011.32,3974760.98,0
8,PAYMENT,133,23981.81,0.0,0.0,0.0,0.0,0
8,DEBIT,328,6335.39,0.0,0.0,5023784.14,5030119.53,0
8,CASH_OUT,231,22907.29,0.0,0.0,12257462.85,12280370.14,0
8,CASH_OUT,303,88254.46,0.0,0.0,359099.78,447354.24,0
8,CASH_IN,252,2173.76,16817907.29,16820081.05,465082.6,462908.84,0
8,CASH_IN,129,180096.41,8017006.48,8197102.9,3651914.75,3471818.34,0
8,CASH_OUT,283,33489.01,0.0,0.0,435687.74,469176.75,0
8,CASH_OUT,183,29357.47,10552.0,0.0,0.0,29357.47,0
8,CASH_IN,183,8085.6,707653.81,715739.41,592279.8,584194.2,0
8,PAYMENT,307,21070.67,138914.0,117843.33,0.0,0.0,0
8,CASH_OUT,36,182400.81,10250.0,0.0,389231.58,571632.39,0
8,PAYMENT,325,42914.35,49755.0,6840.65,0.0,0.0,0
8,TRANSFER,484,156220.74,156220.74,0.0,0.0,0.0,1
8,CASH_IN,302,499264.32,100028.0,599292.32,264718.59,0.0,0
8,CASH_OUT,321,281801.2,49982.0,0.0,422757.05,704558.25,0
8,CASH_OUT,667,71554.74,71554.74,0.0,527488.43,599043.17,1
8,TRANSFER,208,106626.9,0.0,0.0,364687.13,471314.03,0
8,CASH_OUT,279,331452.9,0.0,0.0,1943348.47,2274801.37,0
8,PAYMENT,298,12964.36,52096.41,39132.04,0.0,0.0,0
8,PAYMENT,306,67.01,71846.0,71778.99,0.0,0.0,0
8,PAYMENT,408,12631.89,30442.0,17810.11,0.0,0.0,0
8,PAYMENT,253,6867.47,0.0,0.0,0.0,0.0,0
8,PAYMENT,158,5826.37,24525.0,18698.63,0.0,0.0,0
8,CASH_OUT,487,282022.02,0.0,0.0,354033.33,636055.35,0
8,PAYMENT,37,19220.54,456848.47,437627.93,0.0,0.0,0
8,CASH_OUT,162,430339.89,1583.0,0.0,0.0,430339.89,0
8,PAYMENT,185,18713.57,0.0,0.0,0.0,0.0,0
8,PAYMENT,13,5554.73,424628.29,419073.56,0.0,0.0,0
8,CASH_OUT,254,501800.46,50862.0,0.0,0.0,501800.46,0
8,PAYMENT,263,1888.02,2101.0,212.98,0.0,0.0,0
8,TRANSFER,263,283459.03,0.0,0.0,8824866.54,9108325.57,0
8,CASH_OUT,326,51387.19,103646.0,52258.81,1397801.4,1449188.59,0
8,CASH_IN,38,315381.99,15146.0,330527.99,853610.02,538228.03,0
8,CASH_IN,258,47656.06,834820.82,882476.87,1900851.15,1853195.09,0
8,CASH_OUT,283,80344.51,0.0,0.0,416227.19,496571.7,0
8,CASH_OUT,254,46926.87,572886.0,525959.13,45019.8,91946.68,0
8,PAYMENT,262,2726.92,107575.0,104848.08,0.0,0.0,0
8,CASH_OUT,637,246280.14,246280.14,0.0,2176735.28,2423015.43,1
8,CASH_OUT,256,157142.06,292.0,0.0,104871.17,262013.23,0
8,CASH_OUT,375,286345.75,20365.0,0.0,1491381.81,1777727.56,0
8,PAYMENT,398,10762.71,145905.44,135142.73,0.0,0.0,0
8,CASH_IN,181,45905.05,6964322.09,7010227.14,3569590.35,3523685.3,0
8,CASH_OUT,45,83473.13,0.0,0.0,4136290.93,4219764.05,0
8,CASH_IN,397,184802.15,4642131.78,4826933.93,6154057.53,5969255.37,0
8,CASH_OUT,1,20128.0,20128.0,0.0,6268.0,12145.85,1
8,TRANSFER,352,417507.99,0.0,0.0,2023114.34,2440622.33,0
8,PAYMENT,165,2403.17,196825.01,194421.84,0.0,0.0,0
8,PAYMENT,38,4071.29,204111.52,200040.23,0.0,0.0,0
8,CASH_IN,22,14239.41,5266023.0,5280262.41,162091.1,147851.68,0
8,CASH_OUT,203,158421.31,6447.14,0.0,1000887.65,1159308.96,0
8,CASH_OUT,284,173486.39,30833.0,0.0,369264.21,542750.61,0
8,PAYMENT,44,1325.05,21986.0,20660.95,0.0,0.0,0
8,CASH_OUT,403,373643.36,0.0,0.0,729298.08,1102941.43,0
8,CASH_OUT,210,77327.01,0.0,0.0,976489.24,1053816.25,0
8,PAYMENT,187,665.32,51715.0,51049.68,0.0,0.0,0
8,CASH_OUT,45,109427.48,331.0,0.0,139201.3,248628.78,0
8,CASH_IN,134,251668.77,403080.0,654748.77,153162.05,0.0,0
8,CASH_IN,15,369754.97,99821.0,469575.97,0.0,0.0,0
8,CASH_IN,15,79309.16,12089904.44,12169213.6,704902.05,625592.88,0
8,CASH_OUT,11,704556.82,31345.0,0.0,503013.09,820681.21,0
8,PAYMENT,228,4955.57,0.0,0.0,0.0,0.0,0
8,PAYMENT,235,251.4,28596.0,28344.6,0.0,0.0,0
8,PAYMENT,41,1541.4,39336.53,37795.13,0.0,0.0,0
8,PAYMENT,332,46830.72,0.0,0.0,0.0,0.0,0
8,PAYMENT,379,20187.71,0.0,0.0,0.0,0.0,0
8,CASH_OUT,207,80706.0,0.0,0.0,981899.43,1062605.43,0
8,PAYMENT,136,4203.56,0.0,0.0,0.0,0.0,0
8,PAYMENT,404,27983.32,0.0,0.0,0.0,0.0,0
8,CASH_IN,163,318060.93,4735013.69,5053074.62,325480.98,7420.05,0
8,CASH_OUT,353,44055.21,303920.0,259864.79,0.0,44055.21,0
8,CASH_OUT,400,104326.24,0.0,0.0,106420.71,210746.95,0
8,CASH_IN,10,116424.24,4453727.91,4570152.15,377503.22,261078.98,0
8,PAYMENT,213,1384.85,63687.82,62302.97,0.0,0.0,0
8,TRANSFER,20,510145.48,0.0,0.0,659129.21,1169274.69,0
8,CASH_OUT,44,155848.46,0.0,0.0,975660.26,1131508.72,0
8,TRANSFER,67,106460.7,106460.7,0.0,0.0,0.0,1
8,CASH_IN,395,168436.13,20774.0,189210.13,44393.43,0.0,0
8,PAYMENT,137,8894.47,125831.58,116937.11,0.0,0.0,0
8,TRANSFER,257,933852.12,26056.0,0.0,0.0,933852.12,0
8,CASH_OUT,399,65492.32,0.0,0.0,1963681.11,2029173.43,0
8,TRANSFER,254,458477.76,149558.0,0.0,276455.34,734933.1,0
8,CASH_OUT,275,21105.02,237571.0,216465.98,0.0,21105.02,0
8,CASH_OUT,354,4873.58,188.0,0.0,297272.49,302146.07,0
8,PAYMENT,474,2572.88,153546.13,150973.25,0.0,0.0,0
8,CASH_IN,331,134223.15,62434.0,196657.15,1246867.57,1112644.42,0
8,CASH_IN,331,98007.39,885554.28,983561.67,803230.35,705222.96,0
8,CASH_OUT,305,179827.03,0.0,0.0,381319.1,561146.13,0
8,CASH_OUT,180,370724.37,56987.0,0.0,546266.13,916990.5,0
8,CASH_IN,377,356053.22,599947.0,956000.22,1480456.05,1124402.83,0
8,PAYMENT,352,25363.21,0.0,0.0,0.0,0.0,0
8,CASH_OUT,398,317528.15,235242.67,0.0,546012.08,863540.24,0
8,CASH_OUT,10,279086.64,0.0,0.0,0.0,279086.64,0
8,CASH_IN,278,89767.95,464920.0,554687.95,0.0,0.0,0
8,CASH_OUT,214,178264.19,0.0,0.0,1682320.46,1860584.65,0
8,PAYMENT,13,49200.03,25379.0,0.0,0.0,0.0,0
8,CASH_IN,236,75697.3,914105.12,989802.41,290232.37,214535.07,0
8,PAYMENT,695,3515.8,100.0,0.0,0.0,0.0,0
8,PAYMENT,187,4969.46,111655.77,106686.3,0.0,0.0,0
8,TRANSFER,53,931684.75,931684.75,0.0,0.0,0.0,1
8,CASH_IN,476,378962.58,694476.48,1073439.06,5322466.27,4943503.68,0
8,PAYMENT,352,25352.92,46576.0,21223.08,0.0,0.0,0
8,CASH_IN,181,26581.63,49056.0,75637.63,0.0,0.0,0
8,CASH_IN,301,154145.41,398629.0,552774.41,80864.98,0.0,0
8,CASH_IN,403,60799.8,3769461.41,3830261.21,3225848.43,3279109.06,0
8,CASH_IN,206,76458.88,443507.88,519966.76,489952.75,413493.88,0
8,PAYMENT,393,21104.67,0.0,0.0,0.0,0.0,0
8,PAYMENT,330,2122.07,0.0,0.0,0.0,0.0,0
8,TRANSFER,187,143675.33,0.0,0.0,181085.23,324760.56,0
8,CASH_OUT,396,321463.17,158576.0,0.0,0.0,321463.17,0
8,CASH_OUT,326,197140.72,30282.0,0.0,1778028.72,1975169.44,0
8,TRANSFER,489,101081.12,101081.12,0.0,0.0,0.0,1
8,PAYMENT,379,6726.49,195320.24,188593.75,0.0,0.0,0
8,PAYMENT,300,3316.39,0.0,0.0,0.0,0.0,0
8,CASH_IN,286,119800.09,1816859.96,1936660.05,332691.51,212891.42,0
8,CASH_OUT,206,122591.55,10809.0,0.0,0.0,122591.55,0
8,PAYMENT,204,20529.51,20787.8,258.29,0.0,0.0,0
8,PAYMENT,133,13973.6,34728.0,20754.4,0.0,0.0,0
8,PAYMENT,406,2836.03,0.0,0.0,0.0,0.0,0
8,PAYMENT,185,255.18,0.0,0.0,0.0,0.0,0
8,CASH_OUT,520,7307.0,22326.0,15019.0,368968.02,376275.02,0
8,PAYMENT,399,32600.24,308714.0,276113.76,0.0,0.0,0
8,CASH_IN,334,287352.82,7318695.94,7606048.77,1574099.34,1286746.52,0
8,PAYMENT,306,32572.75,15219.0,0.0,0.0,0.0,0
8,CASH_OUT,378,103201.64,0.0,0.0,1505796.81,1608998.45,0
8,CASH_IN,329,160630.4,3061547.6,3222178.0,993526.98,832896.58,0
8,CASH_IN,352,67644.85,144971.0,212615.85,879374.81,811729.96,0
8,CASH_OUT,596,243861.96,29736.12,0.0,1226522.96,1470384.92,0
8,CASH_IN,43,67162.96,3694437.45,3761600.42,2084749.84,2017586.88,0
8,CASH_OUT,209,33298.41,0.0,0.0,1852905.41,1886203.82,0
8,CASH_OUT,10,437438.2,0.0,0.0,620721.04,1821868.03,0
8,PAYMENT,279,2542.9,57693.0,55150.1,0.0,0.0,0
8,CASH_OUT,274,113673.98,0.0,0.0,224325.92,337999.9,0
8,PAYMENT,11,25857.29,3476.93,0.0,0.0,0.0,0
8,CASH_OUT,232,366701.0,0.0,0.0,1231499.73,1598200.73,0
8,CASH_OUT,691,88303.22,156948.0,68644.78,244161.61,332464.83,0
8,CASH_OUT,356,81142.22,128761.0,47618.78,183531.07,264673.29,0
8,PAYMENT,279,10116.72,70193.0,60076.28,0.0,0.0,0
8,CASH_OUT,210,193747.91,42364.0,0.0,905403.07,1099150.98,0
8,PAYMENT,334,20234.67,11678.0,0.0,0.0,0.0,0
8,TRANSFER,417,237776.02,237776.02,0.0,0.0,0.0,1
8,CASH_OUT,42,59058.99,0.0,0.0,222897.38,281956.36,0
8,TRANSFER,253,763864.37,17364.0,0.0,44658.74,808523.11,0
8,PAYMENT,8,3833.88,31040.0,27206.12,0.0,0.0,0
8,TRANSFER,217,108783.2,108783.2,0.0,0.0,0.0,1
8,CASH_OUT,252,386625.0,4866.0,0.0,914229.64,1300854.64,0
8,PAYMENT,182,5149.88,75411.08,70261.2,0.0,0.0,0
8,TRANSFER,208,164519.7,164519.7,0.0,0.0,0.0,1
8,PAYMENT,332,13265.67,84512.0,71246.33,0.0,0.0,0
8,PAYMENT,307,3688.11,0.0,0.0,0.0,0.0,0
8,CASH_IN,178,59672.5,8379155.04,8438827.54,458518.58,398846.08,0
8,CASH_OUT,399,253864.41,0.0,0.0,3318203.46,3572067.87,0
8,CASH_OUT,18,279867.18,111050.12,0.0,483413.98,763281.16,0
8,CASH_OUT,9,251178.58,0.0,0.0,1316575.99,1965587.6,0
8,CASH_OUT,442,17721.08,499448.0,481726.92,1850550.44,1868271.52,0
8,PAYMENT,305,19969.81,22556.0,2586.19,0.0,0.0,0
8,PAYMENT,299,3909.73,21093.0,17183.27,0.0,0.0,0
8,CASH_OUT,284,18966.32,353410.17,334443.85,1199248.64,1218214.96,0
8,PAYMENT,165,3803.06,0.0,0.0,0.0,0.0,0
8,CASH_IN,661,2391.68,21395.0,23786.68,262628.32,260236.64,0
8,PAYMENT,210,2849.06,793998.0,791148.94,0.0,0.0,0
8,CASH_OUT,12,96729.9,0.0,0.0,596858.0,872254.49,0
8,PAYMENT,396,55347.87,0.0,0.0,0.0,0.0,0
8,PAYMENT,132,8346.48,32213.0,23866.52,0.0,0.0,0
8,CASH_OUT,323,103355.42,15394.0,0.0,18510.28,121865.69,0
8,PAYMENT,259,4413.04,3290.0,0.0,0.0,0.0,0
8,CASH_OUT,133,20136.61,0.0,0.0,13366912.97,13387049.58,0
8,CASH_IN,321,46173.6,55.0,46228.6,4988.87,0.0,0
8,CASH_OUT,401,30467.69,30467.69,0.0,625616.25,656083.94,1
8,TRANSFER,184,1529239.82,0.0,0.0,1779393.58,3308633.4,0
8,CASH_OUT,210,95793.47,5053.0,0.0,0.0,95793.47,0
8,PAYMENT,325,8703.51,0.0,0.0,0.0,0.0,0
8,CASH_IN,44,437316.89,1109133.71,1546450.6,829199.41,391882.52,0
8,CASH_OUT,234,80336.26,80336.26,0.0,7378477.13,7458813.39,1
8,CASH_IN,249,105685.09,4634857.87,4740542.96,4480948.42,4375263.33,0
8,CASH_IN,403,185274.5,76033.0,261307.5,282780.02,97505.52,0
8,CASH_OUT,233,459387.57,355.0,0.0,0.0,459387.57,0
8,CASH_OUT,730,1665334.68,1665334.68,0.0,398538.39,2063873.07,1
8,CASH_OUT,412,87438.83,87438.83,0.0,69617.57,157056.4,1
8,CASH_IN,258,185232.39,44929.0,230161.39,1832387.57,1647155.18,0
8,PAYMENT,12,27820.72,107934.0,80113.28,0.0,0.0,0
8,CASH_IN,353,94014.07,7808636.88,7902650.95,1601928.91,1507914.83,0
8,CASH_IN,335,1390.98,7456414.92,7457805.89,1461694.41,1460303.44,0
8,CASH_OUT,44,28085.04,11747.0,0.0,0.0,28085.04,0
8,CASH_OUT,20,63866.91,435306.37,371439.47,5609261.38,5673128.28,0
8,TRANSFER,481,832811.84,832811.84,0.0,0.0,0.0,1
8,CASH_OUT,41,227841.11,10509.0,0.0,6894817.54,7122658.65,0
8,TRANSFER,10,59835.0,59835.0,0.0,0.0,0.0,1
8,CASH_OUT,233,73787.84,594.0,0.0,1413232.81,1487020.64,0
8,CASH_OUT,371,156973.46,12284.0,0.0,0.0,156973.46,0
8,PAYMENT,132,17675.77,19989.0,2313.23,0.0,0.0,0
8,PAYMENT,39,12980.49,199052.3,186071.81,0.0,0.0,0
8,CASH_OUT,229,82704.82,0.0,0.0,1589211.4,1671916.22,0
8,CASH_IN,44,141938.96,5613812.66,5755751.62,292969.21,151030.25,0
8,CASH_OUT,11,411832.27,0.0,0.0,4586070.81,4997903.08,0
8,CASH_IN,249,158359.83,9066549.11,9224908.95,3870094.76,3711734.93,0
8,TRANSFER,330,639604.14,92925.0,0.0,177494.25,817098.39,0
8,CASH_OUT,421,267564.83,267564.83,0.0,0.0,267564.83,1
8,CASH_OUT,324,185187.31,0.0,0.0,781379.59,966566.91,0
8,PAYMENT,476,6970.57,8851.0,1880.43,0.0,0.0,0
8,CASH_IN,540,324775.2,166640.0,491415.2,78887.81,0.0,0
8,CASH_IN,347,32093.51,11947.0,44040.51,747051.76,714958.25,0
8,CASH_IN,182,429597.19,399636.0,829233.19,2449047.79,2019450.6,0
8,PAYMENT,288,54000.36,0.0,0.0,0.0,0.0,0
8,CASH_IN,17,322068.59,2024.0,324092.59,369494.99,47426.4,0
8,CASH_OUT,141,50436.59,414667.0,364230.41,88615.06,139051.65,0
8,PAYMENT,209,14858.68,0.0,0.0,0.0,0.0,0
8,CASH_IN,471,392403.32,80807.0,473210.32,101529.37,0.0,0
8,TRANSFER,205,264874.73,0.0,0.0,1024340.85,1289215.58,0
8,CASH_OUT,258,26900.75,106019.0,79118.25,1896579.13,1923479.88,0
8,CASH_OUT,353,18161.22,0.0,0.0,191216.97,209378.19,0
8,CASH_OUT,396,64748.51,0.0,0.0,563598.76,628347.27,0
8,TRANSFER,404,932691.0,932691.0,0.0,0.0,0.0,1
8,CASH_OUT,375,82555.6,0.0,0.0,1006121.72,1088677.32,0
8,PAYMENT,396,3012.04,0.0,0.0,0.0,0.0,0
8,CASH_IN,275,27627.45,20804.0,48431.45,25381.81,0.0,0
8,TRANSFER,164,177109.96,0.0,0.0,740948.87,918058.83,0
8,CASH_OUT,251,133938.67,0.0,0.0,3940989.26,4074927.93,0
8,CASH_OUT,234,122317.5,9083.0,0.0,164582.38,286899.88,0
8,CASH_IN,179,285933.15,16923.0,302856.15,122645.48,0.0,0
8,CASH_IN,227,257631.78,9340771.0,9598402.78,1691753.06,1434121.28,0
8,TRANSFER,94,702441.73,0.0,0.0,3155520.51,3857962.25,0
8,PAYMENT,225,7958.81,11634.0,3675.19,0.0,0.0,0
8,PAYMENT,19,8903.44,0.0,0.0,0.0,0.0,0
8,PAYMENT,94,3441.8,12324.0,8882.2,0.0,0.0,0
8,CASH_OUT,211,6261.55,0.0,0.0,26106013.11,26112274.66,0
8,CASH_OUT,131,265616.99,0.0,0.0,1386278.9,1651895.89,0
8,PAYMENT,371,4742.81,0.0,0.0,0.0,0.0,0
8,CASH_IN,326,103381.46,146642.51,250023.97,703627.94,600246.48,0
8,PAYMENT,12,6118.63,195296.53,189177.9,0.0,0.0,0
8,CASH_IN,254,400571.89,15575.0,416146.89,3644796.9,3244225.01,0
8,CASH_OUT,187,47175.51,5975.0,0.0,346649.97,393825.49,0
8,CASH_OUT,17,325628.73,209237.42,0.0,458555.16,606229.36,0
8,CASH_OUT,242,452565.17,0.0,0.0,3469691.37,3922256.54,0
8,CASH_OUT,300,334518.52,81128.0,0.0,0.0,334518.52,0
8,CASH_OUT,370,127641.24,10640.0,0.0,650004.98,777646.22,0
8,TRANSFER,302,1170467.9,0.0,0.0,3380669.49,4551137.39,0
8,CASH_OUT,212,165925.37,165925.37,0.0,3390123.05,3556048.41,1
8,PAYMENT,372,10844.5,0.0,0.0,0.0,0.0,0
8,CASH_OUT,162,234968.73,43257.0,0.0,622803.99,857772.72,0
8,CASH_OUT,235,220632.87,104441.0,0.0,0.0,220632.87,0
8,PAYMENT,357,1362.12,74218.64,72856.53,0.0,0.0,0
8,CASH_OUT,428,393464.08,0.0,0.0,770963.52,1164427.59,0
8,CASH_IN,380,149650.5,4044884.63,4194535.13,447012.21,297361.7,0
8,PAYMENT,359,10230.04,0.0,0.0,0.0,0.0,0
8,CASH_IN,263,83183.0,507007.04,590190.04,5172950.59,5089767.59,0
8,PAYMENT,15,19679.79,105467.83,85788.04,0.0,0.0,0
8,CASH_OUT,481,20296.68,20296.68,0.0,129269.88,149566.56,1
8,CASH_IN,522,92528.48,20176.47,112704.96,634770.81,542242.33,0
8,CASH_OUT,573,182927.08,182927.08,0.0,0.0,182927.08,1
8,CASH_OUT,304,218355.88,0.0,0.0,233359.92,451715.8,0
8,PAYMENT,275,17416.03,0.0,0.0,0.0,0.0,0
8,CASH_OUT,330,135285.88,53284.0,0.0,1877181.18,2012467.05,0
8,CASH_OUT,210,370346.85,0.0,0.0,1106344.8,1476691.65,0
8,CASH_OUT,690,3887853.15,3887853.15,0.0,3977835.62,7865688.77,1
8,CASH_OUT,375,191297.27,0.0,0.0,3169534.36,3360831.63,0
8,CASH_IN,249,128623.59,24296140.25,24424763.84,1777436.53,1648812.94,0
8,CASH_OUT,383,81309.39,30602.0,0.0,1764332.53,1845641.93,0
8,PAYMENT,39,7917.22,247.0,0.0,0.0,0.0,0
8,CASH_OUT,638,1559540.62,1559540.62,0.0,100482.9,1660023.52,1
8,CASH_OUT,139,68778.51,45114.0,0.0,0.0,68778.51,0
8,CASH_OUT,37,259836.74,11252.0,0.0,4245171.89,4386519.36,0
8,CASH_OUT,508,218350.42,218350.42,0.0,143135.63,361486.05,1
8,TRANSFER,654,48712.12,48712.12,0.0,0.0,0.0,1
8,CASH_IN,474,45850.19,107321.0,153171.19,687094.86,641244.67,0
8,CASH_OUT,34,7704.01,0.0,0.0,173545.15,181249.16,0
8,TRANSFER,704,158788.32,158788.32,0.0,0.0,0.0,1
8,CASH_OUT,154,145497.84,0.0,0.0,1229728.73,1375226.58,0
8,CASH_IN,204,83151.81,115.0,83266.81,65566.82,0.0,0
8,CASH_OUT,60,89014.32,89014.32,0.0,330651.68,419666.0,1
8,PAYMENT,163,4934.98,0.0,0.0,0.0,0.0,0
8,PAYMENT,138,15833.11,18358.14,2525.03,0.0,0.0,0
8,CASH_IN,277,140501.13,4827866.73,4968367.85,175742.67,35241.54,0
8,CASH_OUT,184,81738.97,505698.0,423959.03,195130.92,276869.9,0
8,CASH_OUT,158,270969.19,0.0,0.0,539951.81,810921.0,0
8,CASH_IN,182,207103.31,1095840.73,1302944.04,327043.74,119940.43,0
8,TRANSFER,229,399620.99,0.0,0.0,1296726.72,1696347.71,0
8,CASH_IN,188,71720.94,15654.0,87374.94,4390771.29,4319050.36,0
8,CASH_OUT,599,228357.48,0.0,0.0,320652.37,549009.86,0
8,PAYMENT,212,2892.77,3026.0,133.23,0.0,0.0,0
8,CASH_OUT,138,56664.69,32588.0,0.0,0.0,56664.69,0
8,PAYMENT,211,7179.85,0.0,0.0,0.0,0.0,0
8,PAYMENT,307,7735.24,293205.04,285469.8,0.0,0.0,0
8,TRANSFER,33,305.56,0.0,0.0,493028.85,491771.79,0
8,CASH_OUT,188,28628.71,0.0,0.0,1319490.45,1348119.16,0
8,CASH_OUT,46,99372.33,949.0,0.0,73019.76,172392.09,0
8,PAYMENT,202,3181.3,25830.79,22649.49,0.0,0.0,0
8,CASH_OUT,34,351078.4,0.0,0.0,608244.16,959322.55,0
8,PAYMENT,209,21657.24,183883.31,162226.07,0.0,0.0,0
8,DEBIT,323,4487.96,247403.19,242915.23,52973.27,57461.23,0
8,PAYMENT,184,12235.44,0.0,0.0,0.0,0.0,0
8,CASH_IN,380,420377.99,4492599.25,4912977.24,6510067.92,6089689.93,0
8,CASH_OUT,274,108695.41,17758.0,0.0,0.0,108695.41,0
8,PAYMENT,226,31137.78,0.0,0.0,0.0,0.0,0
8,CASH_IN,202,141900.46,198429.0,340329.46,378148.93,236248.47,0
8,PAYMENT,230,13210.58,0.0,0.0,0.0,0.0,0
8,CASH_OUT,285,16001.94,10014.0,0.0,0.0,16001.94,0
8,CASH_OUT,178,272477.66,14080.0,0.0,1301854.28,1760070.55,0
8,PAYMENT,17,1381.35,35958.0,34576.65,0.0,0.0,0
8,CASH_OUT,42,59261.88,718568.34,659306.46,0.0,59261.88,0
8,PAYMENT,348,34017.25,17309.0,0.0,0.0,0.0,0
8,TRANSFER,204,47564.16,0.0,0.0,63395.66,110959.82,0
8,CASH_OUT,305,43070.91,918.0,0.0,1338152.31,1381223.22,0
8,TRANSFER,284,1472356.45,0.0,0.0,3596326.39,5068682.84,0
8,CASH_OUT,355,46729.41,0.0,0.0,330989.07,377718.48,0
8,DEBIT,14,5097.73,1035.0,0.0,1302700.22,1307797.94,0
8,CASH_OUT,154,337247.96,2161.0,0.0,2147242.42,2484490.39,0
8,TRANSFER,425,10000000.0,59585040.37,49585040.37,0.0,0.0,1
8,TRANSFER,15,155261.57,899278.72,744017.15,765399.04,920660.61,0
8,TRANSFER,659,7697519.98,126.0,0.0,0.0,7697519.98,0
8,CASH_OUT,9,168734.56,0.0,0.0,2907752.56,6174332.94,0
8,PAYMENT,159,9240.92,32947.0,23706.08,0.0,0.0,0
8,PAYMENT,12,21808.32,0.0,0.0,0.0,0.0,0
8,CASH_OUT,130,593025.31,71009.0,0.0,49029.0,613343.77,0
8,CASH_OUT,137,93634.55,0.0,0.0,803036.15,896670.69,0
8,CASH_OUT,188,33039.51,0.0,0.0,1120436.8,1153476.31,0
8,CASH_IN,687,299489.22,3748125.89,4047615.11,3687093.27,3387604.05,0
8,CASH_OUT,203,139645.08,0.0,0.0,239969.21,379614.29,0
8,CASH_OUT,255,545831.88,10731.0,0.0,0.0,545831.88,0
8,PAYMENT,376,5831.14,54761.27,48930.14,0.0,0.0,0
8,CASH_OUT,564,134666.22,26263.0,0.0,257958.47,392624.69,0
8,CASH_OUT,188,123156.76,10424.61,0.0,3077889.73,3201046.48,0
8,TRANSFER,402,810659.67,0.0,0.0,1592390.72,2403050.39,0
8,CASH_OUT,322,385824.91,332545.0,0.0,0.0,385824.91,0
8,CASH_OUT,283,235052.25,152672.0,0.0,190718.86,425771.11,0
8,CASH_OUT,306,66611.01,0.0,0.0,2447247.66,2513858.67,0
8,CASH_IN,348,29229.55,304984.0,334213.55,0.0,0.0,0
8,PAYMENT,330,7305.82,27601.65,20295.82,0.0,0.0,0
8,CASH_OUT,327,221799.76,203.0,0.0,24249.79,246049.55,0
8,PAYMENT,206,4713.25,101128.17,96414.92,0.0,0.0,0
8,CASH_OUT,546,417127.71,0.0,0.0,6400088.81,6817216.52,0
8,CASH_OUT,281,105581.56,49807.0,0.0,97277.97,202859.54,0
8,TRANSFER,354,429799.17,0.0,0.0,4301875.11,4731674.28,0
8,CASH_OUT,321,428622.05,30709.0,0.0,1009130.07,1437752.12,0
8,CASH_OUT,36,611448.91,76719.0,0.0,235624.85,847073.76,0
8,CASH_OUT,40,257747.54,11473.0,0.0,795870.69,1053618.22,0
8,PAYMENT,395,5555.18,180625.0,175069.82,0.0,0.0,0
8,PAYMENT,394,15752.38,0.0,0.0,0.0,0.0,0
8,PAYMENT,142,4549.99,8804.0,4254.01,0.0,0.0,0
8,PAYMENT,11,17539.77,0.0,0.0,0.0,0.0,0
8,CASH_IN,162,144038.11,6645681.72,6789719.83,268224.59,124186.48,0
8,CASH_OUT,275,189035.75,0.0,0.0,490359.56,679395.31,0
8,CASH_OUT,306,285973.43,10397.0,0.0,117023.54,402996.96,0
8,PAYMENT,166,77.13,567861.0,567783.87,0.0,0.0,0
8,CASH_IN,644,299477.99,20849.0,320326.99,0.0,0.0,0
8,PAYMENT,10,52303.87,0.0,0.0,0.0,0.0,0
8,TRANSFER,139,316335.64,20207.0,0.0,157996.44,474332.08,0
8,CASH_OUT,300,129977.95,567.0,0.0,617104.34,747082.29,0
8,CASH_IN,348,168340.52,8728225.73,8896566.25,863651.12,695310.6,0
8,CASH_IN,403,78439.47,401485.51,479924.98,142080.38,63640.91,0
8,CASH_IN,11,176666.55,5262.0,181928.55,0.0,0.0,0
8,CASH_OUT,328,112058.56,0.0,0.0,1393831.73,1505890.29,0
8,CASH_IN,163,91606.06,13844804.85,13936410.91,2412456.29,2320850.22,0
8,PAYMENT,165,19483.68,34813.0,15329.32,0.0,0.0,0
8,CASH_IN,33,159790.67,69582.0,229372.67,0.0,0.0,0
8,CASH_OUT,16,281945.21,251631.98,0.0,0.0,281945.21,0
8,PAYMENT,206,173.66,21201.0,21027.34,0.0,0.0,0
8,PAYMENT,370,21768.59,0.0,0.0,0.0,0.0,0
8,CASH_IN,383,133221.02,648291.15,781512.17,150372.14,17151.12,0
8,PAYMENT,186,4813.94,0.0,0.0,0.0,0.0,0
8,CASH_OUT,209,314825.66,494.0,0.0,0.0,314825.66,0
8,TRANSFER,408,271204.7,0.0,0.0,299317.73,570522.43,0
8,CASH_IN,38,120950.14,30914.0,151864.14,0.0,0.0,0
8,CASH_IN,209,134447.28,4877774.39,5012221.66,472684.27,338236.99,0
8,PAYMENT,187,19581.81,104949.0,85367.19,0.0,0.0,0
8,CASH_IN,395,441385.15,21084.0,462469.15,0.0,0.0,0
8,CASH_OUT,44,147707.05,105916.0,0.0,1114289.18,1261996.23,0
8,PAYMENT,141,4128.94,0.0,0.0,0.0,0.0,0
8,PAYMENT,94,4730.8,0.0,0.0,0.0,0.0,0
8,PAYMENT,1,3558.79,20791.0,17232.21,0.0,0.0,0
8,PAYMENT,136,19315.18,104.0,0.0,0.0,0.0,0
8,CASH_OUT,10,156983.74,0.0,0.0,289218.52,621879.05,0
8,CASH_OUT,358,9378.75,6206.85,0.0,2589777.0,2599155.75,0
8,CASH_IN,274,210921.76,2136521.49,2347443.25,1297475.5,1086553.74,0
8,PAYMENT,305,18504.64,5563.0,0.0,0.0,0.0,0
8,TRANSFER,255,205437.63,0.0,0.0,1509867.91,1715305.54,0
8,CASH_OUT,578,736677.36,736677.36,0.0,190199.92,926877.28,1
8,CASH_OUT,35,145681.45,0.0,0.0,1716942.63,1862624.08,0
8,PAYMENT,209,10831.44,0.0,0.0,0.0,0.0,0
8,TRANSFER,17,195351.76,195351.76,0.0,0.0,0.0,1
8,PAYMENT,297,10392.56,0.0,0.0,0.0,0.0,0
9,CASH_OUT,134,19389.4,9959.0,0.0,887052.72,906442.11,0
9,TRANSFER,322,183256.77,0.0,0.0,357815.99,541072.76,0
9,CASH_OUT,227,261029.89,0.0,0.0,4462981.82,4724011.71,0
9,PAYMENT,406,15832.0,116286.0,100454.0,0.0,0.0,0
9,PAYMENT,376,16482.22,0.0,0.0,0.0,0.0,0
9,CASH_OUT,331,60077.03,0.0,0.0,79912.66,139989.69,0
9,CASH_IN,139,117556.6,49798.0,167354.6,0.0,0.0,0
9,PAYMENT,403,14774.72,0.0,0.0,0.0,0.0,0
9,PAYMENT,44,5228.38,119639.63,114411.25,0.0,0.0,0
9,CASH_IN,407,75500.16,3000060.89,3075561.05,161441.48,85941.32,0
9,CASH_OUT,306,58169.61,11769.0,0.0,0.0,58169.61,0
9,CASH_OUT,346,63293.38,0.0,0.0,680509.87,743803.25,0
9,CASH_OUT,354,50995.26,5058.0,0.0,0.0,50995.26,0
9,CASH_OUT,188,106898.1,23398.0,0.0,18001423.11,18108321.21,0
9,CASH_OUT,207,682063.33,682063.33,0.0,1166990.34,1849053.68,1
9,PAYMENT,347,24765.14,186402.0,161636.86,0.0,0.0,0
9,PAYMENT,36,2869.57,624596.05,621726.48,0.0,0.0,0
9,PAYMENT,328,39157.64,25181.0,0.0,0.0,0.0,0
9,PAYMENT,308,27828.89,10907.0,0.0,0.0,0.0,0
9,CASH_OUT,331,77430.48,165083.21,87652.73,102065.88,179496.36,0
9,CASH_OUT,164,110518.93,17048.0,0.0,906379.01,1016897.94,0
9,TRANSFER,22,346704.55,346704.55,0.0,0.0,0.0,1
9,TRANSFER,95,704252.03,0.0,0.0,1294968.64,1999220.67,0
9,CASH_OUT,349,46174.63,20956.0,0.0,107682.87,153857.5,0
9,PAYMENT,8,7310.57,20046.0,12735.43,0.0,0.0,0
9,TRANSFER,726,3547010.54,3547010.54,0.0,0.0,0.0,1
9,PAYMENT,35,14780.26,19098.02,4317.76,0.0,0.0,0
9,TRANSFER,162,273070.18,0.0,0.0,5306443.43,5579513.61,0
9,TRANSFER,110,743311.65,743311.65,0.0,0.0,0.0,1
9,CASH_IN,551,216108.27,20294.0,236402.27,0.0,0.0,0
9,CASH_OUT,7,269032.52,42415.89,0.0,12071198.42,13649019.57,0
9,CASH_OUT,401,2171.56,87366.0,85194.44,0.0,2171.56,0
9,PAYMENT,231,4390.56,40788.0,36397.44,0.0,0.0,0
9,PAYMENT,205,8889.6,301915.0,293025.4,0.0,0.0,0
9,PAYMENT,304,36822.63,0.0,0.0,0.0,0.0,0
9,CASH_IN,204,497447.42,40588.0,538035.42,435923.48,0.0,0
9,CASH_OUT,27,1218165.88,1218165.88,0.0,742564.27,1960730.15,1
9,CASH_IN,329,104559.99,906177.2,1010737.19,1161859.78,1057299.79,0
9,PAYMENT,33,6776.69,3025.0,0.0,0.0,0.0,0
9,CASH_OUT,270,201511.93,201511.93,0.0,0.0,201511.93,1
9,PAYMENT,255,6959.9,0.0,0.0,0.0,0.0,0
9,PAYMENT,158,12374.09,8144.03,0.0,0.0,0.0,0
9,CASH_OUT,283,86817.53,104401.0,17583.47,62725.21,149542.73,0
9,CASH_IN,399,240598.35,2583223.74,2823822.09,6005065.1,5764466.75,0
9,TRANSFER,375,406688.76,71674.0,0.0,0.0,406688.76,0
9,CASH_IN,377,111034.68,4458555.86,4569590.54,430081.14,319046.46,0
9,CASH_IN,282,264432.84,21362262.48,21626695.32,2343792.35,1980275.05,0
9,CASH_IN,396,144331.07,7606109.19,7750440.26,1681876.78,1537545.71,0
9,CASH_OUT,183,76126.11,112716.0,36589.89,1564368.15,1640494.27,0
9,PAYMENT,180,2008.65,51177.0,49168.35,0.0,0.0,0
9,CASH_OUT,212,171296.78,0.0,0.0,865067.07,1036363.85,0
9,CASH_IN,178,163448.01,12167.0,175615.01,185789.32,22341.31,0
9,CASH_IN,327,137165.7,3683926.67,3821092.37,1026848.1,889682.4,0
9,PAYMENT,277,2750.3,199456.0,196705.7,0.0,0.0,0
9,PAYMENT,229,27738.74,0.0,0.0,0.0,0.0,0
9,TRANSFER,178,272267.95,0.0,0.0,2442352.99,2714620.94,0
9,CASH_OUT,427,474195.1,474195.1,0.0,0.0,474195.1,1
9,CASH_IN,252,107197.7,1864964.39,1972162.09,3487189.76,3379992.06,0
9,CASH_OUT,33,128679.64,66510.0,0.0,3596699.7,3725379.34,0
9,CASH_IN,259,67561.02,7320004.38,7387565.4,163877.31,96316.28,0
9,CASH_IN,354,218042.23,5535.0,223577.23,0.0,0.0,0
9,CASH_OUT,379,142467.62,62486.0,0.0,0.0,142467.62,0
9,CASH_IN,394,99663.2,11095.0,110758.2,2682965.21,2583302.01,0
9,CASH_IN,282,9472.31,2927186.23,2936658.54,131072.21,121599.9,0
9,PAYMENT,299,20155.41,40160.0,20004.59,0.0,0.0,0
9,PAYMENT,184,15860.16,36304.0,20443.84,0.0,0.0,0
9,CASH_OUT,228,2874626.02,2874626.02,0.0,60869.24,2935495.26,1
9,CASH_OUT,565,207060.27,20287.0,0.0,276302.55,483362.82,0
9,CASH_OUT,567,122816.67,122816.67,0.0,807810.34,930627.01,1
9,CASH_IN,355,235561.17,6586905.43,6822466.59,236890.42,1329.26,0
9,PAYMENT,212,11348.68,421186.98,409838.3,0.0,0.0,0
9,CASH_IN,228,84580.06,1351081.65,1435661.71,4134214.46,4049634.4,0
9,CASH_OUT,217,430065.92,0.0,0.0,3086612.09,3516678.01,0
9,CASH_OUT,300,72932.1,161930.0,88997.9,83044.61,155976.71,0
9,TRANSFER,183,687792.65,0.0,0.0,6591366.85,7279159.5,0
9,CASH_IN,40,106801.08,1062236.02,1169037.1,1964530.01,2309043.95,0
9,TRANSFER,35,1517320.35,0.0,0.0,1590468.57,3107788.92,0
9,PAYMENT,277,3613.41,0.0,0.0,0.0,0.0,0
9,CASH_OUT,19,294305.29,7045.0,0.0,0.0,294305.29,0
9,CASH_OUT,613,980310.0,980310.0,0.0,0.0,980310.0,1
9,CASH_IN,36,110586.37,122.0,110708.37,11071.0,0.0,0
9,CASH_IN,285,188994.94,41010.0,230004.94,0.0,0.0,0
9,PAYMENT,180,4314.78,660527.2,656212.43,0.0,0.0,0
9,CASH_IN,22,263191.33,2305426.18,2568617.51,616438.22,353246.89,0
9,CASH_OUT,397,249984.75,249984.75,0.0,0.0,249984.75,1
9,TRANSFER,35,1723975.01,0.0,0.0,1861602.74,3585577.75,0
9,CASH_OUT,378,91178.8,55314.0,0.0,0.0,91178.8,0
9,PAYMENT,19,2199.42,667142.44,664943.02,0.0,0.0,0
9,TRANSFER,12,85147.49,0.0,0.0,13398308.93,13483456.42,0
9,CASH_OUT,379,361584.52,113155.0,0.0,0.0,361584.52,0
9,CASH_OUT,303,334982.23,14296.36,0.0,14871064.86,15101433.2,0
9,CASH_OUT,250,0.0,0.0,0.0,0.0,0.0,1
9,PAYMENT,227,5336.41,52.0,0.0,0.0,0.0,0
9,PAYMENT,39,5903.22,0.0,0.0,0.0,0.0,0
9,CASH_OUT,19,166949.09,50195.0,0.0,375847.28,542796.37,0
9,CASH_IN,178,426919.16,1538326.43,1965245.59,7508327.0,7081407.84,0
9,CASH_OUT,185,149799.13,0.0,0.0,190247.67,340046.8,0
9,CASH_IN,159,115379.03,24137486.49,24252865.53,919487.04,804108.0,0
9,PAYMENT,163,9062.38,213572.0,204509.62,0.0,0.0,0
9,CASH_IN,324,150900.96,3853372.99,4004273.95,231340.02,80439.06,0
9,CASH_IN,187,185749.53,8752925.71,8938675.24,2266872.68,2081123.15,0
9,CASH_OUT,12,637857.95,70978.0,0.0,138943.28,776801.23,0
9,TRANSFER,249,827903.15,567.0,0.0,6143501.24,6971404.38,0
9,CASH_IN,15,202890.39,3056446.95,3259337.34,2111356.47,2061718.98,0
9,CASH_OUT,178,80124.46,0.0,0.0,361395.75,441520.21,0
9,TRANSFER,155,242179.39,242179.39,0.0,0.0,0.0,1
9,PAYMENT,235,6105.8,0.0,0.0,0.0,0.0,0
9,CASH_IN,349,127810.37,801.0,128611.37,2013533.07,1885722.7,0
9,PAYMENT,208,39859.25,0.0,0.0,0.0,0.0,0
9,CASH_OUT,374,88102.12,12052.0,0.0,1013174.8,1101276.92,0
9,CASH_IN,14,196983.4,10895167.47,11092150.87,260266.0,0.0,0
9,CASH_OUT,302,128499.83,2908.0,0.0,248694.09,377193.92,0
9,CASH_OUT,154,86493.75,631414.33,544920.58,7275356.52,7361850.27,0
9,TRANSFER,276,152676.89,210709.9,58033.01,736850.84,982787.96,0
9,CASH_IN,546,36840.52,222099.0,258939.52,123432.76,86592.24,0
9,PAYMENT,328,28385.42,3637.45,0.0,0.0,0.0,0
9,CASH_OUT,15,83641.73,249681.23,166039.5,566024.61,825962.09,0
9,TRANSFER,684,293970.31,0.0,0.0,603629.24,897599.55,0
9,PAYMENT,204,15867.15,0.0,0.0,0.0,0.0,0
9,PAYMENT,358,34717.26,82406.79,47689.52,0.0,0.0,0
9,CASH_OUT,383,120078.15,0.0,0.0,1991388.64,2111466.79,0
9,CASH_IN,281,54005.81,2465765.62,2519771.43,202131.66,148125.85,0
9,PAYMENT,326,25534.1,460233.05,434698.95,0.0,0.0,0
9,PAYMENT,36,4134.52,0.0,0.0,0.0,0.0,0
9,PAYMENT,37,481.18,0.0,0.0,0.0,0.0,0
9,PAYMENT,180,8589.88,17953.51,9363.63,0.0,0.0,0
9,CASH_OUT,34,222084.21,0.0,0.0,341333.19,638636.51,0
9,CASH_OUT,9,91542.63,154.0,0.0,20727.0,52710.31,0
9,CASH_IN,131,237070.61,632536.18,869606.79,826857.48,589786.87,0
9,CASH_OUT,209,89529.8,147883.0,58353.2,0.0,89529.8,0
9,PAYMENT,9,13415.79,0.0,0.0,0.0,0.0,0
9,PAYMENT,185,1723.21,7265.37,5542.16,0.0,0.0,0
9,CASH_IN,35,338967.87,2744636.37,3083604.24,5755061.64,5416093.77,0
9,TRANSFER,204,429657.38,0.0,0.0,1348086.56,1777743.95,0
9,PAYMENT,47,11056.73,0.0,0.0,0.0,0.0,0
9,CASH_IN,231,480636.77,11536.0,492172.77,192160.15,0.0,0
9,TRANSFER,328,5504886.3,97338.0,0.0,2152448.94,7657335.24,0
9,CASH_OUT,661,131035.07,131833.03,797.96,776386.4,907421.48,0
9,CASH_OUT,259,65094.38,90567.0,25472.62,0.0,65094.38,0
9,PAYMENT,331,2556.42,776.0,0.0,0.0,0.0,0
9,CASH_OUT,11,160009.78,941.0,0.0,1591320.43,1751330.22,0
9,CASH_OUT,372,111717.63,118529.84,6812.21,207418.86,319136.49,0
9,PAYMENT,96,467.72,10692.0,10224.28,0.0,0.0,0
9,PAYMENT,374,14410.55,0.0,0.0,0.0,0.0,0
9,PAYMENT,398,27138.54,29720.0,2581.46,0.0,0.0,0
9,PAYMENT,12,706.78,0.0,0.0,0.0,0.0,0
9,PAYMENT,17,9941.87,0.0,0.0,0.0,0.0,0
9,CASH_OUT,182,570116.7,9698.0,0.0,1551158.64,2121275.34,0
9,CASH_OUT,71,62091.44,62091.44,0.0,6296058.91,6358150.35,1
9,PAYMENT,353,14818.96,100960.0,86141.04,0.0,0.0,0
9,PAYMENT,369,6277.27,32107.64,25830.37,0.0,0.0,0
9,CASH_OUT,44,475288.52,0.0,0.0,802363.53,1277652.05,0
9,CASH_OUT,283,351480.61,0.0,0.0,545504.49,896985.1,0
9,PAYMENT,495,7057.96,131.0,0.0,0.0,0.0,0
9,CASH_OUT,327,86991.93,0.0,0.0,154456.23,241448.16,0
9,TRANSFER,260,835593.86,1082.0,0.0,611162.24,1446756.1,0
9,DEBIT,306,5141.87,202109.0,196967.13,33800.53,38942.4,0
9,CASH_OUT,14,385429.62,0.0,0.0,3013849.61,3113032.29,0
9,CASH_OUT,284,266516.13,0.0,0.0,908713.58,1175229.7,0
9,CASH_OUT,372,264114.22,0.0,0.0,1265266.77,1529380.99,0
9,PAYMENT,307,917.31,284724.78,283807.47,0.0,0.0,0
9,CASH_OUT,236,39931.94,0.0,0.0,2854776.75,2894708.69,0
9,CASH_OUT,324,443745.04,0.0,0.0,689818.06,1133563.1,0
9,CASH_OUT,692,132450.73,36704.0,0.0,296857.02,429307.75,0
9,TRANSFER,301,14793.04,0.0,0.0,26890.39,41683.44,0
9,PAYMENT,230,18389.6,5096.0,0.0,0.0,0.0,0
9,TRANSFER,211,201764.87,59104.0,0.0,0.0,201764.87,0
9,PAYMENT,305,3318.59,0.0,0.0,0.0,0.0,0
9,PAYMENT,321,21149.15,0.0,0.0,0.0,0.0,0
9,CASH_OUT,204,252021.73,30171.0,0.0,375348.12,627369.86,0
9,TRANSFER,270,201511.93,201511.93,0.0,0.0,0.0,1
9,PAYMENT,13,23717.33,0.0,0.0,0.0,0.0,0
9,TRANSFER,177,477822.28,0.0,0.0,7990430.31,8468252.59,0
9,CASH_OUT,396,29600.45,0.0,0.0,327493.11,357093.56,0
9,CASH_OUT,230,186419.34,89555.0,0.0,0.0,186419.34,0
9,PAYMENT,15,6301.8,333684.87,327383.07,0.0,0.0,0
9,PAYMENT,255,4320.77,67316.0,62995.23,0.0,0.0,0
9,PAYMENT,280,20412.3,0.0,0.0,0.0,0.0,0
9,CASH_IN,525,49142.25,20238.0,69380.25,0.0,0.0,0
9,CASH_IN,357,283018.18,395129.7,678147.88,5704844.61,5421826.43,0
9,PAYMENT,135,21131.52,0.0,0.0,0.0,0.0,0
9,CASH_IN,10,195440.9,20530.0,215970.9,0.0,0.0,0
9,CASH_IN,206,313054.57,4062111.12,4375165.69,3237862.74,2924808.17,0
9,PAYMENT,372,4741.14,0.0,0.0,0.0,0.0,0
9,CASH_OUT,14,186066.41,249578.0,63511.59,335.0,0.0,0
9,PAYMENT,355,2586.87,178988.18,176401.31,0.0,0.0,0
9,CASH_OUT,231,60753.44,0.0,0.0,97127.03,157880.47,0
9,PAYMENT,182,3596.26,279407.31,275811.05,0.0,0.0,0
9,CASH_IN,353,215338.3,14738589.17,14953927.47,3218216.62,3002878.32,0
9,TRANSFER,195,71323.49,71323.49,0.0,0.0,0.0,1
9,CASH_OUT,394,182620.3,6093.0,0.0,2171857.87,2354478.17,0
9,CASH_IN,129,344841.55,72041.69,416883.24,358996.76,14155.21,0
9,TRANSFER,390,1195842.37,1195842.37,0.0,0.0,0.0,1
9,CASH_OUT,284,11022.82,5727.0,0.0,0.0,11022.82,0
9,TRANSFER,231,400758.85,400758.85,0.0,0.0,0.0,1
9,CASH_IN,354,287908.77,30197.0,318105.77,3811405.24,3523496.47,0
9,CASH_OUT,356,32673.6,49331.0,16657.4,86688.24,119361.84,0
9,CASH_OUT,21,106122.13,19892.0,0.0,0.0,106122.13,0
9,PAYMENT,46,16470.39,1836.0,0.0,0.0,0.0,0
9,CASH_OUT,134,102630.61,0.0,0.0,1032830.15,1135460.76,0
9,PAYMENT,396,5440.38,0.0,0.0,0.0,0.0,0
9,CASH_IN,9,89667.27,5586754.52,5676421.79,5010080.44,4686899.27,0
9,TRANSFER,225,1439434.83,595619.0,0.0,868137.45,2307572.28,0
9,CASH_OUT,258,73109.73,0.0,0.0,1135319.29,1208429.02,0
9,PAYMENT,10,2781.5,0.0,0.0,0.0,0.0,0
9,CASH_IN,379,84811.55,246837.87,331649.42,632368.08,547556.53,0
9,CASH_IN,187,422764.46,52714.0,475478.46,664865.23,242100.77,0
9,PAYMENT,274,16118.28,36668.83,20550.55,0.0,0.0,0
9,CASH_OUT,668,1576531.53,1576531.53,0.0,0.0,1576531.53,1
9,TRANSFER,732,1157971.07,1157971.07,0.0,0.0,0.0,1
9,TRANSFER,209,260304.53,124101.0,0.0,78946.0,339250.53,0
9,PAYMENT,237,5347.61,5380.25,32.64,0.0,0.0,0
9,TRANSFER,690,57292.4,307592.88,250300.48,361513.6,418806.01,0
9,PAYMENT,19,5477.97,0.0,0.0,0.0,0.0,0
9,CASH_OUT,376,11574.91,27746.78,16171.87,140752.62,152327.53,0
9,TRANSFER,225,675535.92,0.0,0.0,1447639.97,2123175.9,0
9,CASH_OUT,404,166263.68,117157.0,0.0,0.0,166263.68,0
9,CASH_OUT,15,16841.5,59.0,0.0,31695.84,187280.4,0
9,CASH_OUT,371,82015.78,0.0,0.0,752899.7,834915.48,0
9,CASH_IN,11,199333.69,1148350.78,1347684.48,876576.42,677242.73,0
9,TRANSFER,252,84949.84,0.0,0.0,1253184.56,1338134.4,0
9,CASH_OUT,401,335111.16,20185.0,0.0,764610.72,1099721.88,0
9,CASH_OUT,18,28570.05,0.0,0.0,31151.0,59721.05,0
9,CASH_IN,14,36493.13,5334.0,41827.13,203986.49,268800.12,0
9,PAYMENT,332,7583.84,71112.0,63528.16,0.0,0.0,0
9,CASH_OUT,178,312839.29,0.0,0.0,925886.03,1238725.33,0
9,CASH_OUT,182,180593.85,155608.0,0.0,4762071.27,4942665.13,0
9,CASH_OUT,301,104402.91,0.0,0.0,377273.35,725407.81,0
9,CASH_OUT,12,263228.45,475318.19,212089.74,459767.51,1540218.04,0
9,PAYMENT,347,17446.42,0.0,0.0,0.0,0.0,0
9,TRANSFER,13,1252880.51,0.0,0.0,3332653.57,4757141.84,0
9,CASH_OUT,396,187315.69,0.0,0.0,3205118.61,3392434.3,0
9,CASH_IN,130,204170.06,7274.0,211444.06,0.0,0.0,0
9,CASH_OUT,328,378529.12,48867.0,0.0,0.0,378529.12,0
9,PAYMENT,585,12998.97,11929.0,0.0,0.0,0.0,0
9,PAYMENT,231,4885.91,0.0,0.0,0.0,0.0,0
9,PAYMENT,157,4285.2,0.0,0.0,0.0,0.0,0
9,CASH_OUT,617,94128.99,5647.0,0.0,0.0,94128.99,0
9,PAYMENT,212,20153.16,0.0,0.0,0.0,0.0,0
9,CASH_OUT,351,145466.64,0.0,0.0,4982420.18,5127886.82,0
9,CASH_OUT,131,382267.5,41259.0,0.0,0.0,382267.5,0
9,PAYMENT,135,5152.78,0.0,0.0,0.0,0.0,0
9,CASH_IN,378,103528.4,1605.0,105133.4,365391.92,261863.52,0
9,CASH_OUT,155,199822.19,0.0,0.0,1677243.38,1877065.57,0
9,CASH_OUT,285,69481.94,0.0,0.0,246066.36,315548.3,0
9,CASH_IN,38,6187.39,25528489.2,25534676.59,4080601.01,4074413.62,0
9,PAYMENT,185,14930.06,0.0,0.0,0.0,0.0,0
9,PAYMENT,40,7172.86,25643.0,18470.14,0.0,0.0,0
9,PAYMENT,39,80.92,0.0,0.0,0.0,0.0,0
9,PAYMENT,330,6510.09,170428.0,163917.91,0.0,0.0,0
9,CASH_OUT,276,201052.49,1789.0,0.0,587305.91,788358.4,0
9,CASH_OUT,308,200175.22,86514.0,0.0,13922181.1,14122356.32,0
9,CASH_IN,401,10029.05,227293.57,237322.63,18633.76,8604.71,0
9,CASH_OUT,369,136910.42,185.0,0.0,697440.79,834351.21,0
9,TRANSFER,187,7196174.56,7196174.56,0.0,0.0,0.0,1
9,CASH_IN,179,470306.73,10459.0,480765.73,287878.93,0.0,0
9,PAYMENT,352,726.24,0.0,0.0,0.0,0.0,0
9,CASH_IN,284,221961.97,88057.0,310018.97,2044268.65,1822306.68,0
9,CASH_IN,260,153826.81,20474.0,174300.81,1560037.53,1406210.72,0
9,PAYMENT,307,9882.44,0.0,0.0,0.0,0.0,0
9,TRANSFER,15,1321213.7,0.0,0.0,1851412.46,3172626.16,0
9,PAYMENT,20,1965.93,167846.01,165880.08,0.0,0.0,0
9,PAYMENT,395,30430.99,16612.0,0.0,0.0,0.0,0
9,CASH_OUT,137,225731.72,0.0,0.0,257293.75,483025.47,0
9,PAYMENT,235,785.67,490097.87,489312.2,0.0,0.0,0
9,CASH_IN,250,217091.21,1781009.62,1998100.83,438434.6,221343.39,0
9,TRANSFER,701,79581.24,79581.24,0.0,0.0,0.0,1
9,CASH_OUT,371,105964.08,628.0,0.0,579612.87,685576.95,0
9,CASH_OUT,355,151094.07,0.0,0.0,635109.96,478325.2,0
9,CASH_OUT,134,42046.07,14703.0,0.0,0.0,42046.07,0
9,PAYMENT,185,6151.63,104.0,0.0,0.0,0.0,0
9,PAYMENT,401,3054.99,0.0,0.0,0.0,0.0,0
9,PAYMENT,226,20456.75,14658.0,0.0,0.0,0.0,0
9,PAYMENT,590,10193.23,10919.0,725.77,0.0,0.0,0
9,CASH_OUT,300,192070.42,0.0,0.0,1374509.5,1566579.92,0
9,TRANSFER,301,445903.04,0.0,0.0,6915013.09,7360916.12,0
9,TRANSFER,212,10000000.0,14953893.08,4953893.08,0.0,0.0,1
9,PAYMENT,400,319.38,722767.1,722447.73,0.0,0.0,0
9,CASH_OUT,43,231925.84,1322.0,0.0,0.0,231925.84,0
9,CASH_OUT,228,266836.35,266836.35,0.0,69105.61,335941.96,1
9,CASH_OUT,137,124174.36,22675.0,0.0,0.0,124174.36,0
9,CASH_IN,140,167425.83,3246190.46,3413616.29,2549746.51,2382320.68,0
9,PAYMENT,257,4920.8,276522.0,271601.2,0.0,0.0,0
9,CASH_OUT,616,7240965.96,7240965.96,0.0,0.0,7240965.96,1
9,CASH_OUT,330,580655.99,125.0,0.0,19840.78,600496.78,0
9,CASH_OUT,352,48165.98,42063.0,0.0,437719.25,485885.23,0
9,TRANSFER,644,228751.77,228751.77,0.0,0.0,0.0,1
9,CASH_OUT,348,296265.04,1242.0,0.0,821821.41,1118086.45,0
9,CASH_IN,9,252658.63,27665.0,280323.63,255629.52,0.0,0
9,PAYMENT,370,1212.08,0.0,0.0,0.0,0.0,0
9,CASH_OUT,139,88761.5,63.0,0.0,365556.67,873549.72,0
9,CASH_OUT,606,455788.55,455788.55,0.0,0.0,455788.55,1
9,CASH_OUT,185,387400.29,243389.0,0.0,1967296.22,2354696.51,0
9,PAYMENT,401,22944.15,0.0,0.0,0.0,0.0,0
9,CASH_OUT,378,285938.04,0.0,0.0,1189822.12,1475760.15,0
9,PAYMENT,213,629.12,111986.0,111356.88,0.0,0.0,0
9,CASH_OUT,158,242265.9,0.0,0.0,3657760.86,3900026.76,0
9,CASH_OUT,253,24603.74,0.0,0.0,237747.66,262351.4,0
9,CASH_IN,399,79938.05,2906174.1,2986112.15,416762.64,336824.59,0
9,CASH_IN,307,179436.51,105621.0,285057.51,0.0,0.0,0
9,CASH_IN,189,41023.01,1349.0,42372.01,251612.48,210589.47,0
9,CASH_OUT,375,188837.81,549.0,0.0,0.0,188837.81,0
9,CASH_OUT,35,98148.8,30643.0,0.0,759581.42,857730.22,0
9,PAYMENT,210,7665.04,0.0,0.0,0.0,0.0,0
9,PAYMENT,257,8029.74,51771.0,43741.26,0.0,0.0,0
9,CASH_OUT,12,4833.76,0.0,0.0,6008.0,0.0,0
9,PAYMENT,238,8877.77,15516.67,6638.89,0.0,0.0,0
9,CASH_IN,235,112396.37,10914498.86,11026895.22,3661946.38,3549550.01,0
9,PAYMENT,187,4310.43,0.0,0.0,0.0,0.0,0
9,CASH_OUT,322,52078.94,0.0,0.0,264683.46,316762.4,0
9,CASH_OUT,250,107267.43,0.0,0.0,519179.49,626446.92,0
9,CASH_OUT,211,55920.39,55920.39,0.0,0.0,55920.39,1
9,PAYMENT,204,1464.4,0.0,0.0,0.0,0.0,0
9,TRANSFER,192,37002.57,177.0,0.0,0.0,37002.57,0
9,CASH_IN,134,43839.97,10646541.18,10690381.15,2569201.06,2525361.09,0
9,TRANSFER,161,230763.13,22201.0,0.0,1035272.04,1266035.17,0
9,CASH_IN,3,140164.86,6533762.11,6673926.97,687379.98,547215.12,0
9,CASH_OUT,249,333394.43,30795.0,0.0,118492.38,451886.81,0
9,CASH_IN,522,218939.28,329762.0,548701.28,1300275.93,1760824.61,0
9,CASH_OUT,36,89706.69,0.0,0.0,621988.0,711694.68,0
9,CASH_OUT,371,217061.93,341550.72,124488.79,5591325.43,5808387.36,0
9,CASH_IN,156,39615.31,4529.0,44144.31,595312.5,555697.19,0
9,PAYMENT,133,12553.65,281189.12,268635.47,0.0,0.0,0
9,CASH_IN,13,216245.82,1647230.19,1863476.01,2096174.63,1879928.8,0
9,CASH_OUT,235,181827.58,0.0,0.0,725042.24,906869.82,0
9,PAYMENT,38,15115.11,2113.0,0.0,0.0,0.0,0
9,PAYMENT,309,13468.13,0.0,0.0,0.0,0.0,0
9,CASH_IN,226,278700.59,536829.29,815529.88,2680624.91,2401924.32,0
9,PAYMENT,41,2067.28,30827.0,28759.72,0.0,0.0,0
9,PAYMENT,714,101.37,118459.0,118357.63,0.0,0.0,0
9,CASH_IN,17,311768.71,16192278.23,16504046.94,3496767.69,3184998.98,0
9,CASH_IN,276,135611.53,1672572.9,1808184.43,207893.74,72282.21,0
9,CASH_IN,571,110298.36,30965.0,141263.36,0.0,0.0,0
9,PAYMENT,345,2912.26,0.0,0.0,0.0,0.0,0
9,PAYMENT,357,21477.44,86854.0,65376.56,0.0,0.0,0
9,CASH_OUT,287,144762.04,71740.0,0.0,115576.66,260338.7,0
9,CASH_IN,380,6975.2,29812.0,36787.2,0.0,0.0,0
9,TRANSFER,178,21282.49,0.0,0.0,343240.23,364522.73,0
9,CASH_IN,307,253607.26,14698.0,268305.26,1218387.32,964780.07,0
9,TRANSFER,130,2785726.77,7736.0,0.0,102996.05,2888722.82,0
9,CASH_OUT,324,112132.67,0.0,0.0,831606.03,943738.69,0
9,CASH_OUT,41,328926.44,0.0,0.0,699221.66,1028148.1,0
9,PAYMENT,201,3904.74,12918.22,9013.48,0.0,0.0,0
9,CASH_OUT,322,359134.45,527393.0,168258.55,294658.02,653792.48,0
9,PAYMENT,239,31947.99,0.0,0.0,0.0,0.0,0
9,CASH_OUT,398,124178.08,0.0,0.0,253366.84,377544.92,0
9,CASH_OUT,226,20469.0,366164.0,345695.0,322485.94,342954.95,0
9,CASH_OUT,180,20209.03,30892.59,10683.57,323421.52,343630.54,0
9,CASH_IN,210,227065.27,7298303.2,7525368.47,3030672.01,2803606.73,0
9,PAYMENT,235,39516.98,111446.0,71929.02,0.0,0.0,0
9,PAYMENT,209,2951.15,200367.91,197416.76,0.0,0.0,0
9,PAYMENT,397,18084.47,1105.0,0.0,0.0,0.0,0
9,PAYMENT,307,15896.36,35576.0,19679.64,0.0,0.0,0
9,CASH_IN,154,116176.41,2696867.1,2813043.51,274211.57,158035.16,0
9,PAYMENT,380,15902.96,0.0,0.0,0.0,0.0,0
9,PAYMENT,213,3942.8,26551.0,22608.2,0.0,0.0,0
9,TRANSFER,66,107188.41,107188.41,0.0,0.0,0.0,1
9,CASH_OUT,203,65446.38,0.0,0.0,470658.81,355466.54,0
9,CASH_IN,300,173269.0,1284199.59,1457468.59,1561417.73,1388148.74,0
9,CASH_IN,227,37711.11,1281697.85,1319408.96,86769.2,49058.1,0
9,TRANSFER,306,521986.29,521986.29,0.0,0.0,0.0,1
9,CASH_OUT,13,35783.87,42404.0,6620.13,0.0,35783.87,0
9,CASH_OUT,184,15886.11,985.0,0.0,194765.63,210651.74,0
9,PAYMENT,232,9559.0,49585.0,40026.0,0.0,0.0,0
9,PAYMENT,42,16508.69,128112.62,111603.94,0.0,0.0,0
9,CASH_OUT,285,260405.21,53439.24,0.0,1180152.25,1440557.46,0
9,CASH_OUT,276,4753.54,0.0,0.0,1596798.5,1601552.04,0
9,CASH_OUT,136,123880.36,0.0,0.0,296701.87,420582.23,0
9,PAYMENT,310,21001.34,307306.0,286304.66,0.0,0.0,0
9,TRANSFER,639,208253.11,208253.11,0.0,0.0,0.0,1
9,PAYMENT,378,227.85,67391.0,67163.15,0.0,0.0,0
9,CASH_OUT,352,211477.67,0.0,0.0,10414001.42,10625479.09,0
9,CASH_IN,19,234697.71,11453737.78,11688435.49,2100315.5,1741050.31,0
9,TRANSFER,109,126375.17,126375.17,0.0,0.0,0.0,1
9,TRANSFER,518,1165187.89,1165187.89,0.0,0.0,0.0,1
9,CASH_IN,164,13925.23,24413717.61,24427642.84,19198.78,5273.55,0
9,CASH_OUT,227,124266.26,0.0,0.0,266602.1,390868.36,0
9,CASH_IN,9,411325.08,52950.0,464275.08,387016.71,0.0,0
9,PAYMENT,182,1516.43,0.0,0.0,0.0,0.0,0
9,CASH_OUT,261,256106.19,0.0,0.0,1876638.92,2132745.11,0
9,PAYMENT,277,4886.72,776.0,0.0,0.0,0.0,0
9,CASH_OUT,305,34050.85,0.0,0.0,304224.77,338275.62,0
9,CASH_IN,327,259394.35,22307.0,281701.35,499520.0,240125.66,0
9,PAYMENT,716,1679.91,559.0,0.0,0.0,0.0,0
9,CASH_OUT,38,553538.68,0.0,0.0,1209453.63,1762992.31,0
9,CASH_OUT,166,50375.71,20333.0,0.0,0.0,50375.71,0
9,CASH_OUT,185,374454.75,10592.0,0.0,0.0,374454.75,0
9,CASH_IN,544,203529.94,29901507.27,30105037.21,957266.29,753736.35,0
9,TRANSFER,149,14016.65,14016.65,0.0,0.0,0.0,1
9,TRANSFER,667,71554.74,71554.74,0.0,0.0,0.0,1
9,PAYMENT,35,14226.65,0.0,0.0,0.0,0.0,0
9,PAYMENT,15,25812.78,3598.27,0.0,0.0,0.0,0
9,CASH_OUT,275,21962.84,11488.0,0.0,23847.03,45809.87,0
9,CASH_IN,348,142092.1,16228.0,158320.1,583669.2,441577.1,0
9,CASH_IN,352,146832.27,11122178.67,11269010.94,2548232.63,2401400.36,0
9,PAYMENT,322,2912.02,13009.3,10097.29,0.0,0.0,0
9,PAYMENT,9,7480.35,0.0,0.0,0.0,0.0,0
9,PAYMENT,335,14242.37,35060.0,20817.63,0.0,0.0,0
9,CASH_OUT,164,296668.32,31947.0,0.0,2329653.72,2626322.05,0
9,CASH_OUT,225,303455.53,0.0,0.0,500069.78,803525.3,0
9,PAYMENT,187,4400.44,11218.0,6817.56,0.0,0.0,0
9,CASH_IN,12,360902.1,2609852.08,2970754.18,1258718.72,897816.62,0
9,PAYMENT,204,6057.23,0.0,0.0,0.0,0.0,0
9,PAYMENT,522,23249.22,0.0,0.0,0.0,0.0,0
9,TRANSFER,13,611421.11,98888.0,0.0,173376.0,784797.11,0
9,TRANSFER,400,366236.72,9074.0,0.0,10778283.16,11144519.88,0
9,CASH_OUT,21,50711.56,0.0,0.0,256254.64,43764.04,0
9,TRANSFER,486,1290619.25,1290619.25,0.0,0.0,0.0,1
9,CASH_OUT,186,241885.39,0.0,0.0,639445.43,881330.82,0
9,PAYMENT,257,15575.71,505.0,0.0,0.0,0.0,0
9,CASH_IN,37,27405.4,2851820.85,2879226.25,1827507.39,1800101.99,0
9,PAYMENT,188,2658.86,22144.0,19485.14,0.0,0.0,0
9,CASH_OUT,135,532091.59,0.0,0.0,993698.11,1525789.71,0
9,PAYMENT,188,2582.04,0.0,0.0,0.0,0.0,0
9,CASH_OUT,38,224913.84,11326.0,0.0,1183133.21,1408047.05,0
9,PAYMENT,252,12393.19,37217.0,24823.81,0.0,0.0,0
9,CASH_OUT,384,280407.73,0.0,0.0,342774.5,623182.23,0
9,CASH_OUT,206,70553.03,72319.0,1765.97,282133.36,352686.4,0
9,CASH_IN,395,114578.31,23881656.63,23996234.94,4203942.14,4089363.83,0
9,CASH_OUT,230,194984.51,0.0,0.0,974260.34,1169244.85,0
9,CASH_OUT,579,32372.82,32372.82,0.0,0.0,32372.82,1
9,CASH_IN,131,230905.1,149435.0,380340.1,2876752.8,2645847.7,0
9,CASH_OUT,210,86189.3,0.0,0.0,112670.02,198859.32,0
9,CASH_IN,208,168269.0,3167523.78,3335792.77,3510076.1,3341807.1,0
9,CASH_OUT,139,206796.52,332082.87,125286.36,281586.03,488382.55,0
9,CASH_OUT,155,56821.58,35030.0,0.0,261639.32,318460.9,0
9,CASH_IN,19,292230.63,2421713.33,2713943.96,1244343.06,958252.92,0
9,CASH_IN,213,183407.47,7412766.96,7596174.43,6798621.43,6615213.96,0
9,CASH_OUT,376,109310.73,115.0,0.0,546020.75,655331.49,0
9,PAYMENT,232,14439.75,0.0,0.0,0.0,0.0,0
9,CASH_OUT,327,316219.64,652.0,0.0,0.0,316219.64,0
9,CASH_IN,254,31857.4,2938233.09,2970090.49,827535.46,795678.06,0
9,TRANSFER,400,1547753.07,12501.0,0.0,1305285.02,2853038.09,0
9,PAYMENT,186,12388.3,0.0,0.0,0.0,0.0,0
9,PAYMENT,258,3918.34,137140.81,133222.47,0.0,0.0,0
9,CASH_OUT,180,186598.74,0.0,0.0,2517681.2,2704279.93,0
9,CASH_IN,235,74890.06,882.0,75772.06,0.0,0.0,0
9,CASH_OUT,402,156498.25,0.0,0.0,852366.64,1008864.9,0
9,CASH_IN,35,136461.45,2033188.2,2169649.65,413193.26,411626.63,0
9,CASH_OUT,167,227484.79,0.0,0.0,815081.22,1042566.02,0
9,PAYMENT,188,8164.4,0.0,0.0,0.0,0.0,0
9,CASH_IN,13,74362.23,20760.0,95122.23,0.0,0.0,0
9,CASH_IN,212,135138.42,154302.0,289440.42,0.0,0.0,0
9,CASH_OUT,284,228244.79,0.0,0.0,789403.97,1017648.76,0
9,TRANSFER,190,172590.42,0.0,0.0,266966.93,439557.35,0
9,CASH_OUT,348,476894.86,6034.0,0.0,0.0,476894.86,0
9,CASH_OUT,187,138740.39,74658.0,0.0,0.0,138740.39,0
9,PAYMENT,229,31260.96,51313.0,20052.04,0.0,0.0,0
9,PAYMENT,44,10090.4,68112.0,58021.6,0.0,0.0,0
9,PAYMENT,232,26083.6,31465.0,5381.4,0.0,0.0,0
9,TRANSFER,204,2445425.94,37696.08,0.0,11647607.15,14093033.09,0
9,CASH_IN,306,96447.99,52787.0,149234.99,0.0,0.0,0
9,PAYMENT,164,9571.24,22002.0,12430.76,0.0,0.0,0
9,CASH_OUT,211,174428.94,43722.0,0.0,0.0,174428.94,0
9,PAYMENT,335,3125.45,2492.0,0.0,0.0,0.0,0
9,CASH_IN,369,32471.4,497239.0,529710.4,737465.82,704994.42,0
9,CASH_IN,354,177772.31,11647.0,189419.31,192922.28,15149.97,0
9,PAYMENT,449,1080.53,0.0,0.0,0.0,0.0,0
9,CASH_OUT,368,1050635.77,1050635.77,0.0,150217.9,1200853.67,1
9,CASH_IN,406,180363.96,1029.0,181392.96,42929.03,0.0,0
9,CASH_OUT,321,59628.24,59628.24,0.0,686111.28,745739.53,1
9,PAYMENT,321,15963.41,4038.0,0.0,0.0,0.0,0
9,CASH_IN,398,205876.12,2056644.0,2262520.12,3458828.82,3252952.7,0
9,CASH_OUT,370,192721.74,0.0,0.0,818239.84,1010961.58,0
9,CASH_OUT,239,135989.8,42359.0,0.0,1973875.86,2109865.66,0
9,TRANSFER,227,399724.54,21854.0,0.0,255090.31,654814.85,0
9,PAYMENT,328,44295.44,19303.0,0.0,0.0,0.0,0
9,CASH_OUT,206,15490.97,31780.0,16289.03,0.0,15490.97,0
9,CASH_IN,43,84610.23,10224.0,94834.23,343419.34,258809.1,0
9,CASH_OUT,327,290007.02,47823.0,0.0,0.0,290007.02,0
9,PAYMENT,307,9107.8,20252.0,11144.2,0.0,0.0,0
9,CASH_IN,261,19739.35,42174.0,61913.35,37432.86,17693.51,0
9,PAYMENT,327,8612.29,255002.11,246389.82,0.0,0.0,0
9,PAYMENT,302,12607.83,0.0,0.0,0.0,0.0,0
9,CASH_OUT,11,215571.18,173.19,0.0,891464.27,1107035.45,0
9,CASH_IN,399,84521.28,23600599.5,23685120.78,127044.27,42522.99,0
9,CASH_OUT,261,103629.8,50090.0,0.0,0.0,103629.8,0
9,PAYMENT,20,4340.84,174491.85,170151.01,0.0,0.0,0
9,CASH_OUT,185,403902.64,6291.0,0.0,1108743.0,1512645.64,0
9,PAYMENT,329,698.34,0.0,0.0,0.0,0.0,0
9,PAYMENT,307,12193.09,50763.0,38569.91,0.0,0.0,0
9,PAYMENT,20,492.73,14536.13,14043.39,0.0,0.0,0
9,CASH_IN,322,75936.35,62750.0,138686.35,0.0,0.0,0
9,CASH_IN,183,59624.02,3009115.67,3068739.69,471269.2,411645.18,0
9,PAYMENT,302,9072.39,11618.0,2545.61,0.0,0.0,0
9,CASH_OUT,352,131254.04,42002.0,0.0,99475.78,230729.82,0
9,DEBIT,162,4176.68,147903.8,143727.13,1820242.99,1824419.66,0
9,TRANSFER,324,531741.18,0.0,0.0,6952050.98,7483792.16,0
9,PAYMENT,277,11413.11,0.0,0.0,0.0,0.0,0
9,PAYMENT,329,25794.68,0.0,0.0,0.0,0.0,0
9,CASH_OUT,333,80409.13,40.0,0.0,0.0,80409.13,0
9,PAYMENT,297,40291.48,517.0,0.0,0.0,0.0,0
9,CASH_OUT,371,358229.56,0.0,0.0,1654608.49,2012838.05,0
9,CASH_IN,522,158570.8,5864385.96,6022956.76,2288678.82,2130108.02,0
9,TRANSFER,329,2215835.13,0.0,0.0,2325459.29,4541294.42,0
9,CASH_OUT,355,57293.23,548234.63,490941.4,189796.44,618731.44,0
9,PAYMENT,298,40752.35,0.0,0.0,0.0,0.0,0
9,CASH_OUT,8,1472.25,10472.0,8999.75,10961.0,38692.6,0
9,PAYMENT,252,11589.01,88842.37,77253.36,0.0,0.0,0
9,CASH_OUT,181,305645.5,0.0,0.0,349684.79,655330.29,0
