window_id,type,step,amount,oldbalanceOrg,newbalanceOrig,oldbalanceDest,newbalanceDest,isFraud
0,TRANSFER,299,237317.49,0.0,0.0,519613.26,756930.75,0
0,CASH_IN,329,13420.33,21351280.43,21364700.76,17751.56,4331.23,0
0,CASH_OUT,136,633278.45,16623.0,0.0,272430.78,905709.22,0
0,PAYMENT,333,11652.33,0.0,0.0,0.0,0.0,0
0,CASH_OUT,208,393104.15,22039.0,0.0,1780178.01,2173282.16,0
0,PAYMENT,397,36075.46,32707.0,0.0,0.0,0.0,0
0,PAYMENT,183,21699.66,0.0,0.0,0.0,0.0,0
0,CASH_IN,286,137083.48,3780397.93,3917481.41,1216602.68,1079519.2,0
0,PAYMENT,327,12925.81,9543.0,0.0,0.0,0.0,0
0,CASH_IN,203,8240.38,21177.0,29417.38,0.0,0.0,0
0,CASH_OUT,37,26980.06,10806.0,0.0,0.0,274195.98,0
0,CASH_OUT,402,154143.82,64145.0,0.0,10287.48,164431.3,0
0,CASH_OUT,331,57955.33,60212.0,2256.67,209249.11,267204.44,0
0,PAYMENT,377,12320.41,26349.0,14028.59,0.0,0.0,0
0,CASH_IN,136,168969.77,283754.94,452724.71,451196.51,317394.08,0
0,CASH_OUT,278,197157.3,40096.0,0.0,525900.11,737612.51,0
0,TRANSFER,270,79712.37,79712.37,0.0,0.0,0.0,1
0,CASH_IN,256,168612.77,31950.0,200562.77,0.0,0.0,0
0,PAYMENT,373,12152.85,52152.0,39999.15,0.0,0.0,0
0,CASH_OUT,304,384959.92,0.0,0.0,622519.52,1007479.44,0
0,CASH_OUT,139,200857.8,0.0,0.0,587977.35,788835.15,0
0,CASH_OUT,160,14300.49,0.0,0.0,1453303.73,1467604.22,0
0,CASH_OUT,329,43704.44,0.0,0.0,1004874.4,1048578.84,0
0,PAYMENT,11,17013.35,0.0,0.0,0.0,0.0,0
0,CASH_OUT,232,315712.3,16157.0,0.0,44989.23,360701.53,0
0,PAYMENT,228,21504.46,107192.0,85687.54,0.0,0.0,0
0,CASH_OUT,379,98998.56,31169.0,0.0,0.0,98998.56,0
0,PAYMENT,138,6832.07,11582.0,4749.93,0.0,0.0,0
0,TRANSFER,262,68230.32,68230.32,0.0,0.0,0.0,1
0,PAYMENT,8,200.84,0.0,0.0,0.0,0.0,0
0,CASH_OUT,232,534162.86,0.0,0.0,953692.45,1487855.31,0
0,PAYMENT,659,22689.68,0.0,0.0,0.0,0.0,0
0,CASH_IN,283,218059.09,37931.0,255990.09,2170490.11,2574156.04,0
0,CASH_OUT,381,32633.36,645930.0,613296.64,2755096.51,2787729.87,0
0,CASH_OUT,42,105255.53,31977.0,0.0,10381874.83,10487130.36,0
0,PAYMENT,353,24188.67,0.0,0.0,0.0,0.0,0
0,CASH_IN,656,243706.29,62439.0,306145.29,0.0,0.0,0
0,TRANSFER,177,1213529.23,26775.0,0.0,8735.99,1222265.22,0
0,PAYMENT,257,15084.98,0.0,0.0,0.0,0.0,0
0,PAYMENT,134,29793.8,40783.0,10989.2,0.0,0.0,0
0,CASH_IN,348,65410.62,160136.0,225546.62,238920.58,173509.96,0
0,CASH_OUT,232,230339.69,510594.0,280254.31,141670.14,372009.84,0
0,TRANSFER,735,444898.97,444898.97,0.0,0.0,0.0,1
0,CASH_OUT,43,309146.18,10454.0,0.0,0.0,309146.18,0
0,CASH_OUT,310,15699.59,52109.47,36409.89,272028.83,287728.42,0
0,CASH_OUT,379,377758.5,0.0,0.0,684924.74,1062683.24,0
0,PAYMENT,280,603.87,11183.46,10579.58,0.0,0.0,0
0,TRANSFER,286,9440.84,23692.08,14251.24,418429.71,427870.55,0
0,PAYMENT,311,8288.34,2509.0,0.0,0.0,0.0,0
0,PAYMENT,403,3399.82,11149.0,7749.18,0.0,0.0,0
0,CASH_IN,306,228858.4,470346.93,699205.33,3659063.45,3430205.06,0
0,PAYMENT,630,1265.93,0.0,0.0,0.0,0.0,0
0,CASH_OUT,286,484219.07,0.0,0.0,671069.79,1155288.85,0
0,CASH_OUT,202,40758.68,0.0,0.0,516893.22,557651.9,0
0,TRANSFER,355,928273.87,0.0,0.0,7243762.11,8172035.98,0
0,CASH_OUT,19,152068.3,0.0,0.0,244470.0,215965.59,0
0,PAYMENT,12,4105.07,428.0,0.0,0.0,0.0,0
0,CASH_OUT,139,139180.5,216744.0,77563.5,0.0,139180.5,0
0,TRANSFER,42,839231.64,0.0,0.0,1329783.75,2169015.39,0
0,CASH_OUT,189,246571.6,29598.98,0.0,326238.45,572810.04,0
0,TRANSFER,143,409048.38,143404.61,0.0,500833.61,909881.99,0
0,CASH_OUT,252,273690.53,2388.0,0.0,0.0,273690.53,0
0,PAYMENT,9,11360.78,30172.7,18811.93,0.0,0.0,0
0,CASH_OUT,187,88870.41,11097.0,0.0,3071190.96,3160061.37,0
0,PAYMENT,329,26242.03,0.0,0.0,0.0,0.0,0
0,TRANSFER,482,24382.08,24382.08,0.0,0.0,0.0,1
0,CASH_OUT,284,268069.65,0.0,0.0,1172327.38,1440397.03,0
0,PAYMENT,275,16836.91,21328.0,4491.09,0.0,0.0,0
0,PAYMENT,135,1728.85,0.0,0.0,0.0,0.0,0
0,TRANSFER,20,422333.88,0.0,0.0,1362334.4,1784668.28,0
0,CASH_OUT,187,350757.79,0.0,0.0,2847181.91,3197939.7,0
0,CASH_OUT,115,1844357.26,1844357.26,0.0,3549005.46,5393362.71,1
0,CASH_OUT,379,167586.09,245569.47,77983.38,2998726.2,4218193.39,0
0,CASH_OUT,15,176987.87,0.0,0.0,1115651.98,1292639.85,0
0,PAYMENT,13,3710.19,0.0,0.0,0.0,0.0,0
0,TRANSFER,398,473812.72,0.0,0.0,10045111.14,10518923.86,0
0,TRANSFER,40,1093972.63,76209.0,0.0,3805567.39,4899540.02,0
0,CASH_OUT,350,325579.86,49002.0,0.0,0.0,325579.86,0
0,CASH_OUT,688,146418.05,11687.0,0.0,1633101.46,1779519.51,0
0,PAYMENT,217,711.26,115176.15,114464.9,0.0,0.0,0
0,CASH_IN,354,248386.53,19818.0,268204.53,0.0,0.0,0
0,CASH_OUT,214,51153.06,209.0,0.0,81194.24,132347.3,0
0,CASH_OUT,331,372663.86,0.0,0.0,828060.37,1200724.23,0
0,CASH_IN,186,337303.94,20915.0,358218.94,753001.56,415697.61,0
0,TRANSFER,131,500950.98,14230.0,0.0,0.0,500950.98,0
0,CASH_IN,691,460890.21,859694.0,1320584.21,9568238.99,9107348.78,0
0,PAYMENT,206,6019.7,0.0,0.0,0.0,0.0,0
0,CASH_IN,587,34071.19,7441.0,41512.19,0.0,0.0,0
0,CASH_OUT,236,66539.42,503.0,0.0,135777.93,202317.35,0
0,PAYMENT,253,26846.43,3076.0,0.0,0.0,0.0,0
0,CASH_OUT,41,264256.72,0.0,0.0,3608016.51,4209996.29,0
0,CASH_OUT,162,183917.55,409790.0,225872.45,0.0,183917.55,0
0,CASH_IN,46,157048.19,8025662.29,8182710.49,670075.7,513027.51,0
0,TRANSFER,212,2877068.1,0.0,0.0,3782705.02,6659773.12,0
0,TRANSFER,674,6250438.78,6250438.78,0.0,0.0,0.0,1
0,PAYMENT,41,22391.15,202657.0,180265.85,0.0,0.0,0
0,TRANSFER,202,284237.39,189124.57,0.0,6064069.31,6348306.7,0
0,TRANSFER,177,937740.65,0.0,0.0,2573007.36,3510748.0,0
0,CASH_IN,357,134892.13,3061153.0,3196045.13,2525474.88,2390582.75,0
0,PAYMENT,395,24205.01,20873.96,0.0,0.0,0.0,0
0,PAYMENT,299,8451.62,0.0,0.0,0.0,0.0,0
0,CASH_OUT,450,21708.13,21708.13,0.0,140777.56,162485.7,1
0,CASH_IN,329,133261.87,27415875.15,27549137.02,195968.86,62706.99,0
0,CASH_IN,164,34518.25,6320862.05,6355380.3,173292.94,138774.69,0
0,TRANSFER,204,948860.21,0.0,0.0,3701503.45,4650363.66,0
0,PAYMENT,407,21065.69,1157.0,0.0,0.0,0.0,0
0,CASH_OUT,485,2755588.11,2755588.11,0.0,2758109.87,5513697.98,1
0,PAYMENT,6,6716.16,0.0,0.0,0.0,0.0,0
0,PAYMENT,129,14313.66,0.0,0.0,0.0,0.0,0
0,CASH_OUT,209,134478.63,0.0,0.0,767229.15,901707.78,0
0,PAYMENT,258,2873.89,0.0,0.0,0.0,0.0,0
0,PAYMENT,379,587.76,46553.0,45965.24,0.0,0.0,0
0,CASH_OUT,297,25374.16,31114.0,5739.84,0.0,25374.16,0
0,PAYMENT,159,14295.2,266354.95,252059.75,0.0,0.0,0
0,CASH_OUT,43,53373.2,0.0,0.0,2361879.42,2415252.61,0
0,PAYMENT,12,56744.73,0.0,0.0,0.0,0.0,0
0,CASH_IN,36,9534.62,8380515.74,8390050.36,1070597.72,1061063.1,0
0,CASH_OUT,402,132673.53,83994.0,0.0,0.0,132673.53,0
0,PAYMENT,187,9364.29,16198.76,6834.47,0.0,0.0,0
0,CASH_IN,405,393688.89,633120.14,1026809.03,5336330.56,4942641.67,0
0,DEBIT,346,5342.44,0.0,0.0,728050.13,733392.56,0
0,TRANSFER,507,7239986.95,7239986.95,0.0,0.0,0.0,1
0,CASH_OUT,422,6302.25,106522.0,100219.75,154988.8,161291.05,0
0,CASH_IN,324,141080.37,1853791.51,1994871.88,523806.88,382726.51,0
0,CASH_OUT,374,84574.39,99288.37,14713.98,865298.61,949873.0,0
0,CASH_OUT,353,257809.6,0.0,0.0,533913.57,791723.18,0
0,CASH_OUT,257,164321.62,36435.0,0.0,243952.75,349493.8,0
0,CASH_IN,240,195279.76,2975750.28,3171030.04,198458.4,3178.64,0
0,CASH_OUT,48,13249.64,200342.03,187092.39,664965.06,678214.71,0
0,CASH_IN,138,306192.01,605096.18,911288.18,2030526.88,1515164.16,0
0,CASH_OUT,401,173695.27,5008.0,0.0,161562.42,335257.69,0
0,CASH_OUT,12,102423.13,0.0,0.0,4785353.18,4907228.43,0
0,CASH_OUT,8,202610.51,0.0,0.0,1589065.38,1030696.9,0
0,CASH_OUT,372,60979.9,21337.0,0.0,54586.68,115566.58,0
0,CASH_IN,16,89169.89,1657128.43,1746298.32,444586.79,532837.21,0
0,CASH_IN,9,122487.44,8718383.65,8840871.1,204940.81,0.0,0
0,CASH_IN,331,111559.09,5054.0,116613.09,388322.6,276763.52,0
0,CASH_IN,162,117301.21,846908.31,964209.53,182147.32,535546.36,0
0,PAYMENT,256,28733.31,138312.9,109579.59,0.0,0.0,0
0,CASH_IN,329,217084.78,20062727.51,20279812.29,1874229.69,1657144.91,0
0,CASH_IN,166,57796.87,56182.0,113978.87,104553.01,46756.14,0
0,PAYMENT,188,1358.67,0.0,0.0,0.0,0.0,0
0,PAYMENT,284,2485.59,0.0,0.0,0.0,0.0,0
0,CASH_OUT,439,101558.36,0.0,0.0,947357.94,1048916.3,0
0,CASH_IN,42,68002.26,11344701.7,11412703.96,85656.9,17654.64,0
0,CASH_OUT,306,111035.48,21148.0,0.0,0.0,111035.48,0
0,CASH_OUT,589,38499.48,343908.63,305409.15,2494358.21,2532857.69,0
0,PAYMENT,382,26582.28,0.0,0.0,0.0,0.0,0
0,CASH_IN,589,187456.75,290.0,187746.75,591899.04,404442.29,0
0,CASH_OUT,163,26804.32,14663.0,0.0,2421678.7,2448483.02,0
0,PAYMENT,7,4947.12,204163.0,199215.88,0.0,0.0,0
0,CASH_IN,179,73715.52,200.0,73915.52,87913.22,14197.7,0
0,CASH_IN,492,159103.77,13115.0,172218.77,193501.71,34397.94,0
0,PAYMENT,267,4114.3,189620.0,185505.7,0.0,0.0,0
0,PAYMENT,357,4757.7,20516.0,15758.3,0.0,0.0,0
0,PAYMENT,694,10756.97,503642.68,492885.71,0.0,0.0,0
0,CASH_IN,299,119456.59,31807.0,151263.59,337684.02,218227.43,0
0,CASH_OUT,126,1244037.74,1244037.74,0.0,0.0,1244037.74,1
0,CASH_OUT,46,358912.64,0.0,0.0,4334696.9,4529108.18,0
0,DEBIT,138,3095.69,0.0,0.0,52698.62,55794.31,0
0,TRANSFER,325,107834.85,107834.85,0.0,0.0,0.0,1
0,CASH_IN,334,67219.45,953334.17,1020553.62,325026.75,257807.29,0
0,PAYMENT,284,1437.86,22519.0,21081.14,0.0,0.0,0
0,TRANSFER,397,387408.11,387408.11,0.0,0.0,0.0,1
0,CASH_OUT,140,185522.19,0.0,0.0,431623.31,617145.49,0
0,PAYMENT,596,13931.18,0.0,0.0,0.0,0.0,0
0,CASH_IN,16,48229.85,4597624.36,4645854.21,98573.6,50343.75,0
0,CASH_OUT,233,224279.58,1468.0,0.0,33469.24,257748.83,0
0,PAYMENT,400,7974.49,36755.0,28780.51,0.0,0.0,0
0,CASH_OUT,33,500821.69,10789.0,0.0,0.0,500821.69,0
0,PAYMENT,306,35021.51,0.0,0.0,0.0,0.0,0
0,CASH_OUT,214,87326.33,0.0,0.0,2207690.49,2295016.83,0
0,PAYMENT,157,7399.52,27296.0,19896.48,0.0,0.0,0
0,PAYMENT,262,4403.47,108910.52,104507.06,0.0,0.0,0
0,CASH_OUT,353,275490.16,0.0,0.0,1606437.3,1881927.47,0
0,PAYMENT,138,10628.84,0.0,0.0,0.0,0.0,0
0,PAYMENT,43,4408.92,57376.06,52967.15,0.0,0.0,0
0,CASH_OUT,141,30418.7,0.0,0.0,538114.49,568533.19,0
0,PAYMENT,328,39189.69,182521.0,143331.31,0.0,0.0,0
0,PAYMENT,586,6931.3,142816.42,135885.12,0.0,0.0,0
0,CASH_OUT,235,638487.85,638487.85,0.0,0.0,638487.85,1
0,PAYMENT,35,19419.14,73537.0,54117.86,0.0,0.0,0
0,CASH_OUT,373,177572.29,57184.0,0.0,60585.98,238158.27,0
0,CASH_IN,353,175273.14,153843.0,329116.14,6801.83,0.0,0
0,CASH_OUT,35,153291.7,0.0,0.0,1510115.96,1663407.66,0
0,CASH_OUT,376,146935.96,0.0,0.0,3237090.47,3384026.43,0
0,PAYMENT,211,5196.59,21119.0,15922.41,0.0,0.0,0
0,CASH_OUT,210,4396.47,971.0,0.0,0.0,4396.47,0
0,CASH_OUT,252,85876.46,0.0,0.0,490410.79,576287.24,0
0,CASH_IN,212,56182.99,84412.2,140595.18,1605950.19,1549767.2,0
0,PAYMENT,406,15372.56,200353.0,184980.44,0.0,0.0,0
0,PAYMENT,159,15128.51,0.0,0.0,0.0,0.0,0
0,TRANSFER,299,1083580.88,293018.48,0.0,0.0,1083580.88,0
0,CASH_IN,161,242385.0,6389103.12,6631488.12,772381.16,529996.16,0
0,CASH_OUT,18,95448.75,19688.0,0.0,0.0,95448.75,0
0,CASH_IN,33,47014.55,39776.0,86790.55,204191.48,157176.93,0
0,PAYMENT,230,984.85,10145.0,9160.15,0.0,0.0,0
0,CASH_OUT,137,41977.01,1565.0,0.0,588180.75,630157.75,0
0,CASH_IN,230,454867.81,931214.09,1386081.9,1036005.51,581137.7,0
0,CASH_OUT,133,71509.9,0.0,0.0,2407266.35,2629125.2,0
0,PAYMENT,10,33493.6,347594.9,314101.29,0.0,0.0,0
0,TRANSFER,330,572052.68,0.0,0.0,1062894.75,1634947.42,0
0,CASH_OUT,161,505438.17,351443.0,0.0,5370108.84,5875547.02,0
0,CASH_IN,350,82053.64,113081.08,195134.71,507512.81,425459.18,0
0,PAYMENT,347,1727.97,141894.46,140166.49,0.0,0.0,0
0,CASH_OUT,284,39320.35,14953.0,0.0,0.0,39320.35,0
0,PAYMENT,686,13698.8,11048.0,0.0,0.0,0.0,0
0,CASH_OUT,18,115986.28,50642.0,0.0,0.0,198521.74,0
0,PAYMENT,429,25065.08,119499.05,94433.96,0.0,0.0,0
0,CASH_OUT,300,54145.58,0.0,0.0,820890.47,875036.05,0
0,CASH_OUT,236,255663.45,82520.0,0.0,1826876.1,2082539.55,0
0,PAYMENT,226,28786.57,744.0,0.0,0.0,0.0,0
0,CASH_IN,250,448870.18,131134.42,580004.6,2597120.07,2148249.89,0
0,PAYMENT,140,6219.69,0.0,0.0,0.0,0.0,0
0,PAYMENT,144,6625.82,0.0,0.0,0.0,0.0,0
0,TRANSFER,404,1031722.68,0.0,0.0,1335520.84,2367243.52,0
0,TRANSFER,397,413444.16,324204.94,0.0,6318472.22,6731916.38,0
0,PAYMENT,15,30712.23,13686.61,0.0,0.0,0.0,0
0,CASH_OUT,236,218931.1,14472.0,0.0,1968730.58,2187661.68,0
0,CASH_IN,19,423548.66,716065.74,1139614.4,2186833.57,1850714.46,0
0,PAYMENT,324,28660.29,64525.3,35865.01,0.0,0.0,0
0,PAYMENT,338,3566.58,397533.0,393966.42,0.0,0.0,0
0,CASH_OUT,351,369920.25,1246.0,0.0,472162.2,842082.46,0
0,PAYMENT,372,4374.04,52114.0,47739.96,0.0,0.0,0
0,CASH_IN,372,8527.19,7279641.91,7288169.1,273704.58,265177.39,0
0,PAYMENT,354,14036.21,0.0,0.0,0.0,0.0,0
0,CASH_OUT,354,74647.05,0.0,0.0,121015.65,195662.71,0
0,CASH_OUT,348,15753.65,0.0,0.0,1023651.58,1039405.23,0
0,CASH_IN,43,65366.28,2248067.37,2313433.65,260828.13,195461.85,0
0,CASH_OUT,251,99893.16,20491.0,0.0,1441751.61,1541644.77,0
0,CASH_OUT,11,82711.42,0.0,0.0,643372.31,726083.73,0
0,CASH_OUT,396,73717.75,11319.0,0.0,1116353.24,1190070.99,0
0,PAYMENT,17,6359.32,863963.89,857604.56,0.0,0.0,0
0,PAYMENT,204,10519.94,1620.0,0.0,0.0,0.0,0
0,TRANSFER,380,1485718.79,0.0,0.0,1979691.07,3465409.86,0
0,TRANSFER,195,601657.23,601657.23,0.0,0.0,0.0,1
0,CASH_IN,35,107683.82,39690.0,147373.82,10980345.0,10872661.18,0
0,PAYMENT,378,5212.76,250317.11,245104.35,0.0,0.0,0
0,PAYMENT,37,11936.04,3019.0,0.0,0.0,0.0,0
0,CASH_IN,131,118432.69,3914443.37,4032876.05,126023.85,7591.16,0
0,CASH_OUT,284,239080.0,0.0,0.0,328658.15,567738.16,0
0,CASH_OUT,46,49734.91,36724.8,0.0,96729.21,146464.12,0
0,CASH_IN,284,135545.15,9746705.29,9882250.44,207942.39,72397.24,0
0,TRANSFER,398,537456.15,251.0,0.0,29723.31,567179.46,0
0,CASH_IN,159,159402.91,863784.73,1023187.63,1258659.14,1099256.23,0
0,TRANSFER,726,2216437.25,2216437.25,0.0,0.0,0.0,1
0,TRANSFER,301,58404.23,0.0,0.0,102102.99,160507.22,0
0,CASH_IN,407,134748.39,10217.0,144965.39,107723.57,0.0,0
0,TRANSFER,210,532984.99,94739.0,0.0,0.0,595607.18,0
0,PAYMENT,369,26534.89,60858.0,34323.11,0.0,0.0,0
0,CASH_OUT,181,184201.43,2004.0,0.0,0.0,184201.43,0
0,CASH_IN,589,217594.39,7864729.25,8082323.64,353329.93,135735.54,0
0,TRANSFER,14,340708.78,0.0,0.0,493203.68,527921.38,0
0,PAYMENT,9,7626.42,3779.0,0.0,0.0,0.0,0
0,PAYMENT,140,8776.18,101535.0,92758.82,0.0,0.0,0
0,CASH_OUT,376,115720.77,91149.77,0.0,1590033.85,1705754.62,0
0,DEBIT,96,2318.19,17940.0,15621.81,246227.8,248545.99,0
0,TRANSFER,14,1380522.51,2533.0,0.0,2023520.29,3404042.8,0
0,CASH_OUT,501,472808.24,472808.24,0.0,0.0,472808.24,1
0,CASH_OUT,357,239167.16,8735.94,0.0,335563.95,574731.1,0
0,CASH_OUT,399,189131.78,0.0,0.0,2004088.0,2193219.78,0
0,CASH_OUT,372,15359.22,0.0,0.0,240217.97,255577.2,0
0,TRANSFER,330,212876.98,37244.0,0.0,0.0,212876.98,0
0,PAYMENT,300,38179.2,46317.0,8137.8,0.0,0.0,0
0,CASH_OUT,227,79502.96,0.0,0.0,3711881.56,3791384.52,0
0,CASH_IN,183,380981.14,0.0,380981.14,404607.54,23626.39,0
0,CASH_OUT,18,324789.42,21634.0,0.0,0.0,324789.42,0
0,CASH_IN,547,188031.96,49754.0,237785.96,89616.64,0.0,0
0,TRANSFER,186,767241.42,73688.0,0.0,50931.62,818173.05,0
0,TRANSFER,285,110650.7,0.0,0.0,1381777.19,1492427.89,0
0,CASH_OUT,395,184829.01,129.0,0.0,42597.86,227426.87,0
0,CASH_OUT,380,84058.41,121.0,0.0,1287775.11,1371833.52,0
0,PAYMENT,326,56010.35,0.0,0.0,0.0,0.0,0
0,PAYMENT,159,6929.81,0.0,0.0,0.0,0.0,0
0,CASH_IN,345,175159.16,380649.54,555808.7,3899820.69,3724661.53,0
0,TRANSFER,301,1804012.87,80840.0,0.0,12404529.92,14208542.79,0
0,CASH_OUT,19,6684.94,176050.54,169365.59,936540.16,1526103.02,0
0,CASH_OUT,334,196762.25,16827.0,0.0,0.0,196762.25,0
0,CASH_OUT,74,3284197.88,3284197.88,0.0,200942.08,3485139.96,1
0,TRANSFER,502,613020.85,613020.85,0.0,0.0,0.0,1
0,PAYMENT,236,13273.8,34806.0,21532.2,0.0,0.0,0
0,CASH_OUT,331,168314.76,49759.0,0.0,0.0,168314.76,0
0,TRANSFER,518,95105.01,95105.01,0.0,0.0,0.0,1
0,PAYMENT,350,45584.69,5855.0,0.0,0.0,0.0,0
0,TRANSFER,157,674245.53,9942.0,0.0,490893.85,1165139.38,0
0,CASH_IN,691,44167.67,3311706.3,3355873.97,220860.96,176693.29,0
0,CASH_OUT,14,225933.44,0.0,0.0,396941.57,924054.18,0
0,CASH_OUT,164,409.93,0.0,0.0,144090.68,144500.61,0
0,PAYMENT,17,12456.68,21290.0,8833.32,0.0,0.0,0
0,CASH_IN,398,2149.62,7668629.96,7670779.58,34443.2,32293.58,0
0,PAYMENT,229,21784.57,0.0,0.0,0.0,0.0,0
0,CASH_IN,323,48880.12,10578.0,59458.12,255993.7,207113.59,0
0,CASH_OUT,399,440681.76,0.0,0.0,738114.75,1178796.51,0
0,PAYMENT,375,1869.36,0.0,0.0,0.0,0.0,0
0,CASH_OUT,396,65031.67,0.0,0.0,4939864.69,5004896.36,0
0,CASH_OUT,138,64649.54,0.0,0.0,83001.98,147651.51,0
0,CASH_OUT,357,190839.58,0.0,0.0,1377766.53,1568606.11,0
0,CASH_OUT,181,49036.0,61581.0,12545.0,0.0,49036.0,0
0,CASH_IN,153,18773.67,157794.0,176567.67,278424.7,259651.03,0
0,TRANSFER,329,1704962.26,713997.0,0.0,1278078.62,2983040.88,0
0,CASH_IN,323,171943.51,3196700.4,3368643.91,4612107.47,4440163.96,0
0,CASH_IN,664,417419.46,32940.0,450359.46,1234095.13,816675.67,0
0,PAYMENT,44,7962.52,23664.91,15702.39,0.0,0.0,0
0,CASH_OUT,275,226097.7,118607.0,0.0,50121.94,276219.64,0
0,CASH_OUT,207,72655.26,39.0,0.0,0.0,72655.26,0
0,CASH_OUT,159,177651.77,0.0,0.0,737432.37,915084.14,0
0,CASH_IN,346,15048.9,95019.0,110067.9,2389698.31,2374649.42,0
0,TRANSFER,396,211842.32,0.0,0.0,372134.28,583976.59,0
0,TRANSFER,560,357882.83,357882.83,0.0,0.0,0.0,1
0,CASH_IN,397,386538.72,4452492.51,4839031.22,1138160.75,751622.04,0
0,PAYMENT,228,3454.35,0.0,0.0,0.0,0.0,0
0,TRANSFER,443,1162672.01,1162672.01,0.0,0.0,0.0,1
0,CASH_IN,240,551939.05,638348.88,1190287.92,6579545.31,6027606.27,0
0,PAYMENT,236,6815.94,94484.3,87668.36,0.0,0.0,0
0,CASH_OUT,262,85999.46,113583.0,27583.54,0.0,85999.46,0
0,CASH_OUT,355,146548.27,0.0,0.0,4845296.4,4991844.67,0
0,CASH_IN,229,251135.68,5078740.94,5329876.62,982809.71,731674.02,0
0,CASH_OUT,254,16368.05,0.0,0.0,307101.53,323469.58,0
0,CASH_OUT,306,262389.24,0.0,0.0,6675534.35,6937923.59,0
0,CASH_OUT,353,98313.25,0.0,0.0,1661022.78,1759336.03,0
0,PAYMENT,324,23446.32,48920.0,25473.68,0.0,0.0,0
0,PAYMENT,280,19669.04,99228.0,79558.96,0.0,0.0,0
0,CASH_IN,139,140118.03,230093.53,370211.56,11329420.73,11189302.71,0
0,PAYMENT,160,1563.77,212483.0,210919.23,0.0,0.0,0
0,CASH_IN,522,170429.18,7870103.29,8040532.47,8459562.85,8289133.67,0
0,PAYMENT,159,783.88,16659.0,15875.12,0.0,0.0,0
0,PAYMENT,216,4922.22,6118.0,1195.78,0.0,0.0,0
0,CASH_OUT,186,143855.84,106233.0,0.0,1078843.21,1222699.05,0
0,TRANSFER,306,10000000.0,10850530.59,850530.59,0.0,0.0,1
0,CASH_IN,204,332355.46,2486786.21,2819141.67,446126.66,113771.19,0
0,CASH_IN,404,38374.49,2546.0,40920.49,0.0,0.0,0
0,CASH_OUT,16,273551.26,0.0,0.0,494373.66,670250.47,0
0,PAYMENT,280,2873.71,15473.82,12600.11,0.0,0.0,0
0,CASH_OUT,41,174293.27,0.0,0.0,1080008.65,1254301.92,0
0,TRANSFER,378,192815.77,192815.77,0.0,0.0,0.0,1
0,CASH_IN,212,61053.91,5019810.19,5080864.1,107731.41,46677.49,0
0,PAYMENT,383,10321.33,20907.0,10585.67,0.0,0.0,0
0,TRANSFER,663,202952.03,202952.03,0.0,0.0,0.0,1
0,TRANSFER,351,902380.93,20492.0,0.0,95036.59,997417.52,0
0,PAYMENT,165,10138.75,310283.0,300144.25,0.0,0.0,0
0,CASH_IN,164,193125.64,15739993.34,15933118.98,380202.02,187076.38,0
0,CASH_OUT,204,165313.36,39162.0,0.0,107079.27,272392.62,0
0,PAYMENT,474,5057.01,126.0,0.0,0.0,0.0,0
0,PAYMENT,154,141.43,0.0,0.0,0.0,0.0,0
0,TRANSFER,35,777451.65,12485.5,0.0,5798553.45,6576005.1,0
0,CASH_OUT,16,106635.76,21967.0,0.0,849119.29,1387837.71,0
0,CASH_IN,9,144866.0,5973268.8,6118134.8,337107.69,192241.69,0
0,TRANSFER,208,476100.88,172719.75,0.0,3742398.86,4218499.74,0
0,CASH_OUT,229,520296.32,0.0,0.0,2761208.3,3281504.62,0
0,CASH_IN,137,365521.02,144.0,365665.02,118340.87,0.0,0
0,CASH_OUT,235,421408.81,0.0,0.0,1907935.13,2329343.94,0
0,CASH_OUT,328,358471.12,42059.0,0.0,318794.6,677265.72,0
0,PAYMENT,214,14583.86,0.0,0.0,0.0,0.0,0
0,CASH_OUT,427,4892226.25,4892226.25,0.0,54435.33,4946661.58,1
0,PAYMENT,41,17537.62,17638.56,100.94,0.0,0.0,0
0,CASH_OUT,741,62297.18,62297.18,0.0,1060553.11,1122850.29,1
0,CASH_IN,183,321961.3,107426.0,429387.3,147964.0,0.0,0
0,PAYMENT,251,796.97,339978.84,339181.87,0.0,0.0,0
0,CASH_OUT,133,899782.7,899782.7,0.0,106863.62,1006646.32,1
0,TRANSFER,557,111467.61,111467.61,0.0,0.0,0.0,1
0,CASH_OUT,401,232959.6,696515.64,463556.04,317273.58,550233.18,0
0,CASH_OUT,158,528255.04,0.0,0.0,2562297.4,3090552.43,0
0,CASH_OUT,355,291704.42,0.0,0.0,576190.67,867895.08,0
0,PAYMENT,178,11580.64,0.0,0.0,0.0,0.0,0
0,CASH_OUT,140,39664.08,75874.0,36209.92,220331.01,259995.09,0
0,PAYMENT,235,17172.83,20892.0,3719.17,0.0,0.0,0
0,PAYMENT,238,4016.4,3500.0,0.0,0.0,0.0,0
0,CASH_OUT,328,134228.85,0.0,0.0,695305.62,829534.47,0
0,CASH_IN,187,173524.44,21005.0,194529.44,907513.96,733989.52,0
0,PAYMENT,252,15686.95,36949.54,21262.59,0.0,0.0,0
0,CASH_OUT,133,206119.73,0.0,0.0,2631432.3,2837552.03,0
0,DEBIT,163,912.78,0.0,0.0,39799.0,40711.78,0
0,CASH_IN,253,56467.4,13084894.6,13141362.0,130251.18,73783.78,0
0,PAYMENT,299,9236.95,0.0,0.0,0.0,0.0,0
0,PAYMENT,203,28996.25,235.0,0.0,0.0,0.0,0
0,CASH_IN,307,123709.98,7428559.09,7552269.06,1046722.28,923012.3,0
0,PAYMENT,378,13575.94,686169.0,672593.06,0.0,0.0,0
0,PAYMENT,16,33379.57,0.0,0.0,0.0,0.0,0
0,CASH_IN,135,215458.9,582675.03,798133.93,1950394.31,1734935.42,0
0,CASH_OUT,306,45229.82,506448.0,461218.18,91345.54,136575.36,0
0,CASH_OUT,400,166701.59,0.0,0.0,1199815.07,1366516.66,0
0,PAYMENT,183,4777.88,2678.0,0.0,0.0,0.0,0
0,CASH_OUT,397,103185.4,0.0,0.0,12612362.08,12715547.49,0
0,CASH_IN,15,188666.21,240.0,188906.21,0.0,226462.96,0
0,PAYMENT,404,14568.74,20099.41,5530.67,0.0,0.0,0
0,PAYMENT,167,8781.88,22300.0,13518.12,0.0,0.0,0
0,PAYMENT,34,21878.73,0.0,0.0,0.0,0.0,0
0,PAYMENT,135,3147.11,0.0,0.0,0.0,0.0,0
0,PAYMENT,15,27912.86,0.0,0.0,0.0,0.0,0
0,PAYMENT,235,13803.54,0.0,0.0,0.0,0.0,0
0,CASH_IN,38,450858.59,21501.0,472359.59,2278967.53,1828108.94,0
0,PAYMENT,227,7385.79,291103.0,283717.21,0.0,0.0,0
0,PAYMENT,141,3586.14,1085.0,0.0,0.0,0.0,0
0,CASH_OUT,186,144018.1,25668.0,0.0,1676111.96,1820130.06,0
0,CASH_OUT,164,156922.54,0.0,0.0,585343.93,742266.46,0
0,PAYMENT,181,15202.41,11571.0,0.0,0.0,0.0,0
0,CASH_OUT,39,225747.64,371126.31,145378.67,1208992.46,1434740.1,0
0,CASH_OUT,202,147368.13,0.0,0.0,512823.92,660192.05,0
0,CASH_OUT,133,83759.05,0.0,0.0,385524.46,469283.51,0
0,CASH_IN,180,92405.21,5379170.49,5471575.7,98969.36,6564.15,0
0,PAYMENT,401,2550.4,0.0,0.0,0.0,0.0,0
0,PAYMENT,281,7207.61,0.0,0.0,0.0,0.0,0
0,CASH_OUT,16,228897.16,0.0,0.0,504000.71,732897.87,0
0,CASH_IN,400,25391.82,175798.0,201189.82,111273.13,85881.31,0
0,CASH_OUT,162,320064.8,105616.0,0.0,266174.37,586239.18,0
0,CASH_OUT,284,106587.84,121438.0,14850.16,0.0,106587.84,0
0,PAYMENT,323,37717.11,77225.0,39507.89,0.0,0.0,0
0,PAYMENT,325,11390.51,176.0,0.0,0.0,0.0,0
0,PAYMENT,280,5147.55,0.0,0.0,0.0,0.0,0
0,CASH_OUT,236,76708.22,0.0,0.0,355447.98,432156.2,0
0,CASH_IN,183,81112.64,21547.0,102659.64,0.0,0.0,0
0,CASH_OUT,373,69371.63,0.0,0.0,76542.71,145914.34,0
0,PAYMENT,283,5366.31,79449.22,74082.91,0.0,0.0,0
0,CASH_OUT,326,6546019.0,6546019.0,0.0,1342360.08,14782044.54,1
0,CASH_IN,208,347452.18,867396.42,1214848.6,976317.21,628865.03,0
0,CASH_IN,255,177289.12,9983.0,187272.12,0.0,0.0,0
0,PAYMENT,332,947.42,2862.0,1914.58,0.0,0.0,0
0,CASH_IN,398,264987.61,3568901.88,3833889.49,2959019.52,2694031.9,0
0,PAYMENT,324,15999.53,11540.0,0.0,0.0,0.0,0
0,PAYMENT,258,19440.64,29589.0,10148.36,0.0,0.0,0
0,TRANSFER,686,573568.36,0.0,0.0,998785.06,1572353.42,0
0,PAYMENT,356,8923.06,0.0,0.0,0.0,0.0,0
0,CASH_IN,404,194235.91,567410.13,761646.04,2965657.04,2771421.13,0
0,CASH_OUT,358,405262.39,0.0,0.0,2560294.27,2965556.66,0
0,CASH_OUT,47,190252.04,0.0,0.0,556568.25,746820.29,0
0,CASH_OUT,181,41702.5,6042.0,0.0,2911255.61,2756668.83,0
0,PAYMENT,228,7785.78,78835.61,71049.82,0.0,0.0,0
0,CASH_OUT,283,252227.99,13719.0,0.0,0.0,252227.99,0
0,CASH_IN,617,421704.69,46910.0,468614.69,656564.33,234859.65,0
0,CASH_OUT,18,224066.91,50382.0,0.0,0.0,224066.91,0
0,PAYMENT,44,250.63,0.0,0.0,0.0,0.0,0
0,PAYMENT,20,3379.6,219390.02,216010.41,0.0,0.0,0
0,PAYMENT,372,243.55,3544.0,3300.45,0.0,0.0,0
0,PAYMENT,133,9847.66,59945.0,50097.34,0.0,0.0,0
0,CASH_OUT,258,33291.83,0.0,0.0,307308.93,340600.76,0
0,CASH_OUT,406,83796.04,0.0,0.0,1198095.95,1281891.98,0
0,PAYMENT,398,20223.38,0.0,0.0,0.0,0.0,0
0,TRANSFER,7,663141.8,0.0,0.0,2348717.1,14247328.87,0
0,CASH_OUT,411,1464008.18,1464008.18,0.0,0.0,1464008.18,1
0,TRANSFER,325,747580.05,0.0,0.0,1821685.95,2569266.0,0
0,TRANSFER,160,77770.16,0.0,0.0,291084.99,368855.16,0
0,PAYMENT,187,287.16,0.0,0.0,0.0,0.0,0
0,CASH_OUT,227,39656.31,0.0,0.0,3737397.22,3777053.53,0
0,CASH_OUT,330,371723.55,293236.0,0.0,0.0,371723.55,0
0,CASH_IN,400,187788.33,544.0,188332.33,450144.03,262355.7,0
0,TRANSFER,351,9772559.35,9772559.35,0.0,0.0,0.0,1
0,CASH_OUT,131,216028.58,0.0,0.0,3757194.73,3973223.32,0
0,CASH_IN,403,75913.62,5611281.84,5687195.46,153929.18,78015.56,0
0,PAYMENT,9,5817.78,93266.14,87448.36,0.0,0.0,0
0,CASH_OUT,184,44529.83,0.0,0.0,67839.47,112369.3,0
0,PAYMENT,681,21485.79,11053.87,0.0,0.0,0.0,0
0,TRANSFER,242,3210027.48,3210027.48,0.0,0.0,0.0,1
0,CASH_OUT,182,145495.62,102933.0,0.0,0.0,247079.77,0
0,DEBIT,143,5059.62,109984.0,104924.38,31923.77,36983.39,0
0,PAYMENT,156,14411.25,0.0,0.0,0.0,0.0,0
0,CASH_IN,329,25756.77,5676589.02,5702345.78,5402993.31,5377236.55,0
0,CASH_IN,177,112156.44,122613.0,234769.44,627132.01,514975.57,0
0,CASH_OUT,495,1301090.39,1301090.39,0.0,3049015.55,4350105.94,1
0,CASH_OUT,348,272405.25,125765.0,0.0,1499.58,273904.83,0
0,TRANSFER,659,224606.02,0.0,0.0,36420022.61,36644628.63,0
0,PAYMENT,17,355.5,0.0,0.0,0.0,0.0,0
0,CASH_OUT,525,194245.86,0.0,0.0,307261.91,501507.77,0
0,PAYMENT,331,33704.11,0.0,0.0,0.0,0.0,0
0,CASH_OUT,347,32064.23,352230.0,320165.77,0.0,32064.23,0
0,CASH_OUT,234,4437.61,0.0,0.0,85969.76,90407.38,0
0,PAYMENT,156,3534.78,10574.0,7039.22,0.0,0.0,0
0,CASH_OUT,77,239473.85,239473.85,0.0,729245.09,968718.94,1
0,TRANSFER,10,59835.0,59835.0,0.0,0.0,0.0,1
0,PAYMENT,236,16107.04,2763.0,0.0,0.0,0.0,0
0,CASH_OUT,334,262585.6,0.0,0.0,522125.22,784710.82,0
0,CASH_IN,177,7489.92,12796.0,20285.92,2976873.49,2969383.58,0
0,CASH_IN,41,345574.6,23836.0,369410.6,924779.73,579205.12,0
0,PAYMENT,217,21701.31,133865.41,112164.1,0.0,0.0,0
0,PAYMENT,403,3487.33,0.0,0.0,0.0,0.0,0
0,PAYMENT,322,28736.19,245326.64,216590.45,0.0,0.0,0
0,PAYMENT,185,21298.61,0.0,0.0,0.0,0.0,0
0,PAYMENT,401,21962.87,751.0,0.0,0.0,0.0,0
0,CASH_IN,228,353425.12,202562.0,555987.12,5704845.04,5351419.93,0
0,PAYMENT,212,5803.1,115171.31,109368.21,0.0,0.0,0
0,TRANSFER,177,422898.94,73457.0,0.0,0.0,554572.83,0
0,CASH_OUT,139,129966.82,0.0,0.0,7146490.67,7637620.93,0
0,PAYMENT,166,6165.19,117524.61,111359.42,0.0,0.0,0
0,PAYMENT,394,50508.75,222883.4,172374.65,0.0,0.0,0
0,CASH_OUT,273,601494.61,601494.61,0.0,0.0,601494.61,1
0,CASH_IN,403,31489.99,10216.0,41705.99,310054.54,278564.56,0
0,CASH_IN,353,88483.74,138.0,88621.74,22529.37,0.0,0
0,PAYMENT,208,7831.35,0.0,0.0,0.0,0.0,0
0,CASH_OUT,351,74378.56,0.0,0.0,7102081.12,7176459.68,0
0,CASH_OUT,16,51174.22,24809.0,0.0,2251286.91,2302461.13,0
0,CASH_OUT,189,225232.33,0.0,0.0,602642.0,841796.95,0
0,TRANSFER,263,163570.09,205360.0,41789.91,0.0,163570.09,0
0,CASH_OUT,178,561922.19,3094.0,0.0,2495126.22,3057048.41,0
0,CASH_OUT,275,94008.43,0.0,0.0,128790.63,222799.06,0
0,PAYMENT,14,22453.39,12043.0,0.0,0.0,0.0,0
0,CASH_OUT,43,89659.12,51273.0,0.0,963764.29,1053423.41,0
0,PAYMENT,354,13982.91,50670.0,36687.09,0.0,0.0,0
0,CASH_OUT,11,555853.17,0.0,0.0,1371207.91,1816043.2,0
0,CASH_OUT,37,267646.89,0.0,0.0,465738.41,733385.3,0
0,CASH_IN,354,80149.02,43627.0,123776.02,5047179.82,4967030.8,0
0,TRANSFER,296,716273.17,716273.17,0.0,0.0,0.0,1
1,CASH_OUT,36,150876.77,0.0,0.0,1129858.66,1280735.43,0
1,TRANSFER,253,397775.11,0.0,0.0,632965.36,1030740.46,0
1,TRANSFER,405,70756.72,70756.72,0.0,0.0,0.0,1
1,PAYMENT,283,8018.53,76090.53,68072.0,0.0,0.0,0
1,CASH_OUT,667,159993.98,302141.0,142147.02,946781.49,1106775.47,0
1,PAYMENT,136,20564.11,0.0,0.0,0.0,0.0,0
1,CASH_IN,184,102118.3,10178092.15,10280210.45,156739.21,54620.91,0
1,PAYMENT,400,8267.63,0.0,0.0,0.0,0.0,0
1,CASH_OUT,348,111722.92,27017.0,0.0,640227.31,751950.23,0
1,CASH_OUT,307,158594.6,31553.0,0.0,282227.86,440822.46,0
1,PAYMENT,11,1082.49,253308.66,252226.17,0.0,0.0,0
1,CASH_OUT,484,26654.46,26654.46,0.0,1575093.13,1601747.59,1
1,DEBIT,401,2843.11,54976.0,52132.89,2507711.85,2510554.96,0
1,CASH_OUT,400,182664.53,21404.0,0.0,40574.36,223238.89,0
1,CASH_OUT,307,183346.11,7667.0,0.0,2209695.59,2393041.69,0
1,CASH_OUT,17,248882.64,32630.0,0.0,0.0,248882.64,0
1,PAYMENT,329,9699.45,20555.0,10855.55,0.0,0.0,0
1,CASH_OUT,231,94372.61,0.0,0.0,471783.48,566156.08,1
1,CASH_OUT,370,143676.64,75450.0,0.0,282531.94,426208.58,0
1,CASH_OUT,273,103078.52,103078.52,0.0,0.0,103078.52,1
1,CASH_IN,404,26591.06,21059.0,47650.06,723109.62,696518.56,0
1,CASH_OUT,163,114372.27,751707.0,637334.73,0.0,114372.27,0
1,PAYMENT,9,1776.06,5075.0,3298.94,0.0,0.0,0
1,CASH_OUT,444,3752520.6,3752520.6,0.0,1255946.49,5008467.09,1
1,CASH_OUT,651,130777.09,130777.09,0.0,0.0,130777.09,1
1,CASH_IN,134,421893.95,144859.0,566752.95,22844.26,0.0,0
1,CASH_IN,401,157741.76,2860125.4,3017867.16,421880.15,264138.39,0
1,CASH_OUT,9,360632.55,20616.0,0.0,939976.04,1374876.1,0
1,TRANSFER,43,2602140.9,0.0,0.0,9782395.08,12516407.59,0
1,CASH_IN,408,50575.83,2073224.2,2123800.02,338118.68,287542.85,0
1,PAYMENT,346,19333.28,0.0,0.0,0.0,0.0,0
1,CASH_IN,331,343651.58,7955110.24,8298761.82,631723.57,288071.99,0
1,PAYMENT,469,40908.26,0.0,0.0,0.0,0.0,0
1,CASH_OUT,371,172978.93,0.0,0.0,2029781.94,2202760.87,0
1,PAYMENT,278,17213.65,156778.06,139564.4,0.0,0.0,0
1,CASH_IN,234,30289.74,270436.35,300726.09,992112.07,961822.34,0
1,PAYMENT,357,532.81,0.0,0.0,0.0,0.0,0
1,PAYMENT,373,7543.69,0.0,0.0,0.0,0.0,0
1,CASH_IN,240,37850.83,4304620.63,4342471.46,88622.44,50771.62,0
1,CASH_IN,135,220160.62,131743.0,351903.62,2276359.97,2056199.35,0
1,CASH_OUT,228,263829.05,213154.96,0.0,865192.42,1129021.47,0
1,PAYMENT,39,1619.28,0.0,0.0,0.0,0.0,0
1,TRANSFER,284,183689.17,0.0,0.0,1041093.81,1224782.98,0
1,CASH_OUT,164,63815.69,0.0,0.0,138458.28,202273.97,0
1,PAYMENT,378,18737.37,156.0,0.0,0.0,0.0,0
1,CASH_OUT,34,525058.65,0.0,0.0,610601.81,1135660.47,0
1,CASH_OUT,307,101695.48,102484.0,788.52,88832.99,190528.46,0
1,CASH_OUT,35,128524.37,0.0,0.0,296127.95,424652.32,0
1,CASH_OUT,161,144876.4,144876.4,0.0,170443.27,315319.66,1
1,PAYMENT,33,2465.27,11941.0,9475.73,0.0,0.0,0
1,CASH_OUT,204,64671.17,11666.0,0.0,5487590.08,5638919.5,0
1,CASH_IN,33,90976.83,773854.23,864831.05,302737.17,211760.34,0
1,CASH_OUT,14,56573.73,0.0,0.0,2686194.75,3665388.26,0
1,PAYMENT,211,9167.17,189607.03,180439.85,0.0,0.0,0
1,CASH_OUT,567,118304.37,0.0,0.0,1072340.86,1190645.23,0
1,CASH_OUT,13,288644.05,0.0,0.0,303919.26,592563.31,0
1,CASH_IN,163,376927.28,4072299.61,4449226.89,2417863.27,2040935.99,0
1,CASH_OUT,33,7664.47,0.0,0.0,75299.96,82964.43,0
1,CASH_OUT,95,233207.6,0.0,0.0,243129.11,476336.71,0
1,CASH_IN,397,37200.69,633570.0,670770.69,1204030.03,1166829.34,0
1,CASH_OUT,183,191044.68,0.0,0.0,714696.09,905740.77,0
1,PAYMENT,394,32733.28,0.0,0.0,0.0,0.0,0
1,PAYMENT,163,4921.12,37950.0,33028.88,0.0,0.0,0
1,CASH_OUT,325,20146.07,0.0,0.0,1481983.36,1502129.43,0
1,CASH_IN,408,100214.49,5740305.88,5840520.38,218026.8,117812.3,0
1,CASH_OUT,45,159921.75,25357.0,0.0,0.0,159921.75,0
1,TRANSFER,281,20638.02,187.0,0.0,0.0,20638.02,0
1,PAYMENT,282,14902.89,666450.06,651547.17,0.0,0.0,0
1,PAYMENT,398,26094.66,6607.29,0.0,0.0,0.0,0
1,PAYMENT,233,31756.68,0.0,0.0,0.0,0.0,0
1,CASH_OUT,254,76475.7,24844.0,0.0,294060.94,370536.64,0
1,TRANSFER,20,974783.37,0.0,0.0,1712850.73,2687634.09,0
1,PAYMENT,204,3511.78,85184.0,81672.22,0.0,0.0,0
1,CASH_OUT,637,238946.55,0.0,0.0,261855.5,500802.05,0
1,PAYMENT,299,27469.0,0.0,0.0,0.0,0.0,0
1,CASH_OUT,235,37726.58,21202.0,0.0,33045.93,70772.52,0
1,TRANSFER,305,455357.92,0.0,0.0,8374311.84,8829669.76,0
1,PAYMENT,350,19736.49,1004.0,0.0,0.0,0.0,0
1,TRANSFER,18,1300308.64,0.0,0.0,2149012.44,3449321.08,0
1,PAYMENT,141,8603.18,206733.0,198129.82,0.0,0.0,0
1,PAYMENT,208,1972.39,12227.0,10254.61,0.0,0.0,0
1,PAYMENT,333,1432.78,0.0,0.0,0.0,0.0,0
1,CASH_IN,12,59711.06,10013570.44,10073281.5,145526.36,85815.3,0
1,CASH_OUT,329,212563.42,0.0,0.0,1955612.57,2168176.0,0
1,CASH_IN,160,259729.23,5000.0,264729.23,0.0,0.0,0
1,CASH_OUT,227,205984.57,518.0,0.0,0.0,205984.57,0
1,DEBIT,232,10144.32,441636.0,431491.68,168799.66,178943.98,0
1,TRANSFER,22,106204.51,720.0,0.0,478217.77,584422.28,0
1,CASH_OUT,37,301366.8,0.0,0.0,4433169.82,4734536.62,0
1,CASH_OUT,307,231214.67,10368.0,0.0,3399062.36,3630277.03,0
1,PAYMENT,596,757.04,24584.0,23826.96,0.0,0.0,0
1,CASH_IN,210,9843.91,4587843.21,4597687.13,1256202.52,1246358.61,0
1,TRANSFER,711,219407.52,219407.52,0.0,0.0,0.0,1
1,TRANSFER,188,433601.72,0.0,0.0,10337388.34,10770990.06,0
1,CASH_IN,348,180182.12,70032.0,250214.12,105135.29,0.0,0
1,CASH_OUT,231,375432.52,871.0,0.0,353246.37,728678.89,0
1,PAYMENT,157,7729.82,4775.0,0.0,0.0,0.0,0
1,CASH_IN,403,90099.41,13615.0,103714.41,1905039.9,2454934.42,0
1,PAYMENT,14,5739.07,0.0,0.0,0.0,0.0,0
1,CASH_OUT,155,355906.31,20313.0,0.0,1714747.09,2070653.39,0
1,PAYMENT,328,16999.26,46626.84,29627.58,0.0,0.0,0
1,CASH_OUT,235,11481.49,0.0,0.0,2714239.07,2725720.56,0
1,DEBIT,308,346.85,554.0,207.15,590437.68,590784.53,0
1,CASH_IN,304,160322.98,4258140.29,4418463.26,188056.44,27733.47,0
1,TRANSFER,270,757422.83,757422.83,0.0,0.0,0.0,1
1,CASH_OUT,235,206138.76,283970.43,77831.67,8630222.9,8898414.53,0
1,PAYMENT,396,11473.31,40272.0,28798.69,0.0,0.0,0
1,CASH_IN,20,67205.51,10517.0,77722.51,6953242.3,6886036.79,0
1,PAYMENT,352,5106.64,0.0,0.0,0.0,0.0,0
1,PAYMENT,249,24106.25,49709.0,25602.75,0.0,0.0,0
1,TRANSFER,396,87876.13,4400.04,0.0,13734037.45,13821913.58,0
1,PAYMENT,16,18845.86,9143.0,0.0,0.0,0.0,0
1,CASH_OUT,94,71408.57,0.0,0.0,71967.88,143376.46,0
1,CASH_OUT,163,14276.2,0.0,0.0,397538.23,411814.43,0
1,TRANSFER,38,6277.0,0.0,0.0,242035.82,248312.82,0
1,PAYMENT,327,18035.11,31761.0,13725.89,0.0,0.0,0
1,CASH_IN,43,290395.75,2060853.21,2351248.96,411539.17,4045.22,0
1,TRANSFER,201,16182.7,16182.7,0.0,0.0,0.0,1
1,CASH_IN,19,148971.23,52013.0,200984.23,33936.21,0.0,0
1,TRANSFER,250,1213757.73,0.0,0.0,1421052.95,2634810.68,0
1,CASH_OUT,42,44371.39,30933.0,0.0,0.0,44371.39,0
1,PAYMENT,324,50522.78,21462.0,0.0,0.0,0.0,0
1,PAYMENT,252,3205.44,0.0,0.0,0.0,0.0,0
1,TRANSFER,228,749879.76,0.0,0.0,754756.57,1504636.33,0
1,CASH_OUT,137,433348.97,433348.97,0.0,1757052.79,2190401.76,1
1,CASH_OUT,403,64241.4,0.0,0.0,554157.26,618398.66,0
1,PAYMENT,301,9806.86,43729.0,33922.14,0.0,0.0,0
1,PAYMENT,301,22613.25,84086.69,61473.43,0.0,0.0,0
1,CASH_IN,307,143466.23,11707.0,155173.23,0.0,0.0,0
1,TRANSFER,205,71379.22,0.0,0.0,82352.6,153731.82,0
1,CASH_OUT,236,51079.55,336982.0,285902.45,0.0,51079.55,0
1,PAYMENT,251,9088.86,51660.0,42571.14,0.0,0.0,0
1,CASH_OUT,371,33424.24,0.0,0.0,81674.01,115098.25,0
1,TRANSFER,275,979132.38,186.0,0.0,0.0,979132.38,0
1,TRANSFER,401,1768954.04,73784.0,0.0,2026677.79,3795631.83,0
1,PAYMENT,277,45565.82,0.0,0.0,0.0,0.0,0
1,CASH_OUT,174,1244224.16,1244224.16,0.0,1350776.28,2595000.45,1
1,CASH_OUT,154,450372.02,110058.93,0.0,575360.18,1025732.2,0
1,CASH_IN,179,260783.47,0.0,260783.47,801967.42,541183.96,0
1,CASH_IN,161,5062.77,3065965.39,3071028.15,722802.39,717739.62,0
1,CASH_IN,284,409847.53,2613637.11,3023484.64,746112.22,336264.69,0
1,PAYMENT,17,5491.74,0.0,0.0,0.0,0.0,0
1,PAYMENT,132,4013.73,0.0,0.0,0.0,0.0,0
1,TRANSFER,139,551428.74,310274.89,0.0,1437530.89,1988959.63,0
1,PAYMENT,259,10661.54,0.0,0.0,0.0,0.0,0
1,TRANSFER,308,6106324.96,0.0,0.0,11134812.16,17241137.12,0
1,CASH_IN,303,53704.98,6492612.49,6546317.47,333975.48,280270.5,0
1,CASH_IN,301,120877.66,1479781.02,1600658.69,1466821.76,1345944.1,0
1,PAYMENT,321,24144.31,0.0,0.0,0.0,0.0,0
1,CASH_OUT,202,26124.44,0.0,0.0,208374.0,234498.45,0
1,TRANSFER,121,254440.83,254440.83,0.0,0.0,0.0,1
1,PAYMENT,305,6641.66,0.0,0.0,0.0,0.0,0
1,PAYMENT,353,2473.3,23913.0,21439.7,0.0,0.0,0
1,PAYMENT,283,1133.96,174045.99,172912.03,0.0,0.0,0
1,CASH_IN,284,370631.6,5168020.6,5538652.2,2041695.76,1671064.16,0
1,CASH_IN,302,25586.75,403719.0,429305.75,114239.81,88653.06,0
1,PAYMENT,232,5091.66,0.0,0.0,0.0,0.0,0
1,CASH_OUT,309,322178.44,454.0,0.0,21913.36,344091.8,0
1,PAYMENT,564,4743.1,16055.0,11311.9,0.0,0.0,0
1,PAYMENT,203,538.11,7069.0,6530.89,0.0,0.0,0
1,CASH_OUT,323,122325.77,0.0,0.0,1695113.26,1817439.03,0
1,TRANSFER,407,136816.24,99917.0,0.0,0.0,136816.24,0
1,CASH_IN,325,96378.1,796.0,97174.1,0.0,0.0,0
1,CASH_IN,229,34770.59,268.0,35038.59,160450.57,125679.98,0
1,PAYMENT,692,6998.11,0.0,0.0,0.0,0.0,0
1,TRANSFER,402,89656.34,0.0,0.0,696614.88,786271.22,0
1,PAYMENT,132,23949.45,6338.0,0.0,0.0,0.0,0
1,CASH_IN,20,198716.91,223.0,198939.91,0.0,0.0,0
1,CASH_OUT,538,22980.8,40515.0,17534.2,0.0,22980.8,0
1,CASH_IN,228,98157.63,6030535.49,6128693.12,2350993.68,2252836.05,0
1,CASH_IN,231,414744.13,15233.0,429977.13,11451.0,0.0,0
1,PAYMENT,203,1905.14,427146.36,425241.22,0.0,0.0,0
1,CASH_OUT,324,224105.0,0.0,0.0,631911.86,856016.87,0
1,PAYMENT,10,1420.93,2782.0,1361.07,0.0,0.0,0
1,CASH_OUT,250,250794.08,16572.0,0.0,77814.4,328608.48,0
1,TRANSFER,187,847826.9,510730.0,0.0,499717.38,1371884.12,0
1,PAYMENT,518,18556.13,21166.0,2609.87,0.0,0.0,0
1,CASH_OUT,134,8516.18,0.0,0.0,6224195.87,6503322.04,0
1,PAYMENT,399,24110.5,9141.0,0.0,0.0,0.0,0
1,CASH_IN,13,104747.76,486081.42,590829.19,1342528.97,1328994.85,0
1,CASH_OUT,158,85416.94,0.0,0.0,2843255.86,2928672.81,0
1,CASH_OUT,130,31421.31,24800.0,0.0,0.0,31421.31,0
1,PAYMENT,356,4134.0,5036.0,902.0,0.0,0.0,0
1,CASH_OUT,135,61067.58,11852.66,0.0,456652.66,564750.64,0
1,TRANSFER,184,1811055.97,1673.0,0.0,370766.22,2181822.18,0
1,CASH_OUT,261,210395.81,0.0,0.0,994917.86,1205313.67,0
1,CASH_OUT,367,902483.91,902483.91,0.0,2271023.91,3173507.82,1
1,CASH_IN,95,241255.99,1190301.14,1431557.13,2467419.82,2226163.82,0
1,CASH_OUT,16,333875.21,140216.0,0.0,0.0,663171.83,0
1,PAYMENT,345,10198.92,20507.0,10308.08,0.0,0.0,0
1,PAYMENT,46,3289.22,130.0,0.0,0.0,0.0,0
1,PAYMENT,39,5722.6,51997.0,46274.4,0.0,0.0,0
1,CASH_IN,177,145609.42,769463.3,915072.73,1558473.45,1412864.03,0
1,CASH_IN,235,422190.16,50482.0,472672.16,6285117.5,5862927.34,0
1,TRANSFER,323,490328.23,0.0,0.0,1734461.84,2224790.06,0
1,PAYMENT,35,689.07,0.0,0.0,0.0,0.0,0
1,CASH_OUT,11,496045.28,0.0,0.0,799175.64,652113.49,0
1,CASH_OUT,43,117050.79,16489.0,0.0,378717.85,495768.64,0
1,PAYMENT,400,8239.51,89518.67,81279.16,0.0,0.0,0
1,TRANSFER,253,2941720.63,11200.0,0.0,180948.21,3122668.84,0
1,PAYMENT,156,23977.66,8957.0,0.0,0.0,0.0,0
1,CASH_IN,688,78974.28,4524057.86,4603032.14,109903.94,30929.67,0
1,CASH_IN,182,319013.42,3747000.66,4066014.08,1681398.67,1362385.25,0
1,CASH_IN,332,84570.36,62797.96,147368.32,1943733.3,1859162.94,0
1,CASH_OUT,298,77155.4,0.0,0.0,1049003.68,1126159.08,0
1,CASH_IN,369,161363.15,8086079.79,8247442.95,9407496.39,9246133.24,0
1,CASH_OUT,251,145078.92,48291.0,0.0,0.0,145078.92,0
1,TRANSFER,640,46973.96,46973.96,0.0,0.0,0.0,1
1,CASH_OUT,329,282647.25,49851.0,0.0,0.0,282647.25,0
1,TRANSFER,159,170632.07,20466.0,0.0,0.0,170632.07,0
1,CASH_OUT,180,3195.83,0.0,0.0,137974.76,141170.59,0
1,CASH_OUT,283,96967.45,0.0,0.0,287650.05,384617.5,0
1,PAYMENT,374,21674.91,0.0,0.0,0.0,0.0,0
1,CASH_IN,226,108115.13,5813569.94,5921685.07,1368368.08,1260252.96,0
1,PAYMENT,284,9701.46,5078.0,0.0,0.0,0.0,0
1,PAYMENT,44,30094.91,3690.35,0.0,0.0,0.0,0
1,CASH_OUT,403,294281.68,20213.0,0.0,1750100.06,2044381.74,0
1,TRANSFER,446,311487.14,311487.14,0.0,0.0,0.0,1
1,PAYMENT,334,4784.03,0.0,0.0,0.0,0.0,0
1,CASH_OUT,400,245155.25,245155.25,0.0,547471.95,792627.19,1
1,TRANSFER,41,1783144.33,1783144.33,0.0,0.0,0.0,1
1,TRANSFER,600,7363709.23,7363709.23,0.0,0.0,0.0,1
1,PAYMENT,396,33274.7,13146.74,0.0,0.0,0.0,0
1,CASH_OUT,225,77218.25,34074.0,0.0,2197845.08,2275063.33,0
1,PAYMENT,163,8463.34,674.0,0.0,0.0,0.0,0
1,CASH_OUT,186,224201.13,25196.0,0.0,9927465.52,10184066.98,0
1,CASH_IN,304,20192.43,14596.0,34788.43,14848.7,0.0,0
1,PAYMENT,381,4126.53,35.0,0.0,0.0,0.0,0
1,PAYMENT,370,9518.78,49545.0,40026.22,0.0,0.0,0
1,PAYMENT,303,58316.01,43019.0,0.0,0.0,0.0,0
1,TRANSFER,305,875176.34,43769.0,0.0,3728516.79,4603693.13,0
1,PAYMENT,397,38753.49,62534.0,23780.51,0.0,0.0,0
1,CASH_IN,379,49877.94,219.0,50096.94,334063.11,284185.17,0
1,PAYMENT,408,3317.9,0.0,0.0,0.0,0.0,0
1,PAYMENT,404,7307.93,49752.0,42444.07,0.0,0.0,0
1,CASH_OUT,23,301072.9,487581.16,186508.26,305899.86,606972.77,0
1,TRANSFER,251,1915348.63,185.0,0.0,1257939.97,3173288.6,0
1,TRANSFER,372,229425.77,1003.0,0.0,0.0,229425.77,0
1,CASH_OUT,155,73017.55,198360.0,125342.45,161969.98,720178.56,0
1,CASH_OUT,210,417136.61,0.0,0.0,665879.08,1083015.69,0
1,CASH_OUT,354,324275.35,84845.94,0.0,532891.08,857166.43,0
1,PAYMENT,202,3736.86,286840.93,283104.07,0.0,0.0,0
1,TRANSFER,396,372778.7,107435.0,0.0,14405566.11,14778344.81,0
1,CASH_OUT,163,71967.75,82.0,0.0,1070093.54,1142061.3,0
1,CASH_IN,301,95959.13,4399658.78,4495617.91,4638220.63,4542261.5,0
1,CASH_OUT,234,410713.23,15975.0,0.0,0.0,410713.23,0
1,PAYMENT,597,6582.27,0.0,0.0,0.0,0.0,0
1,CASH_IN,133,50110.64,513756.78,563867.42,1545236.42,1495125.77,0
1,PAYMENT,540,6193.74,5161.0,0.0,0.0,0.0,0
1,CASH_OUT,324,282288.91,846.0,0.0,0.0,282288.91,0
1,PAYMENT,44,26556.27,0.0,0.0,0.0,0.0,0
1,CASH_IN,137,16114.75,2612386.68,2628501.42,346773.85,330659.11,0
1,CASH_OUT,345,545777.68,81877.0,0.0,786573.0,1332350.68,0
1,CASH_IN,308,212269.2,2694927.45,2907196.65,788358.2,576089.0,0
1,CASH_IN,518,110224.54,6787177.14,6897401.68,813246.94,703022.4,0
1,PAYMENT,206,4500.92,223095.2,218594.28,0.0,0.0,0
1,CASH_OUT,235,2013.26,58696.0,56682.74,117878.69,119891.96,0
1,CASH_OUT,356,132249.38,12150.0,0.0,0.0,132249.38,0
1,CASH_OUT,236,86875.74,0.0,0.0,449454.24,536329.97,0
1,CASH_IN,20,42861.37,45363.0,88224.37,378705.2,335843.83,0
1,CASH_OUT,604,277582.53,277582.53,0.0,0.0,277582.53,1
1,PAYMENT,20,10303.42,57874.68,47571.26,0.0,0.0,0
1,CASH_OUT,121,43357.65,43357.65,0.0,661905.95,705263.6,1
1,CASH_OUT,471,462264.57,0.0,0.0,2321359.04,2783623.61,0
1,CASH_OUT,245,688034.32,688034.32,0.0,0.0,688034.32,1
1,CASH_OUT,254,167385.81,30194.0,0.0,81641.85,249027.66,0
1,PAYMENT,397,26305.0,317080.54,290775.54,0.0,0.0,0
1,CASH_OUT,346,162000.07,0.0,0.0,1450204.74,1612204.81,0
1,PAYMENT,692,21769.8,124190.71,102420.92,0.0,0.0,0
1,CASH_OUT,280,147287.32,31043.0,0.0,6080672.49,6227959.82,0
1,CASH_OUT,187,81029.62,0.0,0.0,6619688.59,6700718.2,0
1,CASH_OUT,133,147779.77,469.0,0.0,0.0,147779.77,0
1,CASH_IN,133,53149.64,117166.0,170315.64,1338809.69,1285660.05,0
1,CASH_IN,573,113391.57,1624065.71,1737457.28,4343448.19,4230056.62,0
1,PAYMENT,382,1618.37,0.0,0.0,0.0,0.0,0
1,TRANSFER,720,79039.81,79039.81,0.0,0.0,0.0,1
1,CASH_IN,206,303153.25,81617.82,384771.07,1040968.88,737815.63,0
1,CASH_IN,13,239172.76,3598918.12,3838090.88,764471.93,525299.16,0
1,CASH_OUT,255,57379.21,0.0,0.0,300203.04,357582.25,0
1,CASH_IN,401,187761.51,666826.82,854588.33,16987050.97,17024546.16,0
1,PAYMENT,354,14260.01,831729.26,817469.25,0.0,0.0,0
1,CASH_OUT,180,176538.87,0.0,0.0,281075.71,457614.58,0
1,CASH_OUT,162,310715.4,8073.0,0.0,1380473.8,1691189.21,0
1,CASH_OUT,347,163398.24,139.54,0.0,1519669.58,1683067.82,0
1,CASH_OUT,234,159441.01,0.0,0.0,219688.65,379129.66,0
1,CASH_OUT,234,58979.42,74.0,0.0,0.0,58979.42,0
1,CASH_OUT,204,97792.13,0.0,0.0,4168319.85,4266111.98,0
1,PAYMENT,307,11868.18,141.0,0.0,0.0,0.0,0
1,CASH_OUT,196,1221900.21,1221900.21,0.0,0.0,1221900.21,1
1,CASH_OUT,36,218883.72,199945.6,0.0,290583.78,509467.5,0
1,TRANSFER,333,630947.96,5759.0,0.0,124452.82,755400.78,0
1,PAYMENT,564,2754.75,0.0,0.0,0.0,0.0,0
1,PAYMENT,166,4140.05,10864.0,6723.95,0.0,0.0,0
1,CASH_OUT,140,102612.8,9011.0,0.0,66880.64,169493.44,0
1,CASH_OUT,375,89439.32,0.0,0.0,1170905.22,1260344.53,0
1,PAYMENT,471,9640.27,0.0,0.0,0.0,0.0,0
1,CASH_IN,325,246842.93,1612436.34,1859279.27,4615539.64,4368696.72,0
1,PAYMENT,252,29559.35,80455.0,50895.65,0.0,0.0,0
1,PAYMENT,162,23512.84,0.0,0.0,0.0,0.0,0
1,PAYMENT,379,11017.71,495924.05,484906.34,0.0,0.0,0
1,PAYMENT,140,23207.2,78209.73,55002.54,0.0,0.0,0
1,CASH_OUT,372,37854.09,4024.0,0.0,0.0,37854.09,0
1,PAYMENT,134,2999.91,1389.0,0.0,0.0,0.0,0
1,PAYMENT,398,9048.57,583135.88,574087.32,0.0,0.0,0
1,PAYMENT,40,7263.19,181901.34,174638.15,0.0,0.0,0
1,CASH_OUT,210,337855.45,94550.95,0.0,622662.27,960517.72,0
1,CASH_OUT,35,65250.45,0.0,0.0,477461.16,542711.62,0
1,PAYMENT,394,11182.31,0.0,0.0,0.0,0.0,0
1,CASH_OUT,39,248981.09,0.0,0.0,1548779.18,1797760.27,0
1,CASH_OUT,178,99260.06,0.0,0.0,3277516.71,3376776.77,0
1,PAYMENT,565,815.03,30928.0,30112.97,0.0,0.0,0
1,PAYMENT,39,27259.76,186599.51,159339.75,0.0,0.0,0
1,TRANSFER,730,2154005.71,2154005.71,0.0,0.0,0.0,1
1,TRANSFER,329,933316.04,0.0,0.0,10007924.22,10941240.26,0
1,CASH_OUT,298,103323.77,0.0,0.0,288820.18,392143.95,0
1,PAYMENT,257,9395.85,0.0,0.0,0.0,0.0,0
1,CASH_IN,280,211543.59,18489819.6,18701363.19,868294.88,656751.29,0
1,CASH_OUT,255,213644.57,0.0,0.0,8079189.65,8292834.22,0
1,TRANSFER,47,225850.53,225850.53,0.0,0.0,0.0,1
1,CASH_IN,153,200150.59,21386926.72,21587077.31,677761.34,477610.75,0
1,CASH_OUT,396,262096.94,41103.0,0.0,401914.86,664011.8,0
1,CASH_OUT,390,1195842.37,1195842.37,0.0,0.0,1195842.37,1
1,PAYMENT,206,8066.06,159378.82,151312.75,0.0,0.0,0
1,CASH_OUT,701,91882.6,91882.6,0.0,144354.61,236237.2,1
1,CASH_OUT,254,505899.26,0.0,0.0,1280092.19,1785991.45,0
1,PAYMENT,306,14079.43,113717.0,99637.57,0.0,0.0,0
1,TRANSFER,34,82469.97,300832.0,218362.03,41792.21,124262.17,0
1,CASH_OUT,231,141493.44,0.0,0.0,3700023.49,3841516.93,0
1,PAYMENT,251,39744.62,1842.0,0.0,0.0,0.0,0
1,CASH_OUT,441,5429153.98,5429153.98,0.0,0.0,5429153.98,1
1,CASH_OUT,259,106965.62,51702.0,0.0,1619031.02,1725996.64,0
1,CASH_OUT,394,238277.52,125131.0,0.0,193122.97,431400.49,0
1,TRANSFER,209,163101.87,3408.8,0.0,1196497.8,1359599.67,0
1,CASH_OUT,140,20503.97,1283.0,0.0,809493.19,829997.16,0
1,TRANSFER,33,164615.17,29053.0,0.0,3525845.54,4092574.08,0
1,PAYMENT,138,1087.4,52691.0,51603.6,0.0,0.0,0
1,PAYMENT,379,18565.36,153338.75,134773.39,0.0,0.0,0
1,CASH_IN,35,217639.43,318.0,217957.43,29941.0,0.0,0
1,PAYMENT,262,5697.39,11171.0,5473.61,0.0,0.0,0
1,PAYMENT,328,5707.93,0.0,0.0,0.0,0.0,0
1,CASH_OUT,398,249471.86,60754.0,0.0,2187411.68,2436883.53,0
1,CASH_OUT,206,96689.09,15255.0,0.0,0.0,96689.09,0
1,TRANSFER,673,645104.5,645104.5,0.0,0.0,0.0,1
1,CASH_OUT,136,164006.41,0.0,0.0,362410.06,526416.47,0
1,PAYMENT,188,1462.74,80734.0,79271.26,0.0,0.0,0
1,CASH_OUT,404,540914.12,540914.12,0.0,36447.52,577361.64,1
1,CASH_OUT,253,224242.83,0.0,0.0,408501.51,632744.34,0
1,CASH_IN,357,233950.73,4567831.36,4801782.09,933353.75,699403.03,0
1,CASH_OUT,347,321162.78,126.0,0.0,0.0,321162.78,0
1,CASH_OUT,534,136245.39,136245.39,0.0,1080039.68,1216285.07,1
1,CASH_IN,204,312313.4,145.0,312458.4,0.0,0.0,0
1,CASH_OUT,570,155495.29,22725.0,0.0,619613.23,775108.53,0
1,PAYMENT,216,13262.51,105051.0,91788.49,0.0,0.0,0
1,CASH_IN,258,383612.66,3633598.14,4017210.8,817565.01,433952.35,0
1,PAYMENT,503,1387.9,73322.82,71934.92,0.0,0.0,0
1,CASH_OUT,333,448244.6,254338.89,0.0,721538.11,1169782.71,0
1,CASH_IN,260,5784.47,7668926.71,7674711.18,520279.57,514495.1,0
1,PAYMENT,94,1022.55,8088.0,7065.45,0.0,0.0,0
1,PAYMENT,571,14663.4,89867.76,75204.36,0.0,0.0,0
1,CASH_IN,95,183368.4,1360445.56,1543813.97,6413086.58,6229718.18,0
1,CASH_IN,19,105685.12,17595607.34,17701292.47,294127.13,315469.18,0
1,CASH_OUT,234,53001.9,0.0,0.0,5161544.46,5214546.35,0
1,CASH_OUT,330,88707.85,5157.0,0.0,0.0,88707.85,0
1,CASH_OUT,294,219110.27,219110.27,0.0,402986.55,622096.82,1
1,PAYMENT,209,11060.7,0.0,0.0,0.0,0.0,0
1,CASH_OUT,234,26535.35,0.0,0.0,8748069.8,8774605.16,0
1,PAYMENT,250,1454.44,0.0,0.0,0.0,0.0,0
1,CASH_IN,202,357642.36,30736.0,388378.36,560227.73,202585.37,0
1,TRANSFER,43,93459.89,93459.89,0.0,0.0,0.0,1
1,PAYMENT,16,9781.81,35045.0,25263.19,0.0,0.0,0
1,CASH_OUT,520,5469910.99,5469910.99,0.0,115992.44,5585903.43,1
1,PAYMENT,403,4101.32,17445.0,13343.68,0.0,0.0,0
1,PAYMENT,9,14666.65,1917238.08,1902571.44,0.0,0.0,0
1,CASH_OUT,323,134380.14,0.0,0.0,3788876.73,3923256.87,0
1,PAYMENT,40,2328.29,10777.0,8448.71,0.0,0.0,0
1,CASH_IN,306,256430.34,20736.0,277166.34,1108268.97,851838.63,0
1,CASH_OUT,681,499921.49,282.0,0.0,3536448.49,4036369.98,0
1,CASH_OUT,139,185061.23,40154.0,0.0,13732437.37,13917498.6,0
1,PAYMENT,369,3560.71,20658.0,17097.29,0.0,0.0,0
1,CASH_OUT,692,76275.52,20187.0,0.0,0.0,76275.52,0
1,CASH_OUT,230,34436.51,1076.0,0.0,1625794.33,1660230.84,0
1,CASH_OUT,130,165107.36,0.0,0.0,5522538.34,5687645.7,0
1,CASH_IN,20,114628.81,9126654.23,9241283.03,3301754.58,3187125.77,0
1,CASH_OUT,380,74837.79,21293.0,0.0,1845650.54,1920488.33,0
1,CASH_OUT,36,219252.88,122663.0,0.0,0.0,219252.88,0
1,CASH_OUT,280,207982.37,0.0,0.0,2051804.02,2259786.39,0
1,PAYMENT,300,26554.84,76762.77,50207.93,0.0,0.0,0
1,CASH_OUT,41,297607.26,0.0,0.0,373635.11,671242.36,0
1,CASH_OUT,210,78079.21,29841.0,0.0,271380.09,349459.3,0
1,CASH_OUT,140,120315.12,102703.0,0.0,308715.94,429031.06,0
1,CASH_OUT,328,212794.22,157313.34,0.0,1030794.96,1243589.18,0
1,CASH_OUT,179,115882.33,0.0,0.0,442407.76,558290.1,0
1,TRANSFER,613,1425062.97,1425062.97,0.0,0.0,0.0,1
1,CASH_OUT,493,41054.49,19424.0,0.0,0.0,41054.49,0
1,CASH_OUT,149,14016.65,14016.65,0.0,1818633.89,1832650.55,1
1,CASH_OUT,592,78918.17,17401.0,0.0,1822892.71,1901810.89,0
1,CASH_IN,140,473163.35,3762339.53,4235502.88,2477945.49,2004782.14,0
1,TRANSFER,275,4162555.99,4162555.99,0.0,0.0,0.0,1
1,CASH_OUT,9,100554.62,51567.0,0.0,979409.72,945015.31,0
1,CASH_OUT,207,217497.93,5232.0,0.0,1112066.5,1329564.43,0
1,TRANSFER,583,759701.03,759701.03,0.0,0.0,0.0,1
1,CASH_IN,139,253179.72,377961.0,631140.72,1957265.47,1704085.76,0
1,CASH_OUT,522,415280.47,333744.0,0.0,971176.93,1386457.41,0
1,CASH_IN,594,72817.68,27.0,72844.68,0.0,0.0,0
1,TRANSFER,362,1936403.59,1936403.59,0.0,0.0,0.0,1
1,CASH_OUT,321,58022.07,0.0,0.0,6598545.85,6656567.92,0
1,PAYMENT,374,3306.32,0.0,0.0,0.0,0.0,0
1,PAYMENT,403,885.29,0.0,0.0,0.0,0.0,0
1,CASH_IN,355,22683.8,2318036.12,2340719.91,274446.86,302138.22,0
1,PAYMENT,153,32624.46,0.0,0.0,0.0,0.0,0
1,CASH_OUT,230,179621.19,0.0,0.0,552341.62,731962.81,0
1,CASH_IN,37,217574.3,342682.76,560257.06,469700.12,252125.82,0
1,CASH_OUT,252,142432.98,0.0,0.0,583963.38,726396.36,0
1,CASH_OUT,12,226739.13,232931.57,6192.44,0.0,233927.23,0
1,CASH_IN,181,112541.75,3511826.39,3624368.14,222440.76,109899.0,0
1,CASH_IN,155,273533.73,861468.0,1135001.73,0.0,0.0,0
1,PAYMENT,259,1731.95,10619.0,8887.05,0.0,0.0,0
1,CASH_IN,44,270530.2,202517.0,473047.2,0.0,0.0,0
1,PAYMENT,39,1337.43,401036.92,399699.5,0.0,0.0,0
1,PAYMENT,373,32368.78,609707.0,577338.22,0.0,0.0,0
1,PAYMENT,22,21204.16,305742.0,284537.84,0.0,0.0,0
1,CASH_OUT,11,205666.71,60306.0,0.0,0.0,205666.71,0
1,CASH_OUT,376,175203.39,108.0,0.0,32102.47,207305.86,0
1,PAYMENT,130,15254.11,72937.0,57682.89,0.0,0.0,0
1,CASH_IN,274,256559.38,1228178.41,1484737.79,1783643.89,1527084.51,0
1,CASH_OUT,284,97853.2,23479.0,0.0,140698.56,238551.75,0
1,CASH_OUT,256,56516.2,40891.0,0.0,0.0,56516.2,0
1,PAYMENT,18,7922.53,39887.0,31964.47,0.0,0.0,0
1,TRANSFER,37,106206.04,0.0,0.0,1185203.3,1291409.34,0
1,PAYMENT,204,11132.04,0.0,0.0,0.0,0.0,0
1,PAYMENT,41,13138.7,371244.46,358105.76,0.0,0.0,0
1,PAYMENT,157,31456.54,10290.0,0.0,0.0,0.0,0
1,CASH_OUT,397,127585.38,64989.0,0.0,1261232.96,1388818.34,0
1,CASH_OUT,201,134734.22,0.0,0.0,587041.79,721776.01,0
1,TRANSFER,339,164382.72,164382.72,0.0,0.0,0.0,1
1,TRANSFER,302,446553.96,374342.43,0.0,1222194.51,1668748.48,0
1,CASH_IN,202,151207.14,20090.0,171297.14,91415.65,0.0,0
1,CASH_OUT,333,105862.81,0.0,0.0,6416767.78,6522630.59,0
1,PAYMENT,162,12086.06,302819.41,290733.35,0.0,0.0,0
1,CASH_OUT,232,300704.97,15669.0,0.0,3094191.58,3394896.55,0
1,CASH_IN,140,108553.15,435827.6,544380.75,3340553.78,3232000.63,0
1,CASH_IN,350,299306.32,21685020.64,21984326.95,781960.26,482653.94,0
1,CASH_IN,325,97881.56,2390254.95,2488136.51,2452859.34,2354977.78,0
1,CASH_OUT,210,307345.9,256516.0,0.0,1214479.53,1521825.43,0
1,PAYMENT,163,3694.09,0.0,0.0,0.0,0.0,0
1,PAYMENT,297,82314.56,46730.0,0.0,0.0,0.0,0
1,CASH_OUT,395,89210.82,4156.0,0.0,591172.1,680382.92,0
1,CASH_OUT,403,203272.34,21028.0,0.0,717630.87,920903.21,0
1,TRANSFER,279,345533.89,345533.89,0.0,0.0,0.0,1
1,PAYMENT,259,12874.48,16920.0,4045.52,0.0,0.0,0
1,CASH_OUT,349,83382.29,30689.0,0.0,0.0,60883.26,0
1,PAYMENT,398,19172.42,56213.0,37040.58,0.0,0.0,0
1,PAYMENT,382,5757.32,399402.0,393644.68,0.0,0.0,0
1,PAYMENT,42,34177.74,3939.03,0.0,0.0,0.0,0
1,PAYMENT,33,16000.29,21190.0,5189.71,0.0,0.0,0
1,PAYMENT,548,9563.92,0.0,0.0,0.0,0.0,0
1,PAYMENT,190,2956.39,30596.0,27639.61,0.0,0.0,0
1,PAYMENT,95,3312.36,0.0,0.0,0.0,0.0,0
1,CASH_OUT,206,69957.39,0.0,0.0,351881.64,421839.03,0
1,TRANSFER,402,41022.17,0.0,0.0,344325.75,385347.92,0
1,TRANSFER,138,990510.47,0.0,0.0,8129546.57,9225872.35,0
1,TRANSFER,398,31334.57,31334.57,0.0,0.0,0.0,1
1,CASH_IN,183,183313.47,1873819.89,2057133.36,2121865.57,1938552.1,0
1,TRANSFER,259,407673.6,495125.0,87451.4,18429.15,426102.74,0
1,CASH_OUT,15,731.56,858.0,126.44,0.0,731.56,0
1,CASH_IN,279,105770.97,22206579.77,22312350.74,1580248.42,1474477.45,0
1,CASH_IN,134,147003.32,3622132.16,3769135.48,980007.18,833003.85,0
1,PAYMENT,10,10717.67,0.0,0.0,0.0,0.0,0
1,CASH_OUT,308,335724.66,0.0,0.0,550479.29,886203.95,0
1,CASH_OUT,332,133557.59,0.0,0.0,698821.1,832378.69,0
1,PAYMENT,135,19052.57,29835.68,10783.11,0.0,0.0,0
1,TRANSFER,85,4094.07,4094.07,0.0,0.0,0.0,1
1,CASH_OUT,183,14647.18,0.0,0.0,4380183.46,4394830.64,0
1,TRANSFER,95,175642.34,36538.0,0.0,904106.85,1079749.18,0
1,CASH_OUT,328,342670.75,2016.0,0.0,565936.33,885159.98,0
1,CASH_IN,323,221803.33,8553238.53,8775041.86,1079453.42,857650.1,0
1,CASH_IN,206,54983.34,17407698.93,17462682.26,86263.45,31280.11,0
1,PAYMENT,201,3477.04,81.0,0.0,0.0,0.0,0
1,PAYMENT,370,12771.47,0.0,0.0,0.0,0.0,0
1,CASH_IN,301,317061.72,3213800.92,3530862.64,987065.44,670003.73,0
1,PAYMENT,274,10162.34,231087.01,220924.67,0.0,0.0,0
1,PAYMENT,211,3902.48,19215.0,15312.52,0.0,0.0,0
1,TRANSFER,257,562175.22,197653.58,0.0,1805150.05,2367325.27,0
1,PAYMENT,139,11347.3,34062.4,22715.1,0.0,0.0,0
1,TRANSFER,85,678058.75,678058.75,0.0,0.0,0.0,1
1,PAYMENT,308,7006.71,0.0,0.0,0.0,0.0,0
1,PAYMENT,251,2327.46,0.0,0.0,0.0,0.0,0
1,PAYMENT,408,1095.44,55270.41,54174.97,0.0,0.0,0
1,CASH_IN,333,253137.09,12266057.59,12519194.68,2702712.07,2449574.97,0
1,PAYMENT,718,2159.07,85818.0,83658.93,0.0,0.0,0
1,CASH_IN,207,151154.41,802155.0,953309.41,5475519.64,5324365.23,0
1,CASH_OUT,492,584232.89,24458.0,0.0,251811.3,836044.19,0
1,PAYMENT,303,28079.66,227716.07,199636.4,0.0,0.0,0
1,CASH_OUT,279,169526.17,270880.0,101353.83,0.0,169526.17,0
1,CASH_OUT,329,123326.43,13778.0,0.0,0.0,123326.43,0
1,TRANSFER,158,475001.49,397.0,0.0,0.0,475001.49,0
1,CASH_IN,281,39683.71,12674775.78,12714459.5,461429.8,421746.09,0
1,TRANSFER,156,2405742.62,10505.0,0.0,651044.58,3056787.2,0
1,PAYMENT,330,10225.97,0.0,0.0,0.0,0.0,0
1,PAYMENT,298,8182.87,225817.0,217634.13,0.0,0.0,0
2,PAYMENT,133,39014.59,0.0,0.0,0.0,0.0,0
2,PAYMENT,134,7205.79,116270.0,109064.22,0.0,0.0,0
2,PAYMENT,191,8798.76,0.0,0.0,0.0,0.0,0
2,CASH_IN,397,114529.54,202551.0,317080.54,128558.39,14028.85,0
2,CASH_OUT,211,227223.26,0.0,0.0,629990.82,857214.08,0
2,PAYMENT,209,3285.57,0.0,0.0,0.0,0.0,0
2,CASH_OUT,500,128540.61,0.0,0.0,2035888.5,2164429.11,0
2,PAYMENT,34,12628.04,34473.0,21844.96,0.0,0.0,0
2,CASH_OUT,10,199806.86,10394.0,0.0,2109602.0,2309408.86,0
2,PAYMENT,188,13629.54,299291.44,285661.9,0.0,0.0,0
2,CASH_IN,370,349109.42,190002.74,539112.17,5391022.28,5041912.86,0
2,CASH_IN,330,158562.36,3275992.4,3434554.76,1145496.39,986934.03,0
2,PAYMENT,275,8132.98,0.0,0.0,0.0,0.0,0
2,CASH_IN,692,333358.02,40831.0,374189.02,0.0,0.0,0
2,CASH_OUT,164,337253.56,45048.7,0.0,1161789.69,1499043.25,0
2,PAYMENT,251,12232.9,0.0,0.0,0.0,0.0,0
2,PAYMENT,429,3099.43,11851.0,8751.57,0.0,0.0,0
2,CASH_OUT,395,534580.56,185768.0,0.0,688513.24,1223093.79,0
2,CASH_IN,137,29809.85,9250841.6,9280651.46,491574.08,461764.23,0
2,PAYMENT,354,10685.72,1537.0,0.0,0.0,0.0,0
2,CASH_IN,38,256984.15,10513.0,267497.15,14990.0,0.0,0
2,PAYMENT,681,3146.94,58512.0,55365.06,0.0,0.0,0
2,CASH_OUT,139,7319.97,0.0,0.0,230898.84,238218.82,0
2,CASH_IN,188,67581.39,2648704.32,2716285.71,465110.42,397529.03,0
2,CASH_IN,351,33893.5,3621540.05,3655433.55,368884.67,334991.17,0
2,CASH_OUT,119,1082718.08,1082718.08,0.0,0.0,1082718.08,1
2,CASH_OUT,279,0.0,0.0,0.0,538547.63,538547.63,1
2,PAYMENT,324,7392.96,0.0,0.0,0.0,0.0,0
2,CASH_IN,256,278390.82,3168828.49,3447219.31,1482782.76,1204391.94,0
2,CASH_IN,142,20559.89,1865947.32,1886507.21,75110.82,54550.93,0
2,PAYMENT,119,6879.41,50211.0,43331.59,0.0,0.0,0
2,CASH_OUT,16,88097.69,23093.0,0.0,0.0,88097.69,0
2,CASH_IN,353,98413.69,5938542.71,6036956.41,999352.81,900939.12,0
2,CASH_OUT,309,421455.13,0.0,0.0,921757.12,1343212.25,0
2,TRANSFER,275,2607790.58,2607790.58,0.0,0.0,0.0,1
2,CASH_OUT,161,235381.49,0.0,0.0,345261.46,580642.96,0
2,CASH_OUT,157,92658.34,70005.0,0.0,0.0,92658.34,0
2,TRANSFER,177,660513.18,42274.0,0.0,0.0,660513.18,0
2,CASH_OUT,212,187689.55,0.0,0.0,1456510.94,1644200.49,0
2,PAYMENT,359,2978.54,14481.0,11502.46,0.0,0.0,0
2,PAYMENT,201,10318.08,0.0,0.0,0.0,0.0,0
2,TRANSFER,211,1330802.24,1330802.24,0.0,0.0,0.0,1
2,DEBIT,227,7476.09,2594394.68,2586918.59,366942.72,374418.8,0
2,CASH_IN,374,10237.24,7468238.86,7478476.1,275155.49,264918.25,0
2,CASH_OUT,348,264270.56,20893.0,0.0,0.0,264270.56,0
2,CASH_IN,130,377009.97,115412.0,492421.97,29949.17,0.0,0
2,PAYMENT,349,14583.51,0.0,0.0,0.0,0.0,0
2,CASH_OUT,373,218498.5,84269.0,0.0,920083.91,1138582.41,0
2,PAYMENT,205,8873.15,0.0,0.0,0.0,0.0,0
2,CASH_OUT,227,111404.57,815.0,0.0,110390.42,221794.98,0
2,PAYMENT,282,14072.45,0.0,0.0,0.0,0.0,0
2,CASH_OUT,232,389093.53,297061.0,0.0,0.0,389093.53,0
2,CASH_IN,351,290069.13,20129.0,310198.13,0.0,273504.96,0
2,CASH_IN,166,83256.55,14018104.62,14101361.17,363769.64,280513.09,0
2,CASH_OUT,277,8912.51,0.0,0.0,212945.44,221857.95,0
2,PAYMENT,44,5539.2,110912.0,105372.8,0.0,0.0,0
2,PAYMENT,715,20522.36,1308.0,0.0,0.0,0.0,0
2,CASH_OUT,202,343568.1,18358.68,0.0,504408.16,847976.27,0
2,CASH_IN,154,323005.56,2101799.97,2424805.53,3739501.65,3416496.09,0
2,PAYMENT,141,10266.38,0.0,0.0,0.0,0.0,0
2,CASH_OUT,20,15181.85,0.0,0.0,94888.78,110070.63,0
2,CASH_OUT,728,119143.75,119143.75,0.0,131451.57,250595.32,1
2,PAYMENT,187,1030.86,87888.57,86857.71,0.0,0.0,0
2,PAYMENT,514,1528.16,0.0,0.0,0.0,0.0,0
2,CASH_OUT,404,177618.08,181245.81,3627.72,908242.85,1085860.94,0
2,PAYMENT,402,8955.63,0.0,0.0,0.0,0.0,0
2,PAYMENT,93,3896.6,0.0,0.0,0.0,0.0,0
2,CASH_IN,162,20041.46,4574741.12,4594782.58,7426871.9,7406830.44,0
2,DEBIT,6,1556.49,22131.0,20574.51,61994.82,63551.31,0
2,PAYMENT,282,10007.57,0.0,0.0,0.0,0.0,0
2,TRANSFER,661,6695070.79,6695070.79,0.0,0.0,0.0,1
2,CASH_OUT,403,189379.22,0.0,0.0,12138740.03,12328119.24,0
2,CASH_OUT,203,360040.78,0.0,0.0,1055959.24,1416000.02,0
2,CASH_OUT,600,1158070.88,1158070.88,0.0,0.0,1158070.88,1
2,CASH_IN,133,359404.08,22697.0,382101.08,157705.62,0.0,0
2,CASH_OUT,12,104236.33,0.0,0.0,5599991.54,5704227.87,0
2,PAYMENT,299,55721.54,0.0,0.0,0.0,0.0,0
2,CASH_OUT,528,311234.46,311234.46,0.0,978976.44,1290210.9,1
2,CASH_OUT,140,289435.85,0.0,0.0,3016234.31,3305670.16,0
2,CASH_OUT,234,355023.88,0.0,0.0,713544.99,1068568.87,0
2,CASH_IN,326,316284.77,40020.0,356304.77,0.0,0.0,0
2,CASH_IN,403,201110.52,326481.0,527591.52,5016.0,0.0,0
2,PAYMENT,204,4633.67,0.0,0.0,0.0,0.0,0
2,CASH_OUT,380,194301.73,17841.0,0.0,4824.69,380100.53,0
2,TRANSFER,36,333976.14,0.0,0.0,755209.66,1089185.8,0
2,CASH_IN,352,325082.12,5231658.62,5556740.74,11330673.12,11005591.0,0
2,CASH_IN,372,24615.23,20350107.88,20374723.11,1021631.19,1174662.56,0
2,PAYMENT,34,31667.25,359427.31,327760.07,0.0,0.0,0
2,PAYMENT,354,2000.2,6997.0,4996.8,0.0,0.0,0
2,PAYMENT,182,6001.98,250329.74,244327.76,0.0,0.0,0
2,CASH_IN,185,36138.2,5359801.47,5395939.66,72939.15,36800.96,0
2,CASH_IN,234,331310.04,81421.0,412731.04,597439.93,266129.9,0
2,CASH_IN,354,79321.0,94329.0,173650.0,130899.56,51578.55,0
2,PAYMENT,227,18710.81,96406.08,77695.27,0.0,0.0,0
2,CASH_OUT,19,177504.74,0.0,0.0,809503.08,987007.82,0
2,PAYMENT,159,4547.75,5098.0,550.25,0.0,0.0,0
2,CASH_OUT,449,133632.24,133632.24,0.0,71836828.02,71970460.27,1
2,CASH_OUT,225,46405.26,0.0,0.0,305462.22,351867.49,0
2,CASH_IN,280,549977.38,5276363.69,5826341.08,3761955.99,3211978.6,0
2,CASH_OUT,204,189133.3,356.0,0.0,200139.55,389272.85,0
2,CASH_IN,350,188420.94,11804120.9,11992541.84,3352600.15,3164179.21,0
2,CASH_IN,180,131053.9,478.0,131531.9,172371.72,41317.81,0
2,CASH_OUT,42,36359.57,36359.57,0.0,20206.65,56566.22,1
2,PAYMENT,235,1075.75,0.0,0.0,0.0,0.0,0
2,CASH_OUT,161,11480.0,792.0,0.0,114563.08,126043.08,0
2,TRANSFER,165,46006.05,0.0,0.0,2366000.91,2412006.97,0
2,CASH_OUT,330,104803.48,0.0,0.0,11083663.63,11188467.11,0
2,CASH_OUT,15,12118.28,10492.0,0.0,0.0,12118.28,0
2,CASH_IN,236,122079.36,15107.0,137186.36,824427.95,702348.59,0
2,CASH_OUT,263,273408.94,273408.94,0.0,0.0,273408.94,1
2,CASH_IN,203,68913.04,1003025.78,1071938.82,1715005.08,1646092.04,0
2,TRANSFER,469,740779.34,0.0,0.0,919138.98,1659918.31,0
2,CASH_OUT,17,143808.21,9679.0,0.0,221213.76,365021.98,0
2,CASH_OUT,655,253648.68,253648.68,0.0,0.0,253648.68,1
2,PAYMENT,15,3006.43,0.0,0.0,0.0,0.0,0
2,TRANSFER,400,923360.06,296505.27,0.0,2040962.1,2964322.16,0
2,CASH_OUT,14,95240.5,0.0,0.0,749185.09,494061.34,0
2,PAYMENT,235,11764.9,0.0,0.0,0.0,0.0,0
2,CASH_OUT,703,13024.95,13024.95,0.0,0.0,13024.95,1
2,PAYMENT,321,10912.83,0.0,0.0,0.0,0.0,0
2,PAYMENT,304,18465.67,10368.12,0.0,0.0,0.0,0
2,TRANSFER,14,885761.75,50004.0,0.0,1536974.73,2422736.48,0
2,TRANSFER,670,5863.21,6070.0,206.79,369109.38,374972.59,0
2,CASH_IN,358,80223.2,4366774.53,4446997.73,4760835.02,4680611.82,0
2,CASH_OUT,302,166421.28,0.0,0.0,1312108.07,1478529.36,0
2,CASH_IN,227,129566.07,741406.83,870972.9,2734083.59,2604517.52,0
2,CASH_IN,286,12710.28,17842.0,30552.28,31584.58,18874.3,0
2,TRANSFER,470,2859010.61,2859010.61,0.0,0.0,0.0,1
2,PAYMENT,275,4255.44,111962.41,107706.97,0.0,0.0,0
2,CASH_OUT,36,154643.07,0.0,0.0,628008.82,782651.89,0
2,CASH_OUT,15,25376.76,109.0,0.0,0.0,25376.76,0
2,PAYMENT,404,6797.96,0.0,0.0,0.0,0.0,0
2,CASH_IN,260,63107.79,14141432.89,14204540.68,998427.01,935319.21,0
2,TRANSFER,208,256571.93,11504.0,0.0,40738.01,297309.93,0
2,PAYMENT,331,12456.7,0.0,0.0,0.0,0.0,0
2,CASH_IN,154,197992.26,4690958.43,4888950.7,3230547.45,3032555.19,0
2,CASH_IN,398,82959.25,43610.0,126569.25,0.0,0.0,0
2,PAYMENT,397,52567.79,100717.0,48149.21,0.0,0.0,0
2,CASH_OUT,132,15495.12,0.0,0.0,75560.11,91055.23,0
2,PAYMENT,165,31938.62,50585.0,18646.38,0.0,0.0,0
2,PAYMENT,331,7488.76,0.0,0.0,0.0,0.0,0
2,PAYMENT,394,7543.15,1704.0,0.0,0.0,0.0,0
2,PAYMENT,136,9530.64,0.0,0.0,0.0,0.0,0
2,DEBIT,205,2219.75,0.0,0.0,3138908.01,3141127.76,0
2,CASH_OUT,304,124000.2,0.0,0.0,3988996.54,4112996.74,0
2,CASH_OUT,230,203085.51,4504.0,0.0,0.0,547048.96,0
2,PAYMENT,254,8335.07,340820.86,332485.78,0.0,0.0,0
2,CASH_IN,158,139858.04,337769.49,477627.53,8922424.34,8782566.31,0
2,TRANSFER,138,237124.86,0.0,0.0,584787.47,821912.33,0
2,CASH_OUT,202,226778.24,21594.0,0.0,515034.62,741812.86,0
2,PAYMENT,548,7927.29,11917.5,3990.21,0.0,0.0,0
2,CASH_IN,254,135320.04,4837009.6,4972329.64,1193713.73,1058393.7,0
2,PAYMENT,182,3802.92,586925.71,583122.8,0.0,0.0,0
2,CASH_OUT,132,180542.43,133974.99,0.0,2874060.1,3054602.53,0
2,CASH_OUT,38,100911.61,0.0,0.0,868945.87,1311533.83,0
2,PAYMENT,355,9537.62,0.0,0.0,0.0,0.0,0
2,CASH_OUT,256,407804.72,60853.0,0.0,0.0,407804.72,0
2,CASH_OUT,35,259878.37,96701.0,0.0,375004.47,634882.84,0
2,PAYMENT,345,6357.79,823.0,0.0,0.0,0.0,0
2,CASH_OUT,33,316897.05,9036.49,0.0,2978330.79,0.0,0
2,TRANSFER,149,661558.27,661558.27,0.0,0.0,0.0,1
2,PAYMENT,330,43070.91,0.0,0.0,0.0,0.0,0
2,TRANSFER,18,885563.6,0.0,0.0,1137810.57,2032578.91,0
2,PAYMENT,42,22199.43,614692.06,592492.63,0.0,0.0,0
2,PAYMENT,308,12418.01,0.0,0.0,0.0,0.0,0
2,CASH_OUT,14,118706.86,0.0,0.0,732872.7,64015.76,0
2,PAYMENT,514,7399.73,16475.0,9075.27,0.0,0.0,0
2,CASH_IN,165,100935.67,26883108.72,26984044.39,2173224.17,2072288.51,0
2,PAYMENT,129,10030.31,0.0,0.0,0.0,0.0,0
2,CASH_OUT,44,84694.34,0.0,0.0,857217.87,941912.21,0
2,CASH_OUT,307,151269.87,0.0,0.0,1412426.78,1563696.65,0
2,CASH_OUT,18,150050.58,0.0,0.0,1183611.78,1333662.35,0
2,PAYMENT,405,15353.53,0.0,0.0,0.0,0.0,0
2,CASH_OUT,305,1309602.55,1309602.55,0.0,119342.55,1428945.1,1
2,PAYMENT,617,21624.64,0.0,0.0,0.0,0.0,0
2,CASH_OUT,590,142440.13,72054.0,0.0,18606.53,161046.65,0
2,PAYMENT,256,3240.44,265680.34,262439.9,0.0,0.0,0
2,CASH_OUT,347,349214.97,0.0,0.0,1382568.66,1731783.63,0
2,CASH_OUT,328,89403.67,0.0,0.0,634028.13,723431.8,0
2,PAYMENT,141,25473.94,0.0,0.0,0.0,0.0,0
2,CASH_OUT,44,22446.41,0.0,0.0,679451.55,701897.96,0
2,PAYMENT,259,1295.82,93011.5,91715.69,0.0,0.0,0
2,CASH_OUT,330,304739.36,227611.99,0.0,1075239.1,1379978.45,0
2,CASH_IN,229,195849.96,30672.0,226521.96,0.0,0.0,0
2,CASH_IN,249,95962.23,666091.95,762054.18,714422.49,618460.26,0
2,CASH_OUT,301,75293.79,0.0,0.0,1995575.06,2070868.85,0
2,CASH_OUT,501,73328.47,73328.47,0.0,121670.8,194999.27,1
2,TRANSFER,14,490834.02,269075.21,0.0,272371.63,1615187.56,0
2,CASH_IN,358,448110.77,3656899.3,4105010.07,884132.34,436021.57,0
2,CASH_IN,683,260612.94,36009.0,296621.94,0.0,0.0,0
2,PAYMENT,254,7996.24,0.0,0.0,0.0,0.0,0
2,PAYMENT,286,3473.61,0.0,0.0,0.0,0.0,0
2,CASH_OUT,11,324630.8,22439.0,0.0,0.0,235319.86,0
2,PAYMENT,213,4375.92,0.0,0.0,0.0,0.0,0
2,CASH_IN,131,12318.61,20457143.35,20469461.96,109307.02,96988.41,0
2,PAYMENT,278,32149.53,285429.03,253279.5,0.0,0.0,0
2,PAYMENT,209,11564.9,0.0,0.0,0.0,0.0,0
2,CASH_IN,204,50454.06,3987250.04,4037704.09,1303780.24,1253326.19,0
2,CASH_OUT,282,17545.5,30035.0,12489.5,540065.01,557610.51,0
2,TRANSFER,250,2070511.38,15505.0,0.0,0.0,2070511.38,0
2,CASH_IN,39,240733.74,7533858.8,7774592.54,258081.39,17347.65,0
2,PAYMENT,300,18877.82,49933.0,31055.18,0.0,0.0,0
2,PAYMENT,376,32415.91,8525.93,0.0,0.0,0.0,0
2,TRANSFER,373,287622.44,21110.0,0.0,39241.88,326864.32,0
2,CASH_IN,19,255114.51,1144967.23,1400081.74,26840034.33,26584919.82,0
2,CASH_OUT,135,155910.64,186970.0,31059.36,0.0,155910.64,0
2,PAYMENT,235,17092.59,0.0,0.0,0.0,0.0,0
2,CASH_OUT,355,168987.89,203911.0,34923.11,14226369.26,14395357.15,0
2,CASH_IN,251,124953.28,2420533.83,2545487.11,1348466.35,1223513.07,0
2,PAYMENT,255,14506.73,0.0,0.0,0.0,0.0,0
2,CASH_OUT,215,332151.67,332151.67,0.0,0.0,332151.67,1
2,CASH_IN,135,259680.8,4916709.09,5176389.89,346252.88,86572.08,0
2,PAYMENT,349,41133.18,0.0,0.0,0.0,0.0,0
2,CASH_OUT,354,32073.97,0.0,0.0,1242737.29,1274811.26,0
2,CASH_OUT,165,105604.45,11386.0,0.0,84494.31,190098.76,0
2,CASH_OUT,211,66321.33,10500.0,0.0,1689854.99,1756176.32,0
2,PAYMENT,594,8519.2,90558.28,82039.08,0.0,0.0,0
2,CASH_OUT,379,161732.09,21178.0,0.0,0.0,161732.09,0
2,PAYMENT,167,7211.45,245148.0,237936.55,0.0,0.0,0
2,PAYMENT,35,1963.6,0.0,0.0,0.0,0.0,0
2,TRANSFER,352,661233.68,40368.0,0.0,0.0,661233.68,0
2,CASH_OUT,18,189681.48,0.0,0.0,1822319.63,3815293.78,0
2,TRANSFER,181,146149.52,0.0,0.0,1068115.93,1214265.45,0
2,PAYMENT,187,2062.32,307740.23,305677.91,0.0,0.0,0
2,PAYMENT,180,14132.35,857.0,0.0,0.0,0.0,0
2,CASH_OUT,186,20936.84,0.0,0.0,107418.29,128355.13,0
2,CASH_OUT,398,279973.97,0.0,0.0,10050485.03,10330459.0,0
2,PAYMENT,155,273.59,0.0,0.0,0.0,0.0,0
2,CASH_OUT,336,964388.1,964388.1,0.0,572484.42,1536872.53,1
2,CASH_IN,210,86984.14,1992.0,88976.14,130854.5,43870.36,0
2,PAYMENT,45,209.21,3535.16,3325.94,0.0,0.0,0
2,CASH_OUT,13,193790.82,0.0,0.0,2187184.93,2380975.75,0
2,CASH_OUT,307,155020.63,210.0,0.0,0.0,155020.63,0
2,CASH_OUT,550,237065.56,0.0,0.0,592676.11,829741.67,0
2,CASH_IN,215,243056.67,0.0,243056.67,560055.46,316998.78,0
2,PAYMENT,299,38903.03,0.0,0.0,0.0,0.0,0
2,PAYMENT,330,2167.91,78854.0,76686.09,0.0,0.0,0
2,PAYMENT,41,2284.8,208731.73,206446.93,0.0,0.0,0
2,TRANSFER,94,350407.98,0.0,0.0,2068344.34,2418752.32,0
2,CASH_OUT,401,137780.38,0.0,0.0,2885120.91,3022901.29,0
2,CASH_OUT,273,73632.24,0.0,0.0,129580.15,203212.39,0
2,CASH_IN,352,94741.2,25074.0,119815.2,864843.65,770102.45,0
2,PAYMENT,216,9538.69,13339.0,3800.31,0.0,0.0,0
2,PAYMENT,303,12936.8,0.0,0.0,0.0,0.0,0
2,PAYMENT,383,2809.39,268.0,0.0,0.0,0.0,0
2,PAYMENT,141,15878.22,0.0,0.0,0.0,0.0,0
2,PAYMENT,164,3548.28,2550.0,0.0,0.0,0.0,0
2,PAYMENT,402,28665.6,9918.0,0.0,0.0,0.0,0
2,PAYMENT,351,11989.41,69841.0,57851.59,0.0,0.0,0
2,CASH_IN,274,36672.11,1392621.58,1429293.69,6678598.79,6641926.68,0
2,TRANSFER,257,353055.38,0.0,0.0,5349179.92,5702235.3,0
2,CASH_OUT,20,516744.6,0.0,0.0,838408.47,1435472.54,0
2,CASH_IN,382,18616.88,69968.0,88584.88,1543120.85,1524503.97,0
2,CASH_OUT,251,354691.22,49624.0,0.0,380438.35,735129.57,0
2,PAYMENT,210,1517.21,6392.49,4875.28,0.0,0.0,0
2,PAYMENT,257,4557.1,130998.41,126441.31,0.0,0.0,0
2,PAYMENT,188,1243.23,987240.84,985997.61,0.0,0.0,0
2,PAYMENT,10,8994.44,0.0,0.0,0.0,0.0,0
2,TRANSFER,379,572466.77,0.0,0.0,679695.03,1252161.8,0
2,CASH_OUT,161,112581.45,9015.0,0.0,142871.64,255453.09,0
2,CASH_OUT,183,221835.27,5520.0,0.0,0.0,221835.27,0
2,CASH_OUT,489,107128.17,107128.17,0.0,29150.7,136278.86,1
2,CASH_IN,351,327055.05,67513.0,394568.05,0.0,0.0,0
2,CASH_OUT,431,265946.12,0.0,0.0,1458541.81,1724487.93,0
2,CASH_IN,131,147050.91,9968436.11,10115487.01,244453.29,97402.38,0
2,PAYMENT,397,27250.41,155915.8,128665.38,0.0,0.0,0
2,CASH_OUT,162,248118.87,76226.0,0.0,3381399.53,3629518.39,0
2,TRANSFER,280,1767524.8,0.0,0.0,2501428.91,4268953.7,0
2,CASH_OUT,204,309156.32,14633.0,0.0,0.0,309156.32,0
2,CASH_OUT,381,18804.92,490466.82,471661.9,358002.96,376807.88,0
2,CASH_OUT,720,40075.02,40075.02,0.0,0.0,40075.02,1
2,CASH_OUT,254,94156.36,0.0,0.0,387302.24,481458.6,0
2,TRANSFER,694,71729.96,71729.96,0.0,0.0,0.0,1
2,CASH_OUT,180,13192.87,0.0,0.0,94287.34,107480.21,0
2,PAYMENT,205,3285.86,0.0,0.0,0.0,0.0,0
2,CASH_OUT,594,275103.06,0.0,0.0,1660325.37,1935428.43,0
2,TRANSFER,130,1085786.08,0.0,0.0,5822387.65,6908173.73,0
2,CASH_OUT,34,419315.73,0.0,0.0,2162774.71,2582090.44,0
2,CASH_IN,19,52059.59,579815.84,631875.43,235305.07,183245.48,0
2,CASH_IN,14,117415.24,304806.28,422221.51,1371440.64,1511969.57,0
2,CASH_OUT,394,452771.75,0.0,0.0,728791.89,1181563.64,0
2,CASH_IN,305,25473.34,8496146.5,8521619.85,84895.56,59422.22,0
2,CASH_OUT,282,251027.23,0.0,0.0,461571.26,1098027.04,0
2,PAYMENT,134,36724.33,801.0,0.0,0.0,0.0,0
2,PAYMENT,322,75571.11,96725.15,21154.05,0.0,0.0,0
2,CASH_OUT,635,1387048.31,1387048.31,0.0,3551644.77,4938693.07,1
2,CASH_OUT,234,132644.36,21369.0,0.0,607537.01,740181.37,0
2,CASH_OUT,328,24557.09,0.0,0.0,884905.45,909462.55,0
2,TRANSFER,269,278619.91,278619.91,0.0,0.0,0.0,1
2,CASH_IN,401,48270.3,153.0,48423.3,0.0,0.0,0
2,CASH_IN,257,227963.94,4485907.64,4713871.58,6847474.16,6619510.22,0
2,CASH_OUT,353,71322.18,411197.0,339874.82,256797.54,328119.71,0
2,CASH_OUT,248,26776.98,26776.98,0.0,0.0,26776.98,1
2,TRANSFER,324,1093768.04,0.0,0.0,1662522.16,2756290.21,0
2,CASH_OUT,402,107605.44,49591.0,0.0,241399.08,349004.51,0
2,CASH_IN,403,69073.06,141018.0,210091.06,3710041.8,3640968.74,0
2,CASH_OUT,403,110886.28,0.0,0.0,594189.3,705075.58,0
2,CASH_IN,249,3996.54,6649766.52,6653763.07,3130450.81,3126454.27,0
2,PAYMENT,250,9079.33,122401.0,113321.67,0.0,0.0,0
2,CASH_OUT,377,134452.89,1498.28,0.0,338002.13,472455.02,0
2,CASH_OUT,346,291762.72,41904.0,0.0,171155.32,462918.04,0
2,PAYMENT,330,15288.89,135.0,0.0,0.0,0.0,0
2,CASH_IN,257,382921.07,1213367.79,1596288.86,2872425.87,2489504.8,0
2,CASH_IN,225,117539.82,1863767.12,1981306.94,811739.55,694199.72,0
2,PAYMENT,284,6136.12,0.0,0.0,0.0,0.0,0
2,CASH_OUT,325,167354.99,0.0,0.0,2113278.25,2280633.24,0
2,CASH_OUT,17,254432.97,74319.0,0.0,266934.49,521367.46,0
2,PAYMENT,212,7560.16,133050.0,125489.84,0.0,0.0,0
2,CASH_OUT,235,54876.09,0.0,0.0,99381.49,154257.58,0
2,PAYMENT,398,26616.4,0.0,0.0,0.0,0.0,0
2,PAYMENT,355,8192.64,103794.0,95601.36,0.0,0.0,0
2,CASH_IN,394,149142.9,24425.0,173567.9,0.0,0.0,0
2,CASH_OUT,139,67543.27,23612.0,0.0,665168.75,732712.02,0
2,PAYMENT,137,17851.46,69964.0,52112.54,0.0,0.0,0
2,PAYMENT,280,12128.0,0.0,0.0,0.0,0.0,0
2,CASH_IN,373,190010.8,234155.0,424165.8,27752.55,0.0,0
2,PAYMENT,329,6667.75,0.0,0.0,0.0,0.0,0
2,TRANSFER,298,399740.53,0.0,0.0,1253081.6,1652822.13,0
2,PAYMENT,301,39224.27,0.0,0.0,0.0,0.0,0
2,CASH_IN,302,109413.8,11364.0,120777.8,0.0,0.0,0
2,CASH_OUT,18,45254.71,0.0,0.0,119387.87,164642.58,0
2,CASH_OUT,234,94972.17,0.0,0.0,378072.42,473044.59,0
2,CASH_OUT,157,155694.69,1535.0,0.0,2579795.74,2735490.43,0
2,CASH_OUT,402,63573.99,96537.0,32963.01,2049416.13,2112990.11,0
2,CASH_OUT,38,27494.96,107292.0,79797.04,216069.04,243564.0,0
2,CASH_OUT,142,117483.09,0.0,0.0,171833.01,289316.1,0
2,PAYMENT,538,10319.14,168.0,0.0,0.0,0.0,0
2,CASH_IN,185,137242.53,33249527.62,33386770.15,254494.33,117251.81,0
2,CASH_OUT,304,225923.05,542721.0,316797.95,324335.96,550259.01,0
2,PAYMENT,564,18799.01,135471.0,116671.99,0.0,0.0,0
2,CASH_IN,44,53697.15,3963096.49,4016793.64,77465.58,120755.05,0
2,PAYMENT,283,5265.7,62236.46,56970.77,0.0,0.0,0
2,CASH_OUT,259,197708.96,49766.0,0.0,0.0,197708.96,0
2,PAYMENT,15,8522.12,9939.0,1416.88,0.0,0.0,0
2,CASH_IN,162,115202.28,20915593.41,21030795.69,841102.05,725899.77,0
2,CASH_OUT,307,159611.68,622.0,0.0,6031.1,165642.78,0
2,CASH_OUT,305,380094.66,105033.0,0.0,110579.9,490674.56,0
2,CASH_IN,157,71584.09,102245.0,173829.09,0.0,179799.67,0
2,CASH_OUT,8,32543.96,0.0,0.0,718737.51,751281.48,0
2,CASH_OUT,409,1018800.91,1018800.91,0.0,389321.6,1408122.51,1
2,PAYMENT,211,10966.75,13327.0,2360.25,0.0,0.0,0
2,TRANSFER,131,363355.98,0.0,0.0,1877624.88,2240980.86,0
2,CASH_IN,277,91202.32,24847.0,116049.32,849541.28,758338.96,0
2,CASH_OUT,73,684796.16,684796.16,0.0,2754453.54,3439249.7,1
2,CASH_OUT,275,75315.68,124494.0,49178.32,3041433.89,3116749.57,0
2,CASH_OUT,42,48297.66,23984.0,0.0,112150.23,160447.9,0
2,CASH_OUT,159,73754.41,35470.0,0.0,11494015.68,11567770.09,0
2,CASH_IN,215,73770.62,7054474.8,7128245.42,74701.59,930.97,0
2,CASH_OUT,469,934.12,13658.0,12723.88,195648.62,196582.74,0
2,TRANSFER,531,6392800.85,6392800.85,0.0,0.0,0.0,1
2,CASH_IN,206,19172.99,517314.0,536486.99,64099.54,44926.55,0
2,CASH_IN,378,322715.73,21803.0,344518.73,295490.5,0.0,0
2,CASH_OUT,374,209806.9,0.0,0.0,1408042.47,1617849.37,0
2,CASH_IN,20,129289.02,10411586.66,10540875.68,380396.78,251107.76,0
2,PAYMENT,207,33349.28,179128.0,145778.72,0.0,0.0,0
2,PAYMENT,285,344.64,1155.0,810.36,0.0,0.0,0
2,CASH_IN,132,138182.26,5031811.55,5169993.8,697872.18,559689.92,0
2,TRANSFER,353,173712.05,0.0,0.0,2623337.61,2797049.66,0
2,CASH_IN,325,172463.68,123858.0,296321.68,137862.57,0.0,0
2,TRANSFER,374,138401.27,557.0,0.0,1532932.76,1671334.02,0
2,CASH_OUT,179,406476.04,2083.0,0.0,0.0,406476.04,0
2,TRANSFER,254,900362.48,900362.48,0.0,0.0,0.0,1
2,CASH_IN,380,122657.56,4162071.3,4284728.85,177252.8,54595.25,0
2,TRANSFER,378,686637.38,45033.0,0.0,2920797.33,3607434.71,0
2,CASH_OUT,309,138713.94,592.0,0.0,2335675.62,2474389.56,0
2,TRANSFER,398,3580542.06,3580542.06,0.0,0.0,0.0,1
2,CASH_IN,376,299243.18,5554.0,304797.18,5983640.11,5684396.93,0
2,CASH_OUT,45,279903.57,45039.28,0.0,770439.64,1050343.21,0
2,CASH_IN,237,7840.7,4064094.47,4071935.17,687367.08,679526.37,0
2,CASH_OUT,155,189204.18,282.0,0.0,0.0,189204.18,0
2,CASH_OUT,379,390499.36,0.0,0.0,2463884.49,2854383.85,0
2,CASH_IN,300,266100.96,5373365.19,5639466.15,481790.98,215690.02,0
2,PAYMENT,217,338.28,68927.0,68588.72,0.0,0.0,0
2,CASH_OUT,284,1139.2,0.0,0.0,269002.69,416227.52,0
2,CASH_IN,231,142108.61,847.0,142955.61,196922.53,54813.92,0
2,CASH_IN,332,51004.7,7947563.08,7998567.79,62180.07,11175.37,0
2,CASH_OUT,380,33524.95,27511.0,0.0,815609.21,849134.16,0
2,TRANSFER,283,245190.87,20964.0,0.0,162630.22,407821.1,0
2,CASH_OUT,402,254010.46,0.0,0.0,1209478.25,1463488.7,0
2,CASH_IN,596,59973.34,255684.0,315657.34,0.0,0.0,0
2,TRANSFER,600,540154.62,540154.62,0.0,0.0,0.0,1
2,PAYMENT,44,11304.04,10860.0,0.0,0.0,0.0,0
2,PAYMENT,250,22272.31,29492.0,7219.69,0.0,0.0,0
2,PAYMENT,356,5883.9,13793.0,7909.1,0.0,0.0,0
2,CASH_IN,227,129995.8,12704421.77,12834417.57,1319774.65,1189778.85,0
2,CASH_OUT,400,96578.34,101975.0,5396.66,36134.69,132713.02,0
2,PAYMENT,188,6754.46,435364.08,428609.62,0.0,0.0,0
2,CASH_IN,278,197150.49,7765702.29,7962852.78,278257.56,81107.06,0
2,CASH_OUT,353,213145.46,0.0,0.0,229219.16,442364.62,0
2,TRANSFER,484,156220.74,156220.74,0.0,0.0,0.0,1
2,TRANSFER,277,2033912.32,0.0,0.0,7376749.01,9410661.33,0
2,PAYMENT,45,2385.12,0.0,0.0,0.0,0.0,0
2,CASH_OUT,226,208899.88,20444.0,0.0,1373268.0,1582167.88,0
2,CASH_OUT,378,187944.12,0.0,0.0,374642.69,562586.81,0
2,CASH_OUT,34,1462355.44,1462355.44,0.0,1544724.84,3007080.29,1
2,CASH_IN,40,86345.31,14548.0,100893.31,0.0,0.0,0
2,TRANSFER,16,333767.62,0.0,0.0,3566985.1,3764940.27,0
2,TRANSFER,139,375141.86,375141.86,0.0,0.0,0.0,1
2,CASH_IN,395,504954.63,3541300.74,4046255.37,4804158.08,4299203.46,0
2,CASH_OUT,9,187016.7,0.0,0.0,201455.59,590379.37,0
2,CASH_OUT,39,85305.34,21275.0,0.0,789473.13,874778.47,0
2,PAYMENT,36,12564.52,5050.0,0.0,0.0,0.0,0
2,TRANSFER,328,342120.59,342120.59,0.0,0.0,0.0,1
2,PAYMENT,281,4596.78,20013.0,15416.22,0.0,0.0,0
2,CASH_OUT,229,191699.31,0.0,0.0,707335.29,899034.6,0
2,PAYMENT,17,15603.44,322214.0,306610.56,0.0,0.0,0
2,TRANSFER,277,815508.19,0.0,0.0,1693269.35,2508777.54,0
2,PAYMENT,19,5844.53,894146.72,888302.19,0.0,0.0,0
2,CASH_IN,159,305779.13,477644.37,783423.5,752714.31,446935.18,0
2,CASH_OUT,303,12132.61,20796.0,8663.39,182456.56,194589.17,0
2,PAYMENT,378,1769.4,69609.55,67840.15,0.0,0.0,0
2,CASH_OUT,303,245168.63,0.0,0.0,838218.0,1083386.62,0
2,PAYMENT,10,4880.18,0.0,0.0,0.0,0.0,0
2,CASH_OUT,354,351158.19,11055.0,0.0,0.0,351158.19,0
2,CASH_OUT,36,211353.51,1627.0,0.0,93859.21,305212.72,0
2,PAYMENT,213,7004.46,66286.0,59281.54,0.0,0.0,0
2,CASH_OUT,33,313455.1,0.0,0.0,820297.55,1133752.65,0
2,TRANSFER,402,2056267.35,0.0,0.0,4792399.55,6848666.89,0
2,PAYMENT,681,19024.66,74365.0,55340.34,0.0,0.0,0
2,PAYMENT,206,10190.8,11332.0,1141.2,0.0,0.0,0
2,PAYMENT,256,10760.27,75453.0,64692.73,0.0,0.0,0
2,CASH_OUT,350,240081.87,25354.0,0.0,0.0,240081.87,0
2,CASH_OUT,328,109484.06,0.0,0.0,2919329.99,3028814.05,0
2,CASH_OUT,404,300189.51,0.0,0.0,5745307.09,6045496.6,0
2,CASH_OUT,380,166097.59,0.0,0.0,10454226.97,10620324.57,0
2,CASH_IN,351,49469.65,16665061.98,16714531.64,225190.75,175721.1,0
2,CASH_IN,323,96294.87,6040886.31,6137181.19,279991.94,183697.07,0
2,TRANSFER,378,131628.28,184471.0,52842.72,665909.66,797537.94,0
2,PAYMENT,185,10245.03,0.0,0.0,0.0,0.0,0
2,CASH_OUT,253,171185.01,0.0,0.0,265580.43,436765.44,0
2,PAYMENT,377,18768.13,132090.69,113322.56,0.0,0.0,0
2,CASH_OUT,284,26597.95,28159.0,1561.05,590184.96,616782.91,0
2,PAYMENT,374,40556.39,247882.84,207326.46,0.0,0.0,0
2,CASH_IN,22,9543.18,1167760.27,1177303.45,1001074.52,991531.35,0
2,CASH_OUT,332,43179.51,0.0,0.0,332663.9,375843.41,0
2,TRANSFER,182,676871.54,0.0,0.0,2583020.44,3259891.98,0
2,CASH_OUT,251,102942.16,1229.0,0.0,340988.88,443931.03,0
2,PAYMENT,12,14539.46,18354.81,3815.34,0.0,0.0,0
2,PAYMENT,594,28251.86,22945.0,0.0,0.0,0.0,0
2,CASH_IN,397,149806.1,5029386.71,5179192.81,1091313.6,1184133.42,0
2,CASH_IN,566,213601.4,34297.0,247898.4,0.0,0.0,0
2,PAYMENT,140,11140.46,0.0,0.0,0.0,0.0,0
2,PAYMENT,162,1944.98,0.0,0.0,0.0,0.0,0
2,PAYMENT,396,46774.1,80912.2,34138.1,0.0,0.0,0
2,CASH_IN,13,69979.52,1777196.71,1847176.23,74698.64,4719.12,0
2,TRANSFER,288,28636.24,28636.24,0.0,0.0,0.0,1
2,PAYMENT,38,12557.93,0.0,0.0,0.0,0.0,0
2,CASH_IN,259,258218.71,277282.84,535501.55,4100036.59,3841817.88,0
2,TRANSFER,443,43159.0,43159.0,0.0,0.0,0.0,1
2,CASH_OUT,13,194010.62,0.0,0.0,2232574.72,2426585.34,0
2,CASH_OUT,394,15766.68,0.0,0.0,2215116.35,2230883.03,0
2,CASH_IN,302,236840.18,18968673.27,19205513.44,252079.0,15238.82,0
2,CASH_IN,188,95480.25,18028.0,113508.25,0.0,0.0,0
2,CASH_IN,45,13906.85,89561.0,103467.85,3805940.85,3792034.0,0
2,CASH_OUT,206,71780.18,0.0,0.0,320270.38,392050.56,0
2,PAYMENT,155,2028.62,61153.0,59124.38,0.0,0.0,0
2,CASH_IN,302,80806.41,6645898.19,6726704.6,455931.22,217857.52,0
2,PAYMENT,18,11427.08,18354.0,6926.92,0.0,0.0,0
2,TRANSFER,542,1068398.61,1068398.61,0.0,0.0,0.0,1
2,CASH_OUT,330,20472.34,38055.0,17582.66,296497.15,316969.49,0
2,PAYMENT,131,3998.66,7983.0,3984.34,0.0,0.0,0
2,PAYMENT,307,872.66,194425.15,193552.49,0.0,0.0,0
2,CASH_OUT,14,266516.89,30283.0,0.0,62401.67,285715.43,0
2,CASH_IN,137,110158.59,190.0,110348.59,50515.12,0.0,0
2,CASH_IN,396,150072.04,13914081.35,14064153.39,417289.4,267217.36,0
2,CASH_IN,13,43824.93,71546.0,115370.93,3363691.22,3319866.29,0
2,CASH_OUT,380,183848.39,20114.0,0.0,307594.64,491443.03,0
2,CASH_IN,133,59576.13,10183342.91,10242919.03,109335.31,49759.18,0
2,CASH_IN,325,176410.46,247633.0,424043.46,977828.52,801418.06,0
2,PAYMENT,130,5664.49,9995.0,4330.51,0.0,0.0,0
2,TRANSFER,352,78603.68,0.0,0.0,145253.83,223857.52,0
2,CASH_OUT,253,96003.35,0.0,0.0,339652.32,435655.67,0
2,CASH_IN,307,153373.72,536567.8,689941.51,1884471.65,1731097.94,0
2,CASH_IN,42,138954.83,1002.0,139956.83,869193.35,730238.52,0
2,CASH_IN,206,328171.48,62200.0,390371.48,489594.24,161422.77,0
2,CASH_OUT,17,129503.43,157841.09,28337.66,3232130.2,3361633.63,0
2,CASH_OUT,469,266955.24,114580.0,0.0,33071.39,300026.63,0
2,PAYMENT,255,12357.96,21572.0,9214.04,0.0,0.0,0
2,CASH_OUT,40,255176.51,0.0,0.0,1624589.57,2325608.84,0
2,PAYMENT,180,4929.75,0.0,0.0,0.0,0.0,0
2,CASH_OUT,228,95460.63,518.0,0.0,0.0,95460.63,0
2,CASH_OUT,232,128739.02,0.0,0.0,868091.18,996830.19,0
2,CASH_OUT,305,125554.57,59896.0,0.0,217948.59,343503.16,0
2,TRANSFER,236,538468.58,0.0,0.0,1349278.33,1887746.91,0
2,CASH_OUT,36,344333.2,412532.27,68199.07,2323100.12,2667433.32,0
2,PAYMENT,36,12231.84,122938.0,110706.16,0.0,0.0,0
2,PAYMENT,252,18284.47,259366.0,241081.53,0.0,0.0,0
2,CASH_OUT,179,156349.65,1830.0,0.0,0.0,156349.65,0
2,CASH_IN,249,137220.25,3519460.26,3656680.51,1433196.35,1295976.1,0
2,PAYMENT,380,15590.49,0.0,0.0,0.0,0.0,0
2,DEBIT,183,16628.71,0.0,0.0,493762.02,510390.73,0
2,PAYMENT,239,1462.89,29855.0,28392.11,0.0,0.0,0
2,CASH_OUT,43,93629.77,0.0,0.0,167879.74,261509.51,0
2,CASH_IN,132,187656.84,590795.12,778451.96,746319.67,558662.82,0
2,PAYMENT,9,7767.19,0.0,0.0,0.0,0.0,0
2,CASH_OUT,143,139461.03,0.0,0.0,1443172.95,1582633.98,0
2,PAYMENT,202,13569.29,6886.46,0.0,0.0,0.0,0
2,TRANSFER,94,39150.62,161083.0,121932.38,692280.91,731431.53,0
2,CASH_OUT,132,757730.25,395524.96,0.0,8846893.55,9604623.8,0
2,PAYMENT,321,21054.3,350259.24,329204.94,0.0,0.0,0
3,PAYMENT,136,24313.71,104499.74,80186.03,0.0,0.0,0
3,TRANSFER,471,237743.79,87795.0,0.0,1496448.65,1734192.44,0
3,PAYMENT,161,28520.7,0.0,0.0,0.0,0.0,0
3,CASH_OUT,210,261395.73,11924.0,0.0,843598.09,1104993.82,0
3,PAYMENT,37,33062.36,17563.0,0.0,0.0,0.0,0
3,PAYMENT,325,78065.16,0.0,0.0,0.0,0.0,0
3,PAYMENT,236,10038.63,187.0,0.0,0.0,0.0,0
3,PAYMENT,234,1926.83,0.0,0.0,0.0,0.0,0
3,CASH_OUT,16,270968.16,802249.0,531280.84,0.0,270968.16,0
3,CASH_OUT,232,127517.82,236528.0,109010.18,70039.34,197557.16,0
3,TRANSFER,226,111752.31,0.0,0.0,7736218.14,7655753.92,0
3,CASH_OUT,40,258301.31,21387.0,0.0,0.0,258301.31,0
3,PAYMENT,402,5951.65,3350.88,0.0,0.0,0.0,0
3,PAYMENT,280,5087.94,50291.0,45203.06,0.0,0.0,0
3,TRANSFER,111,98692.72,98692.72,0.0,0.0,0.0,1
3,CASH_OUT,401,247678.89,0.0,0.0,2206900.67,2143511.32,0
3,CASH_IN,18,69378.02,50219.0,119597.02,299932.2,230554.18,0
3,PAYMENT,298,19498.68,11610.0,0.0,0.0,0.0,0
3,CASH_OUT,155,224644.77,0.0,0.0,1014156.39,1238801.16,0
3,CASH_OUT,40,227815.97,0.0,0.0,630516.41,858332.38,0
3,PAYMENT,398,25320.35,0.0,0.0,0.0,0.0,0
3,PAYMENT,135,24745.27,16533.0,0.0,0.0,0.0,0
3,CASH_OUT,180,433592.79,132295.3,0.0,541825.04,975417.83,0
3,PAYMENT,379,9372.96,0.0,0.0,0.0,0.0,0
3,PAYMENT,232,17467.08,69883.0,52415.92,0.0,0.0,0
3,CASH_IN,153,259996.89,10770967.95,11030964.84,2044160.16,1784163.27,0
3,PAYMENT,182,6667.07,0.0,0.0,0.0,0.0,0
3,PAYMENT,377,17521.4,0.0,0.0,0.0,0.0,0
3,TRANSFER,349,29306.11,11795.0,0.0,814435.07,843741.18,0
3,CASH_OUT,33,361832.76,0.0,0.0,4018357.09,4380189.85,0
3,PAYMENT,231,1224.68,0.0,0.0,0.0,0.0,0
3,CASH_IN,323,14341.32,21283651.82,21297993.13,106409.68,92068.36,0
3,PAYMENT,299,2666.66,40258.0,37591.34,0.0,0.0,0
3,TRANSFER,179,29797.83,0.0,0.0,114163.22,143961.05,0
3,PAYMENT,135,34911.9,448121.0,413209.1,0.0,0.0,0
3,CASH_IN,184,229415.2,821137.42,1050552.62,249597.61,20182.4,0
3,CASH_OUT,22,2068118.36,2068118.36,0.0,3054285.45,5122403.81,1
3,PAYMENT,37,9294.73,0.0,0.0,0.0,0.0,0
3,PAYMENT,158,4162.56,0.0,0.0,0.0,0.0,0
3,TRANSFER,379,2446815.1,0.0,0.0,11607285.76,14054100.86,0
3,PAYMENT,228,36903.74,0.0,0.0,0.0,0.0,0
3,CASH_OUT,349,113447.42,80350.0,0.0,325616.91,439064.33,0
3,PAYMENT,38,12631.85,43537.0,30905.15,0.0,0.0,0
3,TRANSFER,17,466944.97,0.0,0.0,2795196.42,3041105.29,0
3,PAYMENT,298,11831.74,0.0,0.0,0.0,0.0,0
3,PAYMENT,408,5197.16,199322.0,194124.84,0.0,0.0,0
3,CASH_IN,281,86513.37,3730471.82,3816985.19,1195942.34,1109428.97,0
3,CASH_IN,382,48100.51,2682505.9,2730606.4,1075827.12,1027726.62,0
3,PAYMENT,232,30109.9,0.0,0.0,0.0,0.0,0
3,TRANSFER,225,406001.72,0.0,0.0,875844.77,1281846.49,0
3,PAYMENT,254,1697.49,388785.54,387088.05,0.0,0.0,0
3,CASH_OUT,234,147901.99,8081.0,0.0,606648.47,754550.46,0
3,CASH_OUT,703,6498297.7,6498297.7,0.0,103810.91,6602108.61,1
3,CASH_OUT,369,173752.56,0.0,0.0,2986306.76,3160059.32,0
3,CASH_OUT,205,331744.96,0.0,0.0,8989168.5,9320913.46,0
3,CASH_OUT,105,1457085.28,1457085.28,0.0,0.0,1457085.28,1
3,CASH_OUT,379,442957.35,46.0,0.0,5130287.8,5573245.15,0
3,CASH_OUT,378,80452.47,0.0,0.0,182212.16,262664.63,0
3,CASH_OUT,257,31495.21,0.0,0.0,329255.16,360750.37,0
3,CASH_IN,251,144280.42,457409.0,601689.42,240762.39,96481.97,0
3,PAYMENT,695,10049.53,11608.0,1558.47,0.0,0.0,0
3,PAYMENT,181,2092.36,0.0,0.0,0.0,0.0,0
3,CASH_OUT,19,202252.14,111.0,0.0,427785.42,630037.55,0
3,CASH_IN,262,158353.49,7734546.17,7892899.66,1852166.55,1693813.07,0
3,PAYMENT,396,20748.03,142.0,0.0,0.0,0.0,0
3,CASH_OUT,250,202992.91,0.0,0.0,6150972.73,6353965.64,0
3,CASH_IN,277,16248.05,10872.0,27120.05,0.0,0.0,0
3,CASH_OUT,11,62881.63,11660.0,0.0,0.0,62881.63,0
3,CASH_OUT,352,21019.39,0.0,0.0,105846.05,126865.44,0
3,TRANSFER,181,1220445.73,0.0,0.0,2358726.04,3870312.95,0
3,CASH_IN,162,301437.22,712519.2,1013956.42,1515435.07,1213997.85,0
3,TRANSFER,156,79031.41,79031.41,0.0,0.0,0.0,1
3,CASH_OUT,353,75720.21,10216.0,0.0,0.0,75720.21,0
3,PAYMENT,12,10071.72,0.0,0.0,0.0,0.0,0
3,PAYMENT,356,39577.93,158097.27,118519.34,0.0,0.0,0
3,PAYMENT,359,10397.84,4019.0,0.0,0.0,0.0,0
3,PAYMENT,307,43478.22,0.0,0.0,0.0,0.0,0
3,CASH_OUT,352,527882.02,0.0,0.0,1072109.91,1599991.93,0
3,CASH_IN,249,107836.66,428630.28,536466.94,481328.12,373491.46,0
3,PAYMENT,42,2902.11,658.0,0.0,0.0,0.0,0
3,TRANSFER,227,70204.29,582.0,0.0,0.0,70204.29,0
3,CASH_OUT,184,11471.08,0.0,0.0,232532.88,244003.96,0
3,PAYMENT,183,14682.83,9633.0,0.0,0.0,0.0,0
3,CASH_IN,305,128330.78,5720273.31,5848604.09,330320.4,201989.62,0
3,CASH_IN,377,21795.53,15092.0,36887.53,4147628.32,4125832.79,0
3,PAYMENT,19,21150.81,20211.0,0.0,0.0,0.0,0
3,PAYMENT,309,29025.98,49648.0,20622.02,0.0,0.0,0
3,CASH_IN,137,90650.41,10651.0,101301.41,129476.55,38826.14,0
3,PAYMENT,140,8089.97,0.0,0.0,0.0,0.0,0
3,CASH_OUT,188,53433.73,581.0,0.0,7250313.84,7303747.57,0
3,CASH_OUT,132,179905.94,0.0,0.0,662945.5,842851.43,0
3,TRANSFER,226,195708.55,195708.55,0.0,0.0,0.0,1
3,CASH_OUT,157,414534.95,176.0,0.0,0.0,414534.95,0
3,PAYMENT,42,40876.5,0.0,0.0,0.0,0.0,0
3,PAYMENT,142,10138.13,74219.0,64080.87,0.0,0.0,0
3,CASH_IN,402,177411.86,39523.0,216934.86,0.0,0.0,0
3,TRANSFER,282,108098.53,21725.0,0.0,0.0,108098.53,0
3,CASH_IN,21,309782.57,11350.0,321132.57,332450.73,22668.16,0
3,CASH_OUT,206,285404.09,20759.0,0.0,4173122.15,4458526.24,0
3,PAYMENT,208,7539.69,133.0,0.0,0.0,0.0,0
3,CASH_OUT,165,18335.43,0.0,0.0,308310.9,326646.33,0
3,PAYMENT,237,5068.07,0.0,0.0,0.0,0.0,0
3,CASH_IN,612,52462.55,8688520.22,8740982.77,509740.84,457278.29,0
3,CASH_OUT,298,478139.46,0.0,0.0,7067998.67,7546138.13,0
3,CASH_OUT,545,252027.46,0.0,0.0,544419.51,796446.97,0
3,PAYMENT,162,31850.29,0.0,0.0,0.0,0.0,0
3,PAYMENT,232,19835.56,10912.0,0.0,0.0,0.0,0
3,PAYMENT,404,671.99,0.0,0.0,0.0,0.0,0
3,CASH_OUT,234,211874.75,355.0,0.0,165702.35,377577.1,0
3,PAYMENT,525,65651.43,31063.0,0.0,0.0,0.0,0
3,CASH_OUT,16,409420.87,0.0,0.0,1394734.3,1639833.29,0
3,CASH_IN,181,374584.68,3043131.23,3417715.91,894342.12,519757.45,0
3,TRANSFER,189,358529.2,358529.2,0.0,0.0,0.0,1
3,PAYMENT,378,7399.3,0.0,0.0,0.0,0.0,0
3,CASH_OUT,42,283320.9,12063.79,0.0,654451.14,937772.04,0
3,PAYMENT,137,33440.48,22101.0,0.0,0.0,0.0,0
3,CASH_OUT,18,117192.27,57247.0,0.0,738440.98,1047314.88,0
3,CASH_OUT,382,1465173.76,1465173.76,0.0,0.0,1465173.76,1
3,CASH_IN,158,80558.31,4253386.98,4333945.29,253258.22,172699.91,0
3,TRANSFER,399,54393.9,0.0,0.0,61242.96,115636.86,0
3,CASH_OUT,321,351268.75,351268.75,0.0,767889.35,1119158.1,1
3,CASH_IN,161,176130.86,12118.35,188249.21,182551.64,6420.78,0
3,CASH_IN,396,220812.24,3280523.17,3501335.41,6427439.49,6206627.25,0
3,CASH_OUT,237,55330.22,0.0,0.0,422037.34,477367.56,0
3,CASH_OUT,328,127143.16,0.0,0.0,2073724.33,2200867.49,0
3,PAYMENT,369,39627.43,398553.95,358926.52,0.0,0.0,0
3,CASH_OUT,154,302360.39,0.0,0.0,1539418.75,1841779.14,0
3,PAYMENT,8,3632.08,0.0,0.0,0.0,0.0,0
3,PAYMENT,301,18453.81,0.0,0.0,0.0,0.0,0
3,TRANSFER,142,921598.09,0.0,0.0,4357858.94,5279457.03,0
3,CASH_OUT,403,327859.35,0.0,0.0,1262066.88,1589926.23,0
3,PAYMENT,298,19352.93,67794.0,48441.07,0.0,0.0,0
3,CASH_OUT,349,318831.72,29520.0,0.0,96519.87,575009.09,0
3,CASH_IN,449,71495.54,855317.6,926813.14,1003769.6,932274.06,0
3,TRANSFER,164,177680.54,177680.54,0.0,0.0,0.0,1
3,CASH_OUT,229,37019.04,37019.04,0.0,52812.32,89831.35,1
3,TRANSFER,204,79371.3,20872.0,0.0,0.0,79371.3,0
3,TRANSFER,355,2167639.36,5563.0,0.0,775105.34,2942744.7,0
3,PAYMENT,332,35879.63,37654.0,1774.38,0.0,0.0,0
3,CASH_IN,334,375893.68,6891026.78,7266920.46,1279364.41,903470.73,0
3,CASH_OUT,206,116731.99,0.0,0.0,173802.26,290534.25,0
3,CASH_IN,403,125374.61,6415927.44,6541302.05,173148.06,47773.45,0
3,CASH_OUT,250,175935.71,532.0,0.0,18791.93,194727.64,0
3,CASH_IN,43,234917.3,481698.92,716616.22,4665905.32,4430988.01,0
3,PAYMENT,527,1559.69,21055.0,19495.31,0.0,0.0,0
3,CASH_OUT,298,371257.05,135.0,0.0,0.0,371257.05,0
3,CASH_OUT,227,105699.88,903.0,0.0,126552.36,232252.24,0
3,PAYMENT,214,2856.88,0.0,0.0,0.0,0.0,0
3,PAYMENT,310,7006.87,203765.0,196758.13,0.0,0.0,0
3,CASH_OUT,206,100262.69,0.0,0.0,266387.07,366649.76,0
3,CASH_IN,284,1608.27,10092.0,11700.27,150776.06,149167.79,0
3,CASH_IN,354,170982.84,15023.0,186005.84,3252002.83,3081019.99,0
3,CASH_OUT,281,381585.42,255081.0,0.0,0.0,381585.42,0
3,CASH_OUT,301,187852.6,726.0,0.0,2029913.54,2217766.14,0
3,PAYMENT,178,21057.21,126637.0,105579.79,0.0,0.0,0
3,PAYMENT,140,6528.58,231568.0,225039.42,0.0,0.0,0
3,CASH_IN,94,253565.65,2803734.42,3057300.07,1103396.34,849830.7,0
3,CASH_IN,13,211355.24,2315940.13,2527295.37,300373.82,106158.66,0
3,CASH_OUT,300,774761.84,774761.84,0.0,153301.73,928063.57,1
3,TRANSFER,731,508929.61,508929.61,0.0,0.0,0.0,1
3,CASH_IN,40,137102.14,11976.0,149078.14,0.0,0.0,0
3,PAYMENT,163,9988.6,112209.78,102221.18,0.0,0.0,0
3,CASH_IN,426,365722.07,1372883.8,1738605.87,2474612.69,2108890.62,0
3,CASH_OUT,140,69469.95,0.0,0.0,2490558.15,2560028.09,0
3,CASH_OUT,277,174170.91,21365.0,0.0,1329833.8,1504004.71,0
3,CASH_OUT,330,154490.73,0.0,0.0,1766290.28,1920781.01,0
3,TRANSFER,504,262678.53,262678.53,0.0,0.0,0.0,1
3,CASH_IN,395,105238.63,20422.0,125660.63,2003798.32,1898559.69,0
3,CASH_OUT,21,693463.48,0.0,0.0,3247765.06,3941228.54,0
3,CASH_OUT,596,434401.5,434401.5,0.0,542289.09,976690.59,1
3,PAYMENT,404,3793.52,0.0,0.0,0.0,0.0,0
3,CASH_OUT,132,101932.46,61105.0,0.0,0.0,101932.46,0
3,PAYMENT,307,535.67,0.0,0.0,0.0,0.0,0
3,CASH_IN,33,11631.31,6578160.63,6589791.95,109952.78,98321.46,0
3,CASH_OUT,366,5807351.83,5807351.83,0.0,34380.89,5841732.72,1
3,TRANSFER,322,365114.84,365114.84,0.0,0.0,0.0,1
3,CASH_OUT,402,23997.73,11775.0,0.0,0.0,23997.73,0
3,PAYMENT,354,16174.69,367354.37,351179.68,0.0,0.0,0
3,CASH_OUT,330,145522.63,7119.0,0.0,1816980.86,1962503.49,0
3,CASH_IN,285,212311.16,15685.0,227996.16,0.0,0.0,0
3,CASH_OUT,378,158339.46,0.0,0.0,512340.56,670680.01,0
3,CASH_OUT,402,54751.83,102740.0,47988.17,865563.07,920314.9,0
3,TRANSFER,227,4075956.58,4075956.58,0.0,0.0,0.0,1
3,CASH_IN,283,266589.15,19970810.59,20237399.74,2922420.94,2655831.79,0
3,CASH_IN,41,27866.98,3740539.32,3768406.3,2652945.99,2625079.01,0
3,PAYMENT,143,6101.48,0.0,0.0,0.0,0.0,0
3,CASH_OUT,323,372997.31,0.0,0.0,420962.6,793959.91,0
3,CASH_IN,282,91965.65,21570.0,113535.65,1932970.37,1841004.71,0
3,PAYMENT,298,29451.49,23005.0,0.0,0.0,0.0,0
3,CASH_OUT,371,93296.34,50137.0,0.0,1138592.88,1231889.22,0
3,PAYMENT,163,4093.4,145755.14,141661.74,0.0,0.0,0
3,PAYMENT,212,8450.45,0.0,0.0,0.0,0.0,0
3,CASH_OUT,299,82324.38,0.0,0.0,709060.44,791384.82,0
3,PAYMENT,395,20435.92,121036.92,100600.99,0.0,0.0,0
3,TRANSFER,455,542222.77,542222.77,0.0,0.0,0.0,1
3,PAYMENT,261,8088.88,0.0,0.0,0.0,0.0,0
3,CASH_OUT,252,47547.99,0.0,0.0,147569.0,195116.99,0
3,PAYMENT,399,5965.19,479328.0,473362.81,0.0,0.0,0
3,CASH_OUT,205,352070.47,0.0,0.0,480625.41,832695.88,0
3,CASH_OUT,8,86188.85,246881.0,160692.15,0.0,86188.85,0
3,TRANSFER,231,1111369.0,4020.72,0.0,2238418.23,3349787.23,0
3,CASH_IN,378,312770.06,379206.0,691976.06,0.0,0.0,0
3,PAYMENT,180,13509.17,0.0,0.0,0.0,0.0,0
3,CASH_OUT,305,10324.07,221.0,0.0,9532463.68,9542787.75,0
3,PAYMENT,164,1817.2,296148.0,294330.8,0.0,0.0,0
3,CASH_OUT,20,70805.64,0.0,0.0,351038.0,697943.72,0
3,PAYMENT,350,14113.89,11169.0,0.0,0.0,0.0,0
3,CASH_OUT,138,74781.74,0.0,0.0,816499.03,891280.77,0
3,CASH_IN,255,345823.72,635877.9,981701.62,2530090.49,2184266.77,0
3,CASH_OUT,354,152646.66,46684.0,0.0,463658.31,616304.97,0
3,CASH_IN,259,228781.39,336126.52,564907.91,270971.22,42189.83,0
3,PAYMENT,276,9976.26,32515.0,22538.74,0.0,0.0,0
3,CASH_OUT,452,624015.52,624015.52,0.0,0.0,624015.52,1
3,CASH_IN,393,220174.88,9970977.56,10191152.44,1088592.64,868417.76,0
3,PAYMENT,186,1081.27,0.0,0.0,0.0,0.0,0
3,CASH_IN,372,105754.2,3300433.32,3406187.52,2676992.79,2571238.59,0
3,PAYMENT,431,6364.74,169729.0,163364.26,0.0,0.0,0
3,CASH_OUT,325,104510.19,48578.0,0.0,748394.36,852904.55,0
3,CASH_OUT,12,170566.64,5059.0,0.0,0.0,369321.93,0
3,TRANSFER,254,1519480.19,59707.0,0.0,0.0,1519480.19,0
3,CASH_IN,201,20178.06,1840340.77,1860518.82,224957.1,204779.04,0
3,CASH_IN,133,314040.95,13336.0,327376.95,105971.95,0.0,0
3,PAYMENT,40,6439.92,5559.0,0.0,0.0,0.0,0
3,PAYMENT,279,16599.06,284.0,0.0,0.0,0.0,0
3,PAYMENT,180,30020.18,0.0,0.0,0.0,0.0,0
3,PAYMENT,403,16353.07,47441.29,31088.23,0.0,0.0,0
3,TRANSFER,9,733814.97,0.0,0.0,565986.81,1235194.86,0
3,PAYMENT,349,11297.35,134836.65,123539.29,0.0,0.0,0
3,PAYMENT,335,6956.1,531.0,0.0,0.0,0.0,0
3,CASH_OUT,43,100005.85,0.0,0.0,301450.75,261430.6,0
3,PAYMENT,263,8269.97,0.0,0.0,0.0,0.0,0
3,TRANSFER,325,985165.77,0.0,0.0,6422730.26,7407896.04,0
3,PAYMENT,398,5541.38,46951.29,41409.91,0.0,0.0,0
3,CASH_IN,306,408676.15,7035.0,415711.15,53748.15,0.0,0
3,TRANSFER,44,44571.94,44571.94,0.0,0.0,0.0,1
3,CASH_OUT,260,57934.19,0.0,0.0,4269324.49,4327258.68,0
3,PAYMENT,21,12884.33,11580.0,0.0,0.0,0.0,0
3,CASH_OUT,155,128308.29,31729.0,0.0,490465.07,618773.36,0
3,CASH_OUT,210,21208.91,0.0,0.0,29971.55,51180.46,0
3,CASH_OUT,354,10616.66,9680.0,0.0,9945.03,20561.69,0
3,CASH_IN,474,17022.13,2148781.04,2165803.18,20967.61,3945.48,0
3,TRANSFER,478,1242789.2,28795.29,0.0,2500293.57,3743082.77,0
3,CASH_OUT,43,3496.96,204305.0,200808.04,5579.34,9076.3,0
3,CASH_OUT,350,640648.06,640648.06,0.0,1714269.39,2354917.45,1
3,CASH_IN,39,55651.13,2046695.62,2102346.75,1813050.83,1757399.71,0
3,CASH_OUT,134,67318.79,55000.0,0.0,4237053.61,4304372.4,0
3,CASH_IN,13,41969.87,5124389.49,5166359.37,162106.0,120136.13,0
3,CASH_IN,186,102290.13,2418930.1,2521220.23,157687.92,55397.79,0
3,CASH_OUT,349,45814.05,0.0,0.0,788297.58,834111.63,0
3,PAYMENT,278,1042.36,31321.0,30278.64,0.0,0.0,0
3,PAYMENT,309,23791.94,1058.0,0.0,0.0,0.0,0
3,CASH_IN,19,151164.93,89793.34,240958.27,1074069.35,1218561.39,0
3,PAYMENT,396,9377.25,7060.0,0.0,0.0,0.0,0
3,CASH_OUT,232,93363.66,0.0,0.0,226790.72,320154.38,0
3,CASH_IN,393,161859.76,2567661.36,2729521.12,219773.19,57913.43,0
3,CASH_IN,380,62854.77,10441548.32,10504403.09,2520082.39,2457227.62,0
3,CASH_OUT,137,30309.41,0.0,0.0,3263914.82,3294224.24,0
3,CASH_OUT,300,351238.23,0.0,0.0,2310014.03,2661252.26,0
3,PAYMENT,231,1521.35,187253.0,185731.65,0.0,0.0,0
3,CASH_OUT,429,148933.79,65051.0,0.0,0.0,148933.79,0
3,CASH_IN,324,114150.04,15428.0,129578.04,0.0,0.0,0
3,CASH_IN,235,66526.93,7672448.31,7738975.24,1018068.16,951541.23,0
3,CASH_IN,162,323750.8,32132.0,355882.8,0.0,0.0,0
3,CASH_OUT,211,217036.11,268.0,0.0,109414.4,326450.51,0
3,CASH_OUT,19,79240.88,0.0,0.0,3677730.88,3887566.4,0
3,CASH_OUT,692,2109967.47,2109967.47,0.0,1830441.07,3940408.54,1
3,CASH_IN,43,292310.7,9405839.77,9698150.47,558381.45,266070.75,0
3,PAYMENT,207,5149.64,11019.0,5869.36,0.0,0.0,0
3,CASH_OUT,182,141223.14,25840.0,0.0,0.0,141223.14,0
3,PAYMENT,36,14921.31,21632.0,6710.69,0.0,0.0,0
3,CASH_OUT,56,829885.13,829885.13,0.0,13276462.12,14106347.25,1
3,PAYMENT,11,8100.66,0.0,0.0,0.0,0.0,0
3,PAYMENT,39,5781.26,0.0,0.0,0.0,0.0,0
3,CASH_OUT,691,189356.42,49784.0,0.0,46723.49,236079.91,0
3,CASH_OUT,704,672812.53,672812.53,0.0,0.0,672812.53,1
3,CASH_OUT,136,314846.92,10998.0,0.0,2716852.96,3031699.88,0
3,CASH_OUT,209,188422.11,43738.0,0.0,415814.14,604236.25,0
3,TRANSFER,587,288263.38,288263.38,0.0,0.0,0.0,1
3,CASH_OUT,162,26482.7,30289.0,3806.3,2350605.55,2377088.25,0
3,CASH_OUT,205,128355.46,409.0,0.0,678658.83,1116602.07,0
3,CASH_OUT,19,200042.32,0.0,0.0,275274.29,302821.78,0
3,CASH_IN,350,144494.36,30989.0,175483.36,3101740.89,2957246.54,0
3,PAYMENT,393,47849.81,0.0,0.0,0.0,0.0,0
3,PAYMENT,332,2217.61,0.0,0.0,0.0,0.0,0
3,PAYMENT,373,27482.34,26908.05,0.0,0.0,0.0,0
3,PAYMENT,230,3491.06,114390.0,110898.94,0.0,0.0,0
3,CASH_OUT,255,119703.93,0.0,0.0,621096.73,740800.66,0
3,PAYMENT,17,7934.66,104338.0,96403.34,0.0,0.0,0
3,PAYMENT,138,382.0,0.0,0.0,0.0,0.0,0
3,PAYMENT,308,35090.08,66906.68,31816.6,0.0,0.0,0
3,TRANSFER,331,271794.82,0.0,0.0,2199144.51,2470939.34,0
3,PAYMENT,351,16215.12,135.0,0.0,0.0,0.0,0
3,CASH_OUT,202,115525.53,37438.0,0.0,0.0,115525.53,0
3,PAYMENT,185,708.91,256398.4,255689.49,0.0,0.0,0
3,PAYMENT,355,5993.13,0.0,0.0,0.0,0.0,0
3,TRANSFER,40,172563.3,0.0,0.0,559652.01,732215.31,0
3,CASH_IN,155,443563.56,4153072.26,4596635.82,5634031.52,5190467.96,0
3,CASH_IN,133,178423.79,48651.0,227074.79,2105554.4,1927130.61,0
3,PAYMENT,33,14009.84,0.0,0.0,0.0,0.0,0
3,PAYMENT,134,52879.34,28357.0,0.0,0.0,0.0,0
3,CASH_OUT,180,377779.47,0.0,0.0,4393390.11,4771169.58,0
3,PAYMENT,40,14457.35,189.0,0.0,0.0,0.0,0
3,CASH_OUT,350,55557.36,69996.28,14438.92,1233678.7,1289236.07,0
3,PAYMENT,355,19380.83,363.0,0.0,0.0,0.0,0
3,CASH_OUT,376,194926.55,0.0,0.0,362190.7,557117.24,0
3,PAYMENT,547,17013.47,0.0,0.0,0.0,0.0,0
3,PAYMENT,229,21381.79,0.0,0.0,0.0,0.0,0
3,CASH_OUT,385,234225.9,0.0,0.0,698467.1,932692.99,0
3,CASH_IN,189,136098.39,1243898.49,1379996.89,157503.04,21404.65,0
3,CASH_OUT,324,4282.82,0.0,0.0,45082.89,49365.72,0
3,PAYMENT,370,300.13,11658.0,11357.87,0.0,0.0,0
3,TRANSFER,503,854065.31,854065.31,0.0,0.0,0.0,1
3,CASH_OUT,228,210979.97,224056.0,13076.03,2274568.67,2485548.64,0
3,PAYMENT,492,82639.87,1179.0,0.0,0.0,0.0,0
3,TRANSFER,71,322113.91,322113.91,0.0,0.0,0.0,1
3,PAYMENT,552,4439.93,214816.0,210376.07,0.0,0.0,0
3,CASH_OUT,8,49560.21,0.0,0.0,968086.67,1362678.43,0
3,CASH_OUT,132,392739.1,0.0,0.0,923790.21,1316529.31,0
3,CASH_OUT,132,334269.07,35086.09,0.0,828312.68,1035070.64,0
3,CASH_OUT,37,418571.42,139245.0,0.0,7497.44,426068.86,0
3,CASH_OUT,164,57756.64,5610.0,0.0,826.1,58582.74,0
3,TRANSFER,235,1283334.34,169822.0,0.0,19280.94,1329364.51,0
3,CASH_OUT,46,136035.46,0.0,0.0,293394.67,429430.13,0
3,PAYMENT,44,12943.94,22258.0,9314.06,0.0,0.0,0
3,PAYMENT,354,12022.71,0.0,0.0,0.0,0.0,0
3,CASH_OUT,134,245334.2,105.0,0.0,0.0,245334.2,0
3,PAYMENT,211,8515.33,30677.34,22162.01,0.0,0.0,0
3,CASH_IN,352,188.34,6730304.93,6730493.26,155407.19,155218.85,0
3,CASH_IN,205,107691.69,21468440.19,21576131.88,1748856.54,1641164.84,0
3,CASH_OUT,461,1028284.82,1028284.82,0.0,0.0,1028284.82,1
3,TRANSFER,303,322585.04,322585.04,0.0,0.0,0.0,1
3,TRANSFER,345,3325295.37,164561.66,0.0,7875883.1,11201178.47,0
3,CASH_IN,259,117156.92,6901667.67,7018824.58,200938.39,83781.47,0
3,PAYMENT,285,5040.63,10210.0,5169.37,0.0,0.0,0
3,CASH_OUT,272,253672.83,253672.83,0.0,0.0,253672.83,1
3,CASH_IN,15,152707.61,8572189.37,8724896.98,965529.74,812822.13,0
3,CASH_OUT,331,250374.97,0.0,0.0,1671744.95,1922119.92,0
3,PAYMENT,310,17818.93,90013.0,72194.07,0.0,0.0,0
3,CASH_IN,164,122185.95,27107474.45,27229660.4,187597.23,65411.28,0
3,CASH_OUT,225,122805.32,121097.46,0.0,5292541.99,5415347.31,0
3,CASH_OUT,19,89843.88,451753.0,361909.12,202595.0,153900.71,0
3,CASH_OUT,303,238976.07,6225.0,0.0,0.0,238976.07,0
3,CASH_OUT,163,311265.61,0.0,0.0,900879.89,1212145.51,0
3,CASH_OUT,129,241750.53,16159.0,0.0,2585864.08,2827614.61,0
3,CASH_IN,324,293853.99,781.0,294634.99,1551723.71,1257869.73,0
3,CASH_OUT,252,359135.64,0.0,0.0,5589996.52,5949132.16,0
3,CASH_OUT,354,325442.59,0.0,0.0,1458178.56,1783621.16,0
3,CASH_OUT,41,1270564.34,1270564.34,0.0,0.0,1270564.34,1
3,CASH_OUT,140,3399.53,0.0,0.0,90372.06,93771.58,0
3,CASH_IN,39,315002.89,51932.0,366934.89,156658.64,0.0,0
3,PAYMENT,95,1684.76,495008.87,493324.11,0.0,0.0,0
3,CASH_OUT,356,157477.35,0.0,0.0,407046.46,564523.8,0
3,PAYMENT,161,12725.19,0.0,0.0,0.0,0.0,0
3,PAYMENT,394,21402.5,7513.0,0.0,0.0,0.0,0
3,PAYMENT,308,7588.39,0.0,0.0,0.0,0.0,0
3,CASH_OUT,256,170248.96,0.0,0.0,661097.59,831346.55,0
3,CASH_OUT,35,87378.99,0.0,0.0,2310565.11,2397944.1,0
3,CASH_IN,692,18408.69,6926229.72,6944638.41,216396.64,197987.95,0
3,CASH_OUT,18,35192.6,0.0,0.0,299359.21,334551.81,0
3,PAYMENT,155,10243.1,369200.0,358956.9,0.0,0.0,0
3,CASH_OUT,355,355735.29,0.0,0.0,9149113.12,9938060.85,0
3,CASH_OUT,159,519446.57,205425.0,0.0,2168079.88,2687526.45,0
3,PAYMENT,300,8163.32,25807.42,17644.1,0.0,0.0,0
3,CASH_OUT,355,79771.22,172.0,0.0,3511500.82,3591272.04,0
3,PAYMENT,131,18307.89,0.0,0.0,0.0,0.0,0
3,CASH_IN,300,138749.37,5289034.78,5427784.14,263990.73,125241.36,0
3,TRANSFER,134,100109.03,100109.03,0.0,0.0,0.0,1
3,PAYMENT,284,29859.89,0.0,0.0,0.0,0.0,0
3,CASH_IN,281,341637.43,20651252.85,20992890.28,4260310.96,3918673.53,0
3,CASH_OUT,137,70511.93,2213.0,0.0,0.0,70511.93,0
3,PAYMENT,143,3904.16,272.0,0.0,0.0,0.0,0
3,CASH_OUT,380,322844.3,93562.0,0.0,0.0,322844.3,0
3,TRANSFER,350,419282.17,0.0,0.0,8615173.67,9034455.84,0
3,CASH_OUT,514,217564.35,0.0,0.0,16310461.51,16528025.86,0
3,CASH_OUT,371,225532.91,0.0,0.0,684427.33,909960.23,0
3,CASH_IN,325,313207.86,76059.0,389266.86,0.0,0.0,0
3,CASH_OUT,185,417858.93,19837.0,0.0,37173.59,455032.51,0
3,PAYMENT,303,37657.52,108687.0,71029.48,0.0,0.0,0
3,CASH_OUT,282,116198.67,41945.0,0.0,2577843.61,2694042.28,0
3,CASH_IN,394,122513.05,6679408.95,6801922.01,194454.1,71941.05,0
3,PAYMENT,236,2449.76,22046.69,19596.93,0.0,0.0,0
3,PAYMENT,12,17267.02,0.0,0.0,0.0,0.0,0
3,PAYMENT,15,6375.31,30510.0,24134.69,0.0,0.0,0
3,CASH_OUT,284,129533.76,8347.0,0.0,1179624.71,1309158.47,0
3,CASH_OUT,326,182134.75,0.0,0.0,594321.6,776456.35,0
3,PAYMENT,394,10197.68,0.0,0.0,0.0,0.0,0
3,PAYMENT,331,3192.61,817296.0,814103.39,0.0,0.0,0
3,CASH_OUT,617,5576.21,418780.0,413203.79,0.0,5576.21,0
3,PAYMENT,189,7954.45,186.0,0.0,0.0,0.0,0
3,CASH_IN,333,62104.68,20502.0,82606.68,0.0,0.0,0
3,PAYMENT,311,16711.16,1247.88,0.0,0.0,0.0,0
3,TRANSFER,20,257431.67,31052.0,0.0,0.0,257431.67,0
3,CASH_OUT,228,150410.98,553806.0,403395.02,0.0,150410.98,0
3,PAYMENT,260,2377.95,3699.45,1321.49,0.0,0.0,0
3,PAYMENT,458,5312.36,254680.68,249368.32,0.0,0.0,0
3,CASH_IN,399,204562.69,4515198.8,4719761.49,336888.86,132326.17,0
3,CASH_OUT,378,240023.43,10761.0,0.0,134420.47,374443.91,0
3,CASH_IN,398,304271.77,40085.0,344356.77,117728.65,0.0,0
3,CASH_OUT,12,288051.01,0.0,0.0,239844.47,1245927.81,0
3,CASH_IN,44,113229.53,62670.0,175899.53,0.0,0.0,0
3,CASH_OUT,327,522760.28,22425.0,0.0,22746903.96,23269664.23,0
3,CASH_OUT,34,301956.65,0.0,0.0,2438599.5,2740556.15,0
3,PAYMENT,573,3191.89,0.0,0.0,0.0,0.0,0
3,CASH_OUT,131,173158.64,2668.0,0.0,160590.71,333749.35,0
3,CASH_IN,180,42543.75,2834261.11,2876804.86,100660.31,58116.55,0
3,CASH_OUT,212,44397.02,40562.0,0.0,12727.18,57124.21,0
3,CASH_OUT,19,11346.86,109785.0,98438.14,4412492.51,4448713.94,0
3,CASH_OUT,298,205687.54,0.0,0.0,343534.57,549222.11,0
3,CASH_IN,282,48630.2,11176470.68,11225100.89,203581.75,154951.54,0
3,CASH_OUT,277,314640.3,0.0,0.0,343169.13,657809.44,0
3,CASH_OUT,13,144254.0,0.0,0.0,309743.4,563291.6,0
3,CASH_IN,249,235140.02,1661215.94,1896355.95,239575.16,4435.14,0
3,PAYMENT,324,8681.36,0.0,0.0,0.0,0.0,0
3,CASH_OUT,369,89596.79,89596.79,0.0,0.0,89596.79,1
3,PAYMENT,182,25931.58,54240.8,28309.22,0.0,0.0,0
3,CASH_OUT,398,243648.76,0.0,0.0,1279614.6,1523263.36,0
3,CASH_IN,249,209128.13,51133.0,260261.13,411513.27,202385.13,0
3,PAYMENT,356,4389.13,505939.0,501549.87,0.0,0.0,0
3,PAYMENT,49,3640.37,54308.0,50667.63,0.0,0.0,0
3,CASH_OUT,345,236771.53,24548.0,0.0,962854.6,1199626.13,0
3,CASH_IN,131,60768.01,1091670.21,1152438.21,253063.18,192295.18,0
3,CASH_IN,301,445431.75,20941.0,466372.75,132026.66,0.0,0
3,PAYMENT,324,1243.56,0.0,0.0,0.0,0.0,0
3,CASH_OUT,225,107849.64,0.0,0.0,1204965.24,1312814.88,0
3,TRANSFER,262,463976.88,0.0,0.0,1328439.66,1792416.54,0
3,PAYMENT,338,166.1,352787.0,352620.9,0.0,0.0,0
3,PAYMENT,592,1364.41,54802.65,53438.23,0.0,0.0,0
3,CASH_OUT,187,45136.31,0.0,0.0,124007.25,169143.57,0
3,TRANSFER,255,774392.02,16340.0,0.0,0.0,774392.02,0
3,CASH_OUT,59,9748.89,9748.89,0.0,180869.12,190618.01,1
3,PAYMENT,134,6906.58,0.0,0.0,0.0,0.0,0
3,TRANSFER,302,907655.47,31234.0,0.0,734058.71,1641714.18,0
3,TRANSFER,59,1367340.03,1367340.03,0.0,0.0,0.0,1
3,CASH_OUT,266,1911239.21,1911239.21,0.0,188720.75,2099959.96,1
3,TRANSFER,587,2046125.69,29793.0,0.0,0.0,2046125.69,0
3,CASH_IN,333,73723.69,13188032.48,13261756.17,299009.01,225285.32,0
3,CASH_OUT,36,554726.78,0.0,0.0,789800.94,1344527.72,0
3,TRANSFER,135,28327.43,162391.03,134063.6,1224193.51,1252520.94,0
3,CASH_OUT,396,182064.66,2040.0,0.0,757986.02,940050.69,0
3,TRANSFER,142,201184.3,152.0,0.0,67847.31,269031.61,0
3,CASH_IN,327,220971.49,1479891.25,1700862.74,1269359.13,1048387.64,0
3,TRANSFER,239,297160.36,0.0,0.0,1090869.64,1388030.0,0
3,TRANSFER,186,1436714.51,85624.9,0.0,2407590.19,3844304.7,0
3,CASH_OUT,302,284185.59,0.0,0.0,696624.14,980809.73,0
3,PAYMENT,16,4653.53,795.0,0.0,0.0,0.0,0
3,CASH_OUT,180,502450.59,299691.0,0.0,267697.75,770148.34,0
3,CASH_IN,18,200891.34,8473.0,209364.34,0.0,0.0,0
3,CASH_OUT,250,7749.66,0.0,0.0,212174.04,219923.7,0
3,PAYMENT,355,9227.49,7957.0,0.0,0.0,0.0,0
3,TRANSFER,142,3531562.64,35862.97,0.0,7464746.37,10996309.01,0
3,PAYMENT,15,725.89,0.0,0.0,0.0,0.0,0
3,CASH_OUT,187,237915.94,0.0,0.0,6920631.46,7158547.4,0
3,CASH_OUT,14,118337.8,0.0,0.0,5480347.82,5666982.64,0
3,CASH_IN,307,22684.02,27571.0,50255.02,2186046.63,2163362.61,0
3,PAYMENT,177,5228.38,285.0,0.0,0.0,0.0,0
3,PAYMENT,209,314.09,17402.0,17087.91,0.0,0.0,0
3,PAYMENT,211,1910.2,0.0,0.0,0.0,0.0,0
3,PAYMENT,280,4347.2,0.0,0.0,0.0,0.0,0
3,PAYMENT,93,3375.3,47496.71,44121.4,0.0,0.0,0
3,CASH_OUT,232,325552.62,0.0,0.0,687710.47,1013263.09,0
3,DEBIT,310,9793.11,0.0,0.0,1594899.86,1604692.97,0
3,TRANSFER,711,986623.96,986623.96,0.0,0.0,0.0,1
3,CASH_OUT,589,137122.05,80094.0,0.0,944503.87,1081625.93,0
3,CASH_OUT,354,299070.36,20354.0,0.0,3355098.44,3654168.79,0
3,PAYMENT,234,45421.23,16890.0,0.0,0.0,0.0,0
3,PAYMENT,401,2161.73,10224.0,8062.27,0.0,0.0,0
3,CASH_OUT,177,108073.15,0.0,0.0,395503.52,503576.67,0
3,TRANSFER,182,1046233.95,0.0,0.0,3457842.93,4504076.88,0
3,PAYMENT,260,5578.65,41883.0,36304.35,0.0,0.0,0
3,CASH_IN,12,48157.16,2535755.13,2583912.29,1029939.69,981782.53,0
3,CASH_IN,307,11164.08,6783462.0,6794626.08,454891.57,443727.5,0
3,CASH_IN,370,86406.58,89.0,86495.58,0.0,0.0,0
3,CASH_IN,353,110974.49,8586180.32,8697154.81,4511593.38,4400618.89,0
3,CASH_OUT,349,51505.51,27859.12,0.0,7115475.75,7166981.25,0
3,TRANSFER,146,79845.07,0.0,0.0,320001.37,399846.43,0
3,TRANSFER,350,1185795.48,0.0,0.0,2500311.97,3686107.45,0
3,CASH_IN,131,368332.98,21614389.08,21982722.06,885307.09,516974.11,0
3,PAYMENT,185,7377.97,26108.0,18730.03,0.0,0.0,0
3,CASH_OUT,352,53303.29,220328.0,167024.71,0.0,53303.29,0
3,CASH_OUT,234,84568.56,17610.0,0.0,57722.77,142291.33,0
3,TRANSFER,189,263607.93,0.0,0.0,429198.28,692806.21,0
3,CASH_IN,154,237692.96,4428039.01,4665731.97,6479827.12,6242134.16,0
3,PAYMENT,256,26492.28,0.0,0.0,0.0,0.0,0
3,CASH_IN,614,275324.25,40331.0,315655.25,827973.96,552649.71,0
3,PAYMENT,22,4027.8,0.0,0.0,0.0,0.0,0
3,CASH_IN,39,47223.46,927144.16,974367.62,340318.6,262464.17,0
3,PAYMENT,590,27974.82,33327.0,5352.18,0.0,0.0,0
3,CASH_IN,301,96139.18,18111623.33,18207762.51,1637491.9,1541352.72,0
3,CASH_IN,394,72865.56,4954168.03,5027033.59,132232.77,59367.2,0
3,CASH_OUT,206,224558.1,0.0,0.0,2000373.07,2224931.18,0
3,CASH_IN,138,165270.42,5607.0,170877.42,0.0,0.0,0
3,PAYMENT,184,14234.18,27092.0,12857.82,0.0,0.0,0
3,CASH_OUT,13,22661.48,0.0,0.0,2041079.13,2063740.61,0
3,CASH_OUT,140,205529.07,200501.0,0.0,601831.93,807360.99,0
3,CASH_OUT,331,74849.29,472.0,0.0,0.0,74849.29,0
3,CASH_OUT,398,327254.06,478999.0,151744.94,202545.7,529799.76,0
3,PAYMENT,137,7904.75,132695.87,124791.12,0.0,0.0,0
3,PAYMENT,378,2137.32,0.0,0.0,0.0,0.0,0
3,CASH_IN,274,387057.11,24807862.99,25194920.1,711303.2,324246.08,0
3,TRANSFER,274,2274566.61,2274566.61,0.0,0.0,0.0,1
4,PAYMENT,305,15294.17,0.0,0.0,0.0,0.0,0
4,PAYMENT,544,6527.02,0.0,0.0,0.0,0.0,0
4,CASH_OUT,493,605108.36,605108.36,0.0,893880.11,1498988.47,1
4,CASH_OUT,354,109581.66,15951.0,0.0,129672.17,239253.83,0
4,PAYMENT,298,30053.79,41608.0,11554.21,0.0,0.0,0
4,PAYMENT,36,8415.19,0.0,0.0,0.0,0.0,0
4,TRANSFER,90,7696836.35,7696836.35,0.0,0.0,0.0,1
4,CASH_IN,330,43768.92,20249.0,64017.92,0.0,0.0,0
4,PAYMENT,305,1477.81,60144.0,58666.19,0.0,0.0,0
4,CASH_OUT,308,138151.74,0.0,0.0,208841.98,346993.72,0
4,CASH_IN,182,98831.88,1724626.96,1823458.84,526404.94,427573.07,0
4,CASH_OUT,37,278242.7,0.0,0.0,281775.07,560017.77,0
4,CASH_IN,230,43181.0,27595.0,70776.0,20097391.85,20054210.85,0
4,TRANSFER,35,160717.3,390254.77,229537.47,346103.49,506820.79,0
4,PAYMENT,403,15561.07,5491.0,0.0,0.0,0.0,0
4,PAYMENT,202,11210.27,300841.0,289630.73,0.0,0.0,0
4,TRANSFER,102,22025.14,22025.14,0.0,0.0,0.0,1
4,TRANSFER,571,3079.84,66860.0,63780.16,182729.34,185809.18,0
4,PAYMENT,260,4468.18,57936.13,53467.95,0.0,0.0,0
4,CASH_IN,203,213806.58,907947.88,1121754.45,980963.56,767156.99,0
4,PAYMENT,329,16135.18,1908.03,0.0,0.0,0.0,0
4,TRANSFER,694,715662.13,715662.13,0.0,0.0,0.0,1
4,CASH_OUT,43,133584.6,103238.0,0.0,0.0,133584.6,0
4,PAYMENT,209,4536.08,121.0,0.0,0.0,0.0,0
4,PAYMENT,15,1643.31,0.0,0.0,0.0,0.0,0
4,TRANSFER,427,4892226.25,4892226.25,0.0,0.0,0.0,1
4,CASH_OUT,285,423502.5,0.0,0.0,2494073.96,2917576.46,0
4,CASH_OUT,132,119053.33,0.0,0.0,1003124.04,1130664.5,0
4,CASH_OUT,220,1179162.08,1179162.08,0.0,29723.31,1208885.39,1
4,PAYMENT,18,3823.81,461303.08,457479.28,0.0,0.0,0
4,TRANSFER,355,448428.63,22504.0,0.0,6003257.66,6451686.29,0
4,CASH_OUT,36,138851.56,12382.0,0.0,6608602.9,7198383.3,0
4,PAYMENT,354,605.27,329425.98,328820.71,0.0,0.0,0
4,PAYMENT,260,10694.44,795.0,0.0,0.0,0.0,0
4,TRANSFER,262,639680.32,639680.32,0.0,0.0,0.0,1
4,CASH_OUT,164,201587.36,0.0,0.0,1009804.34,1211391.7,0
4,CASH_OUT,705,989954.57,989954.57,0.0,861924.18,1851878.75,1
4,PAYMENT,159,10716.2,49971.0,39254.8,0.0,0.0,0
4,CASH_OUT,15,134757.03,29461.0,0.0,1051428.01,1186185.04,0
4,PAYMENT,394,50074.64,112177.0,62102.36,0.0,0.0,0
4,CASH_OUT,255,101539.16,0.0,0.0,453532.26,555071.42,0
4,PAYMENT,297,23186.06,0.0,0.0,0.0,0.0,0
4,PAYMENT,347,76095.93,71751.0,0.0,0.0,0.0,0
4,PAYMENT,274,10023.08,50258.0,40234.92,0.0,0.0,0
4,PAYMENT,204,16766.04,296281.16,279515.12,0.0,0.0,0
4,PAYMENT,573,2201.76,1083.0,0.0,0.0,0.0,0
4,PAYMENT,232,19909.66,0.0,0.0,0.0,0.0,0
4,CASH_OUT,303,447009.83,447009.83,0.0,45138.12,492147.95,1
4,CASH_OUT,41,13148.19,286.0,0.0,4186124.19,4199272.39,0
4,PAYMENT,525,23769.7,47068.0,23298.3,0.0,0.0,0
4,CASH_IN,256,286849.66,104590.0,391439.66,34897.86,0.0,0
4,PAYMENT,284,2467.22,11556.0,9088.78,0.0,0.0,0
4,CASH_OUT,17,3875.79,0.0,0.0,216312.39,220188.18,0
4,CASH_IN,186,87056.03,129100.44,216156.47,192482.47,105426.43,0
4,CASH_IN,329,90329.2,16497.44,106826.64,6023063.23,5932734.03,0
4,CASH_OUT,394,425043.86,0.0,0.0,19757726.7,20182770.56,0
4,PAYMENT,565,7313.38,113876.48,106563.09,0.0,0.0,0
4,CASH_IN,166,108792.35,14592081.0,14700873.35,998274.52,889482.17,0
4,CASH_IN,495,289215.52,54765.0,343980.52,0.0,0.0,0
4,CASH_OUT,231,319271.8,592.0,0.0,1016756.21,1336028.01,0
4,CASH_OUT,297,205786.57,0.0,0.0,1657463.77,1863250.34,0
4,PAYMENT,328,6680.3,684751.3,678070.99,0.0,0.0,0
4,PAYMENT,95,8101.87,50270.0,42168.13,0.0,0.0,0
4,PAYMENT,235,4647.72,32473.25,27825.53,0.0,0.0,0
4,PAYMENT,490,46369.45,275591.53,229222.09,0.0,0.0,0
4,TRANSFER,182,386252.81,13991.0,0.0,7869.31,394122.12,0
4,PAYMENT,213,6324.22,11097.0,4772.78,0.0,0.0,0
4,CASH_IN,709,34136.11,32288.0,66424.11,123423.21,89287.09,0
4,CASH_OUT,357,261470.33,26462.13,0.0,18378928.47,18640398.8,0
4,PAYMENT,136,10475.01,0.0,0.0,0.0,0.0,0
4,TRANSFER,139,846574.92,0.0,0.0,3616682.96,4463257.87,0
4,CASH_OUT,356,75634.16,15956.0,0.0,2867145.71,2942779.87,0
4,CASH_IN,205,238375.3,1717092.11,1955467.41,673445.73,435070.43,0
4,PAYMENT,357,4804.03,280.0,0.0,0.0,0.0,0
4,CASH_IN,37,198911.5,450117.85,649029.35,3675454.34,3476542.84,0
4,CASH_OUT,550,119429.63,21881.0,0.0,177811.11,297240.74,0
4,TRANSFER,490,645660.68,17081.0,0.0,30296464.45,30942125.13,0
4,PAYMENT,39,35243.75,79545.73,44301.98,0.0,0.0,0
4,CASH_IN,476,201202.12,2146239.95,2347442.07,1837167.49,1635965.36,0
4,CASH_IN,299,81823.81,17398.0,99221.81,0.0,0.0,0
4,PAYMENT,451,12854.65,103182.0,90327.35,0.0,0.0,0
4,CASH_IN,401,395734.7,222.0,395956.7,0.0,0.0,0
4,CASH_IN,135,100717.43,6853180.17,6953897.6,193362.67,92645.24,0
4,TRANSFER,539,198888.16,198888.16,0.0,0.0,0.0,1
4,CASH_IN,161,222925.78,3295061.6,3517987.37,293394.04,70468.27,0
4,PAYMENT,455,13248.22,26450.03,13201.81,0.0,0.0,0
4,PAYMENT,378,15550.73,0.0,0.0,0.0,0.0,0
4,CASH_IN,138,371636.74,1691394.71,2063031.45,1785052.1,1413415.36,0
4,PAYMENT,138,23362.44,31961.92,8599.48,0.0,0.0,0
4,TRANSFER,132,774309.35,2.0,0.0,564751.42,1339060.77,0
4,PAYMENT,306,420.28,0.0,0.0,0.0,0.0,0
4,CASH_OUT,400,142651.12,0.0,0.0,8204710.63,8347361.75,0
4,CASH_IN,190,169608.5,551315.13,720923.63,232667.82,63059.32,0
4,PAYMENT,14,2358.36,343058.98,340700.62,0.0,0.0,0
4,CASH_IN,166,103603.32,17132529.42,17236132.74,297917.43,194314.11,0
4,CASH_IN,130,35645.47,2250942.75,2286588.21,79618.29,43972.82,0
4,TRANSFER,239,495991.64,495991.64,0.0,0.0,0.0,1
4,CASH_OUT,398,29478.96,0.0,0.0,642776.7,672255.66,0
4,PAYMENT,234,11352.01,20210.0,8857.99,0.0,0.0,0
4,CASH_OUT,19,451037.41,219902.0,0.0,0.0,451037.41,0
4,CASH_OUT,298,99589.63,99469.0,0.0,852122.13,951711.75,0
4,CASH_OUT,164,2494.38,6746.0,4251.62,318176.3,320670.68,0
4,PAYMENT,369,640.53,31050.0,30409.47,0.0,0.0,0
4,CASH_IN,403,146997.76,43303.0,190300.76,10846633.78,10699636.02,0
4,CASH_IN,37,55279.7,2640263.25,2695542.95,604999.52,549719.82,0
4,PAYMENT,321,18935.12,112911.0,93975.88,0.0,0.0,0
4,CASH_IN,234,253285.0,1951058.5,2204343.51,1808173.79,1554888.78,0
4,CASH_OUT,38,386376.59,31174.0,0.0,0.0,386376.59,0
4,CASH_IN,261,200884.48,4312321.35,4513205.83,1605342.19,1404457.71,0
4,CASH_OUT,260,137692.57,254017.83,116325.26,1447757.81,1585450.37,0
4,CASH_IN,119,103524.49,5338716.64,5442241.14,1014996.19,911471.7,0
4,PAYMENT,405,25979.35,16362.11,0.0,0.0,0.0,0
4,TRANSFER,381,410308.88,404063.0,0.0,4833957.41,5244266.29,0
4,PAYMENT,596,6125.55,114637.0,108511.45,0.0,0.0,0
4,CASH_OUT,203,386744.95,0.0,0.0,530759.59,917504.53,0
4,CASH_IN,187,95358.64,20879.0,116237.64,436954.74,341596.1,0
4,PAYMENT,307,2756.51,613.0,0.0,0.0,0.0,0
4,PAYMENT,188,4180.58,10065.35,5884.77,0.0,0.0,0
4,CASH_OUT,325,348068.14,0.0,0.0,475687.31,823755.45,0
4,CASH_IN,137,164793.02,5369.0,170162.02,274207.98,109414.96,0
4,CASH_OUT,128,138993.63,138993.63,0.0,0.0,138993.63,1
4,CASH_OUT,612,367265.59,1326.0,0.0,76146.11,443411.7,0
4,CASH_OUT,21,191262.79,836996.0,645733.21,841227.37,730934.22,0
4,TRANSFER,705,989954.57,989954.57,0.0,0.0,0.0,1
4,PAYMENT,141,11160.14,659905.0,648744.86,0.0,0.0,0
4,CASH_OUT,402,288506.82,0.0,0.0,1713809.15,2002315.96,0
4,PAYMENT,396,6988.11,0.0,0.0,0.0,0.0,0
4,CASH_IN,229,88334.87,6000.0,94334.87,2566849.05,2478514.18,0
4,CASH_OUT,354,96663.66,30390.0,0.0,0.0,96663.66,0
4,PAYMENT,278,6236.2,3080.0,0.0,0.0,0.0,0
4,TRANSFER,235,147664.17,724.0,0.0,10260550.82,10408214.99,0
4,PAYMENT,165,3450.76,0.0,0.0,0.0,0.0,0
4,PAYMENT,354,19911.61,115674.28,95762.68,0.0,0.0,0
4,TRANSFER,191,114743.39,114743.39,0.0,0.0,0.0,1
4,CASH_IN,233,92796.41,3546171.15,3638967.56,2138751.66,2172341.84,0
4,CASH_IN,129,307034.29,11093851.26,11400885.55,11048695.88,10741661.58,0
4,CASH_IN,134,106401.61,397112.0,503513.61,0.0,0.0,0
4,TRANSFER,402,211634.22,14845.0,0.0,335850.1,607324.61,0
4,CASH_OUT,209,128158.11,11812.0,0.0,2727769.66,2855927.77,0
4,CASH_OUT,189,237715.82,0.0,0.0,907023.22,1144739.04,0
4,CASH_OUT,141,118217.41,10838.0,0.0,187483.48,305700.89,0
4,CASH_OUT,185,63009.43,63009.43,0.0,1057339.93,1120349.36,1
4,PAYMENT,44,1089.96,0.0,0.0,0.0,0.0,0
4,CASH_IN,370,84327.06,1278.0,85605.06,1303.92,0.0,0
4,PAYMENT,408,1586.42,155.0,0.0,0.0,0.0,0
4,CASH_IN,474,290759.5,3113853.1,3404612.6,10177442.89,9886683.39,0
4,CASH_OUT,298,98098.47,0.0,0.0,783723.06,881821.53,0
4,CASH_OUT,261,77829.89,0.0,0.0,242585.76,320415.65,0
4,CASH_OUT,19,1346.6,45661.0,44314.4,29508.82,30855.42,0
4,CASH_IN,20,96627.03,3873933.69,3970560.72,653404.34,787462.22,0
4,PAYMENT,209,56472.22,0.0,0.0,0.0,0.0,0
4,PAYMENT,165,6038.38,40729.0,34690.62,0.0,0.0,0
4,PAYMENT,35,3217.77,58489.24,55271.46,0.0,0.0,0
4,PAYMENT,138,12908.25,336028.69,323120.44,0.0,0.0,0
4,TRANSFER,84,296349.8,296349.8,0.0,0.0,0.0,1
4,PAYMENT,354,120.48,68411.0,68290.52,0.0,0.0,0
4,PAYMENT,476,16543.83,0.0,0.0,0.0,0.0,0
4,PAYMENT,356,8978.73,0.0,0.0,0.0,0.0,0
4,TRANSFER,614,797235.09,797235.09,0.0,0.0,0.0,1
4,CASH_OUT,322,94281.53,0.0,0.0,340527.79,434809.32,0
4,PAYMENT,134,11495.84,0.0,0.0,0.0,0.0,0
4,PAYMENT,396,4256.81,0.0,0.0,0.0,0.0,0
4,CASH_IN,140,104661.48,2440643.14,2545304.63,5792056.58,5687395.1,0
4,CASH_OUT,395,276084.26,64738.0,0.0,534636.61,810720.87,0
4,CASH_IN,305,487603.66,19926.0,507529.66,706154.99,218551.33,0
4,CASH_IN,253,13570.55,20005440.95,20019011.5,59568.3,45997.75,0
4,PAYMENT,277,5287.27,83079.15,77791.88,0.0,0.0,0
4,CASH_OUT,188,46008.8,0.0,0.0,3519421.46,3565430.26,0
4,PAYMENT,334,22395.29,2951.86,0.0,0.0,0.0,0
4,PAYMENT,208,18580.97,295836.13,277255.16,0.0,0.0,0
4,PAYMENT,403,25597.95,4368.0,0.0,0.0,0.0,0
4,CASH_OUT,376,68308.88,0.0,0.0,1009296.3,1077605.18,0
4,PAYMENT,182,4377.8,0.0,0.0,0.0,0.0,0
4,CASH_IN,567,196092.28,659194.08,855286.36,931971.95,735879.68,0
4,DEBIT,187,34.8,80216.58,80181.78,480465.96,480500.76,0
4,PAYMENT,187,10220.16,22596.0,12375.84,0.0,0.0,0
4,CASH_OUT,351,13199.02,68185.0,54985.98,0.0,13199.02,0
4,CASH_OUT,286,218764.92,134990.0,0.0,0.0,218764.92,0
4,PAYMENT,346,512.9,91123.0,90610.1,0.0,0.0,0
4,PAYMENT,352,13090.75,12241.0,0.0,0.0,0.0,0
4,CASH_OUT,163,198721.35,0.0,0.0,1825454.2,2024175.55,0
4,CASH_IN,16,302700.07,51800.0,354500.07,0.0,0.0,0
4,PAYMENT,373,15745.89,0.0,0.0,0.0,0.0,0
4,TRANSFER,38,363424.86,0.0,0.0,1112240.38,1475665.24,0
4,CASH_OUT,275,78223.06,23312.16,0.0,82597.81,160820.87,0
4,PAYMENT,37,5359.02,0.0,0.0,0.0,0.0,0
4,PAYMENT,193,43690.14,108689.0,64998.86,0.0,0.0,0
4,CASH_IN,13,111302.84,1116144.25,1227447.09,177968.33,2590854.56,0
4,PAYMENT,157,17195.54,114064.93,96869.39,0.0,0.0,0
4,PAYMENT,44,9074.83,0.0,0.0,0.0,0.0,0
4,TRANSFER,286,138954.45,0.0,0.0,274656.51,413610.96,0
4,PAYMENT,38,13211.16,0.0,0.0,0.0,0.0,0
4,CASH_IN,137,434236.07,1420569.67,1854805.74,542592.65,108356.58,0
4,CASH_OUT,330,49886.74,1316.0,0.0,0.0,49886.74,0
4,CASH_IN,155,593951.27,10162892.86,10756844.14,968314.89,374363.62,0
4,CASH_OUT,306,129090.67,0.0,0.0,272296.17,401386.83,0
4,CASH_IN,280,201662.93,3349179.61,3550842.54,4120373.83,3918710.9,0
4,CASH_OUT,153,8773.74,6877.0,0.0,406066.76,414840.5,0
4,CASH_OUT,94,120760.6,0.0,0.0,1774620.33,1895380.93,0
4,PAYMENT,37,5514.71,329578.82,324064.11,0.0,0.0,0
4,CASH_OUT,209,234103.48,27457.0,0.0,4729244.65,4963348.13,0
4,CASH_IN,212,3154.45,5605478.51,5608632.96,2429015.31,2616199.59,0
4,CASH_IN,349,520643.48,6061303.22,6581946.69,3991771.88,3471128.41,0
4,CASH_OUT,236,226332.15,0.0,0.0,602190.59,828522.74,0
4,CASH_OUT,185,77964.71,0.0,0.0,121051.95,199016.66,0
4,PAYMENT,182,3534.55,346193.38,342658.82,0.0,0.0,0
4,PAYMENT,138,7832.44,3224.0,0.0,0.0,0.0,0
4,PAYMENT,264,4738.66,69895.0,65156.34,0.0,0.0,0
4,CASH_IN,8,82675.29,6343926.56,6426601.86,209629.28,324254.48,0
4,CASH_OUT,297,230965.58,0.0,0.0,3165949.62,3396915.2,0
4,CASH_OUT,37,14266.3,169427.0,155160.7,0.0,14266.3,0
4,PAYMENT,302,43941.08,64284.0,20342.92,0.0,0.0,0
4,CASH_OUT,299,559009.84,0.0,0.0,4163060.02,4722069.85,0
4,CASH_OUT,611,40873.25,40873.25,0.0,905220.62,946093.88,1
4,CASH_OUT,179,122716.2,0.0,0.0,321552.31,794865.84,0
4,CASH_OUT,395,244809.73,2464.0,0.0,406671.77,651481.5,0
4,PAYMENT,13,7775.56,0.0,0.0,0.0,0.0,0
4,TRANSFER,184,96286.54,96286.54,0.0,0.0,0.0,1
4,CASH_OUT,229,454329.91,0.0,0.0,1519420.54,1889938.74,0
4,CASH_OUT,183,222501.34,0.0,0.0,898565.47,1121066.81,0
4,TRANSFER,205,283710.73,1586.0,0.0,0.0,283710.73,0
4,TRANSFER,42,357953.25,0.0,0.0,4452732.02,4810685.27,0
4,CASH_IN,321,164469.48,6577211.93,6741681.41,1073519.99,909050.51,0
4,CASH_OUT,540,293936.68,116.0,0.0,185269.86,479206.55,0
4,CASH_OUT,403,64180.66,0.0,0.0,1510875.97,1575056.64,0
4,CASH_OUT,283,5596.81,20601.0,15004.19,0.0,5596.81,0
4,CASH_OUT,524,251941.42,80.0,0.0,0.0,251941.42,0
4,TRANSFER,303,131584.01,5646.0,0.0,960747.42,1092331.43,0
4,PAYMENT,14,2786.04,16752.0,13965.96,0.0,0.0,0
4,CASH_OUT,402,225420.0,10373.0,0.0,13649573.39,13874993.38,0
4,PAYMENT,278,19081.18,112011.82,92930.64,0.0,0.0,0
4,CASH_OUT,138,102149.11,0.0,0.0,348330.81,450479.92,0
4,PAYMENT,329,7884.53,0.0,0.0,0.0,0.0,0
4,CASH_OUT,404,254737.56,10426.0,0.0,0.0,254737.56,0
4,CASH_IN,205,142957.75,22168433.56,22311391.32,4947549.9,5102884.4,0
4,TRANSFER,408,81468.64,269246.54,187777.9,1839605.32,1921073.97,0
4,PAYMENT,404,10111.97,10428.0,316.03,0.0,0.0,0
4,CASH_IN,250,20470.37,4039515.67,4059986.03,434230.55,413760.18,0
4,CASH_OUT,564,218168.19,0.0,0.0,314365.05,532533.23,0
4,CASH_OUT,177,611055.44,0.0,0.0,6312525.11,6923580.55,0
4,TRANSFER,139,96995.46,0.0,0.0,6665591.3,6762586.76,0
4,PAYMENT,214,28491.27,6144.68,0.0,0.0,0.0,0
4,TRANSFER,403,182305.34,0.0,0.0,216670.55,398975.9,0
4,CASH_OUT,346,259054.84,51494.0,0.0,0.0,259054.84,0
4,PAYMENT,182,818.93,3997.0,3178.07,0.0,0.0,0
4,PAYMENT,36,4701.76,0.0,0.0,0.0,0.0,0
4,CASH_OUT,41,255775.32,0.0,0.0,300255.0,556030.32,0
4,CASH_OUT,179,36967.7,0.0,0.0,47715.93,84683.63,0
4,PAYMENT,250,5867.31,15353.0,9485.69,0.0,0.0,0
4,CASH_IN,406,129172.47,11160.0,140332.47,0.0,0.0,0
4,TRANSFER,45,58165.76,20039.0,0.0,687890.5,746056.26,0
4,CASH_OUT,160,243206.79,0.0,0.0,590685.19,599645.8,0
4,CASH_IN,20,102034.95,6211445.07,6313480.02,431679.57,329644.62,0
4,CASH_IN,163,208136.91,4188441.73,4396578.65,2524787.26,2316650.35,0
4,TRANSFER,349,14279.89,14279.89,0.0,0.0,0.0,1
4,CASH_OUT,400,163089.3,15837.0,0.0,1077268.95,1240358.24,0
4,PAYMENT,469,22923.99,991.0,0.0,0.0,0.0,0
4,CASH_IN,211,119570.67,2785816.12,2905386.79,524323.9,404753.23,0
4,PAYMENT,24,328.4,0.0,0.0,0.0,0.0,0
4,CASH_OUT,325,173960.67,0.0,0.0,4151874.04,4325834.71,0
4,CASH_IN,235,162095.95,805.0,162900.95,698463.72,538822.72,0
4,CASH_OUT,510,177137.79,177137.79,0.0,496799.27,673937.06,1
4,PAYMENT,264,8973.87,79603.0,70629.13,0.0,0.0,0
4,CASH_IN,354,92845.14,20251217.94,20344063.07,315793.37,222948.23,0
4,CASH_OUT,607,265680.73,265680.73,0.0,71851.62,337532.35,1
4,PAYMENT,398,9861.14,74096.0,64234.86,0.0,0.0,0
4,CASH_OUT,132,9158.12,31449.0,22290.88,2417150.89,2426309.01,0
4,PAYMENT,253,14572.53,0.0,0.0,0.0,0.0,0
4,CASH_IN,34,76282.91,784188.73,860471.65,751889.78,675606.87,0
4,CASH_OUT,228,67518.62,0.0,0.0,149591.46,217110.08,0
4,CASH_OUT,400,150232.49,24300.0,0.0,127095.53,277328.02,0
4,CASH_OUT,324,99529.59,0.0,0.0,791370.74,890900.33,0
4,CASH_OUT,582,1270565.77,1270565.77,0.0,216005.04,1486570.81,1
4,PAYMENT,12,5175.39,12536.0,7360.61,0.0,0.0,0
4,CASH_OUT,181,264021.68,0.0,0.0,872258.95,1136280.63,0
4,CASH_OUT,394,149294.01,90365.0,0.0,1634.02,150928.02,0
4,TRANSFER,139,590233.11,0.0,0.0,755640.05,1345873.16,0
4,CASH_OUT,187,132414.48,0.0,0.0,720260.05,852674.53,0
4,TRANSFER,43,18086.73,0.0,0.0,277060.02,395358.01,0
4,CASH_OUT,13,377224.07,0.0,0.0,1342471.26,1719695.33,0
4,CASH_OUT,188,23166.52,0.0,0.0,197714.42,220880.94,0
4,PAYMENT,158,6285.09,0.0,0.0,0.0,0.0,0
4,CASH_OUT,16,43502.46,19847.0,0.0,2804725.09,2848227.55,0
4,CASH_IN,352,156673.57,569405.58,726079.15,4987178.28,4830504.72,0
4,CASH_OUT,159,1187.71,0.0,0.0,246225.21,247412.91,0
4,CASH_OUT,161,6736.48,0.0,0.0,35489.57,42226.05,0
4,CASH_OUT,306,217635.03,80905.0,0.0,493979.15,711614.18,0
4,CASH_OUT,377,247455.47,30805.0,0.0,0.0,247455.47,0
4,TRANSFER,451,475693.24,475693.24,0.0,0.0,0.0,1
4,PAYMENT,238,27092.77,256672.0,229579.23,0.0,0.0,0
4,CASH_IN,17,70975.09,44995.0,115970.09,404497.4,1054639.74,0
4,DEBIT,301,533.29,19854.0,19320.71,54225.03,54758.32,0
4,CASH_OUT,212,14953.44,0.0,0.0,39960.69,54914.14,0
4,PAYMENT,11,11787.84,196688.0,184900.16,0.0,0.0,0
4,TRANSFER,163,748474.69,3472.0,0.0,2460678.73,3209153.42,0
4,CASH_OUT,42,28722.34,30358.0,1635.66,1547573.59,1576295.93,0
4,PAYMENT,211,32184.29,0.0,0.0,0.0,0.0,0
4,TRANSFER,301,466291.12,0.0,0.0,3761535.9,4227827.02,0
4,CASH_OUT,256,155189.7,0.0,0.0,368883.26,524072.96,0
4,TRANSFER,323,1281469.86,295420.72,0.0,2183537.24,3465007.1,0
4,CASH_OUT,185,284885.97,18598.0,0.0,4353419.82,4638305.79,0
4,TRANSFER,270,201511.93,201511.93,0.0,0.0,0.0,1
4,CASH_OUT,379,134829.14,0.0,0.0,1621036.84,1755865.97,0
4,PAYMENT,253,15883.38,6097.0,0.0,0.0,0.0,0
4,PAYMENT,140,15068.94,0.0,0.0,0.0,0.0,0
4,CASH_OUT,139,156553.9,15795.0,0.0,126670.0,292118.43,0
4,CASH_IN,307,247340.48,14082281.37,14329621.85,468957.28,221616.8,0
4,CASH_IN,189,47916.68,14427952.77,14475869.45,431436.77,383520.09,0
4,CASH_OUT,373,201173.63,10903.0,0.0,550117.7,751291.32,0
4,PAYMENT,401,18157.5,0.0,0.0,0.0,0.0,0
4,CASH_OUT,181,337874.9,5090.0,0.0,608165.9,1013703.01,0
4,CASH_IN,534,208774.41,8031377.4,8240151.81,3214795.63,3006021.22,0
4,PAYMENT,262,1186.41,54863.0,53676.59,0.0,0.0,0
4,CASH_OUT,509,40836.05,40836.05,0.0,1125471.43,1166307.48,1
4,TRANSFER,424,158245.65,158245.65,0.0,0.0,0.0,1
4,PAYMENT,376,50999.75,11384.0,0.0,0.0,0.0,0
4,CASH_IN,307,145285.81,10642215.86,10787501.67,260174.85,114889.05,0
4,CASH_IN,260,4755.57,7556903.4,7561658.97,128559.21,123803.64,0
4,CASH_OUT,374,19753.39,10188.0,0.0,1192829.63,1212583.02,0
4,CASH_OUT,20,170120.23,0.0,0.0,4149844.12,4319964.35,0
4,CASH_OUT,646,10000000.0,10000000.0,0.0,0.0,10000000.0,1
4,CASH_OUT,386,10000000.0,10000000.0,0.0,1950323.28,11950323.28,1
4,CASH_IN,260,240184.94,1960257.95,2200442.89,1702452.08,1462267.14,0
4,TRANSFER,297,3005760.48,0.0,0.0,6403421.77,9409182.25,0
4,TRANSFER,402,116742.79,0.0,0.0,572701.68,689444.47,0
4,CASH_IN,188,262431.09,31033.0,293464.09,61315.45,0.0,0
4,CASH_OUT,36,127815.37,30134.0,0.0,21308.0,141227.31,0
4,CASH_IN,46,51910.04,51782.0,103692.04,0.0,0.0,0
4,PAYMENT,330,915.82,731.0,0.0,0.0,0.0,0
4,CASH_OUT,286,49317.9,0.0,0.0,92081.97,141399.86,0
4,PAYMENT,42,3552.97,0.0,0.0,0.0,0.0,0
4,PAYMENT,283,5538.14,107157.0,101618.86,0.0,0.0,0
4,CASH_OUT,396,128335.27,10322.0,0.0,0.0,128335.27,0
4,CASH_OUT,232,33302.96,33302.96,0.0,0.0,33302.96,1
4,CASH_OUT,354,182818.53,50121.0,0.0,0.0,182818.53,0
4,CASH_OUT,327,43207.72,67187.0,23979.28,0.0,43207.72,0
4,CASH_IN,163,110857.51,185683.28,296540.79,2411881.49,2301023.98,0
4,CASH_IN,403,216651.49,21498.0,238149.49,204408.07,0.0,0
4,CASH_IN,225,348197.4,949129.63,1297327.03,3977285.95,3629088.54,0
4,CASH_OUT,353,74325.42,4020.0,0.0,0.0,74325.42,0
4,CASH_OUT,397,215361.2,55232.0,0.0,0.0,215361.2,0
4,CASH_OUT,279,219365.45,0.0,0.0,328895.66,548261.11,0
4,CASH_IN,212,148257.43,21098885.56,21247142.99,291713.58,143456.15,0
4,CASH_IN,212,42277.11,10042.0,52319.11,0.0,0.0,0
4,PAYMENT,276,2589.53,0.0,0.0,0.0,0.0,0
4,CASH_OUT,132,197032.89,93928.0,0.0,0.0,197032.89,0
4,CASH_OUT,298,264235.64,0.0,0.0,1658813.75,1923049.39,0
4,PAYMENT,17,25728.1,51109.0,25380.9,0.0,0.0,0
4,PAYMENT,406,14044.74,62423.0,48378.26,0.0,0.0,0
4,PAYMENT,163,8282.27,285619.0,277336.73,0.0,0.0,0
4,PAYMENT,372,4092.84,0.0,0.0,0.0,0.0,0
4,PAYMENT,233,10689.78,124.0,0.0,0.0,0.0,0
4,CASH_IN,206,187412.98,1284260.63,1471673.61,369756.62,182343.63,0
4,CASH_OUT,280,311613.27,108.0,0.0,561959.54,873572.81,0
4,PAYMENT,346,41617.85,33395.0,0.0,0.0,0.0,0
4,TRANSFER,643,3092085.39,3092085.39,0.0,0.0,0.0,1
4,CASH_IN,206,72132.07,0.0,72132.07,341078.49,268946.42,0
4,PAYMENT,36,7850.96,12342.0,4491.04,0.0,0.0,0
4,CASH_IN,19,80720.63,11140146.47,11220867.1,283188.93,202468.3,0
4,CASH_OUT,399,226915.14,0.0,0.0,2130164.75,2357079.9,0
4,CASH_OUT,592,157272.13,157272.13,0.0,957665.04,1114937.17,1
4,CASH_OUT,493,49457.52,0.0,0.0,515402.07,564859.59,0
4,CASH_OUT,396,23868.96,0.0,0.0,844444.02,868312.98,0
4,PAYMENT,281,21015.39,8114.0,0.0,0.0,0.0,0
4,CASH_OUT,40,474494.01,0.0,0.0,3052066.81,3526560.82,0
4,CASH_OUT,259,174200.31,0.0,0.0,761114.25,935314.56,0
4,CASH_OUT,207,467032.8,0.0,0.0,599597.08,1066629.88,0
4,CASH_IN,258,236583.97,5098.0,241681.97,662442.38,425858.41,0
4,TRANSFER,516,423660.73,423660.73,0.0,0.0,0.0,1
4,CASH_OUT,331,135451.36,0.0,0.0,720994.34,856445.7,0
4,CASH_OUT,228,369609.3,305400.0,0.0,1445822.5,1815431.8,0
4,CASH_IN,333,51427.34,21185.0,72612.34,226231.6,174804.26,0
4,CASH_OUT,331,236686.24,0.0,0.0,2004094.98,2240781.22,0
4,CASH_OUT,9,313915.35,70252.0,0.0,0.0,517817.18,0
4,CASH_OUT,187,205839.76,141886.61,0.0,486761.63,692601.39,0
4,PAYMENT,157,22727.22,5174.29,0.0,0.0,0.0,0
4,CASH_OUT,21,150251.53,10282.0,0.0,803601.29,953852.82,0
4,PAYMENT,140,27995.35,0.0,0.0,0.0,0.0,0
4,CASH_OUT,164,163065.15,6093.0,0.0,100687.92,263753.07,0
4,CASH_IN,186,502846.32,30929.0,533775.32,0.0,0.0,0
4,TRANSFER,161,6157.25,0.0,0.0,4628720.25,4634877.5,0
4,PAYMENT,43,2647.43,506.0,0.0,0.0,0.0,0
4,TRANSFER,262,340936.99,340936.99,0.0,0.0,0.0,1
4,PAYMENT,403,26426.74,0.0,0.0,0.0,0.0,0
4,PAYMENT,308,4997.64,0.0,0.0,0.0,0.0,0
4,TRANSFER,207,770440.84,25545.0,0.0,0.0,770440.84,0
4,PAYMENT,204,9773.3,52194.0,42420.7,0.0,0.0,0
4,CASH_OUT,354,257870.06,7177.0,0.0,0.0,257870.06,0
4,CASH_IN,372,233948.29,11444.0,245392.29,948747.95,714799.66,0
4,PAYMENT,181,12229.8,0.0,0.0,0.0,0.0,0
4,CASH_IN,43,228115.69,9095.0,237210.69,21110.0,0.0,0
4,CASH_OUT,595,212584.46,140615.0,0.0,164286.69,376871.15,0
4,CASH_OUT,39,192521.04,0.0,0.0,239489.13,432010.17,0
4,CASH_OUT,43,103802.45,0.0,0.0,3147495.76,3251298.21,0
4,PAYMENT,257,3826.5,107394.0,103567.5,0.0,0.0,0
4,PAYMENT,371,5407.94,0.0,0.0,0.0,0.0,0
4,CASH_IN,231,98584.82,8707533.61,8806118.43,347511.71,248926.89,0
4,CASH_IN,212,183547.65,2562293.27,2745840.92,198096.94,14549.29,0
4,CASH_OUT,157,111971.68,2003.0,0.0,0.0,111971.68,0
4,TRANSFER,284,800115.05,800115.05,0.0,0.0,0.0,1
4,TRANSFER,233,51602.46,50184.0,0.0,0.0,51602.46,0
4,TRANSFER,130,1225297.99,0.0,0.0,1756775.77,2982073.76,0
4,PAYMENT,207,24281.19,9344.0,0.0,0.0,0.0,0
4,PAYMENT,14,15125.95,0.0,0.0,0.0,0.0,0
4,PAYMENT,236,1927.01,104299.31,102372.3,0.0,0.0,0
4,PAYMENT,332,3719.1,12337.0,8617.9,0.0,0.0,0
4,CASH_OUT,227,371020.1,0.0,0.0,1012030.99,1383051.09,0
4,PAYMENT,12,25488.53,11470.0,0.0,0.0,0.0,0
4,PAYMENT,260,1035.43,12654.0,11618.57,0.0,0.0,0
4,CASH_OUT,42,133367.3,0.0,0.0,827124.5,960491.8,0
4,PAYMENT,376,12124.08,0.0,0.0,0.0,0.0,0
4,CASH_IN,353,300900.06,2735616.5,3036516.56,12355121.39,12054221.33,0
4,TRANSFER,737,2194533.79,2194533.79,0.0,0.0,0.0,1
4,PAYMENT,207,70.74,79947.0,79876.26,0.0,0.0,0
4,CASH_OUT,232,24000.84,26896.0,2895.16,2092933.11,2116933.95,0
4,TRANSFER,351,1552664.33,1552664.33,0.0,0.0,0.0,1
4,CASH_IN,133,146864.83,2474891.03,2621755.86,155475.92,8611.09,0
4,PAYMENT,177,12265.26,51136.0,38870.74,0.0,0.0,0
4,CASH_OUT,188,648519.7,153042.0,0.0,523937.01,1172456.71,0
4,CASH_OUT,184,50283.22,0.0,0.0,2060508.81,2110792.03,0
4,CASH_IN,154,133041.28,1727.0,134768.28,1639138.68,1506097.4,0
4,PAYMENT,139,21738.89,369.0,0.0,0.0,0.0,0
4,PAYMENT,358,5706.59,30113.0,24406.41,0.0,0.0,0
4,CASH_OUT,346,317584.73,241869.0,0.0,136795.31,454380.04,0
4,PAYMENT,596,5151.24,0.0,0.0,0.0,0.0,0
4,PAYMENT,371,15886.83,5843.0,0.0,0.0,0.0,0
4,CASH_IN,250,13581.62,3415044.95,3428626.57,2256670.42,2243088.8,0
4,CASH_OUT,19,84989.87,558328.3,473338.43,283553.54,368543.41,0
4,PAYMENT,322,22416.41,20943.0,0.0,0.0,0.0,0
4,CASH_IN,184,151060.34,5516229.27,5667289.61,262530.74,111470.41,0
4,CASH_OUT,710,281880.87,134163.0,0.0,445863.75,727744.62,0
4,CASH_OUT,482,1059347.56,1059347.56,0.0,234543.3,1293890.85,1
4,PAYMENT,44,7034.2,106794.0,99759.8,0.0,0.0,0
4,PAYMENT,95,7181.94,13522.69,6340.75,0.0,0.0,0
4,PAYMENT,402,4812.74,0.0,0.0,0.0,0.0,0
4,CASH_IN,252,570114.83,8847356.0,9417470.83,1128134.37,558019.54,0
4,CASH_OUT,229,107148.31,31166.0,0.0,0.0,107148.31,0
4,PAYMENT,311,54405.5,0.0,0.0,0.0,0.0,0
4,PAYMENT,352,20879.81,0.0,0.0,0.0,0.0,0
4,CASH_IN,129,157720.78,180.0,157900.78,0.0,0.0,0
4,CASH_IN,206,334239.65,161402.0,495641.65,1461829.71,1127590.06,0
4,TRANSFER,240,1782737.6,1782737.6,0.0,0.0,0.0,1
4,PAYMENT,164,7901.3,9165.0,1263.7,0.0,0.0,0
4,PAYMENT,43,26427.96,333129.0,306701.04,0.0,0.0,0
4,PAYMENT,233,28145.57,129258.97,101113.4,0.0,0.0,0
4,CASH_OUT,302,294045.68,0.0,0.0,508009.3,802054.98,0
4,CASH_OUT,12,187263.72,10952.0,0.0,112862.47,300126.2,0
4,CASH_OUT,518,243776.83,90316.0,0.0,24385.5,268162.33,0
4,CASH_OUT,284,265222.5,9164.0,0.0,65685.44,330907.93,0
4,PAYMENT,186,3798.31,53874.0,50075.69,0.0,0.0,0
4,CASH_OUT,157,272584.62,82126.0,0.0,69145.49,341730.12,0
4,CASH_IN,160,256031.56,10634.0,266665.56,1098932.32,842900.76,0
4,TRANSFER,138,478772.94,61460.0,0.0,40.0,322934.88,0
4,PAYMENT,191,11494.14,30980.3,19486.16,0.0,0.0,0
4,CASH_OUT,527,502792.9,0.0,0.0,2252778.89,2755571.79,0
4,CASH_OUT,259,323568.96,0.0,0.0,349914.97,673483.93,0
4,PAYMENT,254,19653.39,106900.97,87247.58,0.0,0.0,0
4,TRANSFER,232,1210933.11,0.0,0.0,5178883.82,6605153.23,0
4,PAYMENT,190,7128.91,34893.0,27764.09,0.0,0.0,0
4,CASH_OUT,36,301241.08,0.0,0.0,3575321.8,3876562.87,0
4,PAYMENT,166,5881.66,21289.0,15407.34,0.0,0.0,0
4,PAYMENT,41,2132.03,0.0,0.0,0.0,0.0,0
4,CASH_OUT,260,1894.24,281770.0,279875.76,239943.08,241837.31,0
4,CASH_OUT,14,89436.69,21179.0,0.0,0.0,310902.83,0
4,PAYMENT,404,1732.21,9902.0,8169.79,0.0,0.0,0
4,PAYMENT,283,11629.11,0.0,0.0,0.0,0.0,0
4,PAYMENT,297,14367.27,336.0,0.0,0.0,0.0,0
4,CASH_OUT,307,128553.47,731.0,0.0,459888.37,588441.84,0
4,PAYMENT,308,39243.64,0.0,0.0,0.0,0.0,0
4,CASH_OUT,476,64316.49,1052.0,0.0,0.0,64316.49,0
4,CASH_IN,307,121706.46,872576.34,994282.8,1448078.14,1326371.68,0
4,CASH_OUT,140,67528.18,0.0,0.0,293482.92,361011.1,0
4,PAYMENT,377,11349.72,0.0,0.0,0.0,0.0,0
4,CASH_IN,187,125645.35,111130.0,236775.35,19264072.93,19138427.58,0
4,PAYMENT,254,9790.96,0.0,0.0,0.0,0.0,0
4,CASH_OUT,350,257988.47,257988.47,0.0,379488.01,637476.48,1
4,CASH_OUT,304,73145.94,0.0,0.0,3333461.78,3406607.72,0
4,TRANSFER,140,1936584.58,0.0,0.0,3439249.03,5375833.61,0
4,TRANSFER,146,7114590.07,7114590.07,0.0,0.0,0.0,1
4,PAYMENT,13,31351.04,50071.0,18719.96,0.0,0.0,0
4,TRANSFER,116,12477.96,12477.96,0.0,0.0,0.0,1
4,PAYMENT,260,1154.89,0.0,0.0,0.0,0.0,0
4,CASH_IN,164,292510.71,590073.16,882583.87,1468055.42,1175544.71,0
4,CASH_OUT,215,53517.4,0.0,0.0,995777.81,1049295.21,0
4,PAYMENT,307,2051.28,51820.92,49769.64,0.0,0.0,0
4,CASH_OUT,34,260380.04,461.0,0.0,0.0,260380.04,0
4,PAYMENT,168,7485.64,0.0,0.0,0.0,0.0,0
4,CASH_OUT,134,62949.77,6487.0,0.0,142220.58,205170.35,0
4,CASH_OUT,362,85113.85,85113.85,0.0,0.0,85113.85,1
4,CASH_OUT,307,207901.75,525631.09,317729.34,2518919.22,2726820.96,0
4,CASH_OUT,375,56263.21,3101.0,0.0,335650.99,391914.2,0
4,CASH_OUT,178,1796069.2,1796069.2,0.0,0.0,1796069.2,1
4,CASH_OUT,145,3572736.74,3572736.74,0.0,1362451.86,4935188.59,1
4,CASH_IN,251,43072.37,3843070.5,3886142.86,84166.9,41094.54,0
4,TRANSFER,283,378851.45,0.0,0.0,2800137.53,3178988.98,0
4,TRANSFER,356,244662.84,10967.0,0.0,1476179.34,1720842.18,0
4,CASH_IN,170,65485.49,1624171.98,1689657.47,310839.02,245353.54,0
4,PAYMENT,20,7135.17,31717.0,24581.83,0.0,0.0,0
4,CASH_IN,353,267071.44,12550924.77,12817996.21,20800875.73,20533804.28,0
4,PAYMENT,283,7515.1,26543.0,19027.9,0.0,0.0,0
5,PAYMENT,257,1334.65,222.0,0.0,0.0,0.0,0
5,TRANSFER,495,58737.53,58737.53,0.0,0.0,0.0,1
5,CASH_OUT,348,437632.08,0.0,0.0,756516.78,1194148.86,0
5,CASH_OUT,18,301076.28,103894.74,0.0,1665353.8,1986252.0,0
5,TRANSFER,15,140151.48,207059.0,66907.52,553088.8,693240.28,0
5,PAYMENT,301,10989.52,179307.0,168317.48,0.0,0.0,0
5,CASH_OUT,299,9725.39,5980.0,0.0,133783.08,143508.47,0
5,CASH_OUT,398,94194.08,0.0,0.0,545919.95,640114.04,0
5,CASH_OUT,692,213689.38,51298.0,0.0,601556.26,815245.64,0
5,CASH_OUT,397,337117.29,166389.0,0.0,22487.9,359605.19,0
5,PAYMENT,381,2822.24,28847.0,26024.76,0.0,0.0,0
5,CASH_OUT,9,67905.09,1164.0,0.0,0.0,67905.09,0
5,CASH_OUT,396,160287.95,0.0,0.0,564330.02,724617.98,0
5,CASH_OUT,354,6504.5,10959.0,4454.5,427927.5,434432.0,0
5,CASH_OUT,694,146389.18,0.0,0.0,354508.22,500897.4,0
5,PAYMENT,299,3400.79,0.0,0.0,0.0,0.0,0
5,CASH_OUT,308,177607.39,444044.0,266436.61,0.0,177607.39,0
5,PAYMENT,44,8457.97,61991.55,53533.58,0.0,0.0,0
5,CASH_IN,208,213864.34,924792.0,1138656.34,973983.68,760119.34,0
5,CASH_OUT,378,211370.35,68344.0,0.0,1030016.32,1241386.68,0
5,TRANSFER,468,1165187.89,1165187.89,0.0,0.0,0.0,1
5,PAYMENT,236,8102.22,0.0,0.0,0.0,0.0,0
5,PAYMENT,229,2216.13,0.0,0.0,0.0,0.0,0
5,CASH_OUT,642,20281.44,20281.44,0.0,85764.25,106045.69,1
5,CASH_IN,601,100854.14,3820465.15,3921319.29,683455.25,582601.11,0
5,PAYMENT,163,2840.66,0.0,0.0,0.0,0.0,0
5,TRANSFER,380,246905.81,0.0,0.0,256928.12,503833.93,0
5,CASH_OUT,40,185083.15,0.0,0.0,5815348.93,6000432.07,0
5,CASH_IN,19,336778.34,103888.0,440666.34,142563.74,0.0,0
5,CASH_OUT,321,259544.92,0.0,0.0,302760.07,202594.5,0
5,CASH_IN,161,142845.18,10609292.87,10752138.04,400440.82,550225.26,0
5,CASH_OUT,527,41547.65,8481.0,0.0,204683.74,246231.39,0
5,PAYMENT,156,14297.42,0.0,0.0,0.0,0.0,0
5,CASH_OUT,235,180932.75,12461.0,0.0,338297.42,519230.17,0
5,CASH_OUT,188,32324.75,0.0,0.0,154672.92,186997.67,0
5,CASH_OUT,187,152842.07,5062.0,0.0,0.0,152842.07,0
5,TRANSFER,548,1288043.94,0.0,0.0,10667443.1,11955487.03,0
5,PAYMENT,354,18077.18,11195.0,0.0,0.0,0.0,0
5,PAYMENT,231,3888.04,0.0,0.0,0.0,0.0,0
5,PAYMENT,214,2659.1,0.0,0.0,0.0,0.0,0
5,CASH_IN,160,152349.6,7703829.51,7856179.11,889734.45,737384.85,0
5,CASH_OUT,307,125932.06,0.0,0.0,937179.28,1063111.34,0
5,PAYMENT,139,25182.98,49471.0,24288.02,0.0,0.0,0
5,CASH_OUT,352,209403.42,420991.0,211587.58,126651.69,336055.12,0
5,CASH_OUT,14,8961.61,0.0,0.0,3178037.91,5229851.15,0
5,PAYMENT,44,3173.13,98191.0,95017.87,0.0,0.0,0
5,PAYMENT,307,13828.66,18.0,0.0,0.0,0.0,0
5,CASH_OUT,155,173106.72,0.0,0.0,10693388.88,10866495.6,0
5,PAYMENT,233,45750.21,27345.0,0.0,0.0,0.0,0
5,PAYMENT,297,16527.75,29525.61,12997.86,0.0,0.0,0
5,PAYMENT,186,1042.34,40062.0,39019.66,0.0,0.0,0
5,CASH_OUT,381,80663.95,29086.0,0.0,0.0,80663.95,0
5,CASH_OUT,351,82073.0,63534.0,0.0,141135.1,223208.09,0
5,CASH_OUT,18,346307.69,0.0,0.0,511584.31,857892.0,0
5,CASH_OUT,354,163037.06,172101.05,9063.99,264468.47,427505.53,0
5,CASH_IN,142,51531.57,90398.44,141930.02,309110.81,257579.24,0
5,CASH_OUT,395,189374.37,0.0,0.0,875592.99,1064967.37,0
5,CASH_OUT,374,122111.0,11632.0,0.0,0.0,122111.0,0
5,PAYMENT,275,10536.89,181355.97,170819.08,0.0,0.0,0
5,PAYMENT,203,16197.58,0.0,0.0,0.0,0.0,0
5,PAYMENT,400,5187.87,0.0,0.0,0.0,0.0,0
5,CASH_IN,13,435888.56,73478.95,509367.51,1833470.88,1397582.32,0
5,TRANSFER,46,257819.67,5422.0,0.0,0.0,257819.67,0
5,CASH_OUT,400,436161.48,39005.0,0.0,626122.42,1062283.9,0
5,CASH_IN,158,24587.81,105034.0,129621.81,178706.8,154118.99,0
5,CASH_IN,353,97746.43,3146986.85,3244733.28,249115.58,151369.14,0
5,TRANSFER,404,767372.81,0.0,0.0,1402587.85,2169960.66,0
5,PAYMENT,43,519.96,20344.0,19824.04,0.0,0.0,0
5,CASH_OUT,586,78014.65,67005.0,0.0,119337.22,197351.87,0
5,CASH_IN,280,703687.0,23628923.31,24332610.32,13392017.4,12688330.4,0
5,CASH_OUT,44,130106.54,966.0,0.0,27410.85,157517.39,0
5,CASH_OUT,324,303759.29,39730.0,0.0,945214.3,1248973.58,0
5,PAYMENT,311,14513.59,2581.0,0.0,0.0,0.0,0
5,CASH_OUT,133,106773.68,24323.0,0.0,1421048.63,1527822.3,0
5,CASH_OUT,359,176975.5,0.0,0.0,333984.35,510959.85,0
5,CASH_IN,249,89032.19,45117.0,134149.19,705207.31,616175.13,0
5,PAYMENT,131,7688.7,1279.0,0.0,0.0,0.0,0
5,PAYMENT,35,12056.27,75110.56,63054.29,0.0,0.0,0
5,TRANSFER,278,1488942.26,10437.0,0.0,157169.51,1646111.77,0
5,CASH_IN,187,13493.2,533311.2,546804.39,58247.86,44754.66,0
5,CASH_IN,326,409790.03,1230.0,411020.03,1079782.69,669992.67,0
5,CASH_IN,404,55576.85,5043.0,60619.85,816140.69,760563.84,0
5,PAYMENT,205,745.9,0.0,0.0,0.0,0.0,0
5,CASH_OUT,251,156938.44,0.0,0.0,729318.33,886256.76,0
5,CASH_IN,332,100848.06,100512.0,201360.06,1220770.33,1119922.27,0
5,CASH_IN,162,81245.36,33891.0,115136.36,0.0,0.0,0
5,PAYMENT,328,22711.98,453887.11,431175.12,0.0,0.0,0
5,CASH_OUT,208,162048.31,102875.0,0.0,0.0,3733.08,0
5,CASH_OUT,326,235441.78,153.0,0.0,147634.51,383076.29,0
5,CASH_IN,250,57030.82,11070115.89,11127146.71,280728.35,223697.53,0
5,PAYMENT,130,17553.25,512336.98,494783.73,0.0,0.0,0
5,PAYMENT,132,1309.5,51.0,0.0,0.0,0.0,0
5,CASH_OUT,70,1036789.41,1036789.41,0.0,523315.63,1560105.04,1
5,PAYMENT,301,26580.69,1069.0,0.0,0.0,0.0,0
5,PAYMENT,231,17904.59,0.0,0.0,0.0,0.0,0
5,PAYMENT,256,20642.41,12946.0,0.0,0.0,0.0,0
5,CASH_IN,45,161720.72,26805.0,188525.72,605805.07,444084.35,0
5,CASH_OUT,373,162427.92,0.0,0.0,227818.18,390246.1,0
5,CASH_IN,41,70201.08,5082.0,75283.08,24184.59,0.0,0
5,CASH_IN,38,2055.95,2590.0,4645.95,0.0,0.0,0
5,PAYMENT,250,12147.47,0.0,0.0,0.0,0.0,0
5,PAYMENT,230,12211.56,0.0,0.0,0.0,0.0,0
5,CASH_OUT,95,308520.99,0.0,0.0,543816.91,852337.9,0
5,CASH_OUT,589,92271.24,9932.0,0.0,0.0,92271.24,0
5,CASH_IN,191,300469.74,28551384.49,28851854.24,2110779.3,1810309.56,0
5,PAYMENT,586,13112.87,192203.69,179090.82,0.0,0.0,0
5,CASH_OUT,300,89589.98,0.0,0.0,3263281.19,3071991.7,0
5,TRANSFER,119,118705.01,8182.96,0.0,2702331.43,2821036.44,0
5,CASH_OUT,212,102298.15,2140.0,0.0,0.0,102298.15,0
5,CASH_OUT,404,65161.72,79804.0,14642.28,1901742.02,1966903.74,0
5,PAYMENT,405,4540.71,71191.72,66651.01,0.0,0.0,0
5,CASH_OUT,354,155097.51,124904.0,0.0,907819.57,1062917.08,0
5,CASH_OUT,330,78366.64,0.0,0.0,87216.15,165582.78,0
5,PAYMENT,379,2230.84,15948.0,13717.16,0.0,0.0,0
5,CASH_IN,22,266319.44,5166779.96,5433099.4,3815074.04,3548754.6,0
5,CASH_OUT,185,105195.82,0.0,0.0,1207065.0,1312260.82,0
5,PAYMENT,226,22398.63,21328.0,0.0,0.0,0.0,0
5,CASH_OUT,307,7535.79,0.0,0.0,60217.02,67752.81,0
5,CASH_OUT,209,80862.59,0.0,0.0,121505.13,202367.72,0
5,CASH_IN,129,133824.61,8776875.32,8910699.93,3077117.57,3326817.9,0
5,TRANSFER,320,148305.3,148305.3,0.0,0.0,0.0,1
5,PAYMENT,36,16521.73,27161.0,10639.27,0.0,0.0,0
5,CASH_IN,42,56482.42,4424055.16,4480537.58,356895.86,300413.44,0
5,TRANSFER,569,22117.99,22117.99,0.0,0.0,0.0,1
5,TRANSFER,282,1564952.45,1564952.45,0.0,0.0,0.0,1
5,CASH_OUT,41,400343.08,0.0,0.0,2087734.56,2488077.64,0
5,PAYMENT,212,40294.51,0.0,0.0,0.0,0.0,0
5,TRANSFER,558,1268931.21,1268931.21,0.0,0.0,0.0,1
5,TRANSFER,394,110748.45,64382.0,0.0,401721.03,512469.48,0
5,CASH_OUT,137,100495.61,10207.0,0.0,203678.45,304174.05,0
5,PAYMENT,139,16112.18,10832.0,0.0,0.0,0.0,0
5,PAYMENT,38,20353.28,0.0,0.0,0.0,0.0,0
5,PAYMENT,18,2256.67,343606.8,341350.13,0.0,0.0,0
5,CASH_IN,181,492448.73,8786195.53,9278644.26,1692086.87,1199638.14,0
5,PAYMENT,594,17248.01,0.0,0.0,0.0,0.0,0
5,PAYMENT,402,5228.22,0.0,0.0,0.0,0.0,0
5,CASH_OUT,161,91868.1,220006.4,128138.31,373762.41,115397.48,0
5,TRANSFER,436,59841.44,59841.44,0.0,0.0,0.0,1
5,PAYMENT,332,12541.01,22007.0,9465.99,0.0,0.0,0
5,CASH_IN,277,461645.44,7645566.27,8107211.71,1155473.82,693828.38,0
5,CASH_OUT,354,48682.14,10786.0,0.0,243766.68,292448.82,0
5,CASH_IN,157,66853.39,124010.0,190863.39,10655913.18,10589059.78,0
5,CASH_IN,179,147291.8,178.0,147469.8,0.0,0.0,0
5,PAYMENT,207,12157.63,0.0,0.0,0.0,0.0,0
5,CASH_IN,527,66959.01,5968.0,72927.01,1383427.44,1316468.42,0
5,CASH_IN,133,192599.17,6402.0,199001.17,5025614.62,4833015.45,0
5,CASH_OUT,325,107834.85,107834.85,0.0,0.0,107834.85,1
5,CASH_OUT,710,161799.98,187518.0,25718.02,0.0,161799.98,0
5,TRANSFER,542,5166393.44,5166393.44,0.0,0.0,0.0,1
5,CASH_IN,11,134925.52,125343.0,260268.52,0.0,0.0,0
5,CASH_OUT,163,12661.58,11597.0,0.0,20787.36,33448.94,0
5,CASH_OUT,201,119248.52,254873.43,135624.9,171406.98,290655.5,0
5,CASH_OUT,236,184491.9,0.0,0.0,1661352.43,1845844.33,0
5,CASH_OUT,400,33627.37,0.0,0.0,538822.37,572449.74,0
5,PAYMENT,38,11049.45,0.0,0.0,0.0,0.0,0
5,CASH_IN,186,1770.05,3031504.41,3033274.47,89364.81,87594.76,0
5,CASH_OUT,354,20614.61,0.0,0.0,421989.55,442604.16,0
5,PAYMENT,252,6780.46,0.0,0.0,0.0,0.0,0
5,CASH_OUT,15,63707.1,49684.0,0.0,151717.34,215424.44,0
5,CASH_OUT,187,158372.12,235058.32,76686.2,846861.08,1005233.2,0
5,CASH_OUT,20,242041.1,19372.0,0.0,2561468.09,2658089.59,0
5,TRANSFER,301,1088494.77,0.0,0.0,1288902.87,2377397.64,0
5,CASH_IN,332,36701.98,165875.0,202576.98,397997.53,361295.56,0
5,CASH_OUT,281,574072.72,574072.72,0.0,963.84,575036.56,1
5,PAYMENT,401,9915.41,0.0,0.0,0.0,0.0,0
5,PAYMENT,402,6059.26,0.0,0.0,0.0,0.0,0
5,PAYMENT,180,7842.83,0.0,0.0,0.0,0.0,0
5,PAYMENT,177,9241.46,272296.0,263054.54,0.0,0.0,0
5,PAYMENT,326,13344.59,27948.0,14603.41,0.0,0.0,0
5,CASH_OUT,160,101368.34,41542.0,0.0,1542045.5,1643413.84,0
5,CASH_IN,284,111585.42,10770065.74,10881651.17,421550.49,309965.06,0
5,CASH_OUT,398,77249.62,0.0,0.0,845902.98,923152.6,0
5,TRANSFER,283,32630.19,0.0,0.0,1482007.32,1559833.8,0
5,CASH_OUT,155,33325.22,9948.0,0.0,1386084.22,984920.33,0
5,PAYMENT,136,6463.21,7555.0,1091.79,0.0,0.0,0
5,PAYMENT,382,23434.16,0.0,0.0,0.0,0.0,0
5,CASH_IN,187,203466.38,3181.0,206647.38,0.0,0.0,0
5,CASH_IN,94,12759.9,3885833.15,3898593.05,3185651.49,3172891.59,0
5,PAYMENT,263,1540.67,20496.0,18955.33,0.0,0.0,0
5,CASH_IN,325,143630.13,1256865.16,1400495.28,309674.2,166044.07,0
5,CASH_IN,235,36757.39,8934978.27,8971735.66,58990.5,22233.11,0
5,CASH_OUT,181,33737.49,60990.0,27252.51,688224.89,721962.38,0
5,CASH_IN,397,14875.82,121326.0,136201.82,46515.82,31640.0,0
5,PAYMENT,305,22423.71,61182.0,38758.29,0.0,0.0,0
5,CASH_IN,182,69063.12,6037.0,75100.12,2085705.91,2016642.79,0
5,CASH_OUT,207,248660.2,29710.0,0.0,0.0,248660.2,0
5,PAYMENT,383,19709.34,0.0,0.0,0.0,0.0,0
5,TRANSFER,23,962221.72,0.0,0.0,1731467.47,2693689.19,0
5,PAYMENT,211,8542.12,4711.0,0.0,0.0,0.0,0
5,CASH_IN,188,38120.44,2448200.14,2486320.59,995727.38,957606.94,0
5,CASH_OUT,261,20124.66,65468.0,45343.34,291789.95,311914.61,0
5,CASH_OUT,129,426761.13,105114.0,0.0,631156.5,1057917.63,0
5,CASH_OUT,398,284003.13,166.0,0.0,226299.9,510303.03,0
5,CASH_IN,350,135306.99,25835087.76,25970394.76,143452.57,8145.58,0
5,PAYMENT,370,2272.76,21452.0,19179.24,0.0,0.0,0
5,PAYMENT,95,8731.86,190856.0,182124.14,0.0,0.0,0
5,CASH_OUT,132,455349.83,152435.0,0.0,0.0,455349.83,0
5,CASH_OUT,396,30182.78,0.0,0.0,172413.33,202596.11,0
5,TRANSFER,16,1322227.66,60182.0,0.0,239383.25,1376434.93,0
5,PAYMENT,383,3333.03,57866.0,54532.97,0.0,0.0,0
5,PAYMENT,352,16226.81,15416.76,0.0,0.0,0.0,0
5,CASH_OUT,394,55568.97,2111.0,0.0,2525635.09,2581204.06,0
5,PAYMENT,377,5708.01,16189.0,10480.99,0.0,0.0,0
5,PAYMENT,547,6657.6,106587.82,99930.22,0.0,0.0,0
5,PAYMENT,282,9676.27,52139.64,42463.37,0.0,0.0,0
5,CASH_OUT,231,85159.0,0.0,0.0,85653.04,170812.04,0
5,CASH_OUT,208,267308.91,30111.0,0.0,58995.08,326303.99,0
5,CASH_OUT,394,181230.42,185101.0,3870.58,0.0,181230.42,0
5,PAYMENT,119,3153.24,62575.0,59421.76,0.0,0.0,0
5,CASH_OUT,15,154886.16,21158.0,0.0,0.0,154886.16,0
5,TRANSFER,579,1632500.22,1632500.22,0.0,0.0,0.0,1
5,CASH_IN,163,85301.57,7507492.64,7592794.21,3619442.34,3534140.77,0
5,PAYMENT,694,13007.3,136650.61,123643.31,0.0,0.0,0
5,CASH_IN,8,4820.94,4348811.13,4353632.07,208479.41,343807.88,0
5,CASH_OUT,254,9967.24,0.0,0.0,481575.63,491542.87,0
5,CASH_OUT,186,74229.62,0.0,0.0,199334.77,273564.38,0
5,CASH_OUT,590,241730.41,503234.0,261503.59,1420423.88,1662154.29,0
5,CASH_IN,41,206095.88,549319.71,755415.59,1511521.95,1422622.7,0
5,CASH_OUT,629,114253.58,114253.58,0.0,0.0,114253.58,1
5,CASH_OUT,304,4495.61,20567.0,16071.39,0.0,4495.61,0
5,CASH_OUT,258,314734.15,7160.0,0.0,4713375.8,5028109.95,0
5,CASH_OUT,567,292740.14,52590.0,0.0,2225152.18,2517892.33,0
5,PAYMENT,331,8419.96,0.0,0.0,0.0,0.0,0
5,CASH_OUT,159,423066.65,185569.93,0.0,1639025.75,2062092.4,0
5,CASH_OUT,236,1418198.25,1418198.25,0.0,1488632.5,2906830.75,1
5,PAYMENT,42,9528.13,128015.88,118487.76,0.0,0.0,0
5,PAYMENT,230,6499.25,5537.0,0.0,0.0,0.0,0
5,CASH_OUT,308,120436.32,401173.0,280736.68,0.0,120436.32,0
5,CASH_OUT,229,208605.85,0.0,0.0,621584.73,830190.58,0
5,CASH_OUT,182,79300.96,0.0,0.0,502824.04,582125.0,0
5,CASH_OUT,594,112243.84,48293.28,0.0,8066027.33,8178271.17,0
5,CASH_IN,203,231955.79,24529925.67,24761881.46,2380704.73,2327136.83,0
5,TRANSFER,187,585893.75,0.0,0.0,1136920.7,1722814.44,0
5,CASH_IN,134,67528.69,15890468.8,15957997.49,929360.06,1198292.35,0
5,CASH_OUT,19,119849.76,11790.0,0.0,2746423.31,3884054.35,0
5,CASH_IN,33,3093.44,46065.0,49158.44,156313.05,153219.61,0
5,PAYMENT,226,12158.28,175644.93,163486.65,0.0,0.0,0
5,CASH_IN,356,21519.65,4934703.46,4956223.12,2755971.49,2734451.84,0
5,CASH_OUT,261,34767.08,468.0,0.0,119620.21,154387.29,0
5,PAYMENT,23,7102.94,263.0,0.0,0.0,0.0,0
5,CASH_OUT,405,314103.81,0.0,0.0,2099137.62,2413241.43,0
5,PAYMENT,395,7547.28,237.0,0.0,0.0,0.0,0
5,PAYMENT,694,33029.21,0.0,0.0,0.0,0.0,0
5,CASH_OUT,188,105837.95,0.0,0.0,1397993.7,1503831.65,0
5,PAYMENT,322,8880.47,14974.0,6093.53,0.0,0.0,0
5,TRANSFER,310,673131.49,0.0,0.0,3088927.37,3762058.86,0
5,PAYMENT,307,12842.95,0.0,0.0,0.0,0.0,0
5,CASH_OUT,185,14657.89,21174.0,6516.11,0.0,14657.89,0
5,CASH_OUT,274,19543.58,0.0,0.0,232564.19,252107.77,0
5,CASH_OUT,403,37985.98,861.0,0.0,317254.58,355240.56,0
5,CASH_OUT,39,420637.57,104233.0,0.0,5418080.24,5838717.81,0
5,PAYMENT,278,7670.85,410252.06,402581.21,0.0,0.0,0
5,CASH_OUT,133,16274.51,16274.51,0.0,44245.22,60519.73,1
5,PAYMENT,179,330.92,68761.0,68430.08,0.0,0.0,0
5,PAYMENT,375,12868.47,154842.66,141974.19,0.0,0.0,0
5,CASH_IN,258,279043.22,5011.0,284054.22,455698.19,176654.98,0
5,CASH_OUT,573,16471.49,0.0,0.0,64656958.05,64673429.54,0
5,CASH_OUT,229,176623.13,0.0,0.0,360743.2,537366.34,0
5,CASH_OUT,323,264317.27,103551.0,0.0,1264525.72,1528843.0,0
5,PAYMENT,332,45955.1,265509.57,219554.47,0.0,0.0,0
5,CASH_IN,357,10352.63,1871275.4,1881628.03,446606.47,436253.84,0
5,CASH_IN,11,187336.81,6050293.4,6237630.21,3983464.87,3937363.02,0
5,PAYMENT,39,37927.96,3868.37,0.0,0.0,0.0,0
5,CASH_IN,283,260349.41,22803.0,283152.41,533319.2,272969.79,0
5,CASH_OUT,353,343707.92,0.0,0.0,6049709.38,6393417.3,0
5,CASH_OUT,41,61244.95,0.0,0.0,75063.06,136308.01,0
5,PAYMENT,249,1202.24,0.0,0.0,0.0,0.0,0
5,PAYMENT,250,22087.91,33950.0,11862.09,0.0,0.0,0
5,CASH_IN,177,256681.31,11500.0,268181.31,192413.14,0.0,0
5,CASH_OUT,310,165515.07,157618.7,0.0,1570346.38,1735861.44,0
5,PAYMENT,429,4915.2,149213.0,144297.8,0.0,0.0,0
5,CASH_IN,11,72305.63,10082398.35,10154703.99,203378.53,131072.9,0
5,PAYMENT,186,5425.38,0.0,0.0,0.0,0.0,0
5,CASH_IN,42,23256.8,3859987.18,3883243.98,310735.54,287478.74,0
5,CASH_OUT,334,62996.57,12628.0,0.0,612504.18,675500.75,0
5,PAYMENT,307,6918.64,304823.0,297904.36,0.0,0.0,0
5,PAYMENT,22,7918.25,0.0,0.0,0.0,0.0,0
5,CASH_IN,403,127814.22,4596.0,132410.22,266755.26,185559.87,0
5,CASH_OUT,182,184721.53,137.0,0.0,0.0,184721.53,0
5,TRANSFER,398,739721.39,0.0,0.0,2840579.13,3580300.53,0
5,CASH_IN,333,128059.6,5574837.19,5702896.79,202464.54,74404.94,0
5,CASH_OUT,136,27282.07,0.0,0.0,139608.81,166890.89,0
5,CASH_OUT,372,148386.63,0.0,0.0,424316.29,572702.92,0
5,PAYMENT,182,4648.78,958.0,0.0,0.0,0.0,0
5,PAYMENT,140,6120.45,31411.0,25290.55,0.0,0.0,0
5,TRANSFER,185,282697.88,166.0,0.0,12404.3,295102.18,0
5,PAYMENT,184,10521.74,0.0,0.0,0.0,0.0,0
5,CASH_IN,178,269931.82,14945.0,284876.82,688665.38,418733.57,0
5,CASH_OUT,354,44822.3,0.0,0.0,663987.86,708810.16,0
5,CASH_OUT,36,157277.79,0.0,0.0,498906.61,656184.4,0
5,PAYMENT,9,16147.04,161910.97,145763.93,0.0,0.0,0
5,CASH_OUT,139,98701.17,0.0,0.0,220240.41,318941.58,0
5,PAYMENT,278,4197.09,0.0,0.0,0.0,0.0,0
5,CASH_OUT,371,225195.96,0.0,0.0,852443.71,1077639.67,0
5,CASH_OUT,428,194632.79,21313.0,0.0,229473.47,424106.26,0
5,PAYMENT,369,9234.92,216802.88,207567.96,0.0,0.0,0
5,TRANSFER,686,467738.39,0.0,0.0,929085.69,1396824.08,0
5,CASH_OUT,177,314712.62,136253.0,0.0,0.0,314712.62,0
5,CASH_OUT,157,291656.14,5006.0,0.0,0.0,291656.14,0
5,CASH_IN,370,60048.76,3410345.14,3470393.9,141280.01,81231.25,0
5,TRANSFER,26,37065.55,37065.55,0.0,0.0,0.0,1
5,CASH_OUT,234,121396.91,10678.0,0.0,0.0,121396.91,0
5,CASH_IN,163,379881.3,12160.0,392041.3,241348.62,0.0,0
5,PAYMENT,227,63532.78,61958.0,0.0,0.0,0.0,0
5,PAYMENT,374,5961.86,16453.0,10491.14,0.0,0.0,0
5,CASH_OUT,163,106777.98,5441.0,0.0,0.0,106777.98,0
5,TRANSFER,178,599889.15,0.0,0.0,800464.89,1400354.05,0
5,PAYMENT,187,8324.47,117355.82,109031.35,0.0,0.0,0
5,PAYMENT,314,20790.7,477836.98,457046.27,0.0,0.0,0
5,TRANSFER,303,273096.9,0.0,0.0,1297841.78,1570938.69,0
5,CASH_OUT,349,400620.21,0.0,0.0,753723.54,1154343.76,0
5,TRANSFER,394,412232.71,591.0,0.0,0.0,412232.71,0
5,CASH_OUT,234,173637.19,0.0,0.0,425753.74,599390.93,0
5,TRANSFER,404,1776802.52,0.0,0.0,3330577.14,5107379.66,0
5,CASH_OUT,399,156340.73,521848.0,365507.27,442972.23,599312.96,0
5,CASH_IN,401,10661.4,9320997.87,9331659.27,147922.91,137261.51,0
5,CASH_OUT,400,365276.65,0.0,0.0,536374.61,901651.26,0
5,PAYMENT,353,8283.07,13024.0,4740.93,0.0,0.0,0
5,PAYMENT,12,6900.24,2392286.56,2385386.33,0.0,0.0,0
5,CASH_OUT,372,168414.74,14507.0,0.0,13400.82,181815.56,0
5,CASH_OUT,402,273915.69,0.0,0.0,772206.72,1046122.41,0
5,CASH_IN,42,277201.51,5481038.77,5758240.28,1000632.78,723431.27,0
5,CASH_OUT,9,321433.26,100729.0,0.0,41874.05,363307.3,0
5,PAYMENT,335,888.96,405994.0,405105.04,0.0,0.0,0
5,CASH_IN,404,119672.97,9781912.49,9901585.47,166455.63,46782.66,0
5,CASH_IN,181,266637.98,73517.21,340155.2,473873.19,207235.21,0
5,CASH_IN,213,509583.32,7138653.11,7648236.43,560581.55,50998.22,0
5,PAYMENT,305,23882.7,0.0,0.0,0.0,0.0,0
5,PAYMENT,138,42795.75,3664.0,0.0,0.0,0.0,0
5,CASH_OUT,164,51368.04,31054.0,0.0,542672.99,594041.03,0
5,CASH_OUT,395,65929.02,0.0,0.0,754410.27,820339.29,0
5,PAYMENT,298,69902.03,9971.0,0.0,0.0,0.0,0
5,CASH_OUT,209,25021.17,0.0,0.0,100341.71,125362.88,0
5,TRANSFER,326,441441.71,0.0,0.0,1042589.1,1484030.81,0
5,PAYMENT,20,10053.64,12490.92,2437.29,0.0,0.0,0
5,CASH_OUT,397,402981.81,33030.0,0.0,0.0,402981.81,0
5,TRANSFER,281,2554662.97,2554662.97,0.0,0.0,0.0,1
5,TRANSFER,18,1720124.52,0.0,0.0,6637993.07,8358117.59,0
5,PAYMENT,260,209.11,31436.0,31226.89,0.0,0.0,0
5,TRANSFER,683,1914.31,16316.0,14401.69,0.0,1914.31,0
5,PAYMENT,394,7359.32,46346.0,38986.68,0.0,0.0,0
5,CASH_OUT,113,1636403.22,1636403.22,0.0,1116093.45,2752496.67,1
5,CASH_OUT,383,4961093.21,4961093.21,0.0,0.0,4961093.21,1
5,CASH_IN,227,272781.15,4813292.83,5086073.98,1074701.38,801920.23,0
5,CASH_OUT,254,133021.55,0.0,0.0,2341979.46,2475001.01,0
5,TRANSFER,529,1773151.32,1773151.32,0.0,0.0,0.0,1
5,PAYMENT,41,1459.13,1731.0,271.87,0.0,0.0,0
5,CASH_IN,256,5008.19,5409360.27,5414368.45,206250.99,201242.8,0
5,CASH_OUT,329,180593.76,10115.0,0.0,801038.3,981632.06,0
5,CASH_OUT,166,21118.3,62132.0,41013.7,0.0,21118.3,0
5,CASH_IN,137,270431.52,1442627.91,1713059.43,5912170.46,5641738.94,0
5,CASH_IN,255,50413.21,1701740.08,1752153.29,125139.99,74726.77,0
5,CASH_OUT,549,461442.52,461442.52,0.0,11029.55,472472.07,1
5,CASH_IN,250,230057.92,40326.0,270383.92,0.0,0.0,0
5,PAYMENT,369,14627.14,0.0,0.0,0.0,0.0,0
5,PAYMENT,210,1425.95,0.0,0.0,0.0,0.0,0
5,CASH_OUT,225,208804.23,0.0,0.0,292413.4,501217.63,0
5,PAYMENT,187,8797.36,0.0,0.0,0.0,0.0,0
5,CASH_OUT,202,201824.91,3648.0,0.0,0.0,201824.91,0
5,PAYMENT,138,7703.6,51616.0,43912.4,0.0,0.0,0
5,TRANSFER,96,19199.74,108030.0,88830.26,973142.07,992341.81,0
5,CASH_OUT,157,228740.5,511.0,0.0,571810.98,800551.48,0
5,PAYMENT,345,22775.06,15532.0,0.0,0.0,0.0,0
5,CASH_IN,350,409006.1,3932824.42,4341830.51,2199421.0,1790414.9,0
5,CASH_OUT,601,93253.25,93253.25,0.0,186617.76,279871.01,1
5,TRANSFER,303,199870.29,199870.29,0.0,0.0,0.0,1
5,TRANSFER,392,251832.96,251832.96,0.0,0.0,0.0,1
5,PAYMENT,259,3390.78,67.0,0.0,0.0,0.0,0
5,CASH_OUT,36,396909.99,8068.0,0.0,53626.0,540071.19,0
5,CASH_OUT,138,304481.53,5072.0,0.0,0.0,304481.53,0
5,PAYMENT,331,5693.6,0.0,0.0,0.0,0.0,0
5,PAYMENT,255,5168.07,0.0,0.0,0.0,0.0,0
5,CASH_OUT,340,92145.4,92145.4,0.0,388798.48,480943.88,1
5,CASH_OUT,42,128668.05,200840.0,72171.95,2119617.17,2248285.21,0
5,PAYMENT,261,13506.66,0.0,0.0,0.0,0.0,0
5,PAYMENT,235,27650.77,19864.0,0.0,0.0,0.0,0
5,CASH_IN,40,45303.8,25843.0,71146.8,0.0,0.0,0
5,CASH_IN,15,47473.91,9677903.74,9725377.65,89393.17,41919.26,0
5,CASH_IN,15,192130.44,2492742.83,2684873.27,793964.14,522386.95,0
5,CASH_OUT,39,141178.62,0.0,0.0,215654.32,356832.94,0
5,TRANSFER,206,4634842.08,0.0,0.0,16707726.62,21461962.76,0
5,TRANSFER,274,982414.06,982414.06,0.0,0.0,0.0,1
5,TRANSFER,230,120814.22,30126.0,0.0,43947.9,164762.12,0
5,CASH_OUT,263,358943.48,0.0,0.0,1522371.78,1881315.26,0
5,TRANSFER,281,318041.19,0.0,0.0,606871.07,924912.26,0
5,CASH_OUT,14,2093951.47,2093951.47,0.0,0.0,2093951.47,1
5,CASH_OUT,37,167848.3,0.0,0.0,519861.46,687709.76,0
5,PAYMENT,6,43728.01,136754.0,93025.99,0.0,0.0,0
5,CASH_IN,231,323632.42,15303.0,338935.42,1692023.6,1368391.17,0
5,CASH_IN,375,732022.04,13018556.08,13750578.11,1284649.81,552627.77,0
5,PAYMENT,302,5695.15,0.0,0.0,0.0,0.0,0
5,PAYMENT,262,4595.6,101308.0,96712.4,0.0,0.0,0
5,PAYMENT,190,6910.05,9600.87,2690.82,0.0,0.0,0
5,PAYMENT,134,32279.14,41479.0,9199.86,0.0,0.0,0
5,CASH_IN,157,16142.01,11207185.03,11223327.04,943905.78,1150399.0,0
5,PAYMENT,282,6812.59,85546.0,78733.41,0.0,0.0,0
5,CASH_OUT,381,297567.72,410251.6,112683.87,357889.23,655456.95,0
5,CASH_IN,332,133447.22,274.0,133721.22,281551.81,148104.6,0
5,CASH_OUT,180,371271.7,0.0,0.0,2493129.26,2864400.96,0
5,PAYMENT,416,7478.0,3446.3,0.0,0.0,0.0,0
5,CASH_OUT,259,136813.55,0.0,0.0,687604.14,824417.69,0
5,PAYMENT,119,18368.59,31464.66,13096.07,0.0,0.0,0
5,PAYMENT,202,5951.44,14475.0,8523.56,0.0,0.0,0
5,TRANSFER,329,318361.31,17281.0,0.0,83022.01,401383.32,0
5,CASH_OUT,375,172475.2,21344.0,0.0,26477.35,198952.55,0
5,CASH_IN,332,140352.41,6900.0,147252.41,206123.47,65771.06,0
5,CASH_IN,327,109610.04,1587063.15,1696673.19,143264.13,33654.09,0
5,PAYMENT,133,16804.59,39927.0,23122.41,0.0,0.0,0
5,PAYMENT,637,2758.93,0.0,0.0,0.0,0.0,0
5,CASH_OUT,397,152844.43,11382.0,0.0,129143.36,281987.8,0
5,CASH_OUT,357,162580.26,0.0,0.0,296763.32,459343.58,0
5,PAYMENT,300,29573.03,0.0,0.0,0.0,0.0,0
5,TRANSFER,209,810801.62,0.0,0.0,1293242.15,2104043.77,0
5,CASH_IN,179,61143.01,7776668.36,7837811.37,275422.88,214279.87,0
5,PAYMENT,132,11166.03,26402.6,15236.58,0.0,0.0,0
5,PAYMENT,211,11891.41,0.0,0.0,0.0,0.0,0
5,CASH_OUT,58,106673.26,106673.26,0.0,0.0,106673.26,1
5,TRANSFER,115,116977.16,116977.16,0.0,0.0,0.0,1
5,CASH_OUT,12,496464.69,243325.31,0.0,6073817.95,6570282.64,0
5,PAYMENT,299,9513.59,0.0,0.0,0.0,0.0,0
5,CASH_IN,322,51418.08,4440769.12,4492187.2,54977.11,3559.03,0
5,CASH_IN,332,106742.74,14445.0,121187.74,170914.28,64171.54,0
5,CASH_OUT,14,2154.26,599267.94,597113.67,98741.19,0.0,0
5,CASH_OUT,301,23035.81,0.0,0.0,59056.7,82092.52,0
5,PAYMENT,157,1048.43,0.0,0.0,0.0,0.0,0
5,CASH_OUT,253,194419.65,0.0,0.0,254591.1,449010.75,0
5,CASH_OUT,378,280079.74,11039.0,0.0,0.0,280079.74,0
5,TRANSFER,36,1604183.18,0.0,0.0,14873422.78,16477605.96,0
5,CASH_OUT,156,426574.07,173854.27,0.0,1323218.11,1749792.18,0
5,PAYMENT,400,2507.12,0.0,0.0,0.0,0.0,0
5,TRANSFER,710,10000000.0,37418265.31,27418265.31,0.0,0.0,1
5,CASH_OUT,140,44162.19,12384.0,0.0,318300.91,362463.1,0
5,CASH_OUT,401,371650.52,0.0,0.0,608831.43,980481.95,0
5,CASH_OUT,275,83547.15,67.0,0.0,112562.3,196109.45,0
5,CASH_IN,380,148773.11,3405548.78,3554321.89,5319197.31,5170424.2,0
5,CASH_IN,131,150698.28,1638181.88,1788880.16,676864.58,526166.3,0
5,CASH_IN,250,238169.86,107519.0,345688.86,691216.42,453046.56,0
5,CASH_IN,619,655378.09,1508958.13,2164336.22,2826066.37,2170688.28,0
5,PAYMENT,131,7346.5,196362.23,189015.73,0.0,0.0,0
5,CASH_IN,34,273690.35,3153121.85,3426812.2,287352.47,13662.13,0
5,PAYMENT,401,40679.17,6415.0,0.0,0.0,0.0,0
5,CASH_IN,228,114199.6,13985806.15,14100005.75,1686523.58,1572323.98,0
5,PAYMENT,239,22467.53,0.0,0.0,0.0,0.0,0
5,PAYMENT,382,4656.87,2009.0,0.0,0.0,0.0,0
5,CASH_IN,36,284608.45,236270.0,520878.45,1711550.95,1426942.5,0
5,PAYMENT,160,11951.45,10083.0,0.0,0.0,0.0,0
5,CASH_OUT,34,342416.21,0.0,0.0,1396905.16,1258438.1,0
5,CASH_IN,227,189409.58,1761060.7,1950470.28,1090524.65,901115.07,0
5,CASH_OUT,348,360766.02,52053.0,0.0,408890.19,769656.21,0
5,PAYMENT,305,13466.21,20015.0,6548.79,0.0,0.0,0
5,PAYMENT,358,29452.85,19569.0,0.0,0.0,0.0,0
5,CASH_IN,9,464066.61,358832.59,822899.2,21510.0,174740.97,0
5,CASH_IN,378,168877.07,620406.42,789283.48,590487.0,165628.61,0
5,PAYMENT,40,751.96,23351.58,22599.63,0.0,0.0,0
5,CASH_OUT,374,87437.22,72242.0,0.0,7496348.39,7583785.61,0
5,CASH_OUT,158,94078.1,28197.0,0.0,466755.93,560834.03,0
5,TRANSFER,689,276253.24,276253.24,0.0,0.0,0.0,1
5,PAYMENT,298,27607.36,0.0,0.0,0.0,0.0,0
5,CASH_OUT,274,18213.05,1079.0,0.0,25636.1,43849.15,0
5,CASH_OUT,396,149146.64,0.0,0.0,7040099.96,7189246.6,0
5,CASH_IN,252,503851.5,5173183.76,5677035.26,511463.84,7612.34,0
5,TRANSFER,409,2284476.12,2284476.12,0.0,0.0,0.0,1
5,CASH_IN,38,184712.51,4132208.23,4316920.74,240259.63,55547.12,0
5,CASH_IN,14,60714.15,5370609.98,5431324.13,574920.42,777385.6,0
5,CASH_IN,44,6515.98,12366247.45,12372763.43,336661.84,330145.86,0
5,PAYMENT,376,11679.4,254901.95,243222.55,0.0,0.0,0
5,TRANSFER,375,118462.93,118462.93,0.0,0.0,0.0,1
5,CASH_OUT,41,440300.4,154779.0,0.0,0.0,505082.97,0
5,TRANSFER,459,4153.02,4153.02,0.0,0.0,0.0,1
5,PAYMENT,254,24894.33,1357.0,0.0,0.0,0.0,0
5,CASH_OUT,305,117421.23,54269.85,0.0,171426.13,288847.37,0
5,PAYMENT,355,1191.57,0.0,0.0,0.0,0.0,0
5,PAYMENT,349,47916.88,40128.0,0.0,0.0,0.0,0
5,CASH_OUT,396,281162.19,8859.0,0.0,29960.58,311122.77,0
5,TRANSFER,12,213039.58,0.0,0.0,919362.41,885005.08,0
5,CASH_OUT,370,342121.04,0.0,0.0,2831243.07,3173364.1,0
5,CASH_IN,18,204341.53,6355063.34,6559404.88,679618.91,475277.38,0
5,CASH_OUT,701,8537861.24,8537861.24,0.0,0.0,8537861.24,1
5,TRANSFER,256,523130.34,52855.0,0.0,814716.72,1337847.06,0
5,PAYMENT,130,13548.85,312461.36,298912.51,0.0,0.0,0
5,CASH_IN,277,21385.42,5166145.68,5187531.11,38546.58,17161.15,0
5,CASH_OUT,249,257904.84,11383.0,0.0,0.0,257904.84,0
5,PAYMENT,153,9439.03,75626.0,66186.97,0.0,0.0,0
5,TRANSFER,180,30164.18,49578.0,19413.82,0.0,30164.18,0
5,PAYMENT,157,12209.1,136230.63,124021.53,0.0,0.0,0
5,CASH_OUT,188,325876.53,16072.22,0.0,825283.74,1151160.27,0
5,CASH_IN,14,368627.71,16216.0,384843.71,61713.0,0.0,0
5,PAYMENT,187,893.52,360316.19,359422.67,0.0,0.0,0
5,PAYMENT,18,15568.03,0.0,0.0,0.0,0.0,0
5,TRANSFER,310,2498027.93,0.0,0.0,7722191.59,10220219.53,0
5,CASH_IN,20,286855.39,2335626.28,2622481.67,7993831.38,7706975.99,0
5,CASH_OUT,345,16728.82,105166.0,88437.18,0.0,16728.82,0
5,CASH_OUT,14,336453.0,513149.0,176696.0,0.0,614736.79,0
5,CASH_OUT,181,381393.01,0.0,0.0,912855.24,1294248.25,0
5,CASH_OUT,187,47349.8,11.0,0.0,0.0,47349.8,0
5,TRANSFER,183,1503297.45,1503297.45,0.0,0.0,0.0,1
5,CASH_OUT,203,47436.44,49649.0,2212.56,124860.69,172297.14,0
5,CASH_IN,94,113806.18,4635601.19,4749407.37,163214.16,49407.98,0
5,CASH_IN,565,294437.93,1502403.58,1796841.51,453395.31,158957.38,0
5,PAYMENT,41,18502.26,147637.0,129134.74,0.0,0.0,0
6,CASH_OUT,260,128413.15,42131.0,0.0,42440.01,170853.17,0
6,CASH_OUT,232,190692.63,0.0,0.0,662933.45,853626.08,0
6,CASH_OUT,395,21029.93,53701.0,32671.07,5969.12,26999.05,0
6,CASH_OUT,138,161759.75,199653.0,37893.25,85065.17,246824.92,0
6,TRANSFER,41,2885466.96,2885466.96,0.0,0.0,0.0,1
6,TRANSFER,161,1183408.11,0.0,0.0,10298141.15,11481549.26,0
6,CASH_OUT,21,115136.11,13817.0,0.0,783275.29,898411.4,0
6,PAYMENT,371,193.74,167435.93,167242.19,0.0,0.0,0
6,CASH_IN,401,244233.27,22112.0,266345.27,119031.99,0.0,0
6,CASH_OUT,285,8918.94,649539.2,640620.26,881760.5,890679.44,0
6,CASH_IN,370,249339.21,849716.64,1099055.85,689295.38,439956.17,0
6,CASH_OUT,166,110201.68,0.0,0.0,292151.17,402352.85,0
6,PAYMENT,408,25643.06,0.0,0.0,0.0,0.0,0
6,PAYMENT,133,3741.02,0.0,0.0,0.0,0.0,0
6,CASH_IN,43,175263.19,15145244.5,15320507.69,2054537.82,1879274.62,0
6,CASH_OUT,210,26229.87,0.0,0.0,392271.09,418500.96,0
6,PAYMENT,45,24250.72,0.0,0.0,0.0,0.0,0
6,CASH_OUT,178,355765.26,17.0,0.0,271219.49,626984.75,0
6,CASH_OUT,19,178105.49,51569.0,0.0,9402554.07,9845482.56,0
6,PAYMENT,18,665.65,30456.0,29790.35,0.0,0.0,0
6,CASH_IN,182,151197.66,182427.0,333624.66,163283.2,12085.54,0
6,CASH_IN,42,31167.5,51398.0,82565.5,227816.87,196649.37,0
6,CASH_IN,159,30656.81,99639.0,130295.81,4242436.23,4211779.42,0
6,CASH_IN,41,225343.77,16978227.5,17203571.27,866386.32,641042.56,0
6,PAYMENT,130,8215.96,0.0,0.0,0.0,0.0,0
6,CASH_OUT,182,360295.15,33702.0,0.0,0.0,360295.15,0
6,CASH_OUT,395,250222.28,0.0,0.0,302131.7,552353.98,0
6,TRANSFER,377,696462.98,14881.0,0.0,608155.04,1304618.03,0
6,CASH_OUT,354,70857.98,15190.0,0.0,0.0,70857.98,0
6,TRANSFER,642,113064.75,76267.0,0.0,749462.25,862527.0,0
6,PAYMENT,21,12957.5,7865.66,0.0,0.0,0.0,0
6,TRANSFER,135,104485.76,0.0,0.0,114374.87,218860.63,0
6,PAYMENT,299,10238.75,273261.79,263023.05,0.0,0.0,0
6,TRANSFER,139,762587.69,75368.0,0.0,5210161.13,5972748.81,0
6,TRANSFER,184,539476.68,254.0,0.0,1219430.39,1758907.07,0
6,CASH_OUT,38,392277.59,15360.0,0.0,163149.7,817217.49,0
6,PAYMENT,42,14007.19,1250106.39,1236099.2,0.0,0.0,0
6,PAYMENT,153,12799.83,231067.72,218267.88,0.0,0.0,0
6,PAYMENT,255,5456.91,29055.44,23598.54,0.0,0.0,0
6,PAYMENT,37,12921.33,67573.01,54651.68,0.0,0.0,0
6,PAYMENT,41,3737.69,190731.0,186993.31,0.0,0.0,0
6,CASH_IN,253,280602.57,124.0,280726.57,434385.33,153782.75,0
6,TRANSFER,322,3895819.07,15430.0,0.0,325806.15,4221625.22,0
6,CASH_OUT,260,179128.4,0.0,0.0,256380.55,435508.95,0
6,PAYMENT,259,48346.14,0.0,0.0,0.0,0.0,0
6,TRANSFER,361,3421212.04,3421212.04,0.0,0.0,0.0,1
6,CASH_IN,380,64246.74,101675.15,165921.89,168349.89,104103.15,0
6,PAYMENT,307,15819.52,0.0,0.0,0.0,0.0,0
6,CASH_IN,260,26794.44,2318374.69,2345169.13,125440.29,98645.85,0
6,CASH_OUT,251,136033.05,32060.0,0.0,257883.88,393916.93,0
6,CASH_OUT,202,132740.46,0.0,0.0,955835.04,1088575.5,0
6,CASH_OUT,302,20901.08,0.0,0.0,15201899.38,15222800.46,0
6,CASH_OUT,141,191526.96,0.0,0.0,1977284.9,2168811.86,0
6,CASH_IN,15,134007.68,493482.91,627490.58,1287666.79,1153659.11,0
6,PAYMENT,164,2943.12,8.0,0.0,0.0,0.0,0
6,PAYMENT,304,13244.48,103060.0,89815.52,0.0,0.0,0
6,CASH_OUT,14,40485.86,21423.0,0.0,897472.0,937957.86,0
6,CASH_OUT,132,768520.15,768520.15,0.0,218306.5,986826.65,1
6,CASH_OUT,35,85564.96,0.0,0.0,321785.87,407350.83,0
6,CASH_OUT,249,90915.0,90915.0,0.0,1912137.27,2003052.26,1
6,PAYMENT,357,4486.82,35730.0,31243.18,0.0,0.0,0
6,CASH_OUT,203,100108.9,162438.0,62329.1,0.0,100108.9,0
6,TRANSFER,635,1363674.48,1363674.48,0.0,0.0,0.0,1
6,CASH_OUT,46,736370.54,736370.54,0.0,556478.62,1292849.15,1
6,CASH_IN,252,23586.03,214321.0,237907.03,62575.76,38989.73,0
6,CASH_OUT,131,195670.21,8029.0,0.0,4708458.93,4904129.14,0
6,CASH_OUT,162,568833.9,328260.0,0.0,2817455.55,3386289.45,0
6,CASH_OUT,404,186375.38,186375.38,0.0,427950.92,614326.3,1
6,CASH_IN,301,131448.74,10972.0,142420.74,0.0,0.0,0
6,CASH_IN,225,9279.48,19958.0,29237.48,109314.06,100034.59,0
6,PAYMENT,356,7580.71,67219.0,59638.29,0.0,0.0,0
6,PAYMENT,234,24038.77,0.0,0.0,0.0,0.0,0
6,CASH_IN,300,372400.46,1629.0,374029.46,1464971.84,1092571.38,0
6,PAYMENT,331,368.14,101426.0,101057.86,0.0,0.0,0
6,PAYMENT,308,4726.36,362.0,0.0,0.0,0.0,0
6,CASH_IN,230,95288.31,2812436.73,2907725.04,784121.79,688833.48,0
6,CASH_IN,178,92927.51,5410956.94,5503884.45,1221220.72,1128293.21,0
6,CASH_OUT,185,173945.33,0.0,0.0,230824.65,404769.98,0
6,PAYMENT,211,10037.43,1669.0,0.0,0.0,0.0,0
6,CASH_OUT,397,306112.17,14586.0,0.0,33254999.02,33561111.18,0
6,PAYMENT,306,14026.37,6901.0,0.0,0.0,0.0,0
6,CASH_OUT,259,3861.28,0.0,0.0,4024884.77,4028746.05,0
6,PAYMENT,156,6815.12,0.0,0.0,0.0,0.0,0
6,CASH_OUT,228,277791.6,773547.0,495755.4,7705454.04,7983245.64,0
6,PAYMENT,161,418.0,10209.0,9791.0,0.0,0.0,0
6,PAYMENT,233,11488.16,25337.7,13849.53,0.0,0.0,0
6,PAYMENT,397,15340.91,301.0,0.0,0.0,0.0,0
6,CASH_IN,210,325278.77,10409.0,335687.77,7789085.31,7463806.54,0
6,CASH_OUT,321,297695.07,10901.0,0.0,698006.12,995701.2,0
6,CASH_OUT,260,21170.22,0.0,0.0,23369.58,44539.8,0
6,PAYMENT,381,24941.34,0.0,0.0,0.0,0.0,0
6,PAYMENT,261,930.22,844.0,0.0,0.0,0.0,0
6,CASH_IN,525,9558.89,520132.32,529691.21,162824.08,153265.19,0
6,PAYMENT,163,12548.24,125289.95,112741.71,0.0,0.0,0
6,CASH_OUT,161,31111.42,63929.0,32817.58,240402.09,271513.51,0
6,CASH_OUT,359,162209.37,0.0,0.0,673932.55,836141.92,0
6,CASH_OUT,209,145382.44,0.0,0.0,721405.75,866788.19,0
6,DEBIT,283,13691.03,4368.0,0.0,37457.75,51148.78,0
6,CASH_OUT,225,311930.62,0.0,0.0,9075018.72,9386949.34,0
6,CASH_IN,235,248013.95,29503.0,277516.95,3291339.92,3043325.96,0
6,PAYMENT,204,5183.4,29874.0,24690.6,0.0,0.0,0
6,TRANSFER,730,185488.23,185488.23,0.0,0.0,0.0,1
6,CASH_OUT,229,337628.2,100530.0,0.0,651226.66,988854.87,0
6,CASH_OUT,177,288108.23,0.0,0.0,1123709.53,1411817.75,0
6,CASH_IN,422,134971.84,11902057.7,12037029.54,702067.05,567095.21,0
6,PAYMENT,187,3591.07,27238.81,23647.74,0.0,0.0,0
6,PAYMENT,321,14542.95,0.0,0.0,0.0,0.0,0
6,CASH_IN,401,79143.1,177764.43,256907.53,201112.34,121969.25,0
6,CASH_OUT,8,151480.56,0.0,0.0,519076.24,462485.35,0
6,CASH_IN,261,198228.96,3283872.94,3482101.9,2536799.51,2338570.55,0
6,PAYMENT,304,6615.72,1515.0,0.0,0.0,0.0,0
6,CASH_OUT,17,87305.91,0.0,0.0,3560238.1,3607796.95,0
6,TRANSFER,147,1137603.28,1137603.28,0.0,0.0,0.0,1
6,CASH_OUT,401,72498.42,0.0,0.0,166788.2,239286.62,0
6,TRANSFER,611,582725.12,582725.12,0.0,0.0,0.0,1
6,CASH_IN,514,96722.86,2096.0,98818.86,0.0,0.0,0
6,CASH_OUT,251,200101.96,20830.0,0.0,0.0,200101.96,0
6,PAYMENT,96,8615.97,91433.0,82817.03,0.0,0.0,0
6,PAYMENT,145,20488.09,16818.0,0.0,0.0,0.0,0
6,CASH_IN,158,325769.44,138.0,325907.44,89175.37,0.0,0
6,CASH_OUT,133,318495.28,0.0,0.0,3558067.09,3876562.37,0
6,CASH_IN,229,88988.36,7038475.56,7127463.92,269893.91,180905.55,0
6,PAYMENT,178,9175.91,278115.43,268939.53,0.0,0.0,0
6,CASH_IN,400,77840.92,4435764.65,4513605.57,424346.68,346505.75,0
6,TRANSFER,209,59334.16,0.0,0.0,226671.48,286005.64,0
6,TRANSFER,404,14953.34,473090.0,458136.66,0.0,14953.34,0
6,CASH_OUT,37,80301.06,344.0,0.0,0.0,80301.06,0
6,PAYMENT,255,440.99,0.0,0.0,0.0,0.0,0
6,CASH_IN,402,215170.59,2500046.56,2715217.15,3135783.19,2920612.61,0
6,PAYMENT,692,13063.16,0.0,0.0,0.0,0.0,0
6,TRANSFER,401,257972.55,0.0,0.0,508256.21,766228.76,0
6,CASH_OUT,623,296156.97,296156.97,0.0,1385822.34,1681979.31,1
6,CASH_IN,231,299324.5,7617451.73,7916776.22,3268794.51,2969470.01,0
6,TRANSFER,235,545479.76,162246.0,0.0,0.0,545479.76,0
6,CASH_IN,258,62246.77,1141681.18,1203927.95,1467186.99,1404940.22,0
6,CASH_OUT,276,92415.62,12084.0,0.0,1120351.76,1212767.38,0
6,PAYMENT,236,9720.6,0.0,0.0,0.0,0.0,0
6,PAYMENT,349,16327.7,100488.06,84160.36,0.0,0.0,0
6,CASH_OUT,704,8813323.11,8813323.11,0.0,0.0,8813323.11,1
6,CASH_OUT,45,236440.06,12432.0,0.0,1824456.02,2060896.08,0
6,PAYMENT,235,4036.96,0.0,0.0,0.0,0.0,0
6,PAYMENT,281,45801.04,0.0,0.0,0.0,0.0,0
6,CASH_IN,33,139525.54,4386549.68,4526075.22,1061236.95,921711.4,0
6,TRANSFER,252,899533.46,0.0,0.0,6963666.01,7863199.47,0
6,CASH_OUT,184,224352.37,102375.0,0.0,1074446.21,1298798.58,0
6,CASH_IN,310,48502.58,7326938.71,7375441.29,444868.68,396366.1,0
6,PAYMENT,133,42069.85,10530.0,0.0,0.0,0.0,0
6,CASH_IN,274,148987.15,20206.0,169193.15,60537.78,0.0,0
6,PAYMENT,21,9591.61,0.0,0.0,0.0,0.0,0
6,CASH_OUT,260,11319.53,0.0,0.0,2993872.86,3005192.39,0
6,CASH_OUT,164,210621.09,0.0,0.0,3623780.45,3834401.54,0
6,PAYMENT,354,2103.76,203868.0,201764.24,0.0,0.0,0
6,TRANSFER,274,615852.9,0.0,0.0,627267.17,1243120.08,0
6,CASH_OUT,35,257800.44,52986.0,0.0,1621321.25,1879121.69,0
6,CASH_IN,311,41752.41,11101260.39,11143012.8,1166386.58,1124634.17,0
6,PAYMENT,130,2773.12,0.0,0.0,0.0,0.0,0
6,CASH_IN,258,215540.34,5605652.8,5821193.14,1203607.79,988067.44,0
6,PAYMENT,308,433.76,0.0,0.0,0.0,0.0,0
6,CASH_OUT,45,7335355.57,7335355.57,0.0,702100.11,8037455.68,1
6,CASH_OUT,352,68244.52,4070.0,0.0,0.0,68244.52,0
6,PAYMENT,373,27296.76,0.0,0.0,0.0,0.0,0
6,CASH_IN,277,69552.9,14595.0,84147.9,7792766.92,7723214.02,0
6,CASH_OUT,277,273051.77,0.0,0.0,8719505.71,8992557.48,0
6,CASH_IN,35,53130.22,89415.0,142545.22,64494.36,11364.14,0
6,CASH_OUT,379,245756.6,0.0,0.0,2039726.42,2285483.02,0
6,PAYMENT,321,16043.72,26940.0,10896.28,0.0,0.0,0
6,CASH_OUT,16,84243.47,34513.0,0.0,2476455.4,2627600.64,0
6,PAYMENT,182,5531.0,0.0,0.0,0.0,0.0,0
6,PAYMENT,136,22193.26,18634.13,0.0,0.0,0.0,0
6,PAYMENT,308,21038.89,832.0,0.0,0.0,0.0,0
6,PAYMENT,255,625.39,195744.23,195118.84,0.0,0.0,0
6,CASH_OUT,381,43277.94,0.0,0.0,180335.42,223613.36,0
6,CASH_IN,15,13605.26,21056.0,34661.26,0.0,28541.62,0
6,PAYMENT,278,23351.62,217.0,0.0,0.0,0.0,0
6,PAYMENT,225,546.66,32204.87,31658.21,0.0,0.0,0
6,CASH_OUT,208,130847.72,41276.0,0.0,371797.23,502644.96,0
6,CASH_OUT,406,77111.98,27280.0,0.0,0.0,77111.98,0
6,TRANSFER,393,114803.27,0.0,0.0,392997.69,507800.96,0
6,CASH_IN,260,132004.8,2150740.42,2282745.23,284608.66,152603.85,0
6,PAYMENT,137,27384.97,30592.0,3207.03,0.0,0.0,0
6,PAYMENT,402,3202.08,0.0,0.0,0.0,0.0,0
6,CASH_OUT,164,223710.43,0.0,0.0,264718.73,488429.16,0
6,CASH_OUT,43,435166.65,435166.65,0.0,449215.85,884382.5,1
6,PAYMENT,545,10437.16,0.0,0.0,0.0,0.0,0
6,CASH_OUT,205,284404.95,0.0,0.0,1213444.01,1497848.96,0
6,CASH_OUT,253,151812.76,0.0,0.0,4026188.1,4178000.86,0
6,CASH_IN,326,101112.89,6950.0,108062.89,983354.52,882241.63,0
6,PAYMENT,136,13032.46,55802.49,42770.04,0.0,0.0,0
6,PAYMENT,282,29739.88,0.0,0.0,0.0,0.0,0
6,PAYMENT,393,5904.0,0.0,0.0,0.0,0.0,0
6,CASH_OUT,377,157767.05,0.0,0.0,189587.31,347354.37,0
6,CASH_IN,235,153651.6,21686.0,175337.6,32303.49,0.0,0
6,CASH_OUT,10,33096.38,0.0,0.0,42528.22,0.0,0
6,CASH_IN,139,45152.1,8985851.14,9031003.24,241382.16,196230.05,0
6,CASH_IN,14,301803.34,11540.0,313343.34,168479.54,0.0,0
6,TRANSFER,345,664005.55,0.0,0.0,740994.21,1404999.76,0
6,CASH_OUT,284,365242.25,0.0,0.0,459676.82,824919.07,0
6,CASH_OUT,163,275040.48,11850.0,0.0,0.0,275040.48,0
6,CASH_IN,397,245704.29,30.0,245734.29,8786940.27,8541235.98,0
6,CASH_IN,133,44294.13,752487.06,796781.19,851558.95,807264.82,0
6,CASH_OUT,48,167414.75,0.0,0.0,645122.78,812537.53,0
6,PAYMENT,188,10201.73,30939.0,20737.27,0.0,0.0,0
6,CASH_OUT,18,64693.6,0.0,0.0,552243.42,616937.02,0
6,CASH_IN,331,171583.37,1866661.87,2038245.23,889753.58,718170.21,0
6,PAYMENT,331,7053.5,10421.0,3367.5,0.0,0.0,0
6,CASH_OUT,18,48233.33,30584.0,0.0,149.0,8442.6,0
6,CASH_OUT,381,113848.29,2102.0,0.0,185325.29,299173.58,0
6,PAYMENT,274,1396.29,2623.33,1227.04,0.0,0.0,0
6,PAYMENT,18,8662.46,128726.44,120063.98,0.0,0.0,0
6,CASH_IN,22,163257.31,5480785.24,5644042.55,1422696.13,1259438.82,0
6,PAYMENT,258,1630.07,0.0,0.0,0.0,0.0,0
6,CASH_OUT,160,400073.23,0.0,0.0,2870083.07,3270156.31,0
6,PAYMENT,20,2578.47,264307.06,261728.59,0.0,0.0,0
6,TRANSFER,155,98367.7,0.0,0.0,228929.64,327297.35,0
6,CASH_OUT,162,16703.71,0.0,0.0,179632.57,196336.28,0
6,PAYMENT,208,4277.97,21727.0,17449.03,0.0,0.0,0
6,CASH_OUT,129,309364.62,0.0,0.0,331068.57,640433.18,0
6,CASH_OUT,354,297913.24,305.0,0.0,0.0,430318.6,0
6,CASH_OUT,412,2425164.58,2425164.58,0.0,946807.93,3371972.51,1
6,TRANSFER,14,1077546.93,14739.0,0.0,12845.56,1176313.91,0
6,CASH_OUT,350,251606.88,0.0,0.0,1369329.91,1620936.8,0
6,CASH_IN,228,470648.1,1644520.93,2115169.03,1298153.91,827505.8,0
6,TRANSFER,349,1611956.25,0.0,0.0,7032899.36,8644855.61,0
6,PAYMENT,45,5918.89,495160.0,489241.11,0.0,0.0,0
6,CASH_OUT,8,176069.12,0.0,0.0,711930.13,2539898.07,0
6,CASH_IN,355,332358.42,17531372.8,17863731.21,461912.04,129553.62,0
6,CASH_IN,307,190738.34,2890035.29,3080773.63,5280587.75,5089849.4,0
6,CASH_OUT,542,352521.84,97829.0,0.0,33746.38,386268.22,0
6,CASH_OUT,161,83171.03,0.0,0.0,245635.64,328806.68,0
6,CASH_IN,94,21814.11,16706840.89,16728655.0,730024.08,708209.97,0
6,CASH_OUT,158,110092.03,103880.0,0.0,1880795.89,1990887.92,0
6,TRANSFER,273,337364.68,90802.0,0.0,5299491.29,5636855.97,0
6,CASH_IN,255,19663.01,9321295.46,9340958.46,309139.29,289476.29,0
6,CASH_OUT,20,66544.11,0.0,0.0,74485.85,141029.95,0
6,PAYMENT,402,9956.6,0.0,0.0,0.0,0.0,0
6,PAYMENT,254,7139.98,0.0,0.0,0.0,0.0,0
6,CASH_IN,167,302472.75,2657273.25,2959746.0,1238699.35,936226.6,0
6,CASH_OUT,10,53102.46,11540.0,0.0,118121.89,171224.35,0
6,CASH_IN,15,128822.33,69691.0,198513.33,690599.43,654227.55,0
6,PAYMENT,374,5672.11,0.0,0.0,0.0,0.0,0
6,CASH_OUT,187,180164.53,0.0,0.0,8317249.49,8497414.01,0
6,PAYMENT,254,10441.55,0.0,0.0,0.0,0.0,0
6,PAYMENT,278,1507.59,47788.05,46280.46,0.0,0.0,0
6,CASH_IN,178,31464.19,8862190.21,8893654.4,858776.83,827312.63,0
6,CASH_IN,179,54231.26,26439.0,80670.26,441007.07,386775.81,0
6,PAYMENT,286,9611.18,45568.0,35956.82,0.0,0.0,0
6,CASH_IN,261,57041.03,100204.0,157245.03,0.0,0.0,0
6,PAYMENT,331,12795.24,1202.0,0.0,0.0,0.0,0
6,PAYMENT,298,57661.9,20248.0,0.0,0.0,0.0,0
6,CASH_OUT,16,180613.08,0.0,0.0,6080150.27,6260763.35,0
6,CASH_OUT,182,121386.52,13056.0,0.0,0.0,121386.52,0
6,CASH_OUT,158,314795.05,90444.0,0.0,0.0,314795.05,0
6,CASH_IN,282,163409.2,125506.0,288915.2,0.0,0.0,0
6,CASH_IN,132,77660.25,4576840.68,4654500.93,110591.76,32931.51,0
6,CASH_OUT,18,75857.4,15868.0,0.0,264090.61,339948.02,0
6,CASH_OUT,378,183837.02,0.0,0.0,345144.35,528981.38,0
6,CASH_IN,408,31407.04,4942525.25,4973932.29,120413.06,89006.02,0
6,TRANSFER,133,585685.22,0.0,0.0,772747.04,1358432.26,0
6,CASH_IN,299,195099.49,3462507.4,3657606.89,904402.18,709302.69,0
6,PAYMENT,376,40355.21,22931.0,0.0,0.0,0.0,0
6,CASH_OUT,226,330077.59,231545.71,0.0,538400.98,868478.57,0
6,CASH_OUT,139,19514.98,25964.0,6449.02,99633.45,119148.43,0
6,CASH_IN,162,385691.38,7618830.47,8004521.85,759869.1,374177.73,0
6,CASH_OUT,246,14343.03,14343.03,0.0,2842416.71,2856759.75,1
6,PAYMENT,353,5630.58,170191.69,164561.11,0.0,0.0,0
6,PAYMENT,187,34501.62,15795.0,0.0,0.0,0.0,0
6,CASH_OUT,36,186104.96,0.0,0.0,1474755.26,1660860.22,0
6,CASH_OUT,164,146048.71,0.0,0.0,514193.72,660242.43,0
6,CASH_OUT,136,82553.33,0.0,0.0,1484301.35,1566854.68,0
6,CASH_OUT,281,154206.47,20799.0,0.0,2218404.49,2372610.97,0
6,CASH_IN,138,142631.8,2831421.97,2974053.77,147120.12,4488.32,0
6,CASH_IN,165,4674.4,4620268.59,4624943.0,322008.6,317334.2,0
6,CASH_OUT,181,73103.97,20422.0,0.0,38891.8,111995.77,0
6,CASH_IN,259,286300.16,1338518.58,1624818.74,602747.25,316447.1,0
6,CASH_OUT,12,123549.51,0.0,0.0,230433.3,353982.81,0
6,TRANSFER,39,1438560.9,63160.0,0.0,0.0,1720256.4,0
6,PAYMENT,11,26819.62,0.0,0.0,0.0,0.0,0
6,CASH_OUT,332,213241.18,0.0,0.0,1882129.5,2095370.68,0
6,CASH_IN,331,81590.45,17049.0,98639.45,327724.03,246133.59,0
6,CASH_IN,310,110499.05,1806387.56,1916886.61,248124.67,137625.62,0
6,PAYMENT,385,27480.92,0.0,0.0,0.0,0.0,0
6,CASH_OUT,352,956.32,118028.0,117071.68,396802.8,397759.12,0
6,PAYMENT,548,219.8,0.0,0.0,0.0,0.0,0
6,PAYMENT,381,27364.04,0.0,0.0,0.0,0.0,0
6,TRANSFER,11,119547.37,0.0,0.0,1516277.26,1635824.63,0
6,PAYMENT,228,11710.55,11236.0,0.0,0.0,0.0,0
6,PAYMENT,514,8163.25,202139.68,193976.43,0.0,0.0,0
6,CASH_OUT,12,197143.95,253549.0,56405.05,72813.36,269957.31,0
6,TRANSFER,262,218074.57,218074.57,0.0,0.0,0.0,1
6,PAYMENT,565,85758.3,0.0,0.0,0.0,0.0,0
6,CASH_OUT,661,5037.93,143.0,0.0,0.0,5037.93,0
6,CASH_OUT,331,67322.67,0.0,0.0,946971.82,1014294.49,0
6,CASH_OUT,380,188676.56,38993.0,0.0,19656.62,208333.19,0
6,CASH_OUT,227,615329.59,205322.0,0.0,461374.3,1076703.9,0
6,CASH_OUT,177,205395.28,5643.0,0.0,0.0,205395.28,0
6,PAYMENT,273,10027.84,112828.24,102800.39,0.0,0.0,0
6,CASH_IN,332,250254.04,21324.0,271578.04,7636646.54,7386392.5,0
6,PAYMENT,180,14714.06,0.0,0.0,0.0,0.0,0
6,CASH_OUT,254,41992.23,85940.0,43947.77,6565236.54,6607228.77,0
6,CASH_OUT,249,182235.86,0.0,0.0,943128.3,1125364.17,0
6,CASH_OUT,331,83695.91,100757.0,17061.09,0.0,83695.91,0
6,CASH_OUT,686,144538.86,363043.0,218504.14,16044.92,160583.78,0
6,CASH_OUT,395,99159.33,0.0,0.0,9638620.19,9737779.52,0
6,CASH_OUT,408,330248.33,12604.0,0.0,0.0,330248.33,0
6,CASH_OUT,209,141950.31,16615.0,0.0,212651.48,354601.79,0
6,CASH_OUT,207,453691.15,0.0,0.0,705917.75,1159608.9,0
6,PAYMENT,209,7768.15,11143.0,3374.85,0.0,0.0,0
6,PAYMENT,352,34385.31,0.0,0.0,0.0,0.0,0
6,CASH_OUT,17,153066.14,0.0,0.0,5366195.78,5519261.92,0
6,CASH_OUT,379,264327.63,2373.0,0.0,4350817.97,4615145.61,0
6,CASH_OUT,306,42265.38,10311.0,0.0,74235.14,116500.52,0
6,CASH_OUT,686,359118.02,33960.0,0.0,0.0,359118.02,0
6,CASH_OUT,278,316721.52,35309.0,0.0,91084.01,407805.53,0
6,PAYMENT,14,18266.15,0.0,0.0,0.0,0.0,0
6,CASH_IN,135,225577.3,2457659.52,2683236.83,2341706.34,2116129.04,0
6,CASH_IN,328,79844.64,78931.0,158775.64,114124.51,34279.86,0
6,CASH_IN,203,351324.75,13922815.68,14274140.43,385831.88,34507.14,0
6,TRANSFER,352,682837.15,10902.0,0.0,1147557.4,1830394.55,0
6,TRANSFER,393,2774565.16,35491.0,0.0,2187973.89,4962539.06,0
6,TRANSFER,269,1314897.11,1314897.11,0.0,0.0,0.0,1
6,TRANSFER,495,797710.8,797710.8,0.0,0.0,0.0,1
6,PAYMENT,133,3275.05,0.0,0.0,0.0,0.0,0
6,PAYMENT,21,13086.92,6111.0,0.0,0.0,0.0,0
6,CASH_OUT,299,376953.64,2145.0,0.0,5187867.12,5699122.17,0
6,CASH_OUT,259,156286.61,12531.0,0.0,112388.75,268675.36,0
6,TRANSFER,692,72469.24,10997.0,0.0,96476.54,168945.78,0
6,CASH_OUT,398,353171.72,190082.23,0.0,431458.55,784630.26,0
6,CASH_OUT,691,473086.28,473086.28,0.0,22270848.04,22743934.32,1
6,CASH_OUT,308,58108.94,12147.0,0.0,0.0,58108.94,0
6,CASH_OUT,379,183101.56,0.0,0.0,1470447.06,1653548.62,0
6,CASH_OUT,11,451891.66,225.0,0.0,300127.78,752019.44,0
6,CASH_OUT,234,80336.26,80336.26,0.0,7378477.13,7458813.39,1
6,TRANSFER,42,84433.21,936.0,0.0,426065.86,510499.08,0
6,CASH_OUT,205,123583.64,14235.0,0.0,2908622.02,3032205.66,0
6,CASH_OUT,303,280619.98,52062.0,0.0,810138.87,1090758.85,0
6,CASH_IN,139,248826.18,5306051.31,5554877.49,2912826.33,2664000.15,0
6,PAYMENT,204,8576.39,11146.0,2569.61,0.0,0.0,0
6,CASH_OUT,379,153125.43,0.0,0.0,163854.47,316979.9,0
6,TRANSFER,329,1645863.54,330314.37,0.0,48064380.24,49710243.78,0
6,CASH_OUT,659,1321984.45,1321984.45,0.0,0.0,1321984.45,1
6,TRANSFER,351,174197.13,0.0,0.0,2088743.32,2262940.45,0
6,CASH_OUT,310,34230.3,0.0,0.0,2517490.12,2551720.42,0
6,PAYMENT,136,149.78,5987.47,5837.69,0.0,0.0,0
6,CASH_OUT,307,381821.5,0.0,0.0,418345.9,800167.39,0
6,CASH_IN,212,331054.68,2645228.41,2976283.08,629650.49,298595.82,0
6,CASH_IN,322,65009.03,12271445.3,12336454.33,219074.76,154065.73,0
6,CASH_IN,40,258936.44,14144.0,273080.44,0.0,0.0,0
6,PAYMENT,252,20532.33,177.0,0.0,0.0,0.0,0
6,CASH_IN,136,275917.45,7089.0,283006.45,0.0,0.0,0
6,TRANSFER,400,5096946.74,5096946.74,0.0,0.0,0.0,1
6,CASH_OUT,276,178762.64,0.0,0.0,780408.78,959171.42,0
6,CASH_OUT,396,114505.96,79409.0,0.0,634238.36,748744.32,0
6,CASH_OUT,35,120613.39,0.0,0.0,747762.33,868375.73,0
6,CASH_OUT,522,271861.92,505412.0,233550.08,116136.7,387998.63,0
6,CASH_OUT,235,17052.77,0.0,0.0,42699.17,59751.93,0
6,CASH_IN,309,278847.2,72832.0,351679.2,539488.77,260641.57,0
6,CASH_IN,137,29713.15,3888966.25,3918679.4,2980094.55,2950381.4,0
6,CASH_IN,13,153778.42,1676.0,155454.42,0.0,0.0,0
6,CASH_OUT,552,107253.79,18732.07,0.0,300219.51,407473.31,0
6,CASH_OUT,285,53197.65,21307.0,0.0,2460649.53,2513847.18,0
6,PAYMENT,156,9916.87,20137.0,10220.13,0.0,0.0,0
6,TRANSFER,743,1258818.82,1258818.82,0.0,0.0,0.0,1
6,PAYMENT,351,1134.32,0.0,0.0,0.0,0.0,0
6,PAYMENT,180,16052.85,16743.0,690.15,0.0,0.0,0
6,CASH_OUT,400,38760.78,17262.0,0.0,353376.49,392137.27,0
6,TRANSFER,205,846589.73,846589.73,0.0,0.0,0.0,1
6,CASH_IN,305,42268.25,6703757.88,6746026.13,996212.08,1662649.7,0
6,CASH_IN,159,217203.62,1632.0,218835.62,1904820.23,1687616.62,0
6,PAYMENT,159,5238.82,0.0,0.0,0.0,0.0,0
6,CASH_IN,312,219372.32,6254937.32,6474309.65,1359733.17,1140360.85,0
6,CASH_IN,13,147090.01,1439327.46,1586417.47,2310390.85,2163300.84,0
6,PAYMENT,161,17261.06,0.0,0.0,0.0,0.0,0
6,TRANSFER,262,133288.47,10358.0,0.0,0.0,133288.47,0
6,CASH_OUT,43,362152.77,362152.77,0.0,282809.47,644962.23,1
6,PAYMENT,323,68559.08,51265.0,0.0,0.0,0.0,0
6,CASH_OUT,326,341587.35,0.0,0.0,5547396.73,5888984.08,0
6,PAYMENT,139,24881.07,13976.0,0.0,0.0,0.0,0
6,CASH_IN,324,236425.11,133.0,236558.11,0.0,0.0,0
6,CASH_IN,356,300907.84,331356.25,632264.09,663668.38,362760.54,0
6,PAYMENT,235,12512.24,0.0,0.0,0.0,0.0,0
6,CASH_OUT,41,197311.56,581.0,0.0,0.0,197311.56,0
6,PAYMENT,42,3567.66,55128.0,51560.34,0.0,0.0,0
6,CASH_OUT,250,32630.01,0.0,0.0,791226.88,823856.88,0
6,CASH_OUT,38,479236.0,1274.05,0.0,608366.46,1087602.46,0
6,CASH_OUT,16,238742.76,9054.0,0.0,19895.0,298186.24,0
6,CASH_OUT,437,8006429.04,8006429.04,0.0,0.0,8006429.04,1
6,PAYMENT,335,10774.22,65123.0,54348.78,0.0,0.0,0
6,CASH_OUT,135,51110.27,0.0,0.0,1100305.51,1151415.78,0
6,DEBIT,565,6297.19,144852.0,138554.81,221330.4,227627.6,0
6,CASH_IN,249,196176.55,147872.0,344048.55,0.0,0.0,0
6,TRANSFER,185,582489.24,0.0,0.0,1563115.76,2363031.53,0
6,PAYMENT,403,21647.24,40485.0,18837.76,0.0,0.0,0
6,CASH_OUT,692,91969.38,294.0,0.0,0.0,91969.38,0
6,PAYMENT,405,2021.8,0.0,0.0,0.0,0.0,0
6,PAYMENT,372,7895.75,0.0,0.0,0.0,0.0,0
6,CASH_IN,11,116892.3,455322.0,572214.3,4724793.77,4607901.47,0
6,CASH_OUT,350,59460.02,0.0,0.0,5854485.45,5913945.47,0
6,CASH_IN,39,180428.24,3456335.65,3636763.89,182367.1,1938.86,0
6,PAYMENT,133,3350.24,97844.0,94493.76,0.0,0.0,0
6,CASH_OUT,346,72941.05,70429.0,0.0,56702.9,129643.94,0
6,TRANSFER,61,1155128.91,1155128.91,0.0,0.0,0.0,1
6,CASH_IN,306,33215.03,1619343.5,1652558.53,408150.46,374935.43,0
6,PAYMENT,36,20949.05,31330.0,10380.95,0.0,0.0,0
6,CASH_OUT,94,379829.56,0.0,0.0,565309.75,945139.31,0
6,PAYMENT,184,20653.14,9014.0,0.0,0.0,0.0,0
6,CASH_OUT,284,293557.14,0.0,0.0,2352170.56,2645727.7,0
6,PAYMENT,211,6157.85,0.0,0.0,0.0,0.0,0
6,PAYMENT,307,8792.74,121483.0,112690.26,0.0,0.0,0
6,TRANSFER,717,407275.43,407275.43,0.0,0.0,0.0,1
6,CASH_OUT,695,198534.45,0.0,0.0,737497.46,936031.91,0
6,CASH_OUT,14,195769.06,45676.0,0.0,1184104.37,2261455.58,0
6,PAYMENT,8,12186.84,260240.0,248053.16,0.0,0.0,0
6,PAYMENT,596,3342.53,0.0,0.0,0.0,0.0,0
6,CASH_IN,226,94455.74,148755.0,243210.74,12358.5,0.0,0
6,CASH_IN,302,172070.73,2123896.17,2295966.89,382546.61,210475.88,0
6,CASH_OUT,375,64996.15,32263.0,0.0,4397526.18,4462522.33,0
6,CASH_OUT,691,117049.8,0.0,0.0,207283.44,324333.23,0
6,PAYMENT,181,2282.12,260555.47,258273.34,0.0,0.0,0
6,CASH_OUT,204,240617.81,0.0,0.0,6415312.43,6655930.23,0
6,CASH_OUT,258,201011.33,0.0,0.0,413021.08,614032.42,0
6,CASH_IN,211,4537.96,11692640.54,11697178.49,364896.62,360358.66,0
6,CASH_OUT,135,4579.37,15078.0,10498.63,868750.85,873330.21,0
6,PAYMENT,238,17433.79,13.0,0.0,0.0,0.0,0
6,CASH_IN,36,196314.01,98668.0,294982.01,0.0,0.0,0
6,CASH_IN,205,110252.72,2436204.92,2546457.64,2065504.38,1955251.66,0
6,TRANSFER,487,321307.31,321307.31,0.0,0.0,0.0,1
6,CASH_OUT,15,96826.7,10461.0,0.0,1411327.17,1508153.87,0
6,TRANSFER,299,2095883.73,0.0,0.0,5477672.08,7573555.8,0
6,CASH_OUT,276,92695.84,0.0,0.0,479247.3,571943.14,0
6,CASH_OUT,182,340500.71,69335.0,0.0,0.0,3644.94,0
6,PAYMENT,182,30830.22,0.0,0.0,0.0,0.0,0
6,PAYMENT,23,1471.57,50157.0,48685.43,0.0,0.0,0
6,PAYMENT,157,15787.15,0.0,0.0,0.0,0.0,0
6,PAYMENT,283,12622.93,0.0,0.0,0.0,0.0,0
6,TRANSFER,279,612519.14,15868.0,0.0,61890.91,674410.05,0
6,TRANSFER,208,566170.63,0.0,0.0,2398253.75,2964424.38,0
6,CASH_IN,298,331535.41,29779.0,361314.41,324806.69,0.0,0
6,CASH_OUT,355,131554.53,257700.0,126145.47,187575.92,319130.45,0
6,PAYMENT,203,18518.33,0.0,0.0,0.0,0.0,0
6,PAYMENT,18,6809.18,177757.9,170948.72,0.0,0.0,0
6,PAYMENT,280,5155.55,7067.0,1911.45,0.0,0.0,0
6,PAYMENT,276,21918.08,31868.0,9949.92,0.0,0.0,0
6,CASH_IN,189,79818.25,7537479.55,7617297.8,741716.02,661897.77,0
6,TRANSFER,161,144876.4,144876.4,0.0,0.0,0.0,1
6,PAYMENT,281,2922.37,0.0,0.0,0.0,0.0,0
6,CASH_OUT,380,136449.23,141167.0,4717.77,62419.03,198868.26,0
6,CASH_OUT,155,494983.63,110294.62,0.0,2119758.42,2614742.05,0
6,CASH_OUT,182,235137.46,311987.27,76849.81,1388724.5,1623861.97,0
6,PAYMENT,213,17758.51,325046.26,307287.75,0.0,0.0,0
6,CASH_OUT,279,26579.39,23625.0,0.0,0.0,26579.39,0
6,CASH_OUT,202,82686.63,0.0,0.0,1706084.37,1788771.0,0
6,PAYMENT,396,3650.48,10214.0,6563.52,0.0,0.0,0
6,PAYMENT,213,12.34,22379.0,22366.66,0.0,0.0,0
6,PAYMENT,229,9.15,0.0,0.0,0.0,0.0,0
6,CASH_IN,231,162907.6,1087180.11,1250087.71,224244.85,61337.24,0
6,PAYMENT,259,4411.27,105919.0,101507.73,0.0,0.0,0
6,PAYMENT,182,567.47,0.0,0.0,0.0,0.0,0
6,CASH_IN,209,68940.98,50137.0,119077.98,0.0,0.0,0
6,TRANSFER,277,191427.4,191427.4,0.0,0.0,0.0,1
6,TRANSFER,347,962559.77,0.0,0.0,2748459.2,3711018.97,0
6,PAYMENT,188,6547.74,22420.0,15872.26,0.0,0.0,0
6,CASH_IN,140,230098.97,46328.0,276426.97,0.0,0.0,0
6,PAYMENT,383,2650.87,11238.0,8587.13,0.0,0.0,0
6,CASH_OUT,563,60721.78,0.0,0.0,1339169.58,1399891.37,0
6,TRANSFER,36,1274196.83,0.0,0.0,1632648.45,2906845.28,0
6,CASH_OUT,325,273659.98,14681.0,0.0,0.0,273659.98,0
6,PAYMENT,306,7618.24,0.0,0.0,0.0,0.0,0
6,CASH_OUT,182,205482.46,247432.08,41949.62,1367509.17,1572991.62,0
6,CASH_IN,396,239005.67,450901.0,689906.67,0.0,0.0,0
6,PAYMENT,331,7818.59,31076.0,23257.41,0.0,0.0,0
6,CASH_OUT,322,81870.75,0.0,0.0,141344.92,223215.66,0
6,PAYMENT,354,35966.42,46940.93,10974.51,0.0,0.0,0
6,CASH_IN,13,217257.75,3585.0,220842.75,9229.04,0.0,0
6,PAYMENT,353,12278.47,0.0,0.0,0.0,0.0,0
6,CASH_OUT,352,302489.29,0.0,0.0,1333659.65,1636148.93,0
6,CASH_OUT,279,445062.97,0.0,0.0,1278411.16,1723474.13,0
6,PAYMENT,250,4563.92,280339.56,275775.64,0.0,0.0,0
6,TRANSFER,235,457987.45,64350.0,0.0,0.0,457987.45,0
6,PAYMENT,281,14572.02,0.0,0.0,0.0,0.0,0
6,CASH_OUT,395,104505.72,402.0,0.0,0.0,104505.72,0
6,CASH_OUT,229,369760.0,0.0,0.0,5052490.82,5422250.82,0
6,CASH_OUT,40,30149.3,122.0,0.0,0.0,30149.3,0
6,PAYMENT,307,21557.68,608054.01,586496.33,0.0,0.0,0
6,CASH_IN,254,20692.84,2622016.71,2642709.55,2838233.33,2817540.49,0
6,CASH_IN,94,15724.63,3379053.7,3394778.34,6136812.98,6121088.34,0
6,CASH_OUT,322,171023.11,0.0,0.0,200824.9,371848.01,0
6,TRANSFER,202,740349.96,0.0,0.0,1438479.58,2178829.54,0
6,CASH_OUT,281,29123.03,81613.45,52490.42,901148.25,930271.28,0
6,CASH_OUT,82,1534985.07,1534985.07,0.0,0.0,1534985.07,1
6,PAYMENT,253,23677.51,0.0,0.0,0.0,0.0,0
6,TRANSFER,202,68634.08,0.0,0.0,217147.84,285781.91,0
6,CASH_OUT,282,82766.73,1077.0,0.0,437245.1,520011.83,0
6,PAYMENT,204,4583.54,0.0,0.0,0.0,0.0,0
6,PAYMENT,1,19561.05,0.0,0.0,0.0,0.0,0
6,CASH_OUT,206,4568.59,0.0,0.0,133985.11,138553.69,0
6,PAYMENT,40,2417.02,0.0,0.0,0.0,0.0,0
6,CASH_OUT,154,283054.46,0.0,0.0,950078.08,1233132.54,0
6,PAYMENT,275,15451.05,0.0,0.0,0.0,0.0,0
6,CASH_IN,312,107760.99,8069506.93,8177267.92,1563176.16,1455415.18,0
6,CASH_OUT,229,39959.51,0.0,0.0,46237.31,86196.83,0
7,CASH_OUT,329,535213.21,10212.0,0.0,66289.51,601502.72,0
7,PAYMENT,231,3157.34,0.0,0.0,0.0,0.0,0
7,CASH_OUT,375,32947.19,3421.0,0.0,2002897.3,2035844.49,0
7,PAYMENT,479,9530.17,102361.0,92830.83,0.0,0.0,0
7,CASH_OUT,250,99922.78,61626.0,0.0,147524.7,247447.48,0
7,CASH_OUT,284,146373.61,55012.0,0.0,5782032.56,5928406.17,0
7,TRANSFER,8,1501539.18,21292.0,0.0,8079.0,1798328.34,0
7,PAYMENT,254,9025.63,5053.0,0.0,0.0,0.0,0
7,CASH_OUT,399,41417.38,0.0,0.0,819959.93,861377.3,0
7,CASH_OUT,210,154834.44,104409.0,0.0,50765.44,205599.88,0
7,PAYMENT,690,871.39,142.0,0.0,0.0,0.0,0
7,PAYMENT,132,1737.95,61535.0,59797.05,0.0,0.0,0
7,CASH_OUT,273,107999.79,21117.0,0.0,476985.96,584985.76,0
7,CASH_OUT,232,298409.03,9992.0,0.0,254613.13,553022.16,0
7,PAYMENT,129,11317.66,51048.11,39730.44,0.0,0.0,0
7,CASH_IN,43,104006.93,676710.42,780717.35,529617.8,589899.0,0
7,CASH_OUT,163,17577.92,11779.0,0.0,321623.29,309149.7,0
7,CASH_OUT,286,201712.19,0.0,0.0,294536.6,496248.78,0
7,PAYMENT,205,5584.66,173.0,0.0,0.0,0.0,0
7,CASH_OUT,33,140127.22,0.0,0.0,10997074.19,11137201.4,0
7,PAYMENT,307,20488.19,43092.0,22603.81,0.0,0.0,0
7,CASH_IN,16,356616.15,106913.0,463529.15,16855.0,0.0,0
7,CASH_OUT,346,202586.36,0.0,0.0,1083127.6,1285713.96,0
7,PAYMENT,311,18662.78,0.0,0.0,0.0,0.0,0
7,CASH_OUT,374,189167.43,0.0,0.0,285338.8,474506.24,0
7,CASH_IN,132,274004.75,8599037.93,8873042.69,2100771.56,1826766.81,0
7,PAYMENT,692,16603.98,0.0,0.0,0.0,0.0,0
7,CASH_OUT,400,37793.84,63337.0,25543.16,0.0,37793.84,0
7,CASH_OUT,236,120402.67,4942.0,0.0,0.0,120402.67,0
7,CASH_OUT,399,209413.86,0.0,0.0,10346246.73,10555660.6,0
7,CASH_OUT,405,239422.83,0.0,0.0,266895.2,506318.04,0
7,CASH_OUT,251,388995.73,424062.0,35066.27,4627298.52,5016294.25,0
7,CASH_OUT,370,258815.39,0.0,0.0,320279.34,579094.73,0
7,CASH_OUT,18,127894.53,446.0,0.0,0.0,127894.53,0
7,CASH_OUT,140,64006.85,2066.0,0.0,3747837.59,3811844.45,0
7,PAYMENT,281,2155.97,675.0,0.0,0.0,0.0,0
7,TRANSFER,213,975327.16,0.0,0.0,2106885.46,3082212.62,0
7,CASH_IN,181,205753.71,1141037.66,1346791.37,509015.36,303261.65,0
7,CASH_IN,403,313792.35,1177022.2,1490814.55,5073482.37,4759690.02,0
7,PAYMENT,280,28897.88,186596.0,157698.12,0.0,0.0,0
7,CASH_OUT,273,4574246.75,4574246.75,0.0,0.0,4574246.75,1
7,CASH_IN,402,33171.8,4450413.13,4483584.93,545679.11,512507.31,0
7,TRANSFER,119,793178.98,0.0,0.0,923051.6,1716230.58,0
7,TRANSFER,41,386723.98,1656.0,0.0,154537.97,1032163.92,0
7,PAYMENT,400,13676.27,0.0,0.0,0.0,0.0,0
7,CASH_OUT,205,179943.8,171428.9,0.0,1287633.06,1467576.86,0
7,CASH_OUT,402,45056.71,0.0,0.0,49696.16,94752.86,0
7,CASH_IN,571,201672.74,14833.0,216505.74,447044.07,245371.33,0
7,CASH_IN,325,262783.1,4146563.08,4409346.18,1692690.9,1429907.8,0
7,PAYMENT,380,8214.58,51185.0,42970.42,0.0,0.0,0
7,CASH_IN,164,54092.66,16922.0,71014.66,0.0,0.0,0
7,PAYMENT,351,4007.33,0.0,0.0,0.0,0.0,0
7,TRANSFER,346,73406.43,0.0,0.0,749222.75,822629.17,0
7,CASH_OUT,305,123506.8,40192.0,0.0,1296029.52,1419536.31,0
7,CASH_OUT,43,508510.46,746.0,0.0,329878.76,838389.22,0
7,CASH_OUT,249,70397.95,0.0,0.0,326290.61,396688.56,0
7,CASH_IN,207,372483.36,10385518.24,10758001.6,727235.78,354752.42,0
7,TRANSFER,51,1170282.92,1170282.92,0.0,0.0,0.0,1
7,CASH_OUT,37,442101.54,51375.0,0.0,315010.92,757112.46,0
7,CASH_OUT,186,167556.43,0.0,0.0,401860.95,569417.38,0
7,CASH_OUT,44,193987.34,204530.0,10542.66,0.0,193987.34,0
7,PAYMENT,252,48897.04,96.0,0.0,0.0,0.0,0
7,PAYMENT,214,19528.58,0.0,0.0,0.0,0.0,0
7,TRANSFER,34,27846.44,0.0,0.0,430871.57,458718.01,0
7,PAYMENT,187,12989.02,121844.0,108854.98,0.0,0.0,0
7,PAYMENT,137,27161.7,251078.7,223917.0,0.0,0.0,0
7,TRANSFER,265,3929113.14,3929113.14,0.0,0.0,0.0,1
7,CASH_OUT,304,14230.17,0.0,0.0,6214009.31,6228239.48,0
7,CASH_IN,177,69211.84,2549941.53,2619153.36,1109141.73,1039929.89,0
7,CASH_OUT,139,98715.6,966626.36,867910.76,4354146.98,4452862.59,0
7,PAYMENT,209,25388.7,0.0,0.0,0.0,0.0,0
7,PAYMENT,188,1294.66,106415.49,105120.84,0.0,0.0,0
7,CASH_OUT,35,206235.17,30092.0,0.0,177215.26,383450.43,0
7,CASH_OUT,35,3606943.31,3606943.31,0.0,0.0,3606943.31,1
7,CASH_IN,181,109195.41,20231.0,129426.41,3071873.64,2962678.23,0
7,CASH_IN,38,87931.69,21114415.83,21202347.52,899502.51,811570.82,0
7,PAYMENT,11,32010.2,56694.0,24683.8,0.0,0.0,0
7,TRANSFER,117,251621.18,251621.18,0.0,0.0,0.0,1
7,CASH_OUT,40,278501.94,82060.0,0.0,608063.21,886565.15,0
7,PAYMENT,133,11067.67,0.0,0.0,0.0,0.0,0
7,CASH_IN,11,13386.57,2438975.26,2452361.83,189504.95,141790.98,0
7,TRANSFER,240,248962.83,248962.83,0.0,0.0,0.0,1
7,CASH_IN,370,138174.81,6247.0,144421.81,171482.7,33307.9,0
7,CASH_OUT,301,91441.96,9910.0,0.0,127273.68,218715.64,0
7,CASH_IN,133,382962.77,903.0,383865.77,149787.88,0.0,0
7,CASH_OUT,182,30455.63,50098.0,19642.37,1457728.52,1488184.15,0
7,PAYMENT,261,6877.93,107998.01,101120.08,0.0,0.0,0
7,CASH_OUT,305,274439.95,0.0,0.0,427864.6,702304.56,0
7,PAYMENT,94,9173.51,26600.0,17426.49,0.0,0.0,0
7,PAYMENT,164,2506.78,109.0,0.0,0.0,0.0,0
7,PAYMENT,661,19573.54,36123.0,16549.46,0.0,0.0,0
7,CASH_OUT,308,56368.48,153125.34,96756.86,349139.22,405507.7,0
7,PAYMENT,378,10002.19,57670.93,47668.73,0.0,0.0,0
7,CASH_IN,16,225146.4,2024954.87,2250101.27,529627.71,423027.41,0
7,CASH_OUT,330,77287.58,130951.0,53663.42,1989426.02,2066713.6,0
7,CASH_OUT,525,327721.81,0.0,0.0,350475.03,678196.85,0
7,CASH_OUT,346,171524.02,0.0,0.0,2774547.57,2946071.59,0
7,CASH_OUT,134,362129.34,17802.0,0.0,55920.2,526460.04,0
7,CASH_OUT,333,171211.8,21223.0,0.0,6647863.13,6819074.92,0
7,PAYMENT,40,19976.73,0.0,0.0,0.0,0.0,0
7,CASH_OUT,94,20837.79,298661.0,277823.21,254532.14,275369.93,0
7,CASH_OUT,12,217837.3,219839.63,2002.33,255572.87,473410.18,0
7,CASH_OUT,298,21634.98,4898.0,0.0,0.0,21634.98,0
7,CASH_OUT,234,131201.69,228450.46,97248.78,3479614.85,3610816.54,0
7,CASH_OUT,208,72313.99,0.0,0.0,297220.49,369534.48,0
7,PAYMENT,306,27968.04,21631.0,0.0,0.0,0.0,0
7,CASH_OUT,323,135792.11,0.0,0.0,197117.47,332909.58,0
7,CASH_IN,326,272782.98,2556573.13,2829356.11,1768878.56,1496095.58,0
7,PAYMENT,335,7393.14,0.0,0.0,0.0,0.0,0
7,CASH_IN,36,82341.29,3697.0,86038.29,0.0,0.0,0
7,CASH_OUT,374,66245.73,0.0,0.0,3277449.08,3343694.81,0
7,PAYMENT,284,24316.4,959421.0,935104.6,0.0,0.0,0
7,PAYMENT,159,8073.76,119.0,0.0,0.0,0.0,0
7,PAYMENT,563,9017.67,516224.53,507206.86,0.0,0.0,0
7,PAYMENT,33,17948.92,61180.91,43231.99,0.0,0.0,0
7,CASH_OUT,187,93810.72,0.0,0.0,434351.79,528162.51,0
7,CASH_IN,275,130390.59,257927.0,388317.59,0.0,0.0,0
7,CASH_OUT,205,35394.51,0.0,0.0,4041796.39,4077190.9,0
7,CASH_OUT,694,158667.84,170288.0,11620.16,104059.29,262727.13,0
7,CASH_OUT,262,98378.79,0.0,0.0,376505.55,474884.34,0
7,CASH_IN,96,161945.94,10286595.64,10448541.58,1179008.06,1017062.12,0
7,CASH_IN,356,85511.33,8795814.06,8881325.39,116944.65,31433.32,0
7,CASH_OUT,298,19481.66,9311.0,0.0,354072.18,373553.84,0
7,TRANSFER,264,423982.32,524.0,0.0,2656349.58,3080331.9,0
7,PAYMENT,253,1089.9,223.0,0.0,0.0,0.0,0
7,CASH_OUT,719,479926.98,479926.98,0.0,71009.24,550936.23,1
7,CASH_OUT,140,67955.51,13211.0,0.0,0.0,67955.51,0
7,PAYMENT,134,13006.08,0.0,0.0,0.0,0.0,0
7,CASH_OUT,187,100496.48,66807.0,0.0,757092.45,857588.92,0
7,PAYMENT,182,5777.58,71676.88,65899.3,0.0,0.0,0
7,CASH_IN,402,80098.75,20253.0,100351.75,218091.15,137992.4,0
7,CASH_OUT,34,354845.6,0.0,0.0,2149891.2,2504736.81,0
7,PAYMENT,403,6989.93,38174.95,31185.01,0.0,0.0,0
7,TRANSFER,163,832871.41,93556.0,0.0,0.0,832871.41,0
7,CASH_IN,19,127172.01,100287.0,227459.01,155189.07,28017.07,0
7,PAYMENT,41,4293.21,604.0,0.0,0.0,0.0,0
7,CASH_OUT,19,64483.61,0.0,0.0,79694.57,144178.18,0
7,PAYMENT,404,17592.49,232366.0,214773.51,0.0,0.0,0
7,CASH_IN,188,66769.78,0.0,66769.78,4585620.34,4518850.57,0
7,CASH_OUT,565,4399.59,0.0,0.0,113958.04,118357.63,0
7,PAYMENT,277,13120.06,24901.0,11780.94,0.0,0.0,0
7,CASH_IN,251,214108.34,167154.84,381263.18,354156.93,140048.59,0
7,CASH_IN,492,239899.83,10114.0,250013.83,383086.87,143187.04,0
7,CASH_IN,138,257805.0,3847754.29,4105559.28,724975.43,467170.43,0
7,PAYMENT,37,17848.2,266344.62,248496.43,0.0,0.0,0
7,CASH_IN,324,127637.07,2822583.55,2950220.63,216367.25,88730.17,0
7,CASH_OUT,228,56554.63,0.0,0.0,2900794.05,2957348.68,0
7,PAYMENT,210,18404.09,92030.0,73625.91,0.0,0.0,0
7,CASH_OUT,681,440354.89,29770.0,0.0,81062.39,521417.29,0
7,CASH_IN,379,110270.34,49740.0,160010.34,64851.07,0.0,0
7,CASH_OUT,45,213983.59,213983.59,0.0,0.0,213983.59,1
7,PAYMENT,38,7742.3,0.0,0.0,0.0,0.0,0
7,CASH_OUT,387,1101871.13,1101871.13,0.0,442604.16,1544475.3,1
7,TRANSFER,429,410596.54,901.0,0.0,0.0,410596.54,0
7,PAYMENT,377,888.25,14858.89,13970.63,0.0,0.0,0
7,CASH_OUT,133,332114.1,20823.0,0.0,200385.56,532499.66,0
7,CASH_OUT,134,53746.51,0.0,0.0,249933.37,303679.88,0
7,CASH_OUT,206,123261.09,52033.0,0.0,3828752.1,3952013.19,0
7,CASH_IN,39,72499.58,11226923.79,11299423.37,3994836.47,3922336.89,0
7,PAYMENT,325,22516.84,252148.37,229631.53,0.0,0.0,0
7,CASH_IN,503,393674.05,7272450.67,7666124.73,1312182.72,918508.67,0
7,PAYMENT,163,11450.78,186745.0,175294.22,0.0,0.0,0
7,CASH_OUT,44,295347.39,0.0,0.0,468988.65,764336.04,0
7,PAYMENT,589,4380.54,0.0,0.0,0.0,0.0,0
7,CASH_OUT,563,3200818.85,3200818.85,0.0,1537906.56,4738725.41,1
7,TRANSFER,13,408.0,408.0,0.0,0.0,226013.18,1
7,CASH_OUT,379,443521.29,0.0,0.0,7078095.04,7521616.33,0
7,CASH_OUT,140,168477.61,10865.0,0.0,0.0,168477.61,0
7,CASH_IN,129,254819.18,62031.0,316850.18,973504.82,319499.59,0
7,TRANSFER,344,2231580.5,2231580.5,0.0,0.0,0.0,1
7,TRANSFER,133,2678092.04,0.0,0.0,3709348.88,6387440.92,0
7,TRANSFER,301,769564.19,282263.0,0.0,197080.17,966644.36,0
7,PAYMENT,284,4226.12,321777.59,317551.48,0.0,0.0,0
7,PAYMENT,135,1816.52,49667.0,47850.48,0.0,0.0,0
7,PAYMENT,164,23079.92,0.0,0.0,0.0,0.0,0
7,CASH_IN,299,63591.82,3921984.42,3985576.24,75725.7,12133.87,0
7,CASH_IN,301,128450.04,1711059.09,1839509.13,250674.65,122224.61,0
7,CASH_IN,279,206056.61,515.0,206571.61,0.0,0.0,0
7,PAYMENT,382,7794.88,0.0,0.0,0.0,0.0,0
7,CASH_IN,309,2423.03,8865875.86,8868298.88,927929.49,925506.46,0
7,PAYMENT,379,3966.3,0.0,0.0,0.0,0.0,0
7,CASH_OUT,592,254919.08,0.0,0.0,17004453.01,17259372.09,0
7,PAYMENT,233,19616.59,83814.07,64197.48,0.0,0.0,0
7,CASH_IN,283,15919.08,3636562.28,3652481.36,352387.39,336468.31,0
7,CASH_IN,355,105805.02,145455.0,251260.02,1065843.81,960038.78,0
7,PAYMENT,40,3902.61,0.0,0.0,0.0,0.0,0
7,PAYMENT,17,3204.78,129445.21,126240.43,0.0,0.0,0
7,PAYMENT,681,22788.43,52776.0,29987.57,0.0,0.0,0
7,PAYMENT,20,27303.67,715.0,0.0,0.0,0.0,0
7,PAYMENT,328,30078.35,0.0,0.0,0.0,0.0,0
7,CASH_IN,12,35167.25,7818891.84,7854059.09,357861.87,322694.62,0
7,PAYMENT,93,18723.17,344735.47,326012.3,0.0,0.0,0
7,CASH_OUT,204,100061.43,0.0,0.0,3538576.79,3691710.52,0
7,PAYMENT,11,2837.65,53001.0,50163.35,0.0,0.0,0
7,PAYMENT,192,9044.14,0.0,0.0,0.0,0.0,0
7,CASH_OUT,350,481476.24,50448.0,0.0,17264130.45,17745606.69,0
7,CASH_OUT,15,224050.31,5455.0,0.0,178856.96,402907.27,0
7,PAYMENT,303,33513.23,21880.0,0.0,0.0,0.0,0
7,CASH_OUT,45,114818.92,0.0,0.0,249309.69,364128.61,0
7,CASH_OUT,377,150954.7,0.0,0.0,1330877.69,1481832.38,0
7,CASH_OUT,443,1591263.43,1591263.43,0.0,1147865.98,2739129.41,1
7,TRANSFER,245,124311.57,124311.57,0.0,0.0,0.0,1
7,CASH_OUT,9,32815.61,0.0,0.0,114609.27,0.0,0
7,PAYMENT,17,3219.16,0.0,0.0,0.0,0.0,0
7,CASH_OUT,181,111449.3,0.0,0.0,990815.1,1102264.41,0
7,CASH_OUT,306,456550.62,0.0,0.0,2052090.88,2508641.51,0
7,PAYMENT,130,124.33,0.0,0.0,0.0,0.0,0
7,TRANSFER,357,2753404.34,0.0,0.0,12541749.26,15295153.6,0
7,CASH_OUT,190,92523.91,0.0,0.0,780124.06,872647.98,0
7,PAYMENT,262,8217.31,16226.0,8008.69,0.0,0.0,0
7,CASH_OUT,206,215072.11,0.0,0.0,2385771.92,2600844.03,0
7,TRANSFER,274,209235.59,0.0,0.0,2848400.16,3057635.75,0
7,CASH_OUT,155,682309.83,682309.83,0.0,75517.04,757826.87,1
7,CASH_IN,305,256934.96,82639.0,339573.96,6339664.43,6082729.47,0
7,PAYMENT,350,12535.64,0.0,0.0,0.0,0.0,0
7,PAYMENT,213,12095.7,14693.0,2597.3,0.0,0.0,0
7,TRANSFER,227,361590.82,0.0,0.0,1100332.02,1461922.85,0
7,CASH_OUT,35,189205.83,2871.31,0.0,272579.92,315644.86,0
7,TRANSFER,186,16933.61,0.0,0.0,287502.27,304435.88,0
7,CASH_OUT,280,387686.08,0.0,0.0,4506951.94,4894638.02,0
7,CASH_OUT,226,126692.05,0.0,0.0,3295245.84,3421937.89,0
7,PAYMENT,552,15310.08,9098.0,0.0,0.0,0.0,0
7,TRANSFER,262,2642116.95,2642116.95,0.0,0.0,0.0,1
7,PAYMENT,283,7364.98,163054.0,155689.02,0.0,0.0,0
7,PAYMENT,396,12030.36,8678.0,0.0,0.0,0.0,0
7,CASH_OUT,181,240205.09,0.0,0.0,386816.93,627022.02,0
7,TRANSFER,404,932691.0,932691.0,0.0,0.0,0.0,1
7,CASH_IN,354,209642.51,14505.0,224147.51,256573.49,46930.97,0
7,PAYMENT,298,9308.08,0.0,0.0,0.0,0.0,0
7,PAYMENT,137,14753.25,0.0,0.0,0.0,0.0,0
7,CASH_OUT,232,292690.56,0.0,0.0,465288.26,757978.81,0
7,PAYMENT,204,2450.55,13993.0,11542.45,0.0,0.0,0
7,CASH_OUT,710,23134.17,23134.17,0.0,0.0,23134.17,1
7,CASH_IN,136,255615.48,10781.0,266396.48,48294.26,0.0,0
7,CASH_OUT,231,26568.92,0.0,0.0,947779.16,974348.08,0
7,CASH_OUT,661,368481.55,325218.16,0.0,3457901.53,3826383.08,0
7,CASH_OUT,403,22994.96,28596.0,5601.04,5918968.6,5941963.56,0
7,TRANSFER,33,2043141.49,0.0,0.0,6175086.07,8218227.56,0
7,PAYMENT,129,8559.97,4128.0,0.0,0.0,0.0,0
7,CASH_IN,237,7369.43,0.0,7369.43,1832594.18,1825224.75,0
7,PAYMENT,469,11323.55,55949.0,44625.45,0.0,0.0,0
7,TRANSFER,18,1144089.37,1144089.37,0.0,0.0,0.0,1
7,CASH_IN,40,69134.08,7483725.48,7552859.56,5287029.28,5217895.2,0
7,CASH_IN,321,104520.65,4097.0,108617.65,344253.46,239732.81,0
7,PAYMENT,522,9857.47,21699.0,11841.53,0.0,0.0,0
7,CASH_OUT,132,664690.49,358.0,0.0,0.0,664690.49,0
7,PAYMENT,140,5918.38,0.0,0.0,0.0,0.0,0
7,PAYMENT,227,6095.98,0.0,0.0,0.0,0.0,0
7,PAYMENT,226,23997.93,0.0,0.0,0.0,0.0,0
7,PAYMENT,403,7922.07,1759.0,0.0,0.0,0.0,0
7,CASH_OUT,236,66929.28,0.0,0.0,1826385.96,1893315.24,0
7,PAYMENT,283,7413.64,0.0,0.0,0.0,0.0,0
7,CASH_OUT,179,304693.48,508.0,0.0,1446714.01,1751407.49,0
7,CASH_IN,177,90373.78,17703.0,108076.78,0.0,0.0,0
7,PAYMENT,7,3482.48,40004.0,36521.52,0.0,0.0,0
7,PAYMENT,14,19144.43,37859.59,18715.16,0.0,0.0,0
7,CASH_OUT,158,41112.62,62945.0,21832.38,0.0,41112.62,0
7,CASH_IN,15,381420.8,20933.0,402353.8,2014532.5,1633111.7,0
7,CASH_IN,279,18106.79,150910.0,169016.79,749666.74,731559.95,0
7,CASH_IN,403,119876.8,15472231.54,15592108.34,353710.76,233833.96,0
7,CASH_OUT,306,203731.54,619150.0,415418.46,681759.25,885490.79,0
7,PAYMENT,265,2905.52,41604.0,38698.48,0.0,0.0,0
7,PAYMENT,431,7141.63,11305.0,4163.37,0.0,0.0,0
7,PAYMENT,46,2544.44,52196.0,49651.56,0.0,0.0,0
7,PAYMENT,205,639.88,20003.0,19363.12,0.0,0.0,0
7,CASH_OUT,156,561364.69,10926.0,0.0,0.0,561364.69,0
7,CASH_OUT,138,200070.47,112.0,0.0,0.0,200070.47,0
7,PAYMENT,403,34044.44,0.0,0.0,0.0,0.0,0
7,CASH_OUT,282,39856.66,25176.0,0.0,0.0,39856.66,0
7,PAYMENT,374,37970.68,0.0,0.0,0.0,0.0,0
7,CASH_IN,299,43486.16,5795862.5,5839348.67,721778.94,678292.77,0
7,PAYMENT,188,7882.7,5238.0,0.0,0.0,0.0,0
7,PAYMENT,321,16165.44,84.0,0.0,0.0,0.0,0
7,PAYMENT,44,4308.64,389.0,0.0,0.0,0.0,0
7,CASH_OUT,13,98939.89,21911.6,0.0,185102.59,284042.48,0
7,CASH_OUT,207,401142.92,2012.0,0.0,477287.03,878429.95,0
7,CASH_OUT,183,187289.21,0.0,0.0,2844852.42,3032141.62,0
7,CASH_OUT,186,290402.58,0.0,0.0,505270.33,795672.91,0
7,CASH_OUT,726,834495.09,834495.09,0.0,471101.6,1305596.69,1
7,CASH_IN,158,44329.38,12234.0,56563.38,138131.9,93802.52,0
7,PAYMENT,256,1702.79,12133.0,10430.21,0.0,0.0,0
7,PAYMENT,36,7245.5,116901.0,109655.5,0.0,0.0,0
7,TRANSFER,304,267615.08,0.0,0.0,400515.83,668130.91,0
7,PAYMENT,209,1386.76,0.0,0.0,0.0,0.0,0
7,TRANSFER,334,530485.77,0.0,0.0,2261430.57,2791916.34,0
7,CASH_IN,157,87330.23,1819570.19,1906900.42,1828542.56,1741212.33,0
7,CASH_OUT,618,114483.78,114483.78,0.0,780631.49,895115.27,1
7,CASH_OUT,165,126116.16,16443.0,0.0,456265.5,582381.66,0
7,PAYMENT,349,5290.13,0.0,0.0,0.0,0.0,0
7,CASH_IN,9,326414.97,12336603.44,12663018.4,707295.19,783004.27,0
7,CASH_OUT,211,154625.13,3616.0,0.0,166802.97,321428.09,0
7,TRANSFER,303,1366004.51,40101.0,0.0,0.0,1366004.51,0
7,CASH_IN,590,129881.32,1322929.51,1452810.83,948507.83,818626.51,0
7,CASH_OUT,500,109192.59,0.0,0.0,5150545.64,5259738.23,0
7,CASH_OUT,167,192596.59,0.0,0.0,242893.71,435490.3,0
7,CASH_IN,401,314399.48,133184.0,447583.48,1987354.23,1672954.75,0
7,CASH_IN,33,373150.49,5392056.6,5765207.09,1369975.98,996825.49,0
7,PAYMENT,326,10817.85,0.0,0.0,0.0,0.0,0
7,PAYMENT,353,8688.04,236435.93,227747.89,0.0,0.0,0
7,PAYMENT,135,9014.28,0.0,0.0,0.0,0.0,0
7,CASH_OUT,279,197441.93,143186.0,0.0,0.0,197441.93,0
7,TRANSFER,500,918717.73,0.0,0.0,7549031.08,8467748.8,0
7,PAYMENT,234,63819.65,222391.0,158571.35,0.0,0.0,0
7,CASH_IN,139,251904.42,26612340.83,26864245.24,2251926.0,2000021.59,0
7,PAYMENT,187,5254.38,38182.13,32927.74,0.0,0.0,0
7,PAYMENT,469,7211.52,0.0,0.0,0.0,0.0,0
7,CASH_OUT,404,182608.1,0.0,0.0,991947.98,1174556.08,0
7,PAYMENT,183,5339.91,10940.0,5600.09,0.0,0.0,0
7,PAYMENT,8,8521.3,22019.0,13497.7,0.0,0.0,0
7,PAYMENT,211,6261.64,7097.0,835.36,0.0,0.0,0
7,CASH_IN,132,348777.94,5622.0,354399.94,1633418.26,1284640.31,0
7,TRANSFER,424,5475018.52,5475018.52,0.0,0.0,0.0,1
7,CASH_OUT,372,59094.41,0.0,0.0,296180.73,355275.14,0
7,CASH_OUT,249,56847.17,56847.17,0.0,90721.64,147568.81,1
7,TRANSFER,393,208582.85,0.0,0.0,2217360.53,2425943.39,0
7,CASH_OUT,278,88948.92,50170.0,0.0,156469.85,245418.77,0
7,CASH_IN,380,147270.73,1562794.73,1710065.47,10271200.67,10123929.94,0
7,CASH_OUT,137,225388.63,7445.0,0.0,0.0,225388.63,0
7,CASH_OUT,612,11155.45,11155.45,0.0,1208791.84,1219947.29,1
7,PAYMENT,525,20702.1,15822.0,0.0,0.0,0.0,0
7,PAYMENT,22,21844.59,0.0,0.0,0.0,0.0,0
7,CASH_OUT,620,18405.16,18405.16,0.0,803683.91,822089.07,1
7,CASH_IN,259,148751.9,37531.0,186282.9,2067.8,0.0,0
7,CASH_OUT,210,4626.72,20073.0,15446.28,2721490.89,2726117.61,0
7,CASH_OUT,325,137420.74,0.0,0.0,4891048.0,5028468.74,0
7,PAYMENT,396,17726.93,0.0,0.0,0.0,0.0,0
7,CASH_OUT,178,832.98,0.0,0.0,51281.79,52114.77,0
7,TRANSFER,220,1179162.08,1179162.08,0.0,0.0,0.0,1
7,PAYMENT,377,26875.46,10354.0,0.0,0.0,0.0,0
7,PAYMENT,376,611.83,0.0,0.0,0.0,0.0,0
7,CASH_OUT,180,302120.48,0.0,0.0,429566.13,731686.61,0
7,CASH_OUT,157,118966.91,0.0,0.0,1534606.71,1853177.08,0
7,CASH_IN,379,147471.59,4373618.35,4521089.94,1284081.72,1136610.14,0
7,CASH_OUT,130,171051.06,41113.0,0.0,678367.21,849418.27,0
7,CASH_IN,298,213217.46,6916055.79,7129273.26,7124649.65,6911432.18,0
7,TRANSFER,355,2258460.72,5840.0,0.0,0.0,2258460.72,0
7,TRANSFER,304,10000000.0,50663.0,0.0,376297.51,40400717.0,0
7,PAYMENT,184,28689.7,1286.0,0.0,0.0,0.0,0
7,PAYMENT,259,6392.23,205950.0,199557.77,0.0,0.0,0
7,PAYMENT,694,1649.46,565799.9,564150.44,0.0,0.0,0
7,CASH_IN,39,232527.51,7998629.31,8231156.82,1483395.44,1253512.53,0
7,CASH_OUT,154,41168.54,0.0,0.0,1719052.27,1760220.81,0
7,CASH_IN,189,122389.96,38277.0,160666.96,82140.73,0.0,0
7,CASH_OUT,72,730574.39,730574.39,0.0,183897.18,914471.57,1
7,CASH_IN,332,126777.42,4587170.28,4713947.71,1387314.97,1260537.55,0
7,TRANSFER,226,2054495.6,120294.0,0.0,15062.26,2069557.86,0
7,CASH_OUT,565,125138.28,10243.0,0.0,874249.3,999387.58,0
7,CASH_OUT,133,722298.31,6954.0,0.0,376316.51,1098614.81,0
7,CASH_OUT,275,191303.7,126823.0,0.0,1787.89,193091.59,0
7,CASH_IN,183,171428.82,439334.31,610763.13,974164.94,802736.12,0
7,CASH_OUT,208,48685.95,0.0,0.0,1088776.56,1137462.51,0
7,TRANSFER,399,781785.21,70145.0,0.0,244404.32,1026189.53,0
7,CASH_IN,356,113139.63,32162.0,145301.63,4260824.13,4147684.5,0
7,CASH_IN,358,236446.99,6115414.01,6351861.0,2107302.85,1870855.86,0
7,CASH_OUT,328,151288.68,40937.0,0.0,16650.17,167938.84,0
7,PAYMENT,96,3330.33,35434.0,32103.67,0.0,0.0,0
7,CASH_OUT,573,19250.5,0.0,0.0,874352.12,893602.62,0
7,PAYMENT,327,34584.1,11692.0,0.0,0.0,0.0,0
7,CASH_OUT,303,173295.21,0.0,0.0,1380123.0,1553418.21,0
7,CASH_OUT,256,390032.35,16741.0,0.0,0.0,390032.35,0
7,PAYMENT,375,23367.69,463349.23,439981.55,0.0,0.0,0
7,TRANSFER,149,7188425.25,7188425.25,0.0,0.0,0.0,1
7,CASH_OUT,404,16254.01,34873.0,18618.99,817119.45,833373.47,0
7,CASH_OUT,356,36188.35,10229.0,0.0,5461893.85,5498082.2,0
7,CASH_OUT,324,98949.39,61090.0,0.0,264573.58,363522.97,0
7,CASH_OUT,139,52722.89,10781.0,0.0,0.0,52722.89,0
7,CASH_OUT,14,231250.58,0.0,0.0,971331.45,1000387.31,0
7,CASH_IN,162,150928.92,18159.0,169087.92,0.0,919428.92,0
7,CASH_OUT,327,100963.88,80534.3,0.0,518948.89,619912.77,0
7,CASH_OUT,332,402189.78,0.0,0.0,6264369.92,6666559.7,0
7,PAYMENT,231,12635.54,519949.52,507313.98,0.0,0.0,0
7,CASH_IN,159,52838.12,4154481.61,4207319.74,4699828.39,4646990.27,0
7,CASH_OUT,278,142969.05,0.0,0.0,1478150.09,1621119.14,0
7,PAYMENT,469,16209.88,50876.0,34666.12,0.0,0.0,0
7,TRANSFER,289,602807.17,602807.17,0.0,0.0,0.0,1
7,CASH_IN,34,13142.24,120095.0,133237.24,3016872.53,2839942.92,0
7,PAYMENT,322,36054.62,352.0,0.0,0.0,0.0,0
7,CASH_OUT,350,27055.21,0.0,0.0,618380.56,645435.77,0
7,CASH_OUT,263,180690.08,0.0,0.0,369255.84,549945.92,0
7,PAYMENT,15,10152.83,30474.0,20321.17,0.0,0.0,0
7,PAYMENT,39,11158.82,38108.0,26949.18,0.0,0.0,0
7,CASH_OUT,299,409215.09,114390.0,0.0,0.0,409215.09,0
7,TRANSFER,14,387921.55,5868.0,0.0,86184.0,135689.91,0
7,CASH_OUT,164,92713.02,95782.0,3068.98,215369.22,308082.24,0
7,CASH_IN,313,112079.18,3294876.68,3406955.86,1987011.03,1874931.84,0
7,PAYMENT,212,5190.66,23438.0,18247.34,0.0,0.0,0
7,TRANSFER,311,1606099.62,0.0,0.0,10047724.04,11653823.65,0
7,CASH_OUT,19,32674.54,51501.0,18826.46,857748.48,818959.75,0
7,TRANSFER,184,90346.05,90346.05,0.0,0.0,0.0,1
7,PAYMENT,183,12140.85,0.0,0.0,0.0,0.0,0
7,PAYMENT,41,23344.72,0.0,0.0,0.0,0.0,0
7,PAYMENT,550,5412.28,0.0,0.0,0.0,0.0,0
7,CASH_IN,153,6761.06,3032720.14,3039481.2,361523.48,97334.71,0
7,CASH_OUT,331,185560.21,15910.0,0.0,4058082.93,4243643.14,0
7,TRANSFER,449,1965786.11,1965786.11,0.0,0.0,0.0,1
7,CASH_OUT,500,198375.22,0.0,0.0,846353.42,1044728.64,0
7,PAYMENT,692,35499.69,136443.49,100943.8,0.0,0.0,0
7,CASH_OUT,41,131908.27,0.0,0.0,267330.99,399239.26,0
7,PAYMENT,138,11422.18,49794.0,38371.82,0.0,0.0,0
7,TRANSFER,278,107543.1,106228.0,0.0,225109.36,332652.46,0
7,CASH_IN,301,36334.28,25524124.6,25560458.88,57462.0,0.0,0
7,PAYMENT,201,409.68,740.0,330.32,0.0,0.0,0
7,CASH_OUT,11,439743.2,104294.0,0.0,2286629.98,5607213.97,0
7,PAYMENT,120,5469.85,9064.0,3594.15,0.0,0.0,0
7,CASH_OUT,43,27466.46,38409.0,10942.54,50011.67,77478.13,0
7,TRANSFER,172,1116508.49,1116508.49,0.0,0.0,0.0,1
7,TRANSFER,671,10000000.0,23441041.46,13441041.46,0.0,0.0,1
7,CASH_OUT,190,249578.94,42404.0,0.0,3248346.98,3497925.93,0
7,CASH_OUT,399,35181.44,375.0,0.0,332109.43,367290.87,0
7,CASH_IN,163,441139.14,6028.0,447167.14,0.0,0.0,0
7,CASH_OUT,397,215182.17,555145.0,339962.83,0.0,215182.17,0
7,TRANSFER,209,73444.79,0.0,0.0,7332579.26,7406024.05,0
7,CASH_OUT,305,137770.27,4541.0,0.0,10132630.65,10270400.92,0
7,TRANSFER,631,696575.46,696575.46,0.0,0.0,0.0,1
7,CASH_IN,163,45004.29,770.0,45774.29,28957.01,0.0,0
7,CASH_IN,361,212750.94,5534305.29,5747056.24,667821.22,455070.27,0
7,CASH_IN,331,150558.62,7005.0,157563.62,0.0,0.0,0
7,CASH_OUT,308,314797.66,0.0,0.0,722854.17,1037651.83,0
7,PAYMENT,264,2604.2,35502.5,32898.31,0.0,0.0,0
7,CASH_OUT,228,194242.86,104746.0,0.0,1850.85,196093.71,0
7,TRANSFER,332,220814.0,203999.57,0.0,2670713.72,2891527.72,0
7,CASH_OUT,405,149964.18,837745.0,687780.82,0.0,149964.18,0
7,CASH_IN,302,8171.67,30463.0,38634.67,69310.19,61138.52,0
7,CASH_IN,207,206921.99,6086345.17,6293267.16,1246969.96,1040047.97,0
7,CASH_OUT,256,11420.15,0.0,0.0,1033213.58,1044633.73,0
7,PAYMENT,207,41536.67,0.0,0.0,0.0,0.0,0
7,PAYMENT,162,15481.92,160.0,0.0,0.0,0.0,0
7,CASH_OUT,182,147733.37,27602.0,0.0,162068.53,309801.9,0
7,TRANSFER,13,276394.35,291892.0,15497.65,884599.74,1787350.73,0
7,CASH_IN,33,78836.72,1021.0,79857.72,1180577.18,1101740.46,0
7,TRANSFER,574,363170.76,1069.0,0.0,18584.5,381755.26,0
7,CASH_IN,370,405161.58,6648210.05,7053371.63,430181.52,25019.94,0
7,PAYMENT,259,12008.23,5642.58,0.0,0.0,0.0,0
7,CASH_OUT,260,88482.23,0.0,0.0,292292.87,380775.1,0
7,CASH_IN,349,100865.35,3204794.5,3305659.84,646866.45,546001.1,0
7,PAYMENT,323,62522.83,7.0,0.0,0.0,0.0,0
7,PAYMENT,283,15166.41,0.0,0.0,0.0,0.0,0
7,TRANSFER,396,1141277.52,302876.08,0.0,2370380.8,3511658.32,0
7,PAYMENT,252,5276.08,0.0,0.0,0.0,0.0,0
7,CASH_OUT,40,795068.35,129099.0,0.0,0.0,795068.35,0
7,PAYMENT,285,7275.67,305.0,0.0,0.0,0.0,0
7,CASH_OUT,258,2684142.41,2684142.41,0.0,209538.74,2893681.15,1
7,CASH_OUT,687,252216.37,11103.0,0.0,0.0,252216.37,0
7,CASH_OUT,546,166365.36,42324.0,0.0,111334.9,277700.27,0
7,PAYMENT,360,8749.0,126.0,0.0,0.0,0.0,0
7,PAYMENT,33,1420.15,0.0,0.0,0.0,0.0,0
7,CASH_OUT,228,145628.96,31766.0,0.0,0.0,145628.96,0
7,CASH_OUT,42,55848.72,0.0,0.0,113339.16,169187.87,0
7,CASH_IN,16,125578.58,111437.0,237015.58,615373.9,489795.32,0
7,CASH_OUT,619,347893.16,347893.16,0.0,0.0,347893.16,1
7,TRANSFER,140,53782.87,53782.87,0.0,0.0,0.0,1
7,CASH_OUT,214,144175.04,0.0,0.0,310206.07,454381.11,0
7,CASH_OUT,156,18918.45,100.0,0.0,0.0,18918.45,0
7,PAYMENT,93,2546.49,0.0,0.0,0.0,0.0,0
7,CASH_IN,39,17168.5,14663.0,31831.5,88815.5,71647.0,0
7,PAYMENT,232,21328.37,414314.0,392985.63,0.0,0.0,0
7,TRANSFER,35,161554.81,0.0,0.0,1503823.38,1665378.19,0
7,PAYMENT,401,9053.6,419831.83,410778.23,0.0,0.0,0
7,PAYMENT,189,1261.68,20588.0,19326.32,0.0,0.0,0
7,CASH_IN,324,247521.55,23049895.53,23297417.08,1102874.43,855352.88,0
7,TRANSFER,251,153357.53,113.0,0.0,0.0,153357.53,0
7,CASH_OUT,298,46510.98,300714.0,254203.02,1976716.51,2023227.49,0
7,CASH_OUT,16,266876.92,86485.0,0.0,3825685.37,4092562.29,0
7,TRANSFER,378,531121.82,51181.0,0.0,355539.19,886661.01,0
7,CASH_OUT,210,353709.82,0.0,0.0,10764875.53,11118585.35,0
7,PAYMENT,371,20174.43,0.0,0.0,0.0,0.0,0
7,CASH_OUT,132,347319.11,0.0,0.0,1758299.6,2105618.71,0
7,CASH_OUT,20,80153.17,33568.0,0.0,118035.0,0.0,0
7,CASH_OUT,129,150527.27,0.0,0.0,2057767.97,2208295.24,0
7,PAYMENT,161,6108.94,209580.68,203471.74,0.0,0.0,0
7,CASH_IN,374,175272.74,23566059.5,23741332.24,5716747.63,5541474.89,0
7,PAYMENT,377,9399.72,191451.0,182051.28,0.0,0.0,0
7,TRANSFER,36,886592.76,886592.76,0.0,0.0,0.0,1
7,PAYMENT,227,18793.78,110.0,0.0,0.0,0.0,0
7,CASH_IN,37,32424.85,12766600.38,12799025.23,1798195.1,1765770.25,0
7,TRANSFER,661,286483.38,20515.0,0.0,14602258.73,14888742.11,0
7,TRANSFER,204,513303.03,0.0,0.0,3464400.47,3977703.49,0
7,PAYMENT,211,3312.07,245743.0,242430.93,0.0,0.0,0
7,CASH_OUT,483,3488355.65,3488355.65,0.0,177670.78,3666026.43,1
7,TRANSFER,30,19016.22,19016.22,0.0,0.0,0.0,1
7,PAYMENT,37,12385.82,0.0,0.0,0.0,0.0,0
7,PAYMENT,573,8295.81,10506.0,2210.19,0.0,0.0,0
7,CASH_OUT,403,351315.5,0.0,0.0,2257103.85,2608419.36,0
7,CASH_IN,400,85746.88,111698.0,197444.88,16677.89,0.0,0
7,CASH_OUT,329,112667.53,41907.0,0.0,1090324.47,1202992.0,0
7,PAYMENT,370,1596.61,554957.0,553360.39,0.0,0.0,0
7,CASH_OUT,282,2159.61,0.0,0.0,670771.33,672930.94,0
7,PAYMENT,211,265.86,1939.47,1673.61,0.0,0.0,0
7,CASH_OUT,227,136729.18,0.0,0.0,183238.25,319967.43,0
7,PAYMENT,40,1623.58,0.0,0.0,0.0,0.0,0
7,CASH_IN,284,185769.27,20941.0,206710.27,629969.18,444199.91,0
7,PAYMENT,129,31148.41,408886.29,377737.88,0.0,0.0,0
7,PAYMENT,378,39873.32,308456.0,268582.68,0.0,0.0,0
7,TRANSFER,241,1061482.24,1061482.24,0.0,0.0,0.0,1
7,CASH_OUT,16,137282.93,0.0,0.0,2229970.33,2367253.26,0
7,PAYMENT,694,1447.06,15268.0,13820.94,0.0,0.0,0
7,CASH_OUT,332,72352.3,19749.0,0.0,78990.28,151342.58,0
7,CASH_IN,187,148996.96,14856.0,163852.96,67310.45,0.0,0
7,CASH_OUT,347,248612.05,50021.0,0.0,715059.95,963672.0,0
7,TRANSFER,331,85568.83,43125.0,0.0,0.0,85568.83,0
8,PAYMENT,9,36891.73,30876.0,0.0,0.0,0.0,0
8,PAYMENT,331,24619.91,64829.0,40209.09,0.0,0.0,0
8,PAYMENT,379,15081.8,6079.0,0.0,0.0,0.0,0
8,PAYMENT,378,7738.67,0.0,0.0,0.0,0.0,0
8,CASH_OUT,253,112029.67,84746.0,0.0,900613.79,1012643.45,0
8,PAYMENT,256,22934.5,1467.0,0.0,0.0,0.0,0
8,CASH_IN,43,42514.28,4149774.13,4192288.41,105855.62,63341.34,0
8,PAYMENT,17,13322.86,29400.71,16077.85,0.0,0.0,0
8,PAYMENT,403,8157.01,0.0,0.0,0.0,0.0,0
8,CASH_OUT,325,638857.86,97506.0,0.0,15651.75,654509.61,0
8,PAYMENT,380,2569.51,153279.0,150709.49,0.0,0.0,0
8,PAYMENT,379,10874.64,0.0,0.0,0.0,0.0,0
8,PAYMENT,180,6871.23,0.0,0.0,0.0,0.0,0
8,CASH_OUT,231,209665.23,0.0,0.0,458962.38,668627.6,0
8,PAYMENT,263,2916.58,48121.0,45204.42,0.0,0.0,0
8,PAYMENT,307,27472.24,0.0,0.0,0.0,0.0,0
8,TRANSFER,510,3425386.69,3425386.69,0.0,0.0,0.0,1
8,CASH_OUT,276,227634.54,0.0,0.0,272143.42,499777.96,0
8,CASH_IN,302,177884.93,8672585.59,8850470.53,6381969.15,6204084.21,0
8,PAYMENT,400,18739.82,29520.0,10780.18,0.0,0.0,0
8,CASH_OUT,648,468638.03,468638.03,0.0,3070090.72,3538728.75,1
8,CASH_OUT,324,348586.12,0.0,0.0,1713978.34,2062564.46,0
8,PAYMENT,184,5023.41,9417.0,4393.59,0.0,0.0,0
8,CASH_OUT,349,31288.49,0.0,0.0,3247469.41,3278757.9,0
8,CASH_OUT,328,146487.61,0.0,0.0,217456.04,363943.65,0
8,CASH_OUT,374,139145.5,0.0,0.0,232576.59,371722.09,0
8,CASH_OUT,104,655294.3,655294.3,0.0,1510159.85,2165454.15,1
8,PAYMENT,589,36833.1,15907.0,0.0,0.0,0.0,0
8,TRANSFER,153,269659.83,0.0,0.0,4317663.48,4587323.3,0
8,DEBIT,235,1191.6,21276.0,20084.4,1167063.94,1168255.54,0
8,TRANSFER,24,1349439.61,0.0,0.0,3635835.57,4985275.17,0
8,CASH_OUT,205,202332.0,1030.0,0.0,462320.05,664652.05,0
8,PAYMENT,373,34322.96,0.0,0.0,0.0,0.0,0
8,PAYMENT,358,1482.56,37429.0,35946.44,0.0,0.0,0
8,TRANSFER,38,95097.64,0.0,0.0,349047.27,444144.9,0
8,TRANSFER,215,218171.89,50037.0,0.0,5065826.73,5283998.62,0
8,CASH_OUT,284,61833.08,0.0,0.0,259917.31,592316.2,0
8,CASH_OUT,42,439502.56,0.0,0.0,781383.1,1220885.66,0
8,CASH_IN,226,186089.54,16375786.54,16561876.08,1104324.63,918235.1,0
8,CASH_IN,351,371476.07,49724.0,421200.07,9348.24,0.0,0
8,PAYMENT,277,11553.88,55813.0,44259.12,0.0,0.0,0
8,PAYMENT,186,5629.5,0.0,0.0,0.0,0.0,0
8,CASH_IN,331,206785.07,60356.0,267141.07,8419037.62,8212252.55,0
8,CASH_IN,156,369156.34,12833497.07,13202653.41,530039.71,160883.37,0
8,CASH_IN,351,62967.92,5750679.3,5813647.23,2601345.28,2538377.36,0
8,CASH_OUT,374,391747.86,0.0,0.0,3223966.51,3615714.38,0
8,CASH_OUT,590,18903.86,0.0,0.0,134691.99,153595.85,0
8,CASH_IN,371,242069.12,133217.0,375286.12,2274048.01,2031978.89,0
8,CASH_IN,260,119940.67,3823084.23,3943024.89,1194313.71,1074373.04,0
8,CASH_OUT,206,136428.38,0.0,0.0,142118.16,278546.55,0
8,CASH_OUT,283,14628.41,11995.0,0.0,209633.38,224261.78,0
8,CASH_OUT,285,410069.83,0.0,0.0,1058475.48,1468545.32,0
8,CASH_IN,164,142045.03,177828.0,319873.03,0.0,0.0,0
8,PAYMENT,42,24211.59,134984.28,110772.69,0.0,0.0,0
8,CASH_OUT,177,215268.16,0.0,0.0,3700485.53,3915753.7,0
8,PAYMENT,428,5647.56,50429.0,44781.44,0.0,0.0,0
8,CASH_OUT,692,282567.65,29994.0,0.0,761974.47,1044542.11,0
8,TRANSFER,44,1649818.97,1649818.97,0.0,0.0,0.0,1
8,PAYMENT,181,4860.3,0.0,0.0,0.0,0.0,0
8,PAYMENT,40,8652.45,0.0,0.0,0.0,0.0,0
8,CASH_IN,257,667388.51,10164.0,677552.51,726450.66,59062.15,0
8,CASH_IN,16,256722.24,8071498.75,8328220.99,1294471.09,1383839.35,0
8,TRANSFER,395,735644.07,0.0,0.0,844886.54,1580530.6,0
8,CASH_OUT,162,257749.44,21362.0,0.0,335626.46,593375.91,0
8,CASH_OUT,10,131401.93,0.0,0.0,817434.12,2839337.25,0
8,CASH_OUT,119,359956.09,0.0,0.0,600201.0,960157.1,0
8,CASH_IN,397,139226.44,6172826.13,6312052.56,217814.02,78587.59,0
8,CASH_OUT,136,199878.85,199878.85,0.0,403269.69,603148.54,1
8,PAYMENT,191,7965.92,167253.0,159287.08,0.0,0.0,0
8,PAYMENT,162,14003.14,217504.91,203501.77,0.0,0.0,0
8,DEBIT,354,10552.03,11645.0,1092.97,478231.87,488783.9,0
8,CASH_IN,355,67991.34,351320.0,419311.34,7747744.31,7679752.97,0
8,CASH_IN,153,68142.21,8618078.75,8686220.96,5587359.43,5519217.22,0
8,PAYMENT,211,4427.68,0.0,0.0,0.0,0.0,0
8,PAYMENT,164,5160.42,0.0,0.0,0.0,0.0,0
8,PAYMENT,190,3490.27,6652.97,3162.7,0.0,0.0,0
8,PAYMENT,144,2081.93,79727.0,77645.07,0.0,0.0,0
8,CASH_OUT,360,882011.04,882011.04,0.0,8202.09,890213.13,1
8,PAYMENT,356,13638.05,259.0,0.0,0.0,0.0,0
8,TRANSFER,317,681007.64,681007.64,0.0,0.0,0.0,1
8,PAYMENT,190,2219.29,11042.0,8822.71,0.0,0.0,0
8,CASH_IN,132,15637.28,410580.51,426217.8,485510.02,469872.73,0
8,CASH_IN,212,116489.63,12178110.15,12294599.78,892462.42,826143.02,0
8,PAYMENT,226,38671.64,0.0,0.0,0.0,0.0,0
8,CASH_OUT,114,2908264.69,2908264.69,0.0,2786059.72,5694324.4,1
8,CASH_OUT,525,114889.1,10170.0,0.0,92841.41,207730.51,0
8,CASH_OUT,504,262678.53,262678.53,0.0,577129.04,839807.57,1
8,PAYMENT,550,1596.38,0.0,0.0,0.0,0.0,0
8,PAYMENT,373,23370.1,12368.0,0.0,0.0,0.0,0
8,CASH_OUT,186,115116.61,0.0,0.0,407227.09,522343.7,0
8,TRANSFER,234,142390.9,1372.61,0.0,33079.0,175469.9,0
8,CASH_IN,397,402118.06,36944.0,439062.06,0.0,0.0,0
8,CASH_OUT,238,168399.25,0.0,0.0,699821.41,868220.66,0
8,CASH_OUT,330,303633.3,121555.65,0.0,392684.97,696318.27,0
8,PAYMENT,397,22453.76,452.0,0.0,0.0,0.0,0
8,TRANSFER,352,701509.98,59510.0,0.0,1247910.2,1949420.19,0
8,CASH_OUT,141,7438.84,50318.0,42879.16,320638.22,328077.05,0
8,CASH_OUT,15,174600.21,92364.0,0.0,415123.41,0.0,0
8,CASH_OUT,139,257037.9,0.0,0.0,3369653.79,3626691.69,0
8,PAYMENT,542,3176.49,7268.0,4091.51,0.0,0.0,0
8,PAYMENT,204,10065.27,106525.0,96459.73,0.0,0.0,0
8,PAYMENT,255,10331.71,50301.0,39969.29,0.0,0.0,0
8,CASH_OUT,404,21964.02,0.0,0.0,5639140.37,5661104.39,0
8,CASH_OUT,17,142142.93,196182.03,54039.1,296650.14,438793.07,0
8,TRANSFER,155,460161.02,95723.0,0.0,0.0,135707.11,0
8,CASH_OUT,378,218590.19,0.0,0.0,2978744.19,3197334.38,0
8,CASH_OUT,139,40195.88,70247.0,30051.12,0.0,40195.88,0
8,CASH_IN,401,48588.85,7206119.75,7254708.6,4953636.41,4905047.56,0
8,CASH_OUT,283,26322.25,0.0,0.0,1039300.29,1065622.54,0
8,CASH_IN,308,97320.07,6706521.61,6803841.69,588148.79,490828.72,0
8,PAYMENT,687,19611.51,1400.0,0.0,0.0,0.0,0
8,TRANSFER,161,526174.19,30710.0,0.0,0.0,526174.19,0
8,CASH_OUT,183,302535.36,85160.0,0.0,0.0,302535.36,0
8,CASH_OUT,564,320977.49,320977.49,0.0,0.0,320977.49,1
8,CASH_OUT,239,127096.93,0.0,0.0,1848736.99,1975833.92,0
8,PAYMENT,282,7976.76,11240.0,3263.24,0.0,0.0,0
8,CASH_OUT,324,262605.4,0.0,0.0,448314.27,710919.67,0
8,TRANSFER,253,1887123.82,21433.0,0.0,2065705.77,3952829.58,0
8,TRANSFER,599,763314.1,0.0,0.0,855002.76,1618316.86,0
8,CASH_OUT,15,93096.84,191013.0,97916.16,439699.46,532796.3,0
8,CASH_IN,334,123475.24,3721155.76,3844631.0,548037.97,424562.73,0
8,PAYMENT,304,18796.38,46482.0,27685.62,0.0,0.0,0
8,CASH_IN,328,185311.09,383.0,185694.09,303065.47,117754.37,0
8,PAYMENT,286,5482.02,60726.0,55243.98,0.0,0.0,0
8,PAYMENT,232,26083.6,31465.0,5381.4,0.0,0.0,0
8,PAYMENT,307,17586.45,90297.0,72710.55,0.0,0.0,0
8,CASH_OUT,206,60069.33,20843.0,0.0,681849.9,741919.23,0
8,CASH_OUT,370,178535.08,0.0,0.0,201796.84,380331.92,0
8,CASH_IN,154,122040.13,6063911.24,6185951.36,732797.38,610757.25,0
8,CASH_IN,393,62928.2,1199869.49,1262797.69,1499594.07,1436665.86,0
8,PAYMENT,161,12005.15,0.0,0.0,0.0,0.0,0
8,PAYMENT,12,23588.21,832024.47,808436.26,0.0,0.0,0
8,CASH_IN,22,101389.67,8548614.66,8650004.33,580996.16,479606.49,0
8,CASH_OUT,260,1612.63,48624.76,47012.13,347890.55,349503.18,0
8,CASH_IN,373,213848.02,23372.0,237220.02,72928.46,0.0,0
8,PAYMENT,229,1331.35,216086.63,214755.28,0.0,0.0,0
8,CASH_OUT,476,75316.98,19726.0,0.0,1401390.78,1476707.76,0
8,PAYMENT,592,27009.8,0.0,0.0,0.0,0.0,0
8,CASH_IN,322,254848.36,741310.8,996159.16,1483582.4,1228734.04,0
8,PAYMENT,185,5026.98,5092.0,65.02,0.0,0.0,0
8,PAYMENT,397,1811.46,0.0,0.0,0.0,0.0,0
8,CASH_IN,258,228515.19,68.0,228583.19,654490.47,425975.29,0
8,CASH_OUT,156,191895.7,143.0,0.0,0.0,191895.7,0
8,CASH_OUT,179,9545.49,1271.0,0.0,583146.66,592692.15,0
8,CASH_IN,395,314204.79,5531974.11,5846178.9,4305227.69,3991022.9,0
8,CASH_OUT,402,233541.38,0.0,0.0,2082736.07,2316277.44,0
8,CASH_OUT,331,291638.82,0.0,0.0,320851.11,612489.93,0
8,PAYMENT,374,11078.3,0.0,0.0,0.0,0.0,0
8,CASH_IN,281,137908.95,9531.0,147439.95,622702.31,484793.36,0
8,CASH_IN,14,110632.08,1327893.87,1438525.95,876172.8,481701.93,0
8,PAYMENT,164,14289.23,0.0,0.0,0.0,0.0,0
8,CASH_OUT,217,176232.62,0.0,0.0,560583.54,736816.16,0
8,PAYMENT,345,11652.89,700.0,0.0,0.0,0.0,0
8,CASH_IN,161,80538.05,344194.26,424732.31,1169049.68,1088511.63,0
8,TRANSFER,522,4006865.09,2317.0,0.0,5250922.79,9257787.88,0
8,CASH_OUT,325,354381.47,23991.0,0.0,148135.74,502517.21,0
8,CASH_OUT,40,10282.67,0.0,0.0,1268608.47,1278891.14,0
8,PAYMENT,182,412.9,0.0,0.0,0.0,0.0,0
8,CASH_IN,582,673857.14,4134170.96,4808028.1,2596210.78,1922353.65,0
8,PAYMENT,527,18726.41,0.0,0.0,0.0,0.0,0
8,CASH_OUT,370,110156.3,761.0,0.0,0.0,110156.3,0
8,CASH_OUT,188,323444.59,135508.0,0.0,0.0,323444.59,0
8,PAYMENT,369,28658.0,11970.0,0.0,0.0,0.0,0
8,CASH_OUT,236,75708.87,75708.87,0.0,4816.38,80525.25,1
8,TRANSFER,137,116284.93,107563.8,0.0,820774.14,937059.06,0
8,PAYMENT,349,46020.17,5665.0,0.0,0.0,0.0,0
8,TRANSFER,77,9039246.82,9039246.82,0.0,0.0,0.0,1
8,CASH_OUT,404,4186.36,33.0,0.0,0.0,4186.36,0
8,CASH_IN,184,159935.92,3730900.66,3890836.58,2814434.85,2654498.94,0
8,CASH_OUT,235,54170.75,32309.0,0.0,837553.86,891724.61,0
8,CASH_OUT,301,31386.8,0.0,0.0,84730.86,116117.65,0
8,PAYMENT,120,29663.79,112841.16,83177.38,0.0,0.0,0
8,TRANSFER,279,12621.09,0.0,0.0,195581.86,208202.95,0
8,CASH_IN,212,161450.94,125274.0,286724.94,4815939.94,4654489.0,0
8,CASH_IN,210,202654.64,2478784.47,2681439.12,2701797.0,2499142.35,0
8,CASH_OUT,203,55133.51,0.0,0.0,770865.74,825999.26,0
8,PAYMENT,186,11380.24,0.0,0.0,0.0,0.0,0
8,DEBIT,235,12751.42,497964.0,485212.58,1836244.32,1848995.74,0
8,CASH_IN,225,179414.67,9650468.09,9829882.76,199415.66,20000.99,0
8,CASH_OUT,231,135090.91,0.0,0.0,7357075.58,7492166.49,0
8,CASH_IN,306,459374.74,3847769.86,4307144.6,676984.26,217609.51,0
8,CASH_OUT,181,421655.31,49993.0,0.0,0.0,421655.31,0
8,TRANSFER,297,1034364.45,0.0,0.0,3452676.58,8516753.59,0
8,CASH_OUT,372,265000.81,30168.0,0.0,3123697.55,3388698.37,0
8,CASH_OUT,136,191415.53,0.0,0.0,248456.55,568538.63,0
8,TRANSFER,234,450489.27,450489.27,0.0,0.0,0.0,1
8,TRANSFER,307,997665.68,0.0,0.0,1466607.89,2464273.58,0
8,CASH_OUT,13,296160.58,14430.0,0.0,86147.48,382308.06,0
8,PAYMENT,10,15247.79,0.0,0.0,0.0,0.0,0
8,PAYMENT,133,1208.73,335477.42,334268.68,0.0,0.0,0
8,CASH_IN,256,336640.26,11227726.48,11564366.74,423020.89,86380.63,0
8,CASH_OUT,399,82437.01,0.0,0.0,4393391.18,4475828.18,0
8,CASH_OUT,240,30314.68,0.0,0.0,5049452.99,5079767.67,0
8,TRANSFER,163,915182.79,18524.0,0.0,0.0,929940.92,0
8,CASH_OUT,372,52969.93,0.0,0.0,4402882.66,4740946.84,0
8,CASH_IN,250,137379.4,26525922.65,26663302.05,531230.84,469490.78,0
8,PAYMENT,301,1786.32,0.0,0.0,0.0,0.0,0
8,CASH_OUT,166,274585.79,0.0,0.0,1674867.02,1949452.81,0
8,CASH_OUT,131,141118.51,10127.0,0.0,26748.48,167866.99,0
8,CASH_OUT,542,161790.88,70602.0,0.0,75066.82,236857.69,0
8,PAYMENT,681,1604.81,49121.0,47516.19,0.0,0.0,0
8,CASH_OUT,331,220387.93,0.0,0.0,287871.93,710982.77,0
8,CASH_OUT,301,119486.64,0.0,0.0,762993.05,882479.7,0
8,CASH_IN,354,122378.76,139726.0,262104.76,5279720.88,5157342.11,0
8,CASH_IN,211,226357.78,5258606.17,5484963.95,2286816.32,2060458.54,0
8,PAYMENT,274,7391.26,0.0,0.0,0.0,0.0,0
8,CASH_OUT,277,225187.64,0.0,0.0,616749.65,841937.29,0
8,PAYMENT,354,5048.59,28303.4,23254.81,0.0,0.0,0
8,PAYMENT,237,16676.95,0.0,0.0,0.0,0.0,0
8,CASH_OUT,144,612743.87,612743.87,0.0,311807.53,924551.41,1
8,CASH_OUT,33,124465.29,489.0,0.0,0.0,124465.29,0
8,CASH_IN,11,372007.76,665298.0,1037305.76,0.0,0.0,0
8,PAYMENT,42,7069.13,99747.3,92678.17,0.0,0.0,0
8,CASH_OUT,136,330523.82,11676.0,0.0,2911680.68,3242204.5,0
8,CASH_IN,216,7341.15,7604008.12,7611349.26,1515215.93,1507874.79,0
8,CASH_IN,400,93511.99,2510931.78,2604443.77,11520996.66,11427484.67,0
8,CASH_OUT,354,96948.08,13896.0,0.0,0.0,96948.08,0
8,CASH_OUT,17,185684.45,427721.93,242037.48,1431165.14,1567662.97,0
8,PAYMENT,371,9196.87,0.0,0.0,0.0,0.0,0
8,CASH_IN,323,90236.49,535359.0,625595.49,14051.38,0.0,0
8,CASH_OUT,348,237304.97,25189.0,0.0,0.0,237304.97,0
8,PAYMENT,181,17952.52,0.0,0.0,0.0,0.0,0
8,PAYMENT,304,10573.16,28073.33,17500.17,0.0,0.0,0
8,CASH_OUT,180,150784.98,19979.0,0.0,546752.59,697537.56,0
8,TRANSFER,596,196385.55,196385.55,0.0,0.0,0.0,1
8,CASH_IN,353,14526.44,69824.0,84350.44,0.0,0.0,0
8,CASH_IN,131,57110.34,14862.0,71972.34,0.0,0.0,0
8,PAYMENT,305,36962.38,306277.19,269314.81,0.0,0.0,0
8,TRANSFER,633,75480.15,75480.15,0.0,0.0,0.0,1
8,TRANSFER,324,132507.05,27.0,0.0,0.0,132507.05,0
8,CASH_OUT,332,305101.37,0.0,0.0,953214.44,1418132.28,0
8,CASH_IN,177,356504.32,25504.0,382008.32,3676117.29,3319612.97,0
8,CASH_OUT,378,55551.42,0.0,0.0,1728189.95,1783741.37,0
8,CASH_IN,166,287602.8,712282.9,999885.71,1233877.75,946274.95,0
8,TRANSFER,260,110800.72,0.0,0.0,1177771.08,1196106.58,0
8,PAYMENT,158,14985.64,0.0,0.0,0.0,0.0,0
8,PAYMENT,39,9055.51,0.0,0.0,0.0,0.0,0
8,CASH_IN,325,167765.27,886856.52,1054621.79,1183763.74,1015998.46,0
8,CASH_IN,20,97216.67,1933377.13,2030593.8,106205.24,8988.57,0
8,CASH_IN,331,219241.73,34653.0,253894.73,178886.9,0.0,0
8,PAYMENT,688,29715.09,3160.0,0.0,0.0,0.0,0
8,PAYMENT,285,6759.19,68426.0,61666.81,0.0,0.0,0
8,CASH_OUT,136,258445.22,0.0,0.0,827539.64,1034987.28,0
8,PAYMENT,162,12066.61,65457.88,53391.28,0.0,0.0,0
8,CASH_IN,396,251483.63,2534800.19,2786283.81,11518397.65,11266914.02,0
8,CASH_OUT,11,712202.75,228488.0,0.0,0.0,712202.75,0
8,CASH_OUT,371,219785.17,101325.0,0.0,819836.19,1039621.37,0
8,CASH_IN,185,188467.67,63775.0,252242.67,170186.39,0.0,0
8,PAYMENT,336,52.52,429381.0,429328.48,0.0,0.0,0
8,CASH_OUT,234,185539.42,213076.0,27536.58,0.0,185539.42,0
8,PAYMENT,227,8915.6,212219.0,203303.4,0.0,0.0,0
8,PAYMENT,232,10293.74,102659.0,92365.26,0.0,0.0,0
8,CASH_IN,356,26217.35,1318.0,27535.35,545105.15,518887.8,0
8,PAYMENT,204,12549.72,411317.24,398767.52,0.0,0.0,0
8,CASH_OUT,139,177327.85,91562.0,0.0,1361404.34,1538732.19,0
8,TRANSFER,230,285877.58,2923.0,0.0,235136.53,521014.12,0
8,TRANSFER,160,548161.93,548161.93,0.0,0.0,0.0,1
8,PAYMENT,43,20068.09,20635.0,566.91,0.0,0.0,0
8,PAYMENT,333,11431.16,0.0,0.0,0.0,0.0,0
8,TRANSFER,171,1777674.32,1777674.32,0.0,0.0,0.0,1
8,PAYMENT,157,88.04,85037.57,84949.53,0.0,0.0,0
8,PAYMENT,518,5637.52,22268.0,16630.48,0.0,0.0,0
8,CASH_IN,277,219978.52,10480.0,230458.52,173106.02,0.0,0
8,CASH_OUT,183,665570.82,145963.0,0.0,0.0,665570.82,0
8,CASH_OUT,334,155566.47,488.0,0.0,6089651.7,6245218.17,0
8,TRANSFER,410,206985.26,206985.26,0.0,0.0,0.0,1
8,CASH_OUT,375,471772.75,148565.0,0.0,0.0,471772.75,0
8,PAYMENT,264,1327.09,19919.0,18591.91,0.0,0.0,0
8,CASH_OUT,156,132052.87,71.0,0.0,136434.62,268487.49,0
8,PAYMENT,157,41655.01,0.0,0.0,0.0,0.0,0
8,PAYMENT,297,31151.15,0.0,0.0,0.0,0.0,0
8,PAYMENT,10,23383.44,175207.33,151823.89,0.0,0.0,0
8,PAYMENT,230,20507.44,11437.0,0.0,0.0,0.0,0
8,PAYMENT,119,10040.83,5018.0,0.0,0.0,0.0,0
8,CASH_OUT,213,223345.1,0.0,0.0,1196809.05,1420154.16,0
8,CASH_OUT,35,39320.52,957.0,0.0,7306515.75,7345836.27,0
8,CASH_IN,279,49212.23,14148210.99,14197423.22,635079.24,585867.01,0
8,PAYMENT,404,9324.61,139881.89,130557.28,0.0,0.0,0
8,CASH_OUT,250,227265.2,28534.0,0.0,528827.74,756092.95,0
8,PAYMENT,136,3359.63,0.0,0.0,0.0,0.0,0
8,CASH_OUT,13,454859.39,0.0,0.0,0.0,454859.39,1
8,CASH_OUT,250,177670.94,31368.0,0.0,54951.95,232622.89,0
8,DEBIT,330,2469.02,105487.0,103017.98,17621.14,20090.16,0
8,PAYMENT,276,23016.77,0.0,0.0,0.0,0.0,0
8,PAYMENT,349,19793.63,158233.31,138439.69,0.0,0.0,0
8,CASH_OUT,229,68066.87,400180.0,332113.13,0.0,68066.87,0
8,PAYMENT,130,21654.1,0.0,0.0,0.0,0.0,0
8,CASH_OUT,47,225850.53,225850.53,0.0,5063600.9,5289451.43,1
8,CASH_IN,10,82558.86,1194778.18,1277337.04,2858417.43,2442224.28,0
8,PAYMENT,15,43001.18,263487.8,220486.62,0.0,0.0,0
8,PAYMENT,276,16072.97,244601.43,228528.46,0.0,0.0,0
8,DEBIT,141,664.63,4915.0,4250.37,1830907.05,1831571.69,0
8,CASH_OUT,378,87596.21,0.0,0.0,336587.67,424183.88,0
8,TRANSFER,158,335914.84,342274.0,6359.16,0.0,335914.84,0
8,CASH_OUT,10,270429.92,18897.67,0.0,18095.0,0.0,0
8,PAYMENT,166,24326.75,0.0,0.0,0.0,0.0,0
8,PAYMENT,404,8836.36,0.0,0.0,0.0,0.0,0
8,CASH_OUT,379,260842.77,31015.0,0.0,40733.57,301576.34,0
8,CASH_OUT,391,47721.95,47721.95,0.0,39484.71,87206.65,1
8,TRANSFER,8,243886.42,0.0,0.0,263179.75,224286.07,0
8,CASH_IN,42,374479.31,4585.0,379064.31,0.0,0.0,0
8,PAYMENT,377,2640.61,0.0,0.0,0.0,0.0,0
8,CASH_OUT,42,55688.04,0.0,0.0,809902.05,865590.09,0
8,PAYMENT,258,1553.75,43591.96,42038.21,0.0,0.0,0
8,TRANSFER,288,722832.95,722832.95,0.0,0.0,0.0,1
8,CASH_OUT,327,31469.74,0.0,0.0,114789.98,146259.71,0
8,TRANSFER,82,5338583.38,5338583.38,0.0,0.0,0.0,1
8,CASH_OUT,355,220794.71,60790.0,0.0,297.0,348755.0,0
8,PAYMENT,10,12326.69,0.0,0.0,0.0,0.0,0
8,PAYMENT,273,9962.77,19195.13,9232.35,0.0,0.0,0
8,CASH_OUT,188,274354.34,20988.0,0.0,10125.59,232986.72,0
8,TRANSFER,45,298208.32,72891.0,0.0,163726.53,461934.85,0
8,PAYMENT,10,18833.26,0.0,0.0,0.0,0.0,0
8,CASH_IN,155,53794.18,0.0,53794.18,417263.24,188851.95,0
8,PAYMENT,369,18813.92,0.0,0.0,0.0,0.0,0
8,PAYMENT,45,731.09,0.0,0.0,0.0,0.0,0
8,DEBIT,281,7590.86,765351.96,757761.1,189170.45,196761.3,0
8,CASH_IN,19,36302.38,1513896.04,1550198.42,41902.51,5600.13,0
8,TRANSFER,287,405394.94,103147.0,0.0,45314.68,450709.62,0
8,TRANSFER,96,318389.11,2729.0,0.0,0.0,318389.11,0
8,PAYMENT,229,6394.2,0.0,0.0,0.0,0.0,0
8,CASH_OUT,284,236331.8,0.0,0.0,1625637.9,1861969.7,0
8,PAYMENT,594,17563.07,0.0,0.0,0.0,0.0,0
8,PAYMENT,311,8187.71,0.0,0.0,0.0,0.0,0
8,PAYMENT,351,10969.72,56086.0,45116.28,0.0,0.0,0
8,CASH_OUT,588,1064425.7,1064425.7,0.0,3187812.57,4252238.26,1
8,CASH_OUT,10,309208.88,0.0,0.0,11709983.18,12288884.52,0
8,CASH_OUT,328,229396.09,240.17,0.0,447549.65,676945.74,0
8,CASH_OUT,375,145260.56,0.0,0.0,2105979.56,2251240.12,0
8,TRANSFER,162,470444.36,44115.0,0.0,0.0,470444.36,0
8,CASH_IN,209,447212.76,5981030.51,6428243.27,599969.12,152756.36,0
8,CASH_OUT,203,397631.67,201270.53,0.0,999974.42,1397606.09,0
8,PAYMENT,20,2307.39,30011.0,27703.61,0.0,0.0,0
8,TRANSFER,396,574157.1,29.0,0.0,60178.14,634335.23,0
8,CASH_IN,180,73811.2,3739889.82,3813701.01,3059985.88,2986174.68,0
8,PAYMENT,162,34056.7,251321.0,217264.3,0.0,0.0,0
8,PAYMENT,278,51062.48,0.0,0.0,0.0,0.0,0
8,CASH_IN,12,441216.68,5448884.11,5890100.79,5697855.83,6382414.86,0
8,PAYMENT,309,30472.1,503784.0,473311.9,0.0,0.0,0
8,PAYMENT,286,9912.85,0.0,0.0,0.0,0.0,0
8,PAYMENT,19,11153.39,11310.0,156.61,0.0,0.0,0
8,CASH_OUT,403,81023.68,23344.0,0.0,75901.99,156925.66,0
8,CASH_OUT,131,145673.59,0.0,0.0,232546.35,378219.94,0
8,CASH_OUT,10,252251.38,1508.0,0.0,21.93,0.0,0
8,TRANSFER,374,346696.02,29945.0,0.0,0.0,346696.02,0
8,PAYMENT,42,5406.09,0.0,0.0,0.0,0.0,0
8,TRANSFER,325,147395.33,451689.06,304293.73,5128993.49,5276388.81,0
8,PAYMENT,275,8095.73,3766.0,0.0,0.0,0.0,0
8,CASH_IN,18,209236.68,207797.98,417034.66,473129.07,53900.25,0
8,CASH_OUT,226,140115.63,0.0,0.0,566144.37,706260.0,0
8,PAYMENT,155,4736.56,10515.0,5778.44,0.0,0.0,0
8,CASH_IN,40,248663.65,2031628.44,2280292.09,2298335.05,2049671.4,0
8,PAYMENT,17,1840.8,232396.98,230556.18,0.0,0.0,0
8,CASH_OUT,284,20359.37,9096.0,0.0,258566.91,278926.28,0
8,CASH_IN,253,175882.66,11700.0,187582.66,3561585.98,3385703.32,0
8,CASH_OUT,372,375047.75,29250.1,0.0,8514940.13,8889987.88,0
8,PAYMENT,140,1582.68,0.0,0.0,0.0,0.0,0
8,PAYMENT,96,1110.58,4892.0,3781.42,0.0,0.0,0
8,PAYMENT,139,15824.23,48895.28,33071.04,0.0,0.0,0
8,CASH_IN,281,52818.02,42228.0,95046.02,55442.69,2624.67,0
8,CASH_OUT,349,286463.71,0.0,0.0,856872.95,1143336.66,0
8,PAYMENT,163,6221.27,0.0,0.0,0.0,0.0,0
8,CASH_OUT,308,389897.94,0.0,0.0,4128219.91,4518117.85,0
8,DEBIT,406,5672.12,20514.0,14841.88,170155.67,175827.79,0
8,TRANSFER,312,6580427.81,6580427.81,0.0,0.0,0.0,1
8,CASH_IN,135,229215.8,20001.0,249216.8,3572153.4,3342937.6,0
8,CASH_IN,11,259224.4,22117497.93,22376722.33,1862783.36,1603558.96,0
8,CASH_OUT,401,362778.94,0.0,0.0,7763604.3,8126383.24,0
8,TRANSFER,260,388664.09,30940.44,0.0,1161292.71,1549956.8,0
8,PAYMENT,182,7173.99,14327.0,7153.01,0.0,0.0,0
8,CASH_OUT,378,123088.03,0.0,0.0,986563.87,1109651.9,0
8,CASH_OUT,136,281123.1,319793.0,38669.9,21127.69,302250.8,0
8,CASH_OUT,379,4129.76,21294.0,17164.24,9300770.85,9304900.61,0
8,CASH_IN,252,74599.75,1953637.23,2028236.97,302612.05,228012.31,0
8,CASH_OUT,37,252526.11,635082.08,382555.96,0.0,252526.11,0
8,PAYMENT,327,20362.58,44637.0,24274.42,0.0,0.0,0
8,PAYMENT,349,11941.0,53817.99,41876.99,0.0,0.0,0
8,DEBIT,236,2850.08,0.0,0.0,21778.12,24628.2,0
8,PAYMENT,347,28525.77,631814.4,603288.63,0.0,0.0,0
8,CASH_OUT,402,37809.54,17098.0,0.0,0.0,37809.54,0
8,CASH_IN,206,246712.93,135.0,246847.93,5157973.31,4911260.38,0
8,CASH_OUT,17,376477.71,148995.0,0.0,563.0,338295.49,0
8,CASH_OUT,96,106988.24,0.0,0.0,438268.64,545256.88,0
8,CASH_OUT,329,147949.04,30976.0,0.0,7022322.73,7170271.77,0
8,CASH_OUT,348,20667.79,0.0,0.0,225365.45,246033.23,0
8,CASH_OUT,298,45218.65,0.0,0.0,4031165.15,4076383.8,0
8,CASH_OUT,185,166448.17,82455.0,0.0,0.0,166448.17,0
8,PAYMENT,383,2689.46,0.0,0.0,0.0,0.0,0
8,PAYMENT,191,7032.75,0.0,0.0,0.0,0.0,0
8,PAYMENT,133,8672.09,145743.86,137071.77,0.0,0.0,0
8,PAYMENT,212,6248.26,70705.0,64456.74,0.0,0.0,0
8,CASH_IN,138,100001.84,15021572.15,15121573.99,1242897.94,1142896.09,0
8,TRANSFER,278,1905906.19,0.0,0.0,2639996.65,4545902.85,0
8,CASH_IN,686,273136.74,5498343.97,5771480.71,792983.78,519847.04,0
8,TRANSFER,175,895565.06,895565.06,0.0,0.0,0.0,1
8,CASH_OUT,557,3332748.16,3332748.16,0.0,5578716.58,8911464.74,1
8,PAYMENT,159,5155.87,0.0,0.0,0.0,0.0,0
8,CASH_OUT,207,175254.45,0.0,0.0,283819.98,459074.43,0
8,CASH_OUT,41,220064.27,277216.0,57151.73,27674637.8,27894702.07,0
8,CASH_IN,282,59463.83,4388724.77,4448188.6,166069.03,106605.2,0
8,CASH_OUT,350,252037.19,12034.0,0.0,2396494.7,2648531.89,0
8,TRANSFER,341,357824.01,357824.01,0.0,0.0,0.0,1
8,TRANSFER,341,127528.92,127528.92,0.0,0.0,0.0,1
8,CASH_OUT,37,32773.52,0.0,0.0,2016426.14,2049199.67,0
8,CASH_OUT,4,86070.17,86070.17,0.0,0.0,86070.17,1
8,PAYMENT,182,496.57,48301.0,47804.43,0.0,0.0,0
8,PAYMENT,567,11009.05,734.0,0.0,0.0,0.0,0
8,CASH_OUT,235,162599.81,2098.0,0.0,396957.45,559557.26,0
8,PAYMENT,373,8456.41,0.0,0.0,0.0,0.0,0
8,PAYMENT,34,29938.78,118714.0,88775.22,0.0,0.0,0
8,PAYMENT,10,9189.8,3372.0,0.0,0.0,0.0,0
8,PAYMENT,205,19777.44,10766.91,0.0,0.0,0.0,0
8,PAYMENT,277,926.35,214553.58,213627.23,0.0,0.0,0
8,CASH_IN,402,21610.29,16264.0,37874.29,4437065.74,4415455.45,0
8,CASH_OUT,10,22355.49,0.0,0.0,51921.0,83357.59,0
8,CASH_OUT,36,160408.0,122607.0,0.0,0.0,160408.0,0
8,CASH_OUT,80,972920.87,972920.87,0.0,21030.1,993950.97,1
8,CASH_IN,182,108928.34,2070551.16,2179479.5,312649.17,203720.83,0
8,CASH_OUT,133,256789.84,51845.0,0.0,577555.24,834345.08,0
8,CASH_OUT,282,48634.52,11917.0,0.0,369521.49,418156.0,0
8,CASH_IN,162,55424.12,51196.0,106620.12,0.0,0.0,0
8,PAYMENT,334,6751.29,582059.0,575307.71,0.0,0.0,0
8,CASH_IN,36,41588.75,4302689.37,4344278.12,415460.23,373871.48,0
8,CASH_OUT,327,201421.37,0.0,0.0,390383.18,591804.56,0
8,CASH_IN,522,101723.05,1685090.64,1786813.68,466778.5,365055.45,0
8,PAYMENT,33,4697.28,138597.0,133899.72,0.0,0.0,0
8,TRANSFER,16,167924.22,0.0,0.0,727948.5,662819.85,0
8,CASH_OUT,324,5503.06,0.0,0.0,223326.13,228829.2,0
8,CASH_OUT,181,211658.12,14446.0,0.0,0.0,211658.12,0
8,CASH_IN,154,197218.56,196735.0,393953.56,6011.73,0.0,0
8,CASH_OUT,285,146313.04,0.0,0.0,653937.84,800250.88,0
8,CASH_IN,542,241975.87,3049.0,245024.87,0.0,0.0,0
8,CASH_OUT,230,150803.61,54324.0,0.0,903765.86,1054569.47,0
8,CASH_OUT,251,106149.61,0.0,0.0,1396520.1,1532422.33,0
8,TRANSFER,337,623152.72,623152.72,0.0,0.0,0.0,1
8,CASH_OUT,16,386451.83,0.0,0.0,988976.09,3643619.77,0
8,CASH_OUT,258,282583.57,0.0,0.0,1074572.57,1357156.14,0
8,PAYMENT,709,10658.97,86918.0,76259.03,0.0,0.0,0
8,PAYMENT,356,1170.93,324.0,0.0,0.0,0.0,0
8,PAYMENT,396,896.75,80811.0,79914.25,0.0,0.0,0
8,PAYMENT,474,7692.58,0.0,0.0,0.0,0.0,0
8,PAYMENT,162,7687.59,0.0,0.0,0.0,0.0,0
8,PAYMENT,37,7008.61,51837.0,44828.39,0.0,0.0,0
8,PAYMENT,299,21578.15,33765.28,12187.14,0.0,0.0,0
8,PAYMENT,253,23320.66,47189.77,23869.1,0.0,0.0,0
8,CASH_OUT,330,253242.22,71040.0,0.0,4063015.58,4316257.81,0
8,CASH_OUT,19,89534.38,11504.0,0.0,0.0,128761.43,0
8,CASH_IN,155,357492.83,9840034.49,10197527.32,731093.73,373600.9,0
8,CASH_OUT,10,318155.4,15810.0,0.0,0.0,387431.66,0
8,CASH_OUT,65,385556.82,385556.82,0.0,60032.11,445588.93,1
8,PAYMENT,524,16962.29,254442.0,237479.71,0.0,0.0,0
8,CASH_OUT,187,111895.16,0.0,0.0,263355.95,375251.11,0
8,CASH_OUT,308,68821.53,0.0,0.0,11217842.31,11286663.84,0
8,CASH_OUT,500,45591.7,0.0,0.0,613260.37,658852.07,0
8,PAYMENT,260,5225.36,129763.26,124537.89,0.0,0.0,0
8,CASH_OUT,130,40108.04,0.0,0.0,1615446.93,1655554.97,0
8,CASH_OUT,18,179951.14,49956.0,0.0,269363.24,574161.83,0
8,CASH_OUT,235,214491.7,0.0,0.0,1825734.32,2040226.02,0
8,CASH_OUT,253,318033.04,5044.0,0.0,31793.71,349826.75,0
8,CASH_IN,163,13898.66,42031.0,55929.66,116742.24,102843.58,0
8,PAYMENT,301,11514.73,0.0,0.0,0.0,0.0,0
8,CASH_IN,42,437761.78,7109063.86,7546825.64,5057958.07,4620196.29,0
8,TRANSFER,175,47604.75,47604.75,0.0,0.0,0.0,1
8,PAYMENT,254,25978.59,0.0,0.0,0.0,0.0,0
8,CASH_OUT,135,217010.3,0.0,0.0,455106.81,1012294.87,0
8,PAYMENT,185,5403.87,4070.0,0.0,0.0,0.0,0
8,PAYMENT,375,1102.67,0.0,0.0,0.0,0.0,0
8,TRANSFER,397,2308938.84,57937.0,0.0,1438932.09,3747870.93,0
8,CASH_OUT,182,41631.59,60133.0,18501.41,25633.13,67264.72,0
8,CASH_OUT,16,207634.15,111524.0,0.0,0.0,315597.16,0
8,PAYMENT,156,14064.46,59064.29,44999.83,0.0,0.0,0
8,PAYMENT,540,21093.5,0.0,0.0,0.0,0.0,0
8,TRANSFER,183,680311.44,42673.0,0.0,0.0,680311.44,0
8,CASH_OUT,227,216754.6,0.0,0.0,411864.28,628618.88,0
8,PAYMENT,405,4956.02,61.0,0.0,0.0,0.0,0
8,CASH_OUT,525,356944.33,10833.0,0.0,2887625.59,3244569.92,0
8,TRANSFER,251,1044808.16,0.0,0.0,3093219.85,4138028.01,0
8,PAYMENT,688,14916.54,20055.0,5138.46,0.0,0.0,0
8,CASH_IN,322,131097.49,5754761.39,5885858.88,407843.07,276745.59,0
8,TRANSFER,658,82535.57,82535.57,0.0,0.0,0.0,1
8,CASH_IN,43,202526.83,134338.0,336864.83,16490.0,0.0,0
8,PAYMENT,161,16496.37,36063.3,19566.93,0.0,0.0,0
8,CASH_OUT,162,163808.2,5014.0,0.0,18910.29,182718.49,0
8,CASH_IN,186,26084.35,2069.0,28153.35,8204074.94,8177990.59,0
8,CASH_IN,134,277495.18,4957140.4,5234635.58,393379.87,115884.69,0
8,CASH_OUT,207,112613.78,108286.0,0.0,0.0,112613.78,0
8,TRANSFER,393,943252.09,10002.0,0.0,228669.02,1171921.11,0
8,TRANSFER,234,302594.95,53151.0,0.0,0.0,392524.76,0
8,CASH_OUT,133,136548.45,7603.0,0.0,447919.13,584467.58,0
8,TRANSFER,306,345181.55,52995.01,0.0,569489.16,914670.72,0
8,TRANSFER,161,777822.73,0.0,0.0,1225554.76,2003377.49,0
8,CASH_OUT,284,51250.51,1187.0,0.0,464909.52,516160.03,0
8,PAYMENT,138,7646.65,0.0,0.0,0.0,0.0,0
8,CASH_OUT,185,134777.97,0.0,0.0,3209954.76,3344732.73,0
8,PAYMENT,10,5089.33,104782.0,99692.67,0.0,0.0,0
8,PAYMENT,164,18553.15,403533.37,384980.23,0.0,0.0,0
8,PAYMENT,40,4736.81,0.0,0.0,0.0,0.0,0
8,CASH_IN,229,213260.29,71089.0,284349.29,0.0,0.0,0
8,CASH_OUT,393,110293.32,0.0,0.0,2280751.64,2391044.96,0
8,TRANSFER,130,872629.46,0.0,0.0,2846866.79,3719496.25,0
9,PAYMENT,258,530.92,151695.0,151164.08,0.0,0.0,0
9,CASH_OUT,211,110307.45,9685.0,0.0,1389057.63,1499365.08,0
9,CASH_OUT,688,103482.97,20175.0,0.0,0.0,103482.97,0
9,TRANSFER,656,84007.22,84007.22,0.0,0.0,0.0,1
9,TRANSFER,355,42483.97,42483.97,0.0,0.0,0.0,1
9,CASH_OUT,401,188407.52,10510.0,0.0,434677.4,623084.92,0
9,PAYMENT,263,10240.57,0.0,0.0,0.0,0.0,0
9,TRANSFER,60,45807.51,45807.51,0.0,0.0,0.0,1
9,PAYMENT,235,16124.58,60100.42,43975.84,0.0,0.0,0
9,TRANSFER,514,20090.94,0.0,0.0,2287905.81,2307996.75,0
9,CASH_OUT,180,4456.75,1572.0,0.0,16285.9,20742.65,0
9,TRANSFER,655,45758.71,45758.71,0.0,0.0,0.0,1
9,CASH_OUT,204,237980.79,300.0,0.0,0.0,237980.79,0
9,CASH_OUT,227,217247.99,14055.0,0.0,232915.12,785582.39,0
9,PAYMENT,687,6561.86,11639.0,5077.14,0.0,0.0,0
9,CASH_IN,403,74553.07,83092.83,157645.9,678530.24,603977.16,0
9,PAYMENT,12,28857.9,4260.71,0.0,0.0,0.0,0
9,CASH_OUT,373,181448.85,0.0,0.0,897819.01,1079267.87,0
9,CASH_IN,17,109662.35,2386046.06,2495708.41,2125277.25,2015614.9,0
9,CASH_IN,352,37735.52,10257.0,47992.52,750787.21,713051.7,0
9,CASH_OUT,315,76640.82,76640.82,0.0,0.0,76640.82,1
9,PAYMENT,232,4057.54,0.0,0.0,0.0,0.0,0
9,PAYMENT,44,12991.79,1115.0,0.0,0.0,0.0,0
9,PAYMENT,400,1408.23,0.0,0.0,0.0,0.0,0
9,CASH_IN,328,63082.33,345138.0,408220.33,0.0,0.0,0
9,PAYMENT,308,43923.03,0.0,0.0,0.0,0.0,0
9,CASH_OUT,444,541486.74,541486.74,0.0,0.0,541486.74,1
9,CASH_OUT,353,149202.41,0.0,0.0,6223190.06,6372392.47,0
9,PAYMENT,346,105802.36,69108.23,0.0,0.0,0.0,0
9,CASH_IN,11,191525.24,12533.0,204058.24,30494.11,0.0,0
9,CASH_OUT,38,16527.39,0.0,0.0,165771.13,182298.52,0
9,PAYMENT,350,41547.55,0.0,0.0,0.0,0.0,0
9,PAYMENT,358,9224.09,23427.0,14202.91,0.0,0.0,0
9,CASH_OUT,236,99808.74,95142.0,0.0,132041.25,231849.99,0
9,TRANSFER,36,50778.74,0.0,0.0,653733.35,704512.09,0
9,CASH_OUT,353,13785.43,10715.0,0.0,151023.26,164808.68,0
9,CASH_OUT,281,204778.86,204778.86,0.0,1325029.54,1529808.39,1
9,CASH_OUT,236,173929.33,22341.0,0.0,174527.79,348457.12,0
9,CASH_OUT,259,97129.03,29372.0,0.0,398655.46,495784.49,0
9,TRANSFER,349,1023356.77,1023356.77,0.0,0.0,0.0,1
9,PAYMENT,154,7558.2,2888.04,0.0,0.0,0.0,0
9,CASH_OUT,255,80522.49,0.0,0.0,103180.0,183702.49,0
9,CASH_OUT,325,270624.38,13627.0,0.0,0.0,270624.38,0
9,CASH_OUT,43,134555.73,0.0,0.0,1785802.07,1920357.8,0
9,CASH_OUT,281,68591.97,26760.0,0.0,3516135.41,3584727.38,0
9,PAYMENT,525,16741.45,108374.0,91632.55,0.0,0.0,0
9,PAYMENT,321,29216.15,0.0,0.0,0.0,0.0,0
9,CASH_OUT,282,13375.71,0.0,0.0,96769.79,110145.49,0
9,PAYMENT,681,3770.97,0.0,0.0,0.0,0.0,0
9,CASH_OUT,138,146000.09,47480.0,0.0,175856.11,321856.2,0
9,PAYMENT,251,65708.98,51754.0,0.0,0.0,0.0,0
9,CASH_OUT,130,199613.78,0.0,0.0,758768.58,958382.36,0
9,PAYMENT,41,25430.38,320791.22,295360.85,0.0,0.0,0
9,PAYMENT,37,38730.86,862.0,0.0,0.0,0.0,0
9,CASH_OUT,354,55785.84,0.0,0.0,3168284.02,3224069.85,0
9,PAYMENT,402,10593.37,404851.69,394258.32,0.0,0.0,0
9,CASH_IN,301,365487.79,5090.0,370577.79,0.0,0.0,0
9,CASH_OUT,132,12156.69,10182.0,0.0,203007.39,137457.22,0
9,CASH_OUT,545,148643.44,0.0,0.0,527574.96,676218.4,0
9,CASH_IN,41,49889.56,261419.75,311309.31,278136.53,228246.97,0
9,CASH_OUT,401,272377.2,0.0,0.0,2337346.96,2609724.17,0
9,CASH_OUT,727,124582.58,124582.58,0.0,320485.06,445067.64,1
9,CASH_OUT,201,104064.74,440.0,0.0,1542223.92,1646288.66,0
9,TRANSFER,164,687874.08,40083.0,0.0,0.0,687874.08,0
9,CASH_OUT,234,307298.75,32742.0,0.0,0.0,307298.75,0
9,PAYMENT,258,2112.49,0.0,0.0,0.0,0.0,0
9,CASH_IN,284,7897.58,12882432.24,12890329.82,362196.2,354298.62,0
9,TRANSFER,613,1005365.24,1005365.24,0.0,0.0,0.0,1
9,PAYMENT,709,3242.32,503178.0,499935.68,0.0,0.0,0
9,PAYMENT,233,14618.21,0.0,0.0,0.0,0.0,0
9,PAYMENT,354,2524.22,9560.0,7035.78,0.0,0.0,0
9,CASH_OUT,48,77415.76,0.0,0.0,202670.75,280086.5,0
9,CASH_OUT,282,17428.0,17428.0,0.0,93625.57,285154.96,1
9,CASH_OUT,495,58737.53,58737.53,0.0,887496.11,946233.64,1
9,CASH_OUT,346,217147.74,0.0,0.0,375841.86,592989.59,0
9,CASH_OUT,260,61709.95,15376.0,0.0,0.0,61709.95,0
9,CASH_OUT,400,196847.5,25155.0,0.0,8014870.53,8211718.03,0
9,CASH_IN,393,93210.13,2307461.98,2400672.11,136096.46,42886.33,0
9,PAYMENT,160,3751.53,100798.0,97046.47,0.0,0.0,0
9,CASH_IN,372,200621.65,19933.0,220554.65,0.0,0.0,0
9,CASH_IN,260,291691.0,212768.22,504459.22,690010.21,398319.21,0
9,CASH_OUT,234,269826.45,155.0,0.0,0.0,269826.45,0
9,CASH_IN,179,87782.8,16564.0,104346.8,0.0,0.0,0
9,CASH_OUT,209,437865.39,26046.0,0.0,0.0,437865.39,0
9,CASH_OUT,165,298782.81,0.0,0.0,2655568.29,2954351.1,0
9,CASH_OUT,207,96628.81,0.0,0.0,268966.51,365595.32,0
9,CASH_OUT,399,247373.82,0.0,0.0,2763124.35,3010498.17,0
9,PAYMENT,372,9080.93,14482.0,5401.07,0.0,0.0,0
9,CASH_OUT,205,74819.13,0.0,0.0,145332.24,220151.37,0
9,CASH_IN,355,367308.31,4684573.75,5051882.07,11713402.08,11346093.77,0
9,CASH_OUT,354,301480.07,0.0,0.0,4609095.13,4910575.2,0
9,DEBIT,404,5045.42,0.0,0.0,11527.42,16572.85,0
9,PAYMENT,383,7251.8,37565.0,30313.2,0.0,0.0,0
9,CASH_OUT,396,67609.38,0.0,0.0,301401.87,369011.25,0
9,PAYMENT,17,2051.51,0.0,0.0,0.0,0.0,0
9,CASH_IN,356,188307.25,416424.52,604731.77,2461852.27,2273545.01,0
9,CASH_IN,276,140975.43,4073506.26,4214481.69,472754.23,331778.8,0
9,CASH_IN,230,104907.7,5428370.01,5533277.71,1141136.51,756155.46,0
9,CASH_OUT,324,343219.69,52535.0,0.0,63128.27,406347.96,0
9,CASH_IN,358,246078.68,964729.13,1210807.81,3059288.65,2813209.96,0
9,PAYMENT,18,17168.32,90209.0,73040.68,0.0,0.0,0
9,PAYMENT,351,7359.36,0.0,0.0,0.0,0.0,0
9,CASH_OUT,34,311982.19,35698.0,0.0,158315.45,470297.64,0
9,PAYMENT,378,4977.59,29228.0,24250.41,0.0,0.0,0
9,CASH_IN,16,3677.2,1043.0,4720.2,470931.31,811212.71,0
9,CASH_OUT,134,324230.14,25000.0,0.0,357541.12,681771.26,0
9,CASH_IN,395,99412.97,21033.0,120445.97,256376.47,156963.5,0
9,CASH_OUT,140,156819.63,0.0,0.0,237487.08,394306.71,0
9,CASH_OUT,348,142939.12,0.0,0.0,1229379.92,1372319.03,0
9,PAYMENT,11,35537.79,21356.0,0.0,0.0,0.0,0
9,CASH_IN,232,140329.9,671.0,141000.9,2624433.18,2484103.28,0
9,CASH_OUT,530,19576.96,19576.96,0.0,762608.82,782185.77,1
9,CASH_OUT,514,589344.87,0.0,0.0,2615725.81,3205070.68,0
9,PAYMENT,329,15351.89,26359.91,11008.02,0.0,0.0,0
9,CASH_OUT,11,51277.04,0.0,0.0,2008012.31,2191516.77,0
9,TRANSFER,679,198383.8,198383.8,0.0,0.0,0.0,1
9,CASH_IN,299,134983.93,161799.0,296782.93,0.0,0.0,0
9,TRANSFER,210,599628.44,435.0,0.0,0.0,599628.44,0
9,PAYMENT,138,5189.36,357581.23,352391.86,0.0,0.0,0
9,TRANSFER,155,2060244.15,14737.0,0.0,110459.93,2170704.08,0
9,PAYMENT,18,3211.08,145159.85,141948.78,0.0,0.0,0
9,CASH_OUT,8,78889.66,36319.0,0.0,340.0,45842.95,0
9,CASH_OUT,378,89506.46,1845.0,0.0,0.0,89506.46,0
9,TRANSFER,719,479926.98,479926.98,0.0,0.0,0.0,1
9,PAYMENT,33,3746.39,148077.21,144330.82,0.0,0.0,0
9,CASH_OUT,11,396089.56,989.0,0.0,5509.0,401598.56,0
9,CASH_IN,300,598045.84,4862392.11,5460437.95,7562154.59,6964108.75,0
9,PAYMENT,302,26400.92,93803.0,67402.08,0.0,0.0,0
9,CASH_OUT,187,181296.1,1453.0,0.0,2407801.93,2589098.03,0
9,PAYMENT,324,13735.17,10372.0,0.0,0.0,0.0,0
9,CASH_OUT,163,7847.1,329551.0,321703.9,0.0,254434.31,0
9,CASH_IN,394,524455.01,10341794.58,10866249.59,1359741.16,835286.15,0
9,CASH_OUT,140,20500.66,5500.0,0.0,273688.82,294189.48,0
9,PAYMENT,183,6642.64,15747.0,9104.36,0.0,0.0,0
9,CASH_OUT,274,142282.96,37140.0,0.0,4174421.74,4316704.69,0
9,CASH_IN,13,76416.8,652098.88,728515.67,158051.73,81634.93,0
9,TRANSFER,406,669627.43,669627.43,0.0,0.0,0.0,1
9,CASH_OUT,302,286189.67,0.0,0.0,621888.14,908077.81,0
9,PAYMENT,335,5943.68,24743.82,18800.14,0.0,0.0,0
9,TRANSFER,188,197140.8,0.0,0.0,2221476.25,2418617.05,0
9,CASH_OUT,323,118707.36,0.0,0.0,1516127.11,1634834.47,0
9,PAYMENT,299,27430.71,108543.0,81112.29,0.0,0.0,0
9,PAYMENT,164,5816.19,216610.0,210793.81,0.0,0.0,0
9,CASH_IN,307,272150.98,28221.0,300371.98,579259.81,307108.84,0
9,CASH_IN,184,42980.05,494.0,43474.05,179524.75,136544.7,0
9,CASH_OUT,173,98634.75,98634.75,0.0,966049.7,1064684.45,1
9,CASH_OUT,10,331146.2,0.0,0.0,1335384.78,2235192.02,0
9,CASH_OUT,132,323995.29,547375.0,223379.71,196680.38,520675.66,0
9,CASH_IN,236,24788.08,1847983.0,1872771.08,2218635.5,2193847.41,0
9,CASH_IN,207,104961.04,17293.0,122254.04,105386.96,425.92,0
9,PAYMENT,249,1954.35,0.0,0.0,0.0,0.0,0
9,CASH_IN,154,66831.29,2473842.14,2540673.42,304486.55,237655.26,0
9,TRANSFER,603,1778520.7,1778520.7,0.0,0.0,0.0,1
9,CASH_IN,15,266329.54,1637160.48,1903490.01,725689.29,411727.74,0
9,CASH_OUT,138,256460.49,0.0,0.0,1207758.5,1464218.99,0
9,CASH_OUT,198,2634032.61,2634032.61,0.0,502216.16,3136248.77,1
9,CASH_OUT,354,41957.15,6841.0,0.0,0.0,41957.15,0
9,CASH_OUT,275,454053.56,0.0,0.0,779935.5,1233989.06,0
9,CASH_IN,281,97982.51,103430.0,201412.51,184879.57,86897.06,0
9,CASH_IN,138,266490.34,827250.85,1093741.19,2288020.69,2021530.35,0
9,CASH_IN,522,67807.94,267.0,68074.94,0.0,0.0,0
9,PAYMENT,153,7429.75,14948.63,7518.89,0.0,0.0,0
9,PAYMENT,298,6518.69,103868.0,97349.31,0.0,0.0,0
9,CASH_OUT,462,67921.66,67921.66,0.0,338544.14,406465.81,1
9,CASH_IN,283,74421.67,10127.0,84548.67,197204.08,122782.41,0
9,CASH_OUT,283,113054.22,0.0,0.0,4137834.54,4250888.76,0
9,CASH_IN,407,279472.08,2619685.62,2899157.69,995208.7,715736.63,0
9,CASH_OUT,179,160654.69,516.0,0.0,235733.51,605018.98,0
9,CASH_OUT,253,63825.53,0.0,0.0,117893.62,181719.15,0
9,CASH_OUT,16,654247.34,0.0,0.0,3635479.65,4556470.33,0
9,PAYMENT,345,2307.31,367476.34,365169.03,0.0,0.0,0
9,CASH_IN,404,165253.78,2388633.25,2553887.04,318491.83,153238.05,0
9,CASH_OUT,229,35061.91,0.0,0.0,768640.04,803701.95,0
9,CASH_OUT,179,31021.5,65916.0,34894.5,1088705.59,1119727.09,0
9,PAYMENT,211,20779.53,819792.0,799012.47,0.0,0.0,0
9,PAYMENT,273,2332.89,153975.0,151642.11,0.0,0.0,0
9,PAYMENT,178,3759.66,18250.0,14490.34,0.0,0.0,0
9,PAYMENT,157,7882.36,0.0,0.0,0.0,0.0,0
9,CASH_OUT,402,5705.0,0.0,0.0,79151.91,84856.91,0
9,CASH_OUT,202,6719.76,7449.0,729.24,542046.59,478793.64,0
9,CASH_OUT,386,6063657.03,6063657.03,0.0,1215280.38,7278937.41,1
9,CASH_IN,12,334938.12,19377.0,354315.12,955.0,0.0,0
9,CASH_OUT,346,105378.46,0.0,0.0,11627432.79,11732811.26,0
9,PAYMENT,14,9035.95,0.0,0.0,0.0,0.0,0
9,CASH_OUT,278,167769.55,79378.85,0.0,677755.57,845525.12,0
9,CASH_OUT,349,3309631.1,3309631.1,0.0,0.0,3309631.1,1
9,PAYMENT,10,5272.43,41661.0,36388.57,0.0,0.0,0
9,CASH_OUT,309,62180.18,0.0,0.0,765617.65,827797.83,0
9,CASH_OUT,161,254055.52,18926.55,0.0,1612644.15,1866699.67,0
9,PAYMENT,138,10688.49,0.0,0.0,0.0,0.0,0
9,PAYMENT,227,14587.83,0.0,0.0,0.0,0.0,0
9,CASH_OUT,325,41221.73,0.0,0.0,1788365.18,1829586.91,0
9,PAYMENT,301,20484.84,0.0,0.0,0.0,0.0,0
9,DEBIT,166,4929.08,36595.0,31665.92,78090.09,83019.17,0
9,PAYMENT,9,9919.86,0.0,0.0,0.0,0.0,0
9,PAYMENT,346,29443.72,0.0,0.0,0.0,0.0,0
9,CASH_OUT,305,11340.81,14101.0,2760.19,0.0,11340.81,0
9,CASH_OUT,307,107695.61,77510.0,0.0,0.0,107695.61,0
9,PAYMENT,552,6178.41,78382.78,72204.37,0.0,0.0,0
9,TRANSFER,210,647318.48,0.0,0.0,5607547.89,6254866.37,0
9,PAYMENT,19,5326.43,7186.0,1859.57,0.0,0.0,0
9,TRANSFER,229,743673.64,21429.0,0.0,433450.71,1177124.34,0
9,CASH_IN,250,394547.51,31176.0,425723.51,105344.55,0.0,0
9,CASH_IN,187,186180.95,6030294.64,6216475.59,351476.52,165295.57,0
9,CASH_OUT,632,82209.71,82209.71,0.0,841367.51,923577.22,1
9,CASH_IN,395,210318.2,18178065.41,18388383.62,572524.6,362206.39,0
9,TRANSFER,155,682309.83,682309.83,0.0,0.0,99994.39,1
9,CASH_IN,163,2830.6,2051431.77,2054262.38,1708636.72,1705806.12,0
9,PAYMENT,41,10568.82,0.0,0.0,0.0,0.0,0
9,TRANSFER,300,204889.4,210796.0,5906.6,266740.23,471629.64,0
9,CASH_OUT,44,932.53,22351.0,21418.47,0.0,932.53,0
9,CASH_OUT,140,65555.7,37434.94,0.0,218907.23,284462.93,0
9,PAYMENT,308,21205.74,33674.0,12468.26,0.0,0.0,0
9,CASH_OUT,328,361315.97,1105.0,0.0,253233.62,614549.59,0
9,CASH_OUT,300,222160.52,0.0,0.0,1363835.19,1585995.72,0
9,CASH_IN,42,156371.11,913636.61,1070007.72,1482753.1,1326381.99,0
9,PAYMENT,329,21651.81,0.0,0.0,0.0,0.0,0
9,TRANSFER,399,278176.79,0.0,0.0,411539.49,689716.28,0
9,CASH_OUT,161,386450.66,468324.0,81873.34,1723190.0,2109640.66,0
9,CASH_IN,404,7815.7,43113.0,50928.7,0.0,0.0,0
9,CASH_IN,495,304701.52,5429665.6,5734367.13,619966.16,315264.64,0
9,TRANSFER,639,305846.12,305846.12,0.0,0.0,0.0,1
9,PAYMENT,326,23441.94,2873.0,0.0,0.0,0.0,0
9,DEBIT,299,3437.27,0.0,0.0,194332.6,197769.87,0
9,PAYMENT,526,17765.24,0.0,0.0,0.0,0.0,0
9,PAYMENT,185,48523.69,432726.0,384202.31,0.0,0.0,0
9,CASH_IN,277,42779.39,10758.0,53537.39,8617628.91,8574849.51,0
9,TRANSFER,36,1684039.12,1684039.12,0.0,0.0,0.0,1
9,CASH_OUT,276,7650.05,8580.0,929.95,2327.91,9977.96,0
9,CASH_IN,212,384547.92,8529579.04,8914126.96,1222394.93,837847.01,0
9,CASH_IN,234,370539.48,157.0,370696.48,387639.22,17099.74,0
9,CASH_OUT,210,105583.93,0.0,0.0,899577.71,1005161.64,0
9,CASH_OUT,403,949979.11,949979.11,0.0,0.0,949979.11,1
9,CASH_IN,231,8621.68,5249586.21,5258207.89,45616.26,36994.58,0
9,CASH_IN,135,65079.72,227.0,65306.72,3139.48,0.0,0
9,PAYMENT,39,2463.42,0.0,0.0,0.0,0.0,0
9,PAYMENT,325,21853.14,0.0,0.0,0.0,0.0,0
9,CASH_IN,257,109843.49,36332.0,146175.49,75492.38,0.0,0
9,CASH_IN,204,107459.99,71076.0,178535.99,156684.6,49224.61,0
9,CASH_OUT,275,427297.47,0.0,0.0,6680113.0,7107410.46,0
9,CASH_OUT,332,90328.88,144181.68,53852.8,541090.83,631419.71,0
9,CASH_OUT,34,360656.17,0.0,0.0,1646999.92,1802131.96,0
9,CASH_OUT,277,130330.72,25.0,0.0,8476107.13,8606437.85,0
9,PAYMENT,225,4346.28,0.0,0.0,0.0,0.0,0
9,PAYMENT,394,37610.59,0.0,0.0,0.0,0.0,0
9,CASH_IN,359,803846.22,1799345.83,2603192.05,4823747.78,4019901.56,0
9,CASH_OUT,41,90801.63,356.0,0.0,8557059.09,8627282.74,0
9,PAYMENT,275,3948.53,8383.0,4434.47,0.0,0.0,0
9,CASH_OUT,32,2023920.09,2023920.09,0.0,1530400.88,3554320.97,1
9,PAYMENT,41,6094.73,0.0,0.0,0.0,0.0,0
9,CASH_IN,129,57896.06,6988508.1,7046404.17,68851.31,10955.24,0
9,PAYMENT,181,12965.61,0.0,0.0,0.0,0.0,0
9,PAYMENT,252,19175.04,0.0,0.0,0.0,0.0,0
9,TRANSFER,583,1764389.11,1764389.11,0.0,0.0,0.0,1
9,TRANSFER,178,741743.89,94545.0,0.0,413705.58,1155449.47,0
9,CASH_OUT,203,389839.81,223527.39,0.0,640562.1,1030401.91,0
9,PAYMENT,157,5902.82,0.0,0.0,0.0,0.0,0
9,CASH_OUT,354,372205.66,0.0,0.0,773011.73,1145217.38,0
9,CASH_OUT,235,67076.32,38213.39,0.0,374615.54,441691.86,0
9,CASH_OUT,332,156783.84,65096.0,0.0,1592994.66,1749778.5,0
9,CASH_OUT,348,301779.8,312622.0,10842.2,5796823.47,6098603.27,0
9,CASH_IN,249,232987.21,8081913.91,8314901.12,1043805.79,810818.57,0
9,CASH_OUT,404,121211.16,1035.0,0.0,606978.1,728189.26,0
9,TRANSFER,399,723285.41,0.0,0.0,2506845.77,3230131.18,0
9,PAYMENT,273,5430.32,20625.0,15194.68,0.0,0.0,0
9,CASH_OUT,258,80642.18,20644.0,0.0,487830.67,568472.85,0
9,CASH_IN,209,294375.84,1555777.36,1850153.21,299287.44,4911.6,0
9,TRANSFER,15,747282.4,747282.4,0.0,0.0,0.0,1
9,CASH_IN,324,231146.11,42358.0,273504.11,703774.12,121417.01,0
9,TRANSFER,330,292599.86,0.0,0.0,431268.84,723868.69,0
9,CASH_OUT,227,399735.59,75001.0,0.0,84179.03,483914.62,0
9,CASH_OUT,489,101081.12,101081.12,0.0,1031759.71,1132840.83,1
9,TRANSFER,376,6861579.92,168559.0,0.0,154666.06,7016245.98,0
9,TRANSFER,353,1880424.35,18652.0,0.0,4277578.83,6158003.18,0
9,PAYMENT,403,2860.81,9360.0,6499.19,0.0,0.0,0
9,CASH_OUT,441,1043934.97,1043934.97,0.0,9298003.36,10341938.33,1
9,PAYMENT,520,64834.79,0.0,0.0,0.0,0.0,0
9,CASH_OUT,282,33094.53,0.0,0.0,76140.65,109235.18,0
9,CASH_OUT,378,23127.16,105254.0,82126.84,0.0,23127.16,0
9,TRANSFER,657,2429711.09,2429711.09,0.0,0.0,0.0,1
9,PAYMENT,164,19302.9,0.0,0.0,0.0,0.0,0
9,CASH_OUT,316,72665.95,72665.95,0.0,31012.3,103678.25,1
9,CASH_OUT,135,180193.11,90596.0,0.0,0.0,180193.11,0
9,PAYMENT,370,7799.48,0.0,0.0,0.0,0.0,0
9,PAYMENT,177,5873.05,681.0,0.0,0.0,0.0,0
9,CASH_OUT,510,3178881.71,3178881.71,0.0,0.0,3178881.71,1
9,CASH_OUT,371,584165.71,0.0,0.0,2431099.37,3015265.09,0
9,CASH_OUT,203,249705.2,587379.56,337674.36,986323.81,1236029.0,0
9,CASH_OUT,448,111096.41,0.0,0.0,706172.48,817268.89,0
9,CASH_OUT,231,13962.0,13962.0,0.0,0.0,13962.0,1
9,CASH_OUT,214,2582313.07,2582313.07,0.0,1640.53,2583953.6,1
9,CASH_IN,254,78514.91,789665.19,868180.1,162585.88,84070.97,0
9,CASH_IN,181,168631.44,15656.0,184287.44,144196.46,0.0,0
9,CASH_OUT,274,275996.16,0.0,0.0,1544837.77,1820833.93,0
9,CASH_OUT,188,424998.12,0.0,0.0,1011813.45,1436811.58,0
9,CASH_OUT,307,126347.51,17842.0,0.0,0.0,126347.51,0
9,CASH_OUT,249,18143.25,51332.0,33188.75,327396.36,345539.61,0
9,CASH_OUT,322,92955.81,0.0,0.0,8135595.88,8228551.68,0
9,CASH_OUT,397,120289.87,0.0,0.0,1474950.65,1595240.52,0
9,CASH_OUT,234,11840.76,0.0,0.0,98637.68,110478.44,0
9,CASH_IN,186,185556.39,4365681.25,4551237.64,1020108.37,834551.97,0
9,PAYMENT,163,22506.11,25834.9,3328.79,0.0,0.0,0
9,CASH_IN,162,94242.87,10597.0,104839.87,1725098.38,1630855.51,0
9,CASH_IN,37,273612.02,10539995.88,10813607.9,575631.41,302019.4,0
9,PAYMENT,210,1970.23,0.0,0.0,0.0,0.0,0
9,CASH_IN,333,363212.28,5613851.68,5977063.97,1010248.3,647036.02,0
9,PAYMENT,353,11949.26,2189.0,0.0,0.0,0.0,0
9,CASH_OUT,137,486959.97,0.0,0.0,2083486.29,2570446.26,0
9,CASH_OUT,463,1168274.14,1168274.14,0.0,0.0,1168274.14,1
9,PAYMENT,155,22606.48,13948.0,0.0,0.0,0.0,0
9,CASH_OUT,298,101806.07,0.0,0.0,2099074.82,2200880.9,0
9,CASH_OUT,419,3118811.65,3118811.65,0.0,1163983.03,4282794.68,1
9,CASH_IN,17,116050.69,20201.0,136251.69,65545.63,0.0,0
9,CASH_OUT,260,127828.31,0.0,0.0,262288.92,390117.23,0
9,PAYMENT,403,28600.61,100.0,0.0,0.0,0.0,0
9,CASH_OUT,140,460853.79,0.0,0.0,667525.3,1128379.1,0
9,CASH_IN,260,63758.83,5500.0,69258.83,0.0,0.0,0
9,PAYMENT,356,3152.22,22111.0,18958.78,0.0,0.0,0
9,CASH_OUT,187,41555.86,0.0,0.0,412536.09,454091.95,0
9,CASH_OUT,354,350258.02,0.0,0.0,1822023.57,2172281.59,0
9,PAYMENT,302,26252.97,163850.27,137597.29,0.0,0.0,0
9,CASH_OUT,203,84367.38,0.0,0.0,778748.17,863115.55,0
9,CASH_OUT,95,87999.25,87999.25,0.0,0.0,87999.25,1
9,CASH_OUT,370,23613.92,133771.0,110157.08,2754095.51,2777709.43,0
9,PAYMENT,12,27639.47,0.0,0.0,0.0,0.0,0
9,CASH_OUT,17,29477.73,277848.0,248370.27,996906.16,1026383.88,0
9,PAYMENT,11,380.9,277.62,0.0,0.0,0.0,0
9,CASH_IN,225,54115.47,6615737.29,6669852.76,160145.47,106030.0,0
9,CASH_IN,260,102745.22,6585.51,109330.72,6495684.33,6392939.12,0
9,CASH_OUT,451,281130.81,10371.0,0.0,1342280.4,1623411.21,0
9,PAYMENT,48,1624.03,103696.0,102071.97,0.0,0.0,0
9,CASH_OUT,178,21931.31,0.0,0.0,1894062.79,1915994.1,0
9,CASH_OUT,588,119126.06,32122.0,0.0,888379.04,1007505.1,0
9,CASH_OUT,274,212326.13,100144.0,0.0,0.0,212326.13,0
9,PAYMENT,36,17117.87,19028.0,1910.13,0.0,0.0,0
9,CASH_OUT,17,121437.35,0.0,0.0,314196.08,435633.43,0
9,CASH_OUT,252,83832.2,0.0,0.0,5734236.5,5818068.7,0
9,CASH_OUT,168,7513581.46,7513581.46,0.0,1190957.66,8704539.12,1
9,CASH_IN,203,146178.06,14605.0,160783.06,0.0,0.0,0
9,CASH_IN,306,507784.64,142.0,507926.64,0.0,0.0,0
9,CASH_IN,157,47106.79,2335990.98,2383097.77,662578.26,615471.47,0
9,PAYMENT,19,4200.35,77184.09,72983.74,0.0,0.0,0
9,CASH_OUT,257,90441.59,40791.0,0.0,560876.36,651317.95,0
9,PAYMENT,189,1353.49,0.0,0.0,0.0,0.0,0
9,CASH_OUT,377,74645.49,0.0,0.0,159064.03,233709.52,0
9,CASH_OUT,154,599645.76,38928.07,0.0,1272789.29,1872435.05,0
9,CASH_IN,233,74869.91,504912.66,579782.57,174134.42,99264.52,0
9,PAYMENT,375,26150.92,113697.0,87546.08,0.0,0.0,0
9,CASH_OUT,218,7983958.34,7983958.34,0.0,792097.13,8776055.47,1
9,CASH_IN,305,342676.64,94.0,342770.64,0.0,0.0,0
9,CASH_OUT,209,148799.51,217.0,0.0,0.0,148799.51,0
9,CASH_OUT,299,166851.59,3002.0,0.0,0.0,166851.59,0
9,PAYMENT,20,32072.25,0.0,0.0,0.0,0.0,0
9,TRANSFER,372,313965.53,0.0,0.0,1271700.1,1585665.62,0
9,PAYMENT,298,11342.43,0.0,0.0,0.0,0.0,0
9,PAYMENT,331,1189.04,9191.47,8002.42,0.0,0.0,0
9,CASH_OUT,280,145283.39,271352.0,126068.61,500490.08,645773.46,0
9,PAYMENT,208,15902.18,32918.33,17016.15,0.0,0.0,0
9,PAYMENT,356,5029.94,0.0,0.0,0.0,0.0,0
9,PAYMENT,39,2978.63,173228.0,170249.37,0.0,0.0,0
9,PAYMENT,39,16849.14,0.0,0.0,0.0,0.0,0
9,CASH_OUT,157,442909.7,112.0,0.0,0.0,1245416.83,0
9,DEBIT,180,310.98,52539.0,52228.02,50116.92,50427.9,0
9,CASH_OUT,284,451484.93,0.0,0.0,1983451.27,2434936.2,0
9,TRANSFER,7,21571.0,21571.0,0.0,0.0,0.0,1
9,DEBIT,180,5502.69,0.0,0.0,201905.12,207407.81,0
9,TRANSFER,350,49000.37,12897.0,0.0,1598331.81,1647332.19,0
9,CASH_OUT,96,21841.44,0.0,0.0,130416.8,152258.24,0
9,CASH_OUT,161,327168.79,42049.0,0.0,4607009.18,5006878.89,0
9,CASH_OUT,277,146666.24,294004.0,147337.76,127358.81,274025.05,0
9,TRANSFER,235,2093400.98,20223.0,0.0,1451354.8,3544755.78,0
9,CASH_OUT,394,311419.7,0.0,0.0,537187.08,848606.78,0
9,PAYMENT,330,21265.09,98420.0,77154.91,0.0,0.0,0
9,CASH_OUT,328,444750.81,50990.0,0.0,275198.34,719949.15,0
9,PAYMENT,373,22833.03,71245.0,48411.97,0.0,0.0,0
9,TRANSFER,718,109556.25,201974.0,92417.75,0.0,109556.25,0
9,TRANSFER,277,1105334.22,0.0,0.0,5141217.89,6246552.11,0
9,CASH_IN,303,195072.13,6226691.14,6421763.26,5003461.45,4808389.32,0
9,PAYMENT,181,1482.37,0.0,0.0,0.0,0.0,0
9,CASH_OUT,381,119088.25,0.0,0.0,249656.32,368744.57,0
9,PAYMENT,395,11506.87,74947.64,63440.77,0.0,0.0,0
9,CASH_OUT,42,14454.19,5456.0,0.0,670495.05,684949.24,0
9,CASH_OUT,260,166704.98,0.0,0.0,737803.3,904508.29,0
9,CASH_OUT,157,113892.01,428.0,0.0,616816.74,627494.19,0
9,CASH_IN,210,239599.27,10408385.06,10647984.34,1479983.72,1240384.45,0
9,CASH_OUT,444,10000000.0,10000000.0,0.0,0.0,10000000.0,1
9,CASH_OUT,186,561149.9,561149.9,0.0,0.0,561149.9,1
9,PAYMENT,16,22049.11,12950.0,0.0,0.0,0.0,0
9,CASH_OUT,259,135531.39,652806.02,517274.63,300513.84,436045.23,0
9,PAYMENT,45,4891.16,236106.9,231215.74,0.0,0.0,0
9,CASH_OUT,399,149777.74,0.0,0.0,24912498.18,25062275.92,0
9,CASH_IN,134,167860.61,72315.0,240175.61,9806.65,0.0,0
9,CASH_OUT,11,162765.71,50479.0,0.0,64461.0,0.0,0
9,PAYMENT,281,2806.24,113.0,0.0,0.0,0.0,0
9,CASH_OUT,190,264014.3,0.0,0.0,356936.0,620950.3,0
9,TRANSFER,232,641958.29,0.0,0.0,1575332.79,2217291.08,0
9,PAYMENT,135,17115.75,114469.0,97353.25,0.0,0.0,0
9,PAYMENT,300,17052.38,86129.0,69076.62,0.0,0.0,0
9,CASH_OUT,213,386195.78,0.0,0.0,3639265.53,4025461.31,0
9,CASH_OUT,201,329973.34,200935.0,0.0,2032810.54,2362783.88,0
9,PAYMENT,203,12023.03,21944.78,9921.76,0.0,0.0,0
9,DEBIT,160,2382.78,40473.0,38090.22,22061.92,24444.7,0
9,PAYMENT,12,14595.13,10667.0,0.0,0.0,0.0,0
9,CASH_IN,596,264562.24,2151122.15,2415684.39,909746.9,645184.66,0
9,PAYMENT,15,9211.68,0.0,0.0,0.0,0.0,0
9,CASH_OUT,189,174838.04,0.0,0.0,258234.37,433072.41,0
9,PAYMENT,137,18969.22,200934.46,181965.24,0.0,0.0,0
9,CASH_OUT,226,424267.81,63100.0,0.0,692906.89,1117174.7,0
9,TRANSFER,451,4588413.59,0.0,0.0,10294545.28,14882958.87,0
9,PAYMENT,251,4083.54,70439.0,66355.46,0.0,0.0,0
9,PAYMENT,136,25308.18,301839.31,276531.13,0.0,0.0,0
9,CASH_IN,36,64148.21,102590.0,166738.21,863676.31,799528.09,0
9,CASH_OUT,352,50900.4,0.0,0.0,633671.35,684571.75,0
9,CASH_IN,160,372923.52,99222.0,472145.52,0.0,0.0,0
9,PAYMENT,400,3678.78,0.0,0.0,0.0,0.0,0
9,CASH_OUT,330,48094.28,0.0,0.0,2746791.22,2794885.5,0
9,TRANSFER,698,2360965.74,2360965.74,0.0,0.0,0.0,1
9,PAYMENT,212,18444.77,205009.0,186564.23,0.0,0.0,0
9,PAYMENT,371,24135.93,12906.0,0.0,0.0,0.0,0
9,PAYMENT,159,9018.71,230037.56,221018.86,0.0,0.0,0
9,CASH_OUT,18,467185.77,124.0,0.0,9080212.66,9547398.43,0
9,CASH_OUT,571,972723.96,972723.96,0.0,0.0,972723.96,1
9,CASH_IN,14,310806.16,49836.0,360642.16,0.0,0.0,0
9,PAYMENT,401,3771.99,180537.66,176765.67,0.0,0.0,0
9,PAYMENT,249,2727.42,71097.0,68369.58,0.0,0.0,0
9,CASH_IN,10,393556.63,11398.0,404954.63,0.0,0.0,0
9,CASH_OUT,300,379349.68,0.0,0.0,1342560.44,1721910.11,0
9,CASH_IN,230,22447.87,5879949.09,5902396.95,827274.08,804826.21,0
9,CASH_OUT,233,161358.82,45484.27,0.0,5871076.92,6032435.74,0
9,PAYMENT,251,6850.49,120416.47,113565.98,0.0,0.0,0
9,CASH_OUT,42,14815.74,401899.0,387083.26,281816.7,296632.43,0
9,CASH_IN,33,84273.83,5790536.68,5874810.5,436463.18,352189.36,0
9,CASH_OUT,426,146307.9,345032.24,198724.33,629217.07,775524.97,0
9,CASH_OUT,406,110965.25,0.0,0.0,408736.05,519701.31,0
9,CASH_OUT,135,174673.73,0.0,0.0,2164554.33,2339228.06,0
9,CASH_OUT,42,169172.76,2954.95,0.0,337467.29,506640.05,0
9,CASH_IN,15,46245.24,918336.37,964581.61,1176812.69,1335275.15,0
9,CASH_OUT,374,87007.52,55170.0,0.0,0.0,87007.52,0
9,PAYMENT,328,10696.06,0.0,0.0,0.0,0.0,0
9,CASH_OUT,236,95781.75,0.0,0.0,2704084.49,2799866.25,0
9,CASH_OUT,373,126246.05,116666.16,0.0,605624.28,731870.34,0
9,TRANSFER,331,174455.76,0.0,0.0,201887.7,376343.46,0
9,TRANSFER,514,1499543.6,0.0,0.0,2038668.54,3538212.14,0
9,CASH_IN,237,107078.04,99791.0,206869.04,32408.75,0.0,0
9,CASH_IN,323,220991.66,51392.0,272383.66,1981555.11,1760563.45,0
9,CASH_OUT,397,533469.47,13786.0,0.0,0.0,533469.47,0
9,CASH_IN,299,331014.77,8678206.7,9009221.47,12160427.09,11829412.32,0
9,CASH_OUT,297,190250.12,0.0,0.0,2898519.11,3088769.23,0
9,PAYMENT,142,4505.87,0.0,0.0,0.0,0.0,0
9,CASH_IN,11,9623.33,113236.0,122859.33,1590134.81,1580511.48,0
9,PAYMENT,588,2380.27,58256.1,55875.83,0.0,0.0,0
9,CASH_OUT,155,131297.42,0.0,0.0,145459.35,276756.76,0
9,PAYMENT,12,5755.12,0.0,0.0,0.0,0.0,0
9,CASH_IN,159,23032.45,107083.0,130115.45,0.0,0.0,0
9,TRANSFER,254,67931.99,0.0,0.0,2594606.2,2662538.19,0
9,CASH_OUT,591,111764.7,111764.7,0.0,4440481.04,4552245.74,1
9,PAYMENT,206,9269.23,11178.08,1908.85,0.0,0.0,0
9,PAYMENT,322,40250.81,0.0,0.0,0.0,0.0,0
9,PAYMENT,201,6700.19,10017.0,3316.81,0.0,0.0,0
9,TRANSFER,35,990074.2,132329.0,0.0,0.0,990074.2,0
9,CASH_OUT,548,176231.66,0.0,0.0,2138035.02,2314266.68,0
9,CASH_IN,36,35025.52,278.0,35303.52,0.0,0.0,0
9,PAYMENT,204,16605.09,16437.0,0.0,0.0,0.0,0
9,DEBIT,20,4534.72,0.0,0.0,89320.28,93855.0,0
9,CASH_OUT,284,53858.47,541.0,0.0,0.0,53858.47,0
9,PAYMENT,238,6258.72,279486.55,273227.82,0.0,0.0,0
9,PAYMENT,206,2940.52,11320.0,8379.48,0.0,0.0,0
9,TRANSFER,397,289641.62,0.0,0.0,963661.33,1253302.95,0
9,TRANSFER,680,1819405.69,1819405.69,0.0,0.0,0.0,1
9,CASH_IN,598,266725.21,3719529.46,3986254.67,2856385.38,2589660.17,0
9,TRANSFER,15,803078.39,70858.0,0.0,35922.12,839000.51,0
9,PAYMENT,168,6808.97,74482.0,67673.03,0.0,0.0,0
9,PAYMENT,187,3911.12,50559.03,46647.9,0.0,0.0,0
9,CASH_IN,254,281008.23,286195.0,567203.23,0.0,0.0,0
9,CASH_OUT,14,70665.84,0.0,0.0,88486.54,754038.91,0
9,CASH_IN,183,55666.86,68.0,55734.86,51669.65,0.0,0
9,CASH_OUT,227,55371.21,0.0,0.0,163523.53,218894.74,0
9,PAYMENT,257,1785.35,0.0,0.0,0.0,0.0,0
9,CASH_OUT,306,139899.88,20148.0,0.0,454654.56,594554.44,0
9,TRANSFER,210,859064.64,124608.0,0.0,250780.03,1109844.67,0
9,PAYMENT,260,12821.09,3982.8,0.0,0.0,0.0,0
9,CASH_OUT,303,166582.54,468.0,0.0,232656.45,399238.99,0
9,CASH_OUT,17,133021.78,7089.0,0.0,39089.0,439305.6,0
9,CASH_OUT,228,242508.81,0.0,0.0,4574617.76,4817126.56,0
9,PAYMENT,228,1273.46,35915.0,34641.54,0.0,0.0,0
9,PAYMENT,280,12208.94,123.0,0.0,0.0,0.0,0
9,PAYMENT,16,2310.55,0.0,0.0,0.0,0.0,0
9,CASH_OUT,469,478520.69,10181.0,0.0,0.0,478520.69,0
9,CASH_IN,181,193793.79,18016.0,211809.79,250779.56,56985.77,0
9,PAYMENT,496,3793.95,80618.0,76824.05,0.0,0.0,0
9,PAYMENT,42,2208.62,0.0,0.0,0.0,0.0,0
9,CASH_OUT,211,73681.6,8110.0,0.0,101077.08,278355.87,0
9,CASH_IN,20,193617.72,19313.0,212930.72,0.0,0.0,0
9,CASH_OUT,384,258575.93,0.0,0.0,8662366.97,8920942.9,0
9,PAYMENT,232,29874.19,0.0,0.0,0.0,0.0,0
9,PAYMENT,162,18516.77,96900.49,78383.72,0.0,0.0,0
9,PAYMENT,373,12915.21,183869.27,170954.06,0.0,0.0,0
9,PAYMENT,599,10120.44,119869.61,109749.17,0.0,0.0,0
9,CASH_OUT,16,68229.28,0.0,0.0,1549411.15,3847033.68,0
9,CASH_OUT,274,16514.73,102867.0,86352.27,1483826.41,1500341.14,0
